indicator_id,dimension,category,parent_row_sha256
AG_VF_09,Nacional,Total,f5ac971007b52a2b5953e1b88aee4427e3bab916d97c4ff69400db76882cc768
AG_VP_09,Nacional,Total,7de664a5d2ff7d8cb87bad3c7616790dcd1c6100a8b548bd07b3051c7280e22d
Agresor_VF_E__AG_VF_01,Nacional,Total,fc95715d2a64ac5301f8f7d28aa709e01095a87597e404b05c7bd6c40fd0d61f
Agresor_VF_E__AG_VF_02,Nacional,Total,a716097b8f9ec3f490858f03aca0870ae40f17625f3deb2f80bb0098cf5a0eaa
Agresor_VF_E__AG_VF_03,Nacional,Total,64a1725683d6913c1e4059a04205ddeba89475d5f800be8d76487e8ac054c782
Agresor_VF_E__AG_VF_04,Nacional,Total,b24d0e7b51c0d31a9c573e28d0c63725df0c635505fcf5e61b5bf644f7d50d64
Agresor_VF_E__AG_VF_05,Nacional,Total,22a9c736e5f4bef810be4ba2bf2e305f610f9f8323df1dc936fc97de0babaf02
Agresor_VF_E__AG_VF_06,Nacional,Total,569f51edada029e47c5d7678c925d8380575c0fe9e71d9cf02436fea297c7715
Agresor_VF_E__AG_VF_07,Nacional,Total,ea2a71faf665289eaedf24805bafeca6af28ae4262641655d6f19e5028b3db7b
Agresor_VF_E__AG_VF_08,Nacional,Total,abd3f9b7729ee92df72d03e0aace6d361484fc0f85a137b24fbeef46414eb563
Agresor_VF_H__AG_VF_01,Nacional,Total,ab2d46f62e11049dea8eb20e376129205b8b4f86b2d30ca0d3860615291813a9
Agresor_VF_H__AG_VF_02,Nacional,Total,03fcd43c4520f8a87b410aa309ef345f652aa168b45936073b871ec2c2d04a50
Agresor_VF_H__AG_VF_03,Nacional,Total,62d7b8dfda0134591c407369bac9f491fd0db7895f843d131eab721950a950cb
Agresor_VF_H__AG_VF_04,Nacional,Total,fa2c2440029ea5f7f7af8dbd0e6ddf0c5e91554f6a3144f062112ed159bc3912
Agresor_VF_H__AG_VF_05,Nacional,Total,bc74b46e4d75810fbcde088917ef7be8ef5030120cfb20f7d5d57d0262be29af
Agresor_VF_H__AG_VF_06,Nacional,Total,629c5974f9d1abbf6fad15cf7040503ce04de07dfe91a2ab86752961a86b0f19
Agresor_VF_H__AG_VF_07,Nacional,Total,af60a0c1dc5ca1ff819e926ff9289675cb5546351ff9a1cf95ec201e439f5f1b
Agresor_VF_H__AG_VF_08,Nacional,Total,1418c4e7e71c6fd4643071673c88f5ab35f50bf69bbbaa164e40fb8dc3d3336a
Agresor_VP_E__AG_VP_01,Nacional,Total,aaddf502a5fe31c82080a635aaacf3e75008936d32c0a9809d9b715aa785a904
Agresor_VP_E__AG_VP_02,Nacional,Total,f63843f5207f5a8d2daaf63938cf39db30a930b0298001170ac57012230f4176
Agresor_VP_E__AG_VP_03,Nacional,Total,d6e91ce0c4d440ab6d42ffa3528ae74ec776b93bc9e6b867d6eb68f378b6cec3
Agresor_VP_E__AG_VP_04,Nacional,Total,9e6ed9255f1f9d3d83f6e9c5fd86ff5e7b0a653b5506bd6bb44b6e923611ba56
Agresor_VP_E__AG_VP_05,Nacional,Total,8e99e490ae366ee3e55eccf753691323eb3a976e453e5b7fcb128d689dd263e4
Agresor_VP_E__AG_VP_06,Nacional,Total,485bb31b8db3bde935d8da34eaca051872c8e05a1bb9f970d9b902820d1b5a2a
Agresor_VP_E__AG_VP_07,Nacional,Total,86c8ec5c473d82daac7690e3b46ca3a237be705bace9c664be8109e6b61a4fe3
Agresor_VP_E__AG_VP_08,Nacional,Total,238d25726d5cdbac6cb2b180e60207acf6c0d62aabc37869ecbcf4aa08a17cdc
Agresor_VP_H__AG_VP_01,Nacional,Total,6b3e6e2fe1be8c48a1a8dedffed751f5691b5d4492cbcb74078892125b774da0
Agresor_VP_H__AG_VP_02,Nacional,Total,5f92ed0c3fa3310c65f246b637f7fe6eb666d733cf82890dba1ae48f2b3a7e0a
Agresor_VP_H__AG_VP_03,Nacional,Total,6928d4df902ac4d26f6751e4066dfca7c7a9feac696cd25419b6d09593ebaf40
Agresor_VP_H__AG_VP_04,Nacional,Total,331f425cc35e373116f6aac9bd0c96ab5bd87c7cd955471140ff5db4dcece053
Agresor_VP_H__AG_VP_05,Nacional,Total,2ee0f4d7cf1b2f627464edfb3f2b17a09a49de5432135ebd4c38268507328504
Agresor_VP_H__AG_VP_06,Nacional,Total,cf9f78bcb55815ce67037efdc529888984cfe20dfcc9623fd0484c13c84c61ed
Agresor_VP_H__AG_VP_07,Nacional,Total,b29c1b47dc53aff3cda28ab2e3b579d37994a605f381c361426d7fe6ebefb35d
Agresor_VP_H__AG_VP_08,Nacional,Total,940fd31387cbf83a371d302c827753763998010676358d1f091548434fb49ee8
Agresor_VS_12M__AG_01,Nacional,Total,e4b0cc09609c9cf83b1a037545b16be5c917d648fc4a07c04bcf5a5aa1f8b3c1
Agresor_VS_12M__AG_02,Nacional,Total,eb56d98eb53cbed0a0940d89c98bb452aceb614217ddcca88fd4c495489a49e9
Agresor_VS_12M__AG_03,Nacional,Total,fc0da1d70dc15f1560aa0d2c3887067a61c6b989293c255c4d5a2fa547b7e9c2
Agresor_VS_12M__AG_04,Nacional,Total,8e65c07341d14ae3b000f74a85dcd395dcc3f1b7d93a2b582345e1c37bc7b6c5
Agresor_VS_12M__AG_05,Nacional,Total,ccd0687e09442a093d3484797a089429c54ca5bcf7ef5b94300d13dbcf7d19bc
Agresor_VS_12M__AG_06,Nacional,Total,9ecc23c5427a47454672c17c6c5d223dbeee3922095c18b75874c1072a138a9f
Agresor_VS_12M__AG_07,Nacional,Total,cf7e6c1ad1e99803c4f7c882532b2d2b29c58f58702d94b9f5eea4519ef43759
Agresor_VS_12M__AG_08,Nacional,Total,aa88aab33852266ac73a315cd17701d95cc200805bc3e458eec21ec7720a46c5
Agresor_VS_12M__AG_09,Nacional,Total,fca0e5c3ef70527af66d087f79f900a58712ae303be107e4312f821bd21d949e
Agresor_VS_VIDA__AG_01,Nacional,Total,9c79848ab5dc1d10ff0068b90e1f11d5e2aa07170e00273967d9325514d54ce7
Agresor_VS_VIDA__AG_02,Nacional,Total,e721cb303fe2f2d511c81f3fed833908fd38df95f6b7ae78dabb4a124178bd3c
Agresor_VS_VIDA__AG_03,Nacional,Total,f8b7eaff04529d6b519765ba28836f323e0813272bc6d1e98f64661b915f95c9
Agresor_VS_VIDA__AG_04,Nacional,Total,64046328439fcdd8308292e39fef00b5440bb0caf81451179e0b722661ade89f
Agresor_VS_VIDA__AG_05,Nacional,Total,dd3d66b4c8ee049faeb89454fa8abd12e265e8b291490ac1158bb07ae48a683b
Agresor_VS_VIDA__AG_06,Nacional,Total,d603ad15a9f96f49fce8c445aac6a95406cec121edaaa883b1cc7867d42f4108
Agresor_VS_VIDA__AG_07,Nacional,Total,89a978c0c0d6f5abb2a3361166d2ba758a58b7069a5e35f03133adddfa56f9ec
Agresor_VS_VIDA__AG_08,Nacional,Total,22e6db093f77d2d5a169d0f697dff249d8d072f51ccd2fc5ae04c8ea40eda2e6
Agresor_VS_VIDA__AG_09,Nacional,Total,d556bb8b59a354764af6b0ad4978fb6c321dd7b7c31e1143982e5f8df99b99ff
C3P201_10_1,Nacional,Total,31018c97cf4197cc22e241af9ddfc4350227fa3a2a80942299f9bd83f66e52ce
C3P201_11_1,Nacional,Total,f9aa09d52604a5942a53cffe22589c28e97e7082c5f9838618bace22360725c6
C3P201_1_1,Nacional,Total,bc213df7be275a482192d03f7593dcbda2dbbb704893f261570efcd7a10dcb53
C3P201_2_1,Nacional,Total,2139d8250e48400ef0956af19d0be7289c48dc9d67455fad1fe0f67bd3e66737
C3P201_3_1,Nacional,Total,6a939b4841661b9ddd92c1f26962ca5d07d81f1755afba4bcd6274470bc1eca4
C3P201_4_1,Nacional,Total,40ab2ffb2c44d37498fef113fdac880927bdabca1709f5a9cc42b35908ef43b5
C3P201_5_1,Nacional,Total,958a8729a3f687a3a04a2cf3443e6684a5dd6657bdb25ad4785ca27f306f39d9
C3P201_6_1,Nacional,Total,f9f74876980997ec4715ed99e90a49d1de12c06dc472ea32e4dd71523e84980e
C3P201_7_1,Nacional,Total,c514d64ecf845e338ad746f9936273dfbc6f26d7e816f927fc2b5d9e16c02b25
C3P201_8_1,Nacional,Total,89ab66dfc3a4d4a17d7304965a1f9ac3844b2c3f74f970e3a204551159195696
C3P201_9_1,Nacional,Total,250266d72e4c39dd15d7d8e1c2d074f2e25555ff5e810973b969ca2019002f12
"C3P205_1_1,",Nacional,Total,87930a03f1e15c97cf47c821bcb6724ec38484e5d0009c44c19ae2111caee0b3
"C3P205_2_1,",Nacional,Total,b3672d28c126f6eefc6ba3dd86e3ce53d5587a94ec0d7d0cfd98643300c52fb5
"C3P205_3_1,",Nacional,Total,42ae710450de830ebad9b1738bb483dc169dc6458b08036e88f695c43e383da7
"C3P205_4_1,",Nacional,Total,6a3e92031c7fcba25bbfeb4c187288c1c343b87ea9396258ee6a067a0d354947
"C3P205_5_1,",Nacional,Total,ff49b1d9a9ec6c9083e8b819219f4691cd6f5c0b36f4bf6103b542645abc32c4
"C3P205_6_1,",Nacional,Total,61d1fb79ded32b13a81449f0ecccbca73f8227082008737cb013c5c5b54360b1
C3P205_7_1,Nacional,Total,1d528b526fe92fb71b30bc945fa7164e786d67e938ae00105b92cf1f7601e5fe
C3P213,Nacional,Total,51d8c76d14fe8ca7b7f5ddae62dc142f53cb3b7447a3e99735c0abc78e2cd865
C3P215_1,Nacional,Total,db0d040a4ab94450986c40faad4c52a13cb02afd64c144b0892a78cfdfe98903
C3P215_10,Nacional,Total,01f873e355393459111f9c7ff5d5da1baa1c15796f767fdaf0c125e468df226d
C3P215_11,Nacional,Total,880a6a964ef2bd60649de0c4a159c2eac830c86de08001d9642f0e6da368c25d
C3P215_2,Nacional,Total,4b86d955c59a031e5a934e8cfab0620ac043d3aaf3656aaf06ab4efcc1fbb734
C3P215_3,Nacional,Total,9bed649d30761887b183ee1a9cfd7fe9536c77108772e08b3fda0519dc3a279a
C3P215_4,Nacional,Total,8dd614ff66a512f85e7659d9ad081a07523637d99ceabd63926a5384d2d13199
C3P215_5,Nacional,Total,bbdead4cee7d45c0236b81642ac748fe83bd61b3ff9a42f9e1979b776b5f1ad3
C3P215_6,Nacional,Total,3c3d2e88ef43ec001eb227db8feec13e51fe46e19722dff2a7bbd76c89b5d843
C3P215_7,Nacional,Total,910b59f7060391e9b450320496aaf8fb41d20e433ab05670bda6ffa636bd3696
C3P215_8,Nacional,Total,c93b107f0cb6243b7f6ae9cb33f249d912e26895575807fb0d523afc2d001288
C3P215_9,Nacional,Total,45d821c3cee62765ead8394149e07039ca2e090a31c25c7caf28cadfee025a22
C3P223_10_1,Nacional,Total,8f954a533aa6e551b779dfaf1e1fd84c4f3abfd85502363829a60813842a5fd3
C3P223_11_1,Nacional,Total,3242d8b55722515eb91747a963e4a0389eae1cc6a0786250e195486fb4009b66
C3P223_12_1,Nacional,Total,ab01ca1f3f875e7abc0ee1fb41e7d54cd885cc822e136eda85466bfc57e04b04
C3P223_13_1,Nacional,Total,a0d81b40f839b775c9bf93a141575d3aea8716eaa21a9fbf57fd0b8222ad8c40
C3P223_14_1,Nacional,Total,81f6846872c4e84519104f84d220a9002839f7b109c5be03c1db37ee98c0855e
C3P223_1_1,Nacional,Total,0b7203807d6831ada3cd263a1ac7b3e1181168244f48e1deaa8ba2dd17f9ff8f
C3P223_2_1,Nacional,Total,1d8d1d9f7eba633b2545744dda8724b9ce78578b9067cf417c85576950487541
C3P223_3_1,Nacional,Total,b3210ec0d5cc2e205f35555c7069ac9bb0cf907051751d2e8ebf1fe2c752f1e0
C3P223_4_1,Nacional,Total,1ca498eccab155e2bc342154a7c2f698098f1407b0dd8f2412bd1549a239ec92
C3P223_5_1,Nacional,Total,c92571fa12ae682edd40a16de651ba2d79651883b4aed07304934ff8c2abc589
C3P223_6_1,Nacional,Total,33e6c60172f7e26957ef5cfff37aa38b2c5830d5960535d7c5c521047d7d23cb
C3P223_7_1,Nacional,Total,9e1a2fd3fab241e9e2cd1cb301504d2aa6ef1e2a0a6ed4fb646e42eef3c301b0
C3P223_8_1,Nacional,Total,1bce1085b6d6902188eb1aade2ca6fd54c3e653a3d32652987926df731aa0c07
C3P223_9_1,Nacional,Total,d0bd638eb78b3ddd613aec55265637111c368760a3cdc73b2c21ba70a81cc410
C3P227_10_1,Nacional,Total,d97437890eebe61dc88837d5bc36590dfeb5c113ee3f7e9a615ba1a3e7dccd1c
C3P227_1_1,Nacional,Total,77a7582afcb5f0c29b2f968bedffc668cd7d4fc13a9bb27b5f5e9bbaba33f460
C3P227_2_1,Nacional,Total,c226a48acbc4af65ae51e48404d4947012308622e4bb852d353d84d8ded643c3
C3P227_3_1,Nacional,Total,e79835916841a5e5c023c534964ea37fd640cc586a7cf67cd9fb9e46f385c5b0
C3P227_4_1,Nacional,Total,c64874edfab0f776ae63f96f62f8926b8809290865004c7c0feaa85c96df42f7
C3P227_5_1,Nacional,Total,378ee090f9db78962cc20bf9c582a464c3c5b1b51148906fb4f650f6df9e146d
C3P227_6_1,Nacional,Total,27c6634064c9b5ea3f6e1896245f9ed046d570364661ff920cc959339bf2e8c0
C3P227_7_1,Nacional,Total,2501a9ac80bcf4001e982d4fd7dc5c5d7cfeb5cae4555e9483a095226cb39154
C3P227_8_1,Nacional,Total,9904f190554578a8f82d52f90810e8209c47294ebaf2a83b9ce0926e0e09b276
C3P227_9_1,Nacional,Total,b6e2b9a86d198e38f228d0d9c6737b12893fe62323bfb68d563f381ff122db80
C3P233_1A_1,Nacional,Total,52bf1a71790f1d33a6a20c52330f4ef27d5d587e0923403bab40e257f3695593
C3P233_1_1,Nacional,Total,e310a9136c9a1bcc496c42e774d77a06c611d58ba855ff05e582ba21f882c167
C3P233_2A_1,Nacional,Total,5aac15b9ac69b3be73a14d4a947b0218d4b2526e42af9bc68d7e2cb2225f63e1
C3P233_2_1,Nacional,Total,087979808e6b3d235588814516067c1eeb8ef995f7544f7f87ee46cccac7934f
C3P233_3_1,Nacional,Total,48bd498ebe489edc3d6961ac8702c07f7a68987eb552869307a35018aa164dfc
C3P240,Nacional,Total,d9c2b56efd0bceb23cae77a571a3c653d7a9520428be9bd6d14af89108d5e1f6
C3P242_1,Nacional,Total,ac155879fc17e8d80ffb5a0b4fa838f2cb8235c94c5e0398c31a01b3e8625d07
C3P242_10,Nacional,Total,32bd4093f16e0980abb7486b1277685d3b487b6fd815bf381c134f161197a4aa
C3P242_11,Nacional,Total,0f913799c7fd98485f9d2995ad6fc6c4a5d0a0cccd8d31d4b0ff2ae0f9ca8dc6
C3P242_12,Nacional,Total,6294b9016d80cab7e6b4dc0010a1f1571162dda525193d6bdc6dd7c493fef850
C3P242_2,Nacional,Total,1933c06b2f1802ca777d9e8463f623fd7e4f0106684cee2202c0e428ec57562d
C3P242_3,Nacional,Total,c9616d9d9b01681a792a361d5cbb12efc9c056d984234609d9a9a47ec79417e4
C3P242_4,Nacional,Total,268415b17a2614ee39e1b8121ccdf265f0d82579ac24b7487565e7bd053341e1
C3P242_5,Nacional,Total,7a581ff0c370d6de186d8ff062d9f841996149d388c7b628531228453b5ccf61
C3P242_6,Nacional,Total,0faba7228e2a56b9e81dd380e154fed69d2c7b8ff0b036bd2340da04cb656caf
C3P242_7,Nacional,Total,a82ff1a23e3f0cac2ece901593d49879058198a492b0caf0a487e2209415e87b
C3P242_8,Nacional,Total,c9306398f1b72b99c90200633b5c9d2f9f9d60c20a02165257b5adf89c5b67ee
C3P242_9,Nacional,Total,657f145137079da648d401377d233ffc71377cf68cfb031abc1ce65c5cfb78f7
C3P243_1,Nacional,Total,87b1b0884fad0a7d5f462629d0490818a0c0a6f9327e6451dbf44048ac3bf6ac
C3P243_2,Nacional,Total,812e7bb1e0217b0440597889ec63a53e093500c7b32f4fa6a099d00aa91b5ea9
C3P243_3,Nacional,Total,f2b99a29f5a44b8e00b87559b13be8be7ce21488aa9c19ba890d0c56564c0d32
C3P243_4,Nacional,Total,094db894e5d926e6e1dcd0f604df37452f1dae796012d08b79b17b8642cd1b39
C3P243_5,Nacional,Total,7a495e24c4d235dfd4068040b2ad644d886ed713bea2de5648cf604cfcf7214c
C3P243_6,Nacional,Total,d86327807cf05685edc1680c2bea15ad52aea3a9f8cac778299a3661cf2d089e
C3P243_T1,Nacional,Total,7e96d151f16e9138e66f69c5b72879114f0cbbfa6237bfac4f3e89bbd276a9c3
C3P243_T2,Nacional,Total,ee7a82710971f7870f5bab6ed7f48a9d8c50b89e4144773d756388a8523fc011
C3P243_T3,Nacional,Total,367bfe2b472a92133a6899d3128fdbf72d1157d06de8c3614d1e1b1be6554d0d
C3P243_T4,Nacional,Total,3e8084ad0183cbbadf705545a07b51a56a6b59a3d21d8d2804b87d396f74c372
C3P243_T5,Nacional,Total,d0191c3efbe60e8be35201e6bd69f2f41f4a2d55f5a9d985c04695ba982fe75b
C3P243_T6,Nacional,Total,982be17db339e753905f7928bc0c80958c866a3493ef926f491177b25a50458a
C4P256,Nacional,Total,c70b9fcbe616879a6938a585e2a5da4f4c4dbc6c6c23e8b3f884eeb7908f6445
C4P258_1,Nacional,Total,25d75528d5f1be6717c1a2370fbc7c4a10a7713fa3623b78c3f3743a82ff7d88
C4P258_10,Nacional,Total,a7cd732b9876e4a62c27df5d2c67eb089247b7d2e9e7738f8660cce9eabc3f1d
C4P258_11,Nacional,Total,43702b1faaeba5def9f1cc575e0127d1a1bd26c025e5e5ddc00cee880fdaffac
C4P258_12,Nacional,Total,15ffa21390f3a774a2a9ddf417a049b644aeda90a6704a99256a1f9d4ab7cc11
C4P258_2,Nacional,Total,e74aea8d87dd67ca076cfedb2e2f1c7bc05fc25c791b27bced9d833b7f1f78f2
C4P258_3,Nacional,Total,0ddfa51fc8e4b774ea25132b643f554e301ed25ceb8fdeccb7b2695662216084
C4P258_4,Nacional,Total,dfcb8e963c9df06d5643ae7851e6801f1d14eb9b205727b834c1546c846f3ff6
C4P258_5,Nacional,Total,7b2f172895b23e30eebb5585569174b3fc7012d1434306c5e6669eba30aff84e
C4P258_6,Nacional,Total,45b950ea735d640ee4ff020715c2516ff41e214b47b159696e594f6ff22e8fda
C4P258_7,Nacional,Total,834b800673d7676bd82a58c8d8473163c74b4012ac5c55355971b580690af441
C4P258_8,Nacional,Total,1db259bcb9e5d1be3fc10c927689d4dd55a1c2649aac955dc53e3e1e433bdacb
C4P258_9,Nacional,Total,0a6031b067418dc4a65841c8da02bd5c53a2999e701745e3bc304459ae8d5df3
CONS_ALGUNA,Departamento,Amazonas,d22ee14aa82c11d810a5047e73b6d844ed993522060271f508cb9bc42f209497
CONS_ALGUNA,Departamento,Apurímac,219cadf2cf4b6627ab1c123cd4b3c5a01e18ae7813847f0c869068a4a7e33c1d
CONS_ALGUNA,Departamento,Arequipa,08cc3e3677824a143b5b64a36dff39825f7b1701d3b30788f30acb6d6c82c5a9
CONS_ALGUNA,Departamento,Ayacucho,f01ca2962f105fa3bdca773647b9cbe94382d370defd72e78111838a214ae06b
CONS_ALGUNA,Departamento,Cajamarca,077ff8577153a1235dc49861f147642ac433e031aa4474ae884474292d273caf
CONS_ALGUNA,Departamento,Callao,cad901c06e5e71ee571625c2af7ca4b211f868d77a914d0340d55506bc61da0b
CONS_ALGUNA,Departamento,Cusco,21413006e9d0f2e95c8ca0879e9d6032115cf0590881bec4f7f3010f3a08c350
CONS_ALGUNA,Departamento,Huancavelica,61c3a662d6063f01058fbfbc880f3c1e4b9a2a800a0594757cb9bf5420706d11
CONS_ALGUNA,Departamento,Huánuco,2fc761276a5c11d86b5a7954e31adf65f94933063d5ac943943193d72ae5f851
CONS_ALGUNA,Departamento,Ica,f358715b732c01378aca0a0d6620881e9149ce1c5a4069f54c075990a3e35efd
CONS_ALGUNA,Departamento,Junín,db536bf87d2e5e7b64ad9cf333fece1e2e75f8401bf3ba27265076140b425730
CONS_ALGUNA,Departamento,La Libertad,f8cd38772914ad8bbacaed89f616d34d4f6ef01f16ac14aa3dd901a8431462e9
CONS_ALGUNA,Departamento,Lambayeque,17eb387bc9ef9bebb225f93a8285c39891c380f6a30639b8f2a0d5a7a9ee97e6
CONS_ALGUNA,Departamento,Lima Metropolitana,e8e2ea3809005b7a225bf8d2ac2ec281241063eae965c9f62788cbf83deffc4a
CONS_ALGUNA,Departamento,Loreto,40dbbc9ad7817e92809e7133f77fa18af4cf4bb29647dd32f623f6a41d0ba4ed
CONS_ALGUNA,Departamento,Madre de Dios,3807f6734e02b08637acd7dd5c1e2d03557b4a6b68fe5a85eff4564aa21a6cbf
CONS_ALGUNA,Departamento,Moquegua,0b76db6d146278ae0a77e645a8eefa18893ad3e0739c9745166ba2373ed70a0f
CONS_ALGUNA,Departamento,Pasco,2e31dd3df577b5cf5ae0a666907e644f9d947eadb134777bacf82a3996210a64
CONS_ALGUNA,Departamento,Piura,01b12ce6fb263b8296ec4d39d6dd20d0f50a843cd94140c4e06b101f83da740b
CONS_ALGUNA,Departamento,Puno,4dd15f19458ecd6c47113d868e0d06114c2292c6f578863ee898921e6f5a6bf0
CONS_ALGUNA,Departamento,Región Lima,68adb82272b183dc26a772d850e9cfe88e0255e84a86ba21a7c7a853b51ad6dd
CONS_ALGUNA,Departamento,San Martín,090f1b1fa293698220c7eee1b4c959806804c07d772551d7132aeff2dd965215
CONS_ALGUNA,Departamento,Tacna,b981378011cb34a40b505991fd4ea7c98340caf2aa462178eb9614136b93337c
CONS_ALGUNA,Departamento,Tumbes,57e7e45eb55a1344289359a7cff443af5701986242b86e1a60e1a51aba6611e5
CONS_ALGUNA,Departamento,Ucayali,2da7b9b54728a4813428c1f0b6f54c4830b027b1f4c1083cd1429c83802638b4
CONS_ALGUNA,Departamento,Áncash,f2d4413b8f6fda7de15573ffd24a9f019efa6c25ef6992b0e313a1627899a439
CONS_ALGUNA,Discapacidad,0,12cd29325c1b9e10aac7c657e666f09f747260b34193113ffeef186206d23507
CONS_ALGUNA,Discapacidad,1,b9c869e6f60034a82d060cb62dd3a9c47d1bf217285bc911344daa0af4bd9eed
CONS_ALGUNA,Etnicidad,1,82e2a784e76e4701385b9a08449f40583723f6431a58c518fc2ce916a5d51c8a
CONS_ALGUNA,Etnicidad,3,6984f3f3fd156081ebab56782be3a9989a42114b7efc0e5797c07f55fada2778
CONS_ALGUNA,Etnicidad,5,5d66dbce97456434d48839a28d93ec097906e6316cc135d50a4d5d9d4a0f7cf7
CONS_ALGUNA,Etnicidad,6,8c41bbff007daf60cd31902f0e263c8c0fca59c9c5828b00615a715230d3de59
CONS_ALGUNA,Etnicidad,9,ba3cbca6b0405b058e6839709e4f39fdf25e1a8efaaaf7cec2cf5d41bab3969d
CONS_ALGUNA,Idioma del hogar,1,44032745b492f870401f2cfe48b188000297f6b8b300e5e16116b77cb9db396a
CONS_ALGUNA,Idioma del hogar,3,2349f32f2c99543c78946315cdea2c5a3020c567efb975577f4124aea4b63dea
CONS_ALGUNA,Idioma del hogar,4,63bb5c418bede79d88475316d5cdaeea601a6708081acdd00f0d9e97077db720
CONS_ALGUNA,Nacional,Total,44fde2781998de771dfe96c2637eccf4bce440c3c0b114769dc0455802a73f4e
CONS_ALGUNA,Sexo,1,616b3dbebc9b39bf4b36ec09a5a8ffbea62f77751e08b128a8a831252a327c22
CONS_ALGUNA,Sexo,2,9b755e2d532a99688f57b98be6a451f5aeb7a2c48ee4451897b52977ab59eb90
CONS_ALGUNA,Tipo de hogar,1,64d927e4cf2471e262d701cf8592d32a7ac0f809fa48e841cacaacf3cc2863f3
CONS_ALGUNA,Tipo de hogar,2,78a9dbf9ae02f668a4c6ea9f923ac45c0c35770a199492a31653b8dc72e14a56
CONS_ALGUNA,Tipo de hogar,3,8d4f18be4c7cc75d0ce63ff0825163354fc97befb076054f52fc9e4074378a62
CONS_ALGUNA,Área,1,41c0269caf6c2998e84bc8c4a23eab244cbdcbba0eee3b934aced4ce116cdb4c
CONS_ALGUNA,Área,2,5a970bb733742168d2077514d8bd53537f7797f6fc6edc8e1796a18b100f5a5d
CONS_ALGUNA,Área × sexo,Rural Hombre,194aea979218b5851f2c671c9efbeda96ac7c67aeca35d94d8b702068ba96d3b
CONS_ALGUNA,Área × sexo,Rural Mujer,81149281885788ba41ff5d230809b0f765753a576822dc0ff61e72c1464521fd
CONS_ALGUNA,Área × sexo,Urbano Hombre,afc4e663f2ce9b2063166fcfae53a74adf27883238a5e8516d39435ba2852826
CONS_ALGUNA,Área × sexo,Urbano Mujer,8fceb657b1047579cc2d4288094acf42764a5f37e355c3d13b2ba865a7c700de
CONS_ATENCION_SALUD,Discapacidad,0,940db55b5af1c265819ed2e6f79a085f5993ce4da89d029d6111155607bb5afd
CONS_ATENCION_SALUD,Discapacidad,1,78c7e4d72b61ee2eccf3e04f4a9f106f1abee21d9653f6e9c9af5b9364fb75f4
CONS_ATENCION_SALUD,Etnicidad,1,e41251ee65064cbde39d0fde75219e53e5d0c96960cbb786e899395677e3a2c3
CONS_ATENCION_SALUD,Etnicidad,3,1c7731a05778d3925e8914bcd27b602dd6f174851ecee70f8ad3811df4c2607e
CONS_ATENCION_SALUD,Etnicidad,5,d95fd04a72cd4f74b9e99f46e1547b7670716494caf7c39835ee2868f8bcf4fb
CONS_ATENCION_SALUD,Etnicidad,6,ce0fc67c167cd07e4922423f9b31a0036dd7686ef4436f24649a8d8681b2c938
CONS_ATENCION_SALUD,Etnicidad,9,1922dfe43eac67b5da99176f019dffd99833b52a533d0735413af216a685a9ef
CONS_ATENCION_SALUD,Idioma del hogar,1,4d78900836b999bdb1516e569bc1ef3a96ab502f12edd92ae4b75ba655534b8e
CONS_ATENCION_SALUD,Idioma del hogar,3,6dcac78bd35520143e4b4ed1934f63ef4930269c1a57c6995b1f316d0ab7b3a1
CONS_ATENCION_SALUD,Idioma del hogar,4,ab748e0bb25690e3e0d6997f61255eb3a400c80518e167f24d77a7f6a3281802
CONS_ATENCION_SALUD,Nacional,Total,f028073f8a352c644546add07ebd9ebefe408ca9f5b1695e07b82285e1d55f7a
CONS_ATENCION_SALUD,Sexo,1,636d979e17c6ddc44aea15cc7471692e88f218c6a83c4207b0bb28b1cd28642d
CONS_ATENCION_SALUD,Sexo,2,2e56dd9536f4715c5323f7b0b48f8ffd9dc6aaaf727dc0b81fade5c56d262fbf
CONS_ATENCION_SALUD,Tipo de hogar,1,c538a6babf9d15c54f02b124997af7ed09be28891e0c645b1f86c9b52ac10bf0
CONS_ATENCION_SALUD,Tipo de hogar,2,c4d78f4281802b5c587e9e8ad31b9d7d158d06a1faf1856980b870b60ed3bbe5
CONS_ATENCION_SALUD,Tipo de hogar,3,5fa402eaeba0fd71ddf3e85f073c29724ad9558c516178f228ac18fd376e159e
CONS_ATENCION_SALUD,Área,1,b5ac0b301fef5b4820bd803b824f3b454310d0134d397148d28253fcbda2d238
CONS_ATENCION_SALUD,Área,2,3eaa768adb60833d7cc9b3d7e83956a1411c48c36ba93c8630880c29bea0ce3d
CONS_ATENCION_SALUD,Área × sexo,Rural Hombre,df3ad14a75ae94147c4fbc4924fa6dd57a19203281b8d817446193a9d1de2d2c
CONS_ATENCION_SALUD,Área × sexo,Rural Mujer,95e7ca89d0300c4f1da66d1756c2a650b3c6cfd23abd305e464a9f4f42bd6b70
CONS_ATENCION_SALUD,Área × sexo,Urbano Hombre,d051d432aaacb1cd2a13fcbffa640d0f2414e341b389b8f8e3b53e63b0518340
CONS_ATENCION_SALUD,Área × sexo,Urbano Mujer,a5794e9f198a9833788da5c4bc42a7af15adcb7cb01c2f63f558a41b246c3eb8
Componentes,Tareas del hogar,Aconsejar y escuchar,acb8c1d3257484acd37c0c6d871effa3cca35db460ee577c7c7ab2a6704dbf03
Componentes,Tareas del hogar,Ayudar con tareas escolares,9f8c25f845a99f81f78888b73ff4d0428ebef0e27f061652f1e023923515b162
Componentes,Tareas del hogar,Cocinar,c7ef1b831ddda08a0f8f12fbadaebe3a29668dd63e9d88e65eea4764ea8742f4
Componentes,Tareas del hogar,Compras mercado,95dcb40970a16b36e60cd7d522aced4ce5f0b30c82fd353f9548ed759511fe48
Componentes,Tareas del hogar,Cuidar hermanas/os,9a43b3835479ddd553cc6d6850c23a9dabdc651e55cf0d27909f2d07838c0d0e
Componentes,Tareas del hogar,Dar dinero/gastos,ddf599b38a7833514d2c59caae8234e7d3bff0d225a4addc3b7592db57e86fbd
Componentes,Tareas del hogar,Jugar contigo,776eeda948da6b4df18274171ab2de4633346c789a03ea7db1cd9cec8ee0bd8d
Componentes,Tareas del hogar,Lavar platos/utensilios,0265b2095420fe532cf8ed33e9c35d48dee62f07b135477252e0fbe9ebef7b38
Componentes,Tareas del hogar,Lavar/planchar ropa,9ed67bacab77e49b9550dccdebc5a612dfc63509f88d77c00495e5f165b4d10b
Componentes,Tareas del hogar,Limpieza,cd0cd02c0e000c0405834e4cac3c20e34e50bddb1e9d76b777694a98cb68a2db
Formas_Agresor_VS_H_1__C4P248_1,Nacional,Total,612aaf6b96b71e8bfdf81e377511daa5e1e25e2df731d001b0bb1010b0293b52
Formas_Agresor_VS_H_1__C4P248_10,Nacional,Total,be0e199981b9c59139d9a02b1945c491752e30f32eab141b399382996a8aff85
Formas_Agresor_VS_H_1__C4P248_11,Nacional,Total,b2e99f1d1723b7b047868aeb1578668474cfbb66be589b8a68bf57772dd6306c
Formas_Agresor_VS_H_1__C4P248_13,Nacional,Total,a3334aef5cf31b62109e15ace11e1bf0157db41c1e9e36224555594a20b5a74f
Formas_Agresor_VS_H_1__C4P248_14,Nacional,Total,6c811b9146455e1bb28d0fae6b1e0b7e10d59cc5b29ca21dc8014935e6670c49
Formas_Agresor_VS_H_1__C4P248_15,Nacional,Total,b1deedcea7197891d3620b969852b55ccbd87fab58e750be2e3361c82e5465d4
Formas_Agresor_VS_H_1__C4P248_16,Nacional,Total,0d2e049cf8caa500955e6ee4ed94a7ca411f022da8779c715ff75531cc65eb6f
Formas_Agresor_VS_H_1__C4P248_2,Nacional,Total,5a8fb8072c0875e485331c34b3308007b705b1272cc7e849ae2f1106bfadf6cd
Formas_Agresor_VS_H_1__C4P248_3,Nacional,Total,62f6662e1af01b3001975f67dcde7eebc7f6f66bc72359cbe8a6d64771ba7c88
Formas_Agresor_VS_H_1__C4P248_4,Nacional,Total,073a97a857b36a3e38d12aad5165ce756802950860b99acf14cfea0293178e93
Formas_Agresor_VS_H_1__C4P248_5,Nacional,Total,d635b1640c2ed5ca9b51583db818376a860d2414913bfbf517e414ef125493e6
Formas_Agresor_VS_H_1__C4P248_6,Nacional,Total,1297c3a3ef6a442046ee3e2153909579769aa87e005eb0f616ebf57511304a26
Formas_Agresor_VS_H_1__C4P248_7,Nacional,Total,317a1fa65e7d8df467ae7480e04be32b6a0e4265cf70a2c46ce2067c09bf0a07
Formas_Agresor_VS_H_1__C4P248_8,Nacional,Total,3d7158fa74b471b6626ac50787a5421d9c2179c2f5804603af7aafa34d349a82
Formas_Agresor_VS_H_1__C4P248_9,Nacional,Total,e285495fabc5952377855c9800c29142744ca3bdf7aac20294017cf2bd7c477e
Formas_Agresor_VS_H_1__ICVAC_301,Nacional,Total,c4e7a28b19f901c4c98c82a48f6de3af6bf29eca74c84139e46f8c81d5de1e25
Formas_Agresor_VS_H_1__ICVAC_302,Nacional,Total,cae741730e84c2ea42d8e2b7695169b3af204a24e6e3a0bec7d44e1bf6806198
Formas_Agresor_VS_H_1__ICVAC_303,Nacional,Total,d727841983b39c88b46876e886c736c6e9254fa24b55cfbb965a900a9847f154
Formas_Agresor_VS_H_1__VSH_AG01,Nacional,Total,d877a145dbc5fcec13aed11aac307ca57cf7a1ea592b9bfe648d6ee6818327ef
Formas_Agresor_VS_H_1__VSH_AG02,Nacional,Total,060105cc2d3d058feb1916c5fe0727adb417fddd7e9b711e2897f53f7e03a525
Formas_Agresor_VS_H_1__VSH_AG03,Nacional,Total,bf24b370e115908b72424fa1fffb2aaafa0aeef73fb0f6d9c6f9198e40682818
Formas_Agresor_VS_H_1__VSH_CP01,Nacional,Total,d03831f764a4244b182c62d5eb4f2e11143fe6d47777271cc875b2090cb44396
Formas_Agresor_VS_H_1__VSH_CP02,Nacional,Total,e5871124b95de39336689babdcc368c0f191bb9860c3f024991e67b3dc32449a
Formas_Agresor_VS_H_1__VSH_CP03,Nacional,Total,0913225ada7baf1c622ff5cf18f71683c634a1701ba5681045759aacc82f7ece
Formas_Agresor_VS_H_1__VSH_CP04,Nacional,Total,4e54e7fdfd2b19f18386665017051d0fd6e537ecc4c5f956d9b502c6903ac885
Formas_Agresor_VS_H_1__VSH_CP05,Nacional,Total,fd2fc3dc8f86c9c87f8c597bc33cd0a3ea1b596eeff678d45418ccd1460530d3
Formas_Agresor_VS_H_1__VSH_CP06,Nacional,Total,f339fbf442473db673ad17e0f9066ead4a058c14ca9fd9049f43837aa6a6fe8e
Formas_Agresor_VS_H_1__VSH_CP07,Nacional,Total,dcb8d4f79793a1952352deef595ef58bdf9ebc56ba6cd0fd21c5b88f8f96b3dd
Formas_Agresor_VS_H_1__VSH_CP08,Nacional,Total,1b5b0c91b3ca338fb3df052806b498ff72e817799dd854a73b1b919e31b34172
Formas_Agresor_VS_H__C4P248_1,Nacional,Total,2bd4955f8d3c4f859eb8dd4ae97dc3007417b8956a07b83f0e4d3139cbc7377e
Formas_Agresor_VS_H__C4P248_10,Nacional,Total,14193501470af856f9db0e9002caedbc4daf91303a9a4b31aff7ae1ad3715b7f
Formas_Agresor_VS_H__C4P248_11,Nacional,Total,dfd705037be941a211c2617f53e2882a66b0b060f5300cca0ec477c2287a86bf
Formas_Agresor_VS_H__C4P248_13,Nacional,Total,357fd82b13ad4801af4c720d3dedad9929e6b6c64f0559769399fe2af568e462
Formas_Agresor_VS_H__C4P248_14,Nacional,Total,be832270072784a2be0029b5214f31d28ee405874f30c54dabcfd37c75689323
Formas_Agresor_VS_H__C4P248_15,Nacional,Total,76556765347b11679e844df5da1f67890cf30a0875b0d5d3a7603556a0185899
Formas_Agresor_VS_H__C4P248_16,Nacional,Total,7d1d1bd1310c21e763eb38945690bdf3731ef62fcd29cd1bc4479231dffa7547
Formas_Agresor_VS_H__C4P248_2,Nacional,Total,add40d4a28a6e8e5e9e85a68f0f3afed09ba7ae888423961ae0012d591584516
Formas_Agresor_VS_H__C4P248_3,Nacional,Total,5419e4ece3c1a71538a856d223d87a8bc48408e6f0f54c8db1f23427166f3183
Formas_Agresor_VS_H__C4P248_4,Nacional,Total,b011ec466d6f8ab2e61fca26b148dd32b8ccfb12c732b4f589cba2e5d9815a75
Formas_Agresor_VS_H__C4P248_5,Nacional,Total,19bed1653bce787dc3abc8c302e73370b05d87bb7752edb282ee86d9cc6bf202
Formas_Agresor_VS_H__C4P248_6,Nacional,Total,a0a175a3c99089c474982bf1975e7356125d52ba174cff41db25b27486b3bd97
Formas_Agresor_VS_H__C4P248_7,Nacional,Total,50f23599f8d923e09295955d1aac2593b491e2471cad63329ad034ca9f2fcb63
Formas_Agresor_VS_H__C4P248_8,Nacional,Total,ca18c78e303dff5507d05e01560454e14bde5941af42d47bbddf325e8ab04693
Formas_Agresor_VS_H__C4P248_9,Nacional,Total,b37f0bc114e0520abd02bcf67a8e3c73593c6fa500cb37e96e1c39df32def85b
Formas_Agresor_VS_H__ICVAC_301,Nacional,Total,9b291d9ac8fa4a6db3b0f7cbf67c41736150a7e7d3c8a78cae3785ad8da95c59
Formas_Agresor_VS_H__ICVAC_302,Nacional,Total,93ff7ac396586943d4574406528709df8ee221bb7921d1625f4de25ec036b097
Formas_Agresor_VS_H__ICVAC_303,Nacional,Total,eee5e361dc525e7dea7170b0be323ea0bd96c1500912bf81d7cc3f86a16216d5
Formas_Agresor_VS_H__VSH_AG01,Nacional,Total,253b07a77d5b03e72c197e3d8aa4e54d133d96509d3d924d0118934d91686bc7
Formas_Agresor_VS_H__VSH_AG02,Nacional,Total,f2d14360ec84197d30b2bfb67950ba7af1a4a346fa7fc13d48e2c4368b2fe817
Formas_Agresor_VS_H__VSH_AG03,Nacional,Total,8266b737aefc93cb902c2818d8b8ff92fd6e576e655c47f4c76f5e18fd441511
Formas_Agresor_VS_H__VSH_CP01,Nacional,Total,4aee636170624cb21293af5201fdf81ad70b18a4d7ca7c6a24a2ecf99b1b572f
Formas_Agresor_VS_H__VSH_CP02,Nacional,Total,25af45babc04644e3ef1b942e74b5501375a916955627b0380f834b57f5b7a0d
Formas_Agresor_VS_H__VSH_CP03,Nacional,Total,b5ffa73c8ca2f2422a9330c1345508d0c8d3bc0bff7b90f59c8642d5f0d7809a
Formas_Agresor_VS_H__VSH_CP04,Nacional,Total,2f96393967bf6a22d69be0034373fbce051870c682e36b77e507c03997af38b8
Formas_Agresor_VS_H__VSH_CP05,Nacional,Total,53f71f5323c640efe637977125820b9a2f5ec3bb30c4505d7810f89bd82cdd5e
Formas_Agresor_VS_H__VSH_CP06,Nacional,Total,7391b697de8a9e3ff7c080253909e4e9984106a4cae22b6c89cfa4402350762d
Formas_Agresor_VS_H__VSH_CP07,Nacional,Total,8ee5cda8169adb89a1bcc62889025f3a76e299af378a0c62db0709ce50af0253
Formas_Agresor_VS_H__VSH_CP08,Nacional,Total,866ac6bbc0e3a2c5876e7e72b5ad52be48222e22bea0376b3304fd65d86b959d
Formas_VS_12M__C4P248_1,Nacional,Total,0e4c28a16ff54b776696fb52b89df1804006a024366c5031a3cab9e69b1d3ec2
Formas_VS_12M__C4P248_10,Nacional,Total,32778dab8c2670b8741c6b4aa429f62656e818c405f3f938eea55efc32643108
Formas_VS_12M__C4P248_11,Nacional,Total,d3d033bb07e411f17846df82141525829069b382be6255725f7dc23ed5d14191
Formas_VS_12M__C4P248_12,Nacional,Total,9803aeaa49e19956cfb1ebb99559a1207f5d82e24d053bceb25067f78a294227
Formas_VS_12M__C4P248_13,Nacional,Total,28b2bca1b20015bbfccac007a04389c1321e2d011b6dd60afe3d430fb0621bca
Formas_VS_12M__C4P248_14,Nacional,Total,6a72caedd3ad58253a22bbb4206a6575af252b12ae38707d394ac35df075d7ca
Formas_VS_12M__C4P248_15,Nacional,Total,2d954868d2025f06873c22d1eed2b7ccac0af1ffc87a272b013b3b056155fc14
Formas_VS_12M__C4P248_16,Nacional,Total,56388b2cda2ea9bd72757474a5e1bc4b9ea7006b61daa10b685defa8d903c22e
Formas_VS_12M__C4P248_2,Nacional,Total,27602f26488ff503cf83dc77af05186cf552fb11b01a6020d9ebc5a1795e702c
Formas_VS_12M__C4P248_3,Nacional,Total,82f2aabe84674b3c776c6ecd3da80fa16ce2279e40a622e68bd7e5a90ba7c032
Formas_VS_12M__C4P248_4,Nacional,Total,404e875e05d60e000cc70e3ba72756dce162866610888275c22e1653ec3fc7fb
Formas_VS_12M__C4P248_5,Nacional,Total,6ce045a7eba31b99d16f9962d8b3f1b5696f4e4cee6de1678d59a8b0b0a5557f
Formas_VS_12M__C4P248_6,Nacional,Total,76db681d2c142107574cbbf861a9bbb679959cb2827f6f0b2eb4ec406dc68d2e
Formas_VS_12M__C4P248_7,Nacional,Total,1bfb822c9e5b9bc87538ba8d6974ba41b37180b356e57f41585ffb675e2e6221
Formas_VS_12M__C4P248_8,Nacional,Total,cd2fa8ba54eee8b706d50a2721b98fccb554781175a7180cb60bf84af04601aa
Formas_VS_12M__C4P248_9,Nacional,Total,f8a0d144fa9bd2a1fc897af88965b33b728126bd0432821fcce90b342950f9c8
Formas_VS_12M__ICVAC_301,Nacional,Total,e81ab3c33ffcce1f498b88f6372c53b2dca54438bd681cb8ea15c0939cd2b50a
Formas_VS_12M__ICVAC_302,Nacional,Total,7a63ce573761d066b2325fdc9cafc0c2d3d6ee5ac379deae533c1079100ad9c1
Formas_VS_12M__ICVAC_303,Nacional,Total,5105064fd340c9caf1a20b97d019ace270e190bde14d4a28ad980c57339865fe
Formas_VS_12M__ICVAC_309,Nacional,Total,3e43c131e50b59d8ac4b4556b72c1e434f0ba822e1e2926d07eae0d7ada597d8
Formas_VS_12M__VS_CP01,Nacional,Total,e53e30792a7c6835a2bf51643e8b67c876bb731e7711d8e8c896058e81118a5c
Formas_VS_12M__VS_CP02,Nacional,Total,2bb9e7a9ccb8b458e5984648e462c4ce9a4347dd58af8c4aa6873a0f3e9ec9b0
Formas_VS_12M__VS_CP03,Nacional,Total,c99589ea8bd6404e3a2978ac1846dacad3a8d533de388f94bdbd31bca73e0bcd
Formas_VS_12M__VS_CP04,Nacional,Total,3dde24134339c495ed49d91c0de14ef9abcc31ef529cd0ef33862c4ae0822200
Formas_VS_12M__VS_CP05,Nacional,Total,97f9e23651c5adf609324ad7dbad71189bf5436117770401ad3281a0a4dce24e
Formas_VS_12M__VS_CP06,Nacional,Total,9ce3eb7621d15e539ca566eecf11c9e3451a357bd54b650dcf98572f6f2f58c2
Formas_VS_12M__VS_CP07,Nacional,Total,91567ca7e21a36c7e31c2c6fe440e5f22841bd0e1fd95ca42cd6f43e1249fce6
Formas_VS_12M__VS_CP08,Nacional,Total,b331d0730bc323d9c00a6ff21dd5dbcebe75a628eb399cef656d9ded9db19555
Formas_VS_12M__VS_CP09,Nacional,Total,a346ff0c0202cff3abbdba53b4d6c5ecedbbb5c355dcbb0ec312bb0c1c802ac8
Formas_VS_E_1__C4P248_1,Nacional,Total,90fc55e90889d31315a811517e8e383dc60258065aaebb0f2672eca5702a5cf9
Formas_VS_E_1__C4P248_10,Nacional,Total,68084b0b940f1a70d5819fb0c8082c3e6ec04d90bfd869440744c4e2f6d7dda0
Formas_VS_E_1__C4P248_11,Nacional,Total,f4beb64464344ad249afc020e56614b020ac37db0d7cc5eb8c302ea19dac65e3
Formas_VS_E_1__C4P248_12,Nacional,Total,f8549ba5c7aa4fa8da4ba3b21ffa05794b1eae00186e78f4720a52f1147a4e07
Formas_VS_E_1__C4P248_13,Nacional,Total,8d2316e64036b5003b9d2e38187ff222fc7d1ff82eef4e78f8e4bbf5f5341060
Formas_VS_E_1__C4P248_14,Nacional,Total,c96e22f3af1af417c0a0314b6ed14739b977caa313633c6debd8b2d8a4f35c10
Formas_VS_E_1__C4P248_15,Nacional,Total,ac482a4d9b3696c612f220d124b1fb64061c7ea86169bcd0d728e2733f5fd613
Formas_VS_E_1__C4P248_16,Nacional,Total,cb15f953519d155fea897bb0ce27c7e0529d020765272b78fa684864e6f9e0d8
Formas_VS_E_1__C4P248_2,Nacional,Total,07ca1c3dcd3bd387e069e2670ff32fe69175aaf851943aa4fae2583f9b7f8058
Formas_VS_E_1__C4P248_3,Nacional,Total,d744442ae03ba8d1a491cd66190bfddfa57c72ae42f407b145bbd6c374bf04b6
Formas_VS_E_1__C4P248_4,Nacional,Total,482520076133ce65f9f1945987c6594e2dadf969127e4c4a8b6fe007aab27fd0
Formas_VS_E_1__C4P248_5,Nacional,Total,a4b9e2b89b5e1086a3e76e7c37af8d503a8a86a1a9c31662c431a2871e8fff56
Formas_VS_E_1__C4P248_6,Nacional,Total,256974bfbcf7787fae3da3006077a020c37dc4f72f05cd8a7dc32b18a8a07e91
Formas_VS_E_1__C4P248_7,Nacional,Total,294d091d49038baceae337df7a14a4052a1820798c4775f67f8bc40418767f7d
Formas_VS_E_1__C4P248_8,Nacional,Total,b0224b3c0fadb43f708b74383ff8e87756bad562fc32b0af5ec6ba0b61341f62
Formas_VS_E_1__C4P248_9,Nacional,Total,e63e21c9dd8ed11c5550b35c5fb8214b87928608c3aab6908feb668277723e97
Formas_VS_E_1__ICVAC_301,Nacional,Total,fd63bf5d21f368a2fcf58c261a6f7be21609970cc2b13b7de208e28e4b43d036
Formas_VS_E_1__ICVAC_302,Nacional,Total,f1389c3ae01691d58e40eb8292eb6838c0beb2ece4479a30c021529b9e563e3c
Formas_VS_E_1__ICVAC_303,Nacional,Total,2554fe2f50828878672a33832e54351db4fc538e9995a32928e73d1b47c6cc41
Formas_VS_E_1__ICVAC_309,Nacional,Total,d4e7030facb9193ca9b4858ca405419dacad8be94c82ba21db8693cf32ea0f35
Formas_VS_E_1__VSE_CP01,Nacional,Total,29d62504a741f10e69ce9ed4e68d89ef0fd298c81ff8ae270bb2fb6aaa6d3588
Formas_VS_E_1__VSE_CP02,Nacional,Total,d1b2450f31f009f08e1b13fe53488368f4d3700f28dd883da240b0d8425c95ae
Formas_VS_E_1__VSE_CP03,Nacional,Total,78c006eaa81840031492ad8ec5d13ee61a43550f837362010e20a836d9b30101
Formas_VS_E_1__VSE_CP04,Nacional,Total,ebf269471b04f96b9cb75d81f5ba1eadcbb79314cde42855163b2b3fd3a941e3
Formas_VS_E_1__VSE_CP05,Nacional,Total,5625ffac3f9ced5385739c240489b4d39b3c5ff85839deec49ea0627df2b9022
Formas_VS_E_1__VSE_CP06,Nacional,Total,436eaa69adc457d228a983f299727f7c9337602fcda1a43b1ccabd12f24c9f45
Formas_VS_E_1__VSE_CP07,Nacional,Total,84b9654133a40cce50289060d67bfc581e734c40ded9aaf4225092dc0f313d38
Formas_VS_E_1__VSE_CP08,Nacional,Total,9708356af03ccaf600557d94f50a496bf1b3afa9ca9ea12c56662588f8552909
Formas_VS_E_1__VSE_CP09,Nacional,Total,eb9125a1ddc897f533ee20196286db79f8c0b976bd14aed8f5c26e6bdadfcd0c
Formas_VS_E__C4P248_1,Nacional,Total,5bbe47b78ed3aad93bd440e6bb53340e8e2d46a792769ba0db7047ae01a02e8f
Formas_VS_E__C4P248_10,Nacional,Total,8620ee9430681b2fe33680f2aae30aca0c8abb9de04420f157d1c9e056535946
Formas_VS_E__C4P248_11,Nacional,Total,d27edbfa76ba18811a63f54371a2415a9e2b71d63b99b21267452e2dc2c9ffa2
Formas_VS_E__C4P248_12,Nacional,Total,f5faf436c1b0bd11479fe033402353ac4a315b43e63613c19e73717178a0650c
Formas_VS_E__C4P248_13,Nacional,Total,8c0220f419cadec15345bec8681cd9af6f72113dfd22b98e653a7be1ddfacc76
Formas_VS_E__C4P248_14,Nacional,Total,c375b05f473be707b4efa3165638c7d50df2e2962731c05008f0fa80ffcdf3c3
Formas_VS_E__C4P248_15,Nacional,Total,3199314442910511b16d2a03dfa18107091f80f410123f0ced716e68b06bbe14
Formas_VS_E__C4P248_16,Nacional,Total,5e8ef1bb66be86db8d38701f46472ffb3577506d90c9c7379bc90a555744c1b0
Formas_VS_E__C4P248_2,Nacional,Total,ad8cf318a37a07ed1481c5f291ac68fb0da60ee384b8c93241caf4bb2e5c390e
Formas_VS_E__C4P248_3,Nacional,Total,63a92d9cb85977e0797597dcf2aac4387c023a1545a4510e7d8757061464775b
Formas_VS_E__C4P248_4,Nacional,Total,ab86877bafbcd0e49aeef6c44c87a031db567c0ec8e6836fb91f36a8c7bbfd14
Formas_VS_E__C4P248_5,Nacional,Total,4b76ebb09f667f0981ab20df36cbb66dbcb91b3ecbddc4ab72e8d8771f7093ff
Formas_VS_E__C4P248_6,Nacional,Total,9b5c92e6e6376ab67b2a26eab11757c6e8ecb6a4ad6830f7bc281fbb4ab59165
Formas_VS_E__C4P248_7,Nacional,Total,a98c80df8ec46b8ea13d81fbcca84c1c3d19251da8ae2ce566108581406bc794
Formas_VS_E__C4P248_8,Nacional,Total,a1d96b278ca2256d885b73416abb1457f6145662485ff3bce6f652af77326676
Formas_VS_E__C4P248_9,Nacional,Total,aefc7307cfb4c7b68191b70428f4a71122d59fd97f642c37e9be2376d83edeb1
Formas_VS_E__ICVAC_301,Nacional,Total,e9401a66f5a661463430fcee4f6572a8ec57303ea4aa59e5c1e0ad6faa98ec74
Formas_VS_E__ICVAC_302,Nacional,Total,de7dca8b13e2b943b9cd2d9aaf8766a6ce6d5cf0c5d4461bac153df7ed52161e
Formas_VS_E__ICVAC_303,Nacional,Total,4bca95b1f955bdf1d1fcec3aa4e3f156c5e1fb2b31fe9e82a6b88eae96d96e61
Formas_VS_E__ICVAC_309,Nacional,Total,03aee7ac0ceda029b633246113d4763355bfc795858bde0718d469df60abf458
Formas_VS_E__VSE_CP01,Nacional,Total,0cee80cd766a56c97d0f2de09072b6335f02fbb7d8a4affe7ea0831e25ac0542
Formas_VS_E__VSE_CP02,Nacional,Total,5e6d17af5ad4d8b0939b36391bf846feb6e95b3ceed2d28089445cdb34ae87f0
Formas_VS_E__VSE_CP03,Nacional,Total,106d83718e26a0a4fd3085636a353491dac932cf933df59abebd5e770646f010
Formas_VS_E__VSE_CP04,Nacional,Total,fad151d9331c02d06f8341a38fc0ba268220b96a1afb5aa4cf1ae834a2351273
Formas_VS_E__VSE_CP05,Nacional,Total,0178d2fc03740c5066bae9e9d56f57b77367b1df9c1e408b33c2b164b1b10117
Formas_VS_E__VSE_CP06,Nacional,Total,021dae000bc4158f95bad083dec7a4e2f81ce59164cb79bb9ab19ba7af50d981
Formas_VS_E__VSE_CP07,Nacional,Total,bce522ba706152367a6ef4a901735838fbeed24eb0be3839e05f95fe085fdba9
Formas_VS_E__VSE_CP08,Nacional,Total,51a19da81e538f1a1c882c938a3374dd525bd5255fd0c1a32d97c7c125c39ffe
Formas_VS_E__VSE_CP09,Nacional,Total,55fa926aef44c9a768c530af81b3bde80d8a7db87b1fa54e2e24ce6aa9a7d9fd
Formas_VS_VIDA__C4P248_1,Nacional,Total,c75cac452be59f735cdad4661871cea958888085faf36009a4511336cc65ff87
Formas_VS_VIDA__C4P248_10,Nacional,Total,3d8fff6ebd8c9ad2d7c89023ce1c7e93b2cec27c07ad06b958feb3f5e986f24a
Formas_VS_VIDA__C4P248_11,Nacional,Total,5df6cfebed9d85f35b49dc0bc1f654cd29797f5f51d225174e89d09c0e0b679a
Formas_VS_VIDA__C4P248_12,Nacional,Total,0b389e66b8f51d12eab1fc68321d5f089cc47d749118db6eb016dc1af3189fe8
Formas_VS_VIDA__C4P248_13,Nacional,Total,61379f926ba442c414f0abf10feb6fb075fe6884e8b285d2f77a5fb2cba95456
Formas_VS_VIDA__C4P248_14,Nacional,Total,b047a7697d9d2247691c571dd71a851f8512fa98645db5b5f677eac65aaea006
Formas_VS_VIDA__C4P248_15,Nacional,Total,2d0e194818e602766f987783cd9a3e36fef637fbeb77ce6dc73514cbb4f3d27f
Formas_VS_VIDA__C4P248_16,Nacional,Total,debe0100fb09f9d6f23988e0439a06fe9449007cef2b1e062dd321093be1bbb5
Formas_VS_VIDA__C4P248_2,Nacional,Total,c81912f42675ff9c6a1a88c78897cad79a47da68fb60a0ddb21ddae65aed7c9f
Formas_VS_VIDA__C4P248_3,Nacional,Total,229f9ccb70cd0d2d275c8f326ae1fdb34cd4f25d440b242747e9e17c7fa54e26
Formas_VS_VIDA__C4P248_4,Nacional,Total,8bd9e142aa0400aa651d307e5da331a9ba104453366cb564310e65ab35463b8d
Formas_VS_VIDA__C4P248_5,Nacional,Total,d246e13fb566502478ce317e3674c4623b6a619b389eb90c9deb3685b5dfcd24
Formas_VS_VIDA__C4P248_6,Nacional,Total,edbb050cfa33a03fb01267d285efc26b93fbac3e3183ac684e0fd287cb02600f
Formas_VS_VIDA__C4P248_7,Nacional,Total,754e132761a07130cb743fb911b45e01df9def809a678a9a78a7aeb9f3efeec0
Formas_VS_VIDA__C4P248_8,Nacional,Total,5426cb1a2c12d6125ad95844bdf79e7d75a1e63f8563d8b0f1af331c9a3f6b81
Formas_VS_VIDA__C4P248_9,Nacional,Total,b1f334023455204fabf62e62c419f9ddf6e976f8289aae93a831f2f00b7657cb
Formas_VS_VIDA__ICVAC_301,Nacional,Total,5478bf1336630e41d67be4eb0b57bf07a742e84d0e8135cc357b73e189cab5b4
Formas_VS_VIDA__ICVAC_302,Nacional,Total,0430e493c34032ff5de2c07b5ed439936626f33868d916432a8e23cac54a9232
Formas_VS_VIDA__ICVAC_303,Nacional,Total,ff645d41a1b0bd13aaebc25b6647e71e903227234156eaf5d93505a731a78686
Formas_VS_VIDA__ICVAC_309,Nacional,Total,1aa25c82b3c0e39df62107a8d37151c845a36021e4dd206fa9680c5bdbba43d6
Formas_VS_VIDA__VS_CP01,Nacional,Total,59e7b6568c20e6bb4687f13113111b7264461f919a322f13416fe6461be20179
Formas_VS_VIDA__VS_CP02,Nacional,Total,367c19549b1c65c2349e1436c65ee7811218956329d37cd168357e4c5e896fa4
Formas_VS_VIDA__VS_CP03,Nacional,Total,b7cca25edb7d215ef5fee4cf5e560620245d43155f9bbd7f2e7717b20d65478e
Formas_VS_VIDA__VS_CP04,Nacional,Total,78cafe72123bedf93df41aa1f56256f32a51b73613191efb008581e514010c88
Formas_VS_VIDA__VS_CP05,Nacional,Total,cb6160813b353d17d1be81b2134e755facaa77390fd37dd10d998a947ce52955
Formas_VS_VIDA__VS_CP06,Nacional,Total,a386647484572634c4c9fe39283fd0b7373b025393a7651e824f5bb1a09fc18b
Formas_VS_VIDA__VS_CP07,Nacional,Total,dedd01f27c99fec05b616cd20b734d55276f28f5b973ee23df3d264d8e96bd6f
Formas_VS_VIDA__VS_CP08,Nacional,Total,5e72716c9454ef1340480ce96b1e8c0049e415bb9d34f0c5b3f82aed9062102d
Formas_VS_VIDA__VS_CP09,Nacional,Total,41cd1de562dc25655d7a64f31bf3f29b9f1d109ae9b2aee4bc033d75e4d11024
Hogar__VP_o_VF_HOGAR,Nacional,Total,493256ffc94d8e1867c6c750c8bc5f5909cd51916faafedc7a6e77953bdac90c
HoraClase_ViolEsc,Nacional,Total,6d82b2366b50137481ea0b286bcd9cf7825ec2e4f1b9a5c6a772ad22de4af193
HoraEntrada_ViolEsc,Nacional,Total,53cddd744e1376beecab5266fef6716f8fdc91ac4356275c673b57d9be963edf
HoraRecreo_ViolEsc,Nacional,Total,805336aeff20e83e6ae1d58eda7cc391f7d175ecd4da31276cfdac29ddb789e5
HoraSalida_ViolEsc,Nacional,Total,95466a8bb88a17af4f2d6e072757aa718cc905f46c0c6f02c1ab6e3432951a9a
INDICADOR_8_2_13,Departamento,Amazonas,6f42c48d4b654e507c920b807b2607da2ccb0fea8ad7e76af08c9de6b1c2e0d4
INDICADOR_8_2_13,Departamento,Apurímac,2a1dcd3ed4fdfdc492244c8d6884b133f764f8871af257e425606df47fcffdc4
INDICADOR_8_2_13,Departamento,Arequipa,cfcf6cb3267ba7ff26a3a9809ea999d8a36c33d508ed4e00111367cec947c2fb
INDICADOR_8_2_13,Departamento,Ayacucho,d09aa73076c2cf8ec53f6d73db6395d19b0dc3707b5e3fa07fcee91a67f4caf4
INDICADOR_8_2_13,Departamento,Cajamarca,4f703801378779f8b702d4218ab27611f830c137d5baaebb1953f84d350d01b6
INDICADOR_8_2_13,Departamento,Callao,23f7f6da5e9b1ef1f6903daac54af0b168d9e09cfb5ac7f067cce0d2803941fb
INDICADOR_8_2_13,Departamento,Cusco,65ff86fbf49c18f85388a6572e6c5688830ee33ffa331bdc4959b1fbc99e1da9
INDICADOR_8_2_13,Departamento,Huancavelica,7c353c14317fe47df44e9d2a2fac0963f3d42b39c53533f455e349ee7184249d
INDICADOR_8_2_13,Departamento,Huánuco,7b65d74215abb7b19771638320f59d3d4baf11fb20f098f821a153794de5c209
INDICADOR_8_2_13,Departamento,Ica,fe8afa8aa9f545ecaf97f7984c7c29220ef703083439128f73e873ea3225a73a
INDICADOR_8_2_13,Departamento,Junín,097ff5b26ec9613fb87b94c54e162252a4c90bcbce8a279d0a7771a721636c94
INDICADOR_8_2_13,Departamento,La Libertad,29b4ce9ce16ef0bc32955939d63d4d37cdb72f45003a05f3515b59abc1ab0013
INDICADOR_8_2_13,Departamento,Lambayeque,8daac90d2bdd389da1abf7eb3e3331ebdc1a251be4b1c918c8f9f764c6461554
INDICADOR_8_2_13,Departamento,Lima Metropolitana,52f34ab1ead2226f2ab0d5b02c5b30aeed67b2889cc2b2eeda4063aeaf63584d
INDICADOR_8_2_13,Departamento,Loreto,e786c748bc6295f9c28a029c35680b90716c7ae82e0c5ab0545c7f7d179407bb
INDICADOR_8_2_13,Departamento,Madre de Dios,32d9513cad608aa418dd328931e20205211b58ea515bcba57db484a737245841
INDICADOR_8_2_13,Departamento,Moquegua,d8bcb0362c0b9920c312e572b75a2c3c0669857d6efc1a6500daeefad6bb67f1
INDICADOR_8_2_13,Departamento,Pasco,0b4f747680ae81be064f70b5f911641563c552330662e61fbcfc768a8f83afe4
INDICADOR_8_2_13,Departamento,Piura,59db6a605d720f5aaf593d38283a071cd0b0eefcdecbd55ab99d10b6951a6c70
INDICADOR_8_2_13,Departamento,Puno,98a0c1297036048a4c2de2c6c5b532867dd49046982b2558118e9d784dee9052
INDICADOR_8_2_13,Departamento,Región Lima,1d61c338e89555b68ac09be9661c86cd27314586262b5038ad75f55f47207ae3
INDICADOR_8_2_13,Departamento,San Martín,f35ade81ce249f8f50163904d911f962a32d3043cc673a1b189a52c83510b5d2
INDICADOR_8_2_13,Departamento,Tacna,171e0b432b4d90935becd65ed0dc25a93a6a5339a6023c98f93a9028b34bdc87
INDICADOR_8_2_13,Departamento,Tumbes,eedd89238bd1d0d365edfaa90591b76a71bb3acf029ad93e67d1c3ab4073ee41
INDICADOR_8_2_13,Departamento,Ucayali,53e57ad2ce6cf6275eaf0b74c3651b571d670512f04fee98474c1ed22b686a89
INDICADOR_8_2_13,Departamento,Áncash,bb0a36576565b89d48673cbeb8a412d210706ad575b77cadfb2fd871dbfda054
INDICADOR_8_2_13,Discapacidad,0,ca4a89f23164cef5bfc0ec3e2830d1b55c5c990dfaa01946fecb6ff50e77749e
INDICADOR_8_2_13,Discapacidad,1,14e5a6d2147a21c19e111042775d3d860c83c11b9129c8c1d8fe0381e18682e6
INDICADOR_8_2_13,Etnicidad,1,d8d57e831c513509036aa982211b89fad31acff3dcdb24ac9f5920ea2cabe2e1
INDICADOR_8_2_13,Etnicidad,3,7d314110d886ef4ed2438b0380961855f21ac651e1fae38a25e4ef8d07cdb990
INDICADOR_8_2_13,Etnicidad,5,b527fe5b4c0364f8e49ae802e37e0d51d33d3722eb36d44fca401c4305207c22
INDICADOR_8_2_13,Etnicidad,6,a7bf81f1c2b52872634bd1662f6ab77bee1348f20957bdbd93b01521679c8562
INDICADOR_8_2_13,Etnicidad,9,810575d2ef39eb405c8b3bb4aa99c6018679d6234124d0183c6929be4c7e8fd1
INDICADOR_8_2_13,Idioma del hogar,1,6f8d1512491dcd9e37d200e3382affa2f4ec900c570390baa4373a5712c6b49e
INDICADOR_8_2_13,Idioma del hogar,3,2827ec4960053a15871d38172a8adab352bf699d83dc8719a22a2beeccd3b0f6
INDICADOR_8_2_13,Idioma del hogar,4,93592faac3496d004a4a296dc99f7f34f616b78bcd81c78502fba07cf8e74b22
INDICADOR_8_2_13,Nacional,Total,1dc46626e9bccb28b2a194a8a8105329abf4acc1929dcd66b93459a8b597a138
INDICADOR_8_2_13,Sexo,1,5c948e2a397f383db815c49e343192207054232a1e9c5725ef01c6e06317c664
INDICADOR_8_2_13,Tipo de hogar,1,df16b7df85c67ff459735b206f54a6a6f46d06dae54f5f94a3120aee582cb068
INDICADOR_8_2_13,Tipo de hogar,2,ba5d0d8b8f40801400f3b36bcdca92700399b6cd982952444296bf13c019f7c5
INDICADOR_8_2_13,Tipo de hogar,3,07fb2cdbe3ac9d5128ea935126ed1457f3a93688535759094d7bf057873ca66d
INDICADOR_8_2_13,Área,1,9df85a2e041acb7a88a4a9e2bc48be350e7683658a68e2b870cfdb214f545d1d
INDICADOR_8_2_13,Área,2,7e811df886a4ed69823a0c6fce978e361e9f8eb31e7f3f985b4e79c0a7faa025
INDICADOR_8_2_13,Área × sexo,Rural Mujer,384506ca88b3867975a1802ff28d03472246c4d563efa5a4031a746b2ae0f028
INDICADOR_8_2_13,Área × sexo,Urbano Mujer,2a78c9f6adc67eb9d4e03ce5a197ef2deec339f7b3376175548a34219e1fac35
INDICADOR_8_2_7,Departamento,Amazonas,7d375c5a1021143f35c893b95585b69f2acc7553952914a5075ce84eaac9b1ea
INDICADOR_8_2_7,Departamento,Apurímac,c628c99dbc38345f309e020531526c93dac6b4d4a057d5d9e103aa3663f1df8f
INDICADOR_8_2_7,Departamento,Arequipa,18f61af061685287c4386a3b073a84e2e71f541669ef45e6cb4c325a132f1560
INDICADOR_8_2_7,Departamento,Ayacucho,820dd500854dd414b4e70f788bf04c92b1573b8f6017678c61fb825ff491c992
INDICADOR_8_2_7,Departamento,Cajamarca,342ceb0681c198d10e4ea8af3d9276d2e9f5affeee5578dbc946e0245e227112
INDICADOR_8_2_7,Departamento,Callao,234e184e828bd0901ab86f51ee68461047211e018036397a3eb92e9af3ad0acd
INDICADOR_8_2_7,Departamento,Cusco,0c864af3bad7c3e7f9fb44c1822603955c4fbd8a583ae4a8042defd666e4ea66
INDICADOR_8_2_7,Departamento,Huancavelica,35a93ddb2cfd43b4474ca2ad808b1516c7e653c0a4600a650962972fb5e69648
INDICADOR_8_2_7,Departamento,Huánuco,aeb2a78f1f6c689f57d87491bbb8068c9f6d7ed726b5c1dd71c88d0aa0cf7055
INDICADOR_8_2_7,Departamento,Ica,cfa10f6b1f5b92936f0ceea794676bafa38c304e07426eb6be5c0ed6f49076c6
INDICADOR_8_2_7,Departamento,Junín,8b0c1a5a1752d9fe482c5a87bd003ab4be85eed960d997788f18ae07a0ed5be6
INDICADOR_8_2_7,Departamento,La Libertad,109b22a3f4da8f4db99fc2d5483f683650097b943fd3d29ad41a04b75e46bd79
INDICADOR_8_2_7,Departamento,Lambayeque,4bc392ef3167fe3698bf37a46ef1855689756e2dcec0be6c2c4f8d8d2dbfd035
INDICADOR_8_2_7,Departamento,Lima Metropolitana,d1ab2f49340f1098513fa9792932f2cb0d79bc672da6004335c22ceb90778957
INDICADOR_8_2_7,Departamento,Loreto,eddda46e2c32f07c0795b250c7257871d9471ccc2e406aec336c624d3ac09bdf
INDICADOR_8_2_7,Departamento,Madre de Dios,1cdce69693f2b79917ccf152da72e28eb77417ced5b4fd15e8f66e884cf34a06
INDICADOR_8_2_7,Departamento,Moquegua,ef5d72c2c25901ee48c1f111977b7547f6431a93098dc9ce7f857d29253f885d
INDICADOR_8_2_7,Departamento,Pasco,239f7d17d446d6f9ce6acc7c19f8faaddfce4f64f1d04a1d52edf41f63b8a1a2
INDICADOR_8_2_7,Departamento,Piura,79e6f45e37119b6e37577e68fd1f101779652dcb58b80809318edce102c19d74
INDICADOR_8_2_7,Departamento,Puno,6e45704ac43c891ff802e378c16c3a57b2024abade8d3c7c2089351d8ac33e44
INDICADOR_8_2_7,Departamento,Región Lima,6134df044064e808834a751b09eede08eee9a6e2e9cb5e18e4af5f25d7f83842
INDICADOR_8_2_7,Departamento,San Martín,07ac01efcd9d4f0edb4969d3ba9218f66ab1a7957a0f9b9cbc135a4a39bfe763
INDICADOR_8_2_7,Departamento,Tacna,ed474fd6ed77851af85a7b7d9955c772598d34734c8b2602a72bcc65da9d45cf
INDICADOR_8_2_7,Departamento,Tumbes,0e0e9739641942411de37d61cec61ebc3ba94baba768fa5c843749e6cac6d61b
INDICADOR_8_2_7,Departamento,Ucayali,48b457783d9a540949ace6576dda52eef2d2f614b2cb7fddda9fa7dbef9426c7
INDICADOR_8_2_7,Departamento,Áncash,9e800a5a7234e6365f592cd8ca4b58013635a74fe564556a8b4de4ee39c8b1f9
INDICADOR_8_2_7,Discapacidad,0,59f106dacbdc8437a64c7fee60692ec58e432c2ed4bb4f4005e18d0109fae855
INDICADOR_8_2_7,Discapacidad,1,4d51ffa57784bd718870abd5720cd3cabc0ffb4920dec49ad1e34fc99c22bddb
INDICADOR_8_2_7,Etnicidad,1,9e7b6e206dd7ad86147f12f837cddb3de7fdeb0fd2fbb6427d7437fae74f7190
INDICADOR_8_2_7,Etnicidad,3,a9e332bfc120c662067d43ea15b238643b3ef9a665b7ea14202790de7f6d7180
INDICADOR_8_2_7,Etnicidad,5,267e6e85a8ae3d5d313bcfc19a9e12d0ccc5621d4921455fc5d7a132f6ef5275
INDICADOR_8_2_7,Etnicidad,6,0526525ee511606c5fc568d843c34f9a5a50cf3bfaae6fe3e4606ab8e6e8a348
INDICADOR_8_2_7,Etnicidad,9,59a36a1e0e54799abc3eae033c6dfcb06aa899b809a12657975486c384553e4b
INDICADOR_8_2_7,Idioma del hogar,1,4938732f5a7e1b2f8c88d133f8922d8634ccbcd6f23eb5abfb300bbc1f24bc53
INDICADOR_8_2_7,Idioma del hogar,3,2eca4c75f1be4be26e9a8761ce3abede4b292bd5a8004b873c4f1d9946c3cfd5
INDICADOR_8_2_7,Idioma del hogar,4,4be44521584a71976af098f983264bc03dceba9be9d507c54fe80d7eef3a3121
INDICADOR_8_2_7,Nacional,Total,443da936d825f583411fc10a2659169f2e25315970fec0c416f7c6f70a712d71
INDICADOR_8_2_7,Sexo,1,eabaf8a4d926b5eeb36b153c1e85ab7682762727ea2eafd41e2b3b633e576f2e
INDICADOR_8_2_7,Tipo de hogar,1,1ba60abe49fd485df5cae4119dd136aaaa1903dba4759e169078e351dde2c638
INDICADOR_8_2_7,Tipo de hogar,2,6cbe324901854ca8fdd18a9d53b108a0e152798f3ef20a8ebb783f52f083f17c
INDICADOR_8_2_7,Tipo de hogar,3,4587289ee2fa6b16e59bde894f2f2c86b273bf1b4aaa72a487e1bee98cc96c50
INDICADOR_8_2_7,Área,1,b5f5c383d9ba1506254cbc7f401b73560b0277a9ed03626b9596a982891caaaa
INDICADOR_8_2_7,Área,2,04e833d75b3111e11b3a85a657318ca25c78f136a6aab36d9ade6d861e65c23a
INDICADOR_8_2_7,Área × sexo,Rural Mujer,539e6a0ef08f732fe9763282dc6b7123dab22ed3955bd3de824fb55146f45884
INDICADOR_8_2_7,Área × sexo,Urbano Mujer,f31a75ced845ebc57a1f45c88b8cf2cadd9d09afc912e42ca9f2357a298fd9b5
INDICADOR_8_2_8,Departamento,Amazonas,c06a81da27f7c2f4ebf2c3ec9c9b8258d202a141348bc79ced2cb259721dffb2
INDICADOR_8_2_8,Departamento,Apurímac,161b381d300eb96cb8019705764c937147d1d787444f68c09a20b87a5df7b60d
INDICADOR_8_2_8,Departamento,Arequipa,5ae9a81bcd0462aa34c10667ab825aa86da9cf4e610f6f8b526a6ade1dff6f7d
INDICADOR_8_2_8,Departamento,Ayacucho,bde713121f441fd672eb40bb5279840d9aabcf816ff003b3bc6fa7a9052ddc86
INDICADOR_8_2_8,Departamento,Cajamarca,e3ad7bef9ebda1a17d3f5c548a3138abcb827bebe546334c4cdafd59aa81f1a0
INDICADOR_8_2_8,Departamento,Callao,a870b092265bcb3d1727ee5ac0cdd714daf78ead10e728b81f5845257844d31e
INDICADOR_8_2_8,Departamento,Cusco,592e1cf5ba78d62d325cf0eba4bd0272acf6625731afa143b6c5a476bd8682ce
INDICADOR_8_2_8,Departamento,Huancavelica,25ad476d02f2fc6ae82634891b1d8dcb854c83cb404800667842e5e85890a400
INDICADOR_8_2_8,Departamento,Huánuco,0a5224ebcae6b9cd7a04154d5cb04dcf5e45bad70d99b6fe63c456b181cd20ad
INDICADOR_8_2_8,Departamento,Ica,5895e931785d39f1aa2782c87d134d3af38ab94e2cee7160d300afe3fbb72f70
INDICADOR_8_2_8,Departamento,Junín,3051b1f394c3194c329816cf09ec024d32d4444c8887e2708c2e25122a93debb
INDICADOR_8_2_8,Departamento,La Libertad,17606a64a939317d92a70b1af752879879d65a6418bd18e2710e2c981ebb3228
INDICADOR_8_2_8,Departamento,Lambayeque,121544e736ac0ad711e4f3f7525367773119a1df8f5203dbea6b13cd7e403c09
INDICADOR_8_2_8,Departamento,Lima Metropolitana,f388ee7f435e5043140d47d626a97514ceac45ae4090241215802b089590cf28
INDICADOR_8_2_8,Departamento,Loreto,e0b74447cc75d432a6c3be2ca12b10534cf80a9471a6dedd6cf398f4e98f4595
INDICADOR_8_2_8,Departamento,Madre de Dios,5db3dc8df0ed5982505e19db2b5753d16b79a6d883c4513f869ad0fe1eb46ec6
INDICADOR_8_2_8,Departamento,Moquegua,c4f6052b5182542b63554ca90a989762634d06c90be7bbd46b803a4f40d997bc
INDICADOR_8_2_8,Departamento,Pasco,53f5424634abc1ab21438f7d15dcc4bdbc6a9183e61d27dbaed36c4af8273e0c
INDICADOR_8_2_8,Departamento,Piura,669753f4d3b8d45d9d76fb3a73a01d7ede01a1e175c23cf8a30a64cafd16f908
INDICADOR_8_2_8,Departamento,Puno,3866ad96a643099cfe0bfec10dd752382708e0e08e5f46a90038247b8d8f312f
INDICADOR_8_2_8,Departamento,Región Lima,a961a6442ceda12c037fe47cbec717f940554fd12a5aa4fad4643a1574523e39
INDICADOR_8_2_8,Departamento,San Martín,0bf0f8c42c6c153ed7e9b906ce63af35116865658fe21395da91c71c5df5ee1e
INDICADOR_8_2_8,Departamento,Tacna,c86a721a25f57698c7cb09b5f0a0753a9601876e4bfd274de19d9c3f1ca07331
INDICADOR_8_2_8,Departamento,Tumbes,3d94c7120f4d71d1ee58df7cfe2b2cb95bbf1ac76089486296b9502b6ec7666b
INDICADOR_8_2_8,Departamento,Ucayali,60dda4044f39ee339aa62dba66fb489cb9e85ad7c85385a612dcd054431fefd4
INDICADOR_8_2_8,Departamento,Áncash,eebbbe4a2a719fdd4a2043a79c52bc014579e2001d8409e4226ea91d7b89f48a
INDICADOR_8_2_8,Discapacidad,0,18d08b63981afa2608befcc97313584cb717cda9d8e6e85099939d7b27cbcc4c
INDICADOR_8_2_8,Discapacidad,1,fe4d7906c378d8d52bb463e7f60ffeb76ecd5253bed697d16da5feddf3ffd1a8
INDICADOR_8_2_8,Etnicidad,1,0398c1ca8f29f2b3d53cd769d3b83cd1b4384726752d508263642683649acc70
INDICADOR_8_2_8,Etnicidad,3,c9b480656d5736eaf06dc4732b05626c997c990e91d71b57eaecf77cc8a6e981
INDICADOR_8_2_8,Etnicidad,5,c97b12f495f89844acdca169e308a7655a28b272f4058df493c5b3fcba7ec4dc
INDICADOR_8_2_8,Etnicidad,6,8205c7d5ea006109e7523ee0ab589a9880bea8b6a2afd16d2de0148f4536058d
INDICADOR_8_2_8,Etnicidad,9,d6306b70cf94925671a3970d68b82cbcf47b853489536aea59131c36a1ee226c
INDICADOR_8_2_8,Idioma del hogar,1,ea66bc06a6b0f475d62d20c746affbfc003680dd39b68361d030bd744d416186
INDICADOR_8_2_8,Idioma del hogar,3,60759ec4e1345979113888d8d00015f1f88c520b23d81b15a763cff307f0668c
INDICADOR_8_2_8,Idioma del hogar,4,7f2085142e598b2d8a3f8408b54fe8f3bc7f2aeb290abbebbab08d498d24804d
INDICADOR_8_2_8,Nacional,Total,78da935058fc3297157635715d6760357db518c9252883dcb454949938215352
INDICADOR_8_2_8,Sexo,1,98fdb289a1cc921aaf465ba9f1f13efc127d688aa54e2242817401144e031566
INDICADOR_8_2_8,Tipo de hogar,1,205202ee73dbefc7d83794f97fcf8edea1e12a773a89c394b740096fa451542b
INDICADOR_8_2_8,Tipo de hogar,2,34bcbf9a1e3c7e6c415b08b9649a4d99fb0e7d38e6bedd03a2c61b24d2205edd
INDICADOR_8_2_8,Tipo de hogar,3,7474ea4dd768367408f1faf1cbea5ec7b427ab9526995882b736f73862801117
INDICADOR_8_2_8,Área,1,f817dc5310abf78d2da9b7b6874704c655deeceb3242c93557542ba481021f17
INDICADOR_8_2_8,Área,2,f8bed6213ccc9b2c50a025333b2e852e6b1d84e7a560fb93fd16f064a356557d
INDICADOR_8_2_8,Área × sexo,Rural Mujer,ecf7b93cd169fab0aa349ef86fc6392b4d50d4cfab90601b71a19dec2e854cdc
INDICADOR_8_2_8,Área × sexo,Urbano Mujer,b027775bb479c764380c5a2232f279f24a525b73a7fc673bc743b653a34f0aa2
INDICADOR_8_3_6,Departamento,Amazonas,e70980f4d21b9a8a7fc75f076ffbd4be8ac0ff1213771056fdccf1a2747db56b
INDICADOR_8_3_6,Departamento,Apurímac,f677c61721992452014d7b23c168c74d132bcf0d9a0272f2bcd21f530edafecc
INDICADOR_8_3_6,Departamento,Arequipa,78e80677d88b6a55bf787e0f20b22377c43a5a16d671c272a4d63a8ea5ff639e
INDICADOR_8_3_6,Departamento,Ayacucho,67761aaedb3cb754f9e0a8cb4895bb725430936acac87c21b47a78df25b37618
INDICADOR_8_3_6,Departamento,Cajamarca,eb3e4a4c20a5a82a717ff0446ba979c9172dd45a3afa14b893a211111e3931fe
INDICADOR_8_3_6,Departamento,Callao,cb306f92871d4887319b6d9a304212a36d0b70a1a42528f3e3b8eb0844638291
INDICADOR_8_3_6,Departamento,Cusco,52c5695c4ec4924e8714d56a5ee942b7f7a3740a244671a18211f90b408ccc49
INDICADOR_8_3_6,Departamento,Huancavelica,329ae386233493a7ed81b740fe4139a26ac7267382968311591f9975d1f70938
INDICADOR_8_3_6,Departamento,Huánuco,62009cfc4644e4955524a8d03896195141e2a70fa0cd33fa9c76a170288c2e9f
INDICADOR_8_3_6,Departamento,Ica,b79d140acc1806800302171114bfd46c18d43fa08616796e5a644bfb01ec3f04
INDICADOR_8_3_6,Departamento,Junín,6c2edf46aefdf06021dde8952ac11f07a134c7be09cdb3d787e1f91b12b215c7
INDICADOR_8_3_6,Departamento,La Libertad,f14522f0c22d4e9ec3efcce5c8efa3a44e50dc225665c7b42e858fe6d54f26bd
INDICADOR_8_3_6,Departamento,Lambayeque,54bceea2b7d21c9f8276aa180a3ee6d77b2ef78516592afb9df3ba42a77fe890
INDICADOR_8_3_6,Departamento,Lima Metropolitana,42612d66efa8331f4101c798a7b7864f8fa81f1e62a1db94b6e876e4c94149c1
INDICADOR_8_3_6,Departamento,Loreto,6fc18c6473524534fa26456bdcf65d47e93978dac1971e4df1c7dca29f38ca5b
INDICADOR_8_3_6,Departamento,Madre de Dios,cdd6514f7d9c2cdf6f0045d61ff33f384509b5b398b833905e385b4bb4fe2e72
INDICADOR_8_3_6,Departamento,Moquegua,e5d14e1fa27ff837730a643f1221e1624c4fbbc9e41d61b0f3159e5cb10f09a7
INDICADOR_8_3_6,Departamento,Pasco,e6ca9da22b4267281612f8af0e0d48c726b6c53628584d007be8f15a5ea47c99
INDICADOR_8_3_6,Departamento,Piura,c01f4b94dcbb802d4cde7d846bda3ff0c4971c66ff96ab4b022cbe5e0cfd27dc
INDICADOR_8_3_6,Departamento,Puno,009889b89a46f1ad985692dbcf94e27b741d17ae45e123d71d49f9269d137f96
INDICADOR_8_3_6,Departamento,Región Lima,0de071a9fded3fe2dcb0ed20de76eff1d8a3309db349a9e7359d496e27d27caa
INDICADOR_8_3_6,Departamento,San Martín,816232c0bef559afc0e7ed87d1da945534bea3b4dbd009bb3f28d0ae6926db01
INDICADOR_8_3_6,Departamento,Tacna,d06b204df5b824f09d6e517581f8cc08c4e8f6a19f22fbb47f04772c53c11368
INDICADOR_8_3_6,Departamento,Tumbes,32e1c8624e1dce1afbb368da0c513296080aa72ccda8237dbbafbce877ae5493
INDICADOR_8_3_6,Departamento,Ucayali,b23c78117da3f7b4ae85d26bda7c3b862c34ddf860a6f598afa7acc2be0e99c5
INDICADOR_8_3_6,Departamento,Áncash,4ccf68f2fe28f5c423b19e4d5765805f8bf2c1fd7180cab0d13b21b46fcb9b97
INDICADOR_8_3_6,Discapacidad,0,090f7e83058e1f5184807e002ad7acd9367be9fa531ef099e08a0aae39b2a5a2
INDICADOR_8_3_6,Discapacidad,1,61df8288d64ddb1473eeb859fd64b63802becd6f519ca88a4e36a90371613bfe
INDICADOR_8_3_6,Etnicidad,1,c62b63d49a484762781a3a251b0b185785eee96303e0e2c14a40c5bda8d6639f
INDICADOR_8_3_6,Etnicidad,3,4dd3a174049b1a194b37468b457fe3cf13605a561bb113298b258a9ded61e1ea
INDICADOR_8_3_6,Etnicidad,5,58c0ad983c412adc0de18449b69d31cdc29b2da2b2032af2ce5dc640ac08cf1c
INDICADOR_8_3_6,Etnicidad,6,c6c38c908532253a1f720fd576030dc9ad7e002eca98449048f04fb2e177b7b3
INDICADOR_8_3_6,Etnicidad,9,7d4e6382521b36a858e10e71f770f3889cf34001171f56f8f64b99d718657791
INDICADOR_8_3_6,Idioma del hogar,1,427d9e8a1d7deeb135500146db2a534d4884f0aedf346bc3e57695c82c0fcc3a
INDICADOR_8_3_6,Idioma del hogar,3,c3617254e2929e3824217b1d2105451a8883b8deb2379c33e26f14ce8c4856d8
INDICADOR_8_3_6,Idioma del hogar,4,0edcd1411a370cefa769f5285bdc3341a58c22475e934681da0dd462776b658e
INDICADOR_8_3_6,Nacional,Total,a00f9f38131beb9503fe5f36383f3085953d63f717da44a5b857a8cfebaba17b
INDICADOR_8_3_6,Sexo,1,1a561997169d5df8ebc271d890f690f313b510a2ff12a543d72d5d0c7059834b
INDICADOR_8_3_6,Sexo,2,e1949e0b8a125dc5d83b9d1179101ac36f966ec4a6e02227c2f478172a1f6fea
INDICADOR_8_3_6,Tipo de hogar,1,7c25931b1fb6817be3f8b0efe4c1841df4d945326b24c7ea87625e9f22622b79
INDICADOR_8_3_6,Tipo de hogar,2,8168046d2c8b8cdb307ad80304e13f5e18b301d7a19d1f9e1238c4ceb2c06853
INDICADOR_8_3_6,Tipo de hogar,3,01cacc9cf0c99e434a917b4aa8c7cd4c09c043607798685d8ae49f9e5cd7f841
INDICADOR_8_3_6,Área,1,76d84e5374fe8abdd4d0fdad0b1d9720d07f63fbce8d5dbefb80d8ed47024dee
INDICADOR_8_3_6,Área,2,fa3dba0ceed4075c3ff1b8bd5ee78556fed2fd73a0f503c5771828c6e54e5e66
INDICADOR_8_3_6,Área × sexo,Rural Hombre,6a2a975af342dcc439283bb73d651af554c82fda29c2c97346a7e9823d73f4a9
INDICADOR_8_3_6,Área × sexo,Rural Mujer,93880cec2f85ccd2f30effb3a97a7ad3750621274f10f5ba4cc677ace95723fd
INDICADOR_8_3_6,Área × sexo,Urbano Hombre,58cfdcb7dbafb35eff0dd9a8c13133bc9d6b17731892274f91ec07255413bfb8
INDICADOR_8_3_6,Área × sexo,Urbano Mujer,f5d482b0b9a430605778f9433e31ab6683e4bea85533d62d1769517eb18c00c4
INDICADOR_8_3_9,Departamento,Amazonas,ec05c70d04d0cd15e0c0207ca7d2fab98a0eff498c37421b9a21c9412974c37f
INDICADOR_8_3_9,Departamento,Apurímac,f7976bb3506de27fadc1fc9fe8ae8f40c9660578f59f4e34285c1dde263a562f
INDICADOR_8_3_9,Departamento,Arequipa,5cbc0ea99a83a640f4443df9e492a311b03c6f0efa0051b9711d648369709b96
INDICADOR_8_3_9,Departamento,Ayacucho,6dd5ed355f7bceef512cbe0bfe070634bbf838e0640b4cf2e5a2b323bcd07a79
INDICADOR_8_3_9,Departamento,Cajamarca,0b7518f387ce196a698b6dea3a642c7688b1758f77ba7910db2b4a6934e371a8
INDICADOR_8_3_9,Departamento,Callao,90d86a27ee9e62dbcf11c6d2f303d6ca2e8a6d6637310fff499331fbc0ab8503
INDICADOR_8_3_9,Departamento,Cusco,2608a81bb822a757f46ef961b2158eaaaa79be6ef0522d6cb114466417c2090b
INDICADOR_8_3_9,Departamento,Huancavelica,c0f7ef63e1feddfff85f4e69676135d44e3a862657d73c669d3986189f4eb25f
INDICADOR_8_3_9,Departamento,Huánuco,47476f78e75d20a1607754dd0702bef2e15e6445abcc0e316baf82616aa8bfbd
INDICADOR_8_3_9,Departamento,Ica,9acdb6aed21ba82ff81c43be37e16b49c49f00ac23d41068e8be51b1579818ed
INDICADOR_8_3_9,Departamento,Junín,b28e7adee460166988dd5525878ab07063c1b69292caaa3fc29784b9deb2796e
INDICADOR_8_3_9,Departamento,La Libertad,cadeae1b1e84d777d21e98db581b5a9b885fb5f29811d1558b96b007f54dc14e
INDICADOR_8_3_9,Departamento,Lambayeque,ff129fcfa53346310de0ce1079d065a9fa38899db14f7930aa07b972be8398ad
INDICADOR_8_3_9,Departamento,Lima Metropolitana,f5f90f12262595909966907679943b537e9d9b8324cb6fe958fa00c9092e3b84
INDICADOR_8_3_9,Departamento,Loreto,b17f0a8f2286d5714f7d09ed5e66c37e2162a3d585574c9ffb3e78271506bed3
INDICADOR_8_3_9,Departamento,Madre de Dios,fbdc44f3a1e57f13d73abb1f3c598f61ad9fe023b475ecc37b17a170c08ef6b8
INDICADOR_8_3_9,Departamento,Moquegua,e21bf9019fef9e3f7cf768078058064f67eaa17d17c27332ff940721b184cd46
INDICADOR_8_3_9,Departamento,Pasco,af516e3d5b62ddfbfd686903555a82e35944bad23ee40bc2c29cc98be16f6f8b
INDICADOR_8_3_9,Departamento,Piura,fab8a6ca2a113e66fd376fd26c851da9c4b24f14226d8b28b1ca97a37d5957e7
INDICADOR_8_3_9,Departamento,Puno,bb73ae9afde775231ead934e4f2f096d20723225dbf9e0e30d2f645aaeb72580
INDICADOR_8_3_9,Departamento,Región Lima,12dd56f72091a2c89199eec1fb65e47f7e9072edefe47924647fa8e9d4256eff
INDICADOR_8_3_9,Departamento,San Martín,52a3cd0e72f7aaa87147a3826f687289647310f8f04d94bce235041aab3315e1
INDICADOR_8_3_9,Departamento,Tacna,a8555a6bb37d7f2cc2730dc632654121c04317efd97da49513993a402a2697b2
INDICADOR_8_3_9,Departamento,Tumbes,bfde7dc763a6d6126d8aa455066a37fad2c1c7bc5d8bf2ab2bb1723b2337b197
INDICADOR_8_3_9,Departamento,Ucayali,aa81e3ba624432625bfda4ea8bd68ef48ca530b43091202e2d24d3e946001f90
INDICADOR_8_3_9,Departamento,Áncash,7707794180e94855a06256662dba258e0390ceee791daa6ce9d018df21fc63db
INDICADOR_8_3_9,Discapacidad,0,b2469e4a8a0f3677c5f4e319868c6679e7480184038da2da58698133e487177d
INDICADOR_8_3_9,Discapacidad,1,ace457d455527bba0b6412c9d77c8acd01be6a80e6603f2b902aa07e8985e603
INDICADOR_8_3_9,Etnicidad,1,b19dcec5977cac08fd05ad670efb052ce8378ab9bc4f74c87b1a4d6e91f89547
INDICADOR_8_3_9,Etnicidad,3,8b56ac83382626a2a9e52acc5bd7b98df7c4c7ec17c805aa164be55fa5a07f22
INDICADOR_8_3_9,Etnicidad,5,161c6c6e41ebf2f1e374c48d5665cb5244f3853ad1ac244d4cbc5ee6e8b2e1bd
INDICADOR_8_3_9,Etnicidad,6,042cb4746c794709c6c8b90d8a8d54feee0e9b425a94e9f2a92923da935bc46f
INDICADOR_8_3_9,Etnicidad,9,ff3c07c2f9ae4b7ab359634c06e3808b60657265d3e966c6170738d8d9a4a38b
INDICADOR_8_3_9,Idioma del hogar,1,0f6077f77ae0fa13499fb8460c3649ccf01fcf7bb29c7ec05b47392a80a4b548
INDICADOR_8_3_9,Idioma del hogar,3,ff48ecf3fb2f6b66447f18b253b20707574ba7100645a021d2efcc8004903306
INDICADOR_8_3_9,Idioma del hogar,4,b23472bb8619c451852bb19ffb7a2beee147b4fa72bae4cd2f455d670dc032bf
INDICADOR_8_3_9,Nacional,Total,f266f8849c3054cc135878d30f9d28edb6b135c3002d8b6f9e4454f542ba7801
INDICADOR_8_3_9,Sexo,1,78ccd1192fe0c9eeda310e1c02c739f056fb4479257d2de56e993960b57d5c16
INDICADOR_8_3_9,Sexo,2,595231b957d4cb4831612db8880b11e56fa5a4b8e14034726af3c3ca9c4519bd
INDICADOR_8_3_9,Tipo de hogar,1,6f326d2af24a7e2b8cde573d241f13cedad7fe4b3ec66deb231478491d711918
INDICADOR_8_3_9,Tipo de hogar,2,f6b4d26545ac22481d80d45273cc66e27cc2f8ae3a1f8e8abd7859c7c129c154
INDICADOR_8_3_9,Tipo de hogar,3,a565f2210491670edcad61add031e354ae1b686746d12ece34c48303cf3d1920
INDICADOR_8_3_9,Área,1,1c29a4a553a02319d5a29b1a6d35a5727188eff4b3d0553cf894a6785335d26f
INDICADOR_8_3_9,Área,2,6c59c87b65c79addf0e91ffe829cbd0236eef4ecf84e7eaa56ff627f87bf83c4
INDICADOR_8_3_9,Área × sexo,Rural Hombre,4231c88db63a4daaca6356cf185d9d993cbb307587104c307ae5b73eb322b410
INDICADOR_8_3_9,Área × sexo,Rural Mujer,86b7d588b957cdceb7d54fff6d5c95d96452e9ffeeaa9c0af81ff468b90c70a4
INDICADOR_8_3_9,Área × sexo,Urbano Hombre,cee334110ff0c1d099ccfd71c3ee0edca47e87bcda7fe4c99328c19d9dba0c37
INDICADOR_8_3_9,Área × sexo,Urbano Mujer,845deba1eeef809778331cbf993796e216e6bbd88aa56be22068f4821a7a9fa0
LugarBano_ViolEsc,Nacional,Total,b9310dfaf93476584d78ee9e8599e406e42922cd461a976c09a95233202aa3b9
LugarFueraColegio_ViolEsc,Nacional,Total,517129b3e18a5dc5927162f4316fa1e52ffe9f4f004245b7aa579b51aa2e4ccc
LugarOtro_ViolEsc,Nacional,Total,1e04146f3563cb16e0d62290e06c84ae5b676af0e875de9adedbc235a9ce4e20
LugarPasilloEscalera_ViolEsc,Nacional,Total,343913474fe6893ed316e8c85a20eab76a6409f81ffcb7dbb4f70732e27bb909
LugarPatio_ViolEsc,Nacional,Total,7fc4486ce6504d4c51faae6ca31ae0edeb055618b6f200eedeafebf8ffda085d
LugarSalon_ViolEsc,Nacional,Total,7f08b106e209f28118614bde8867ffabaa2bd1ead151d20e584a0544c7a90b25
PV_VF_hogar_VP_escuela,Departamento,Amazonas,b8292bfd8b8fd33d3b9e720fdf26c2a8ab89b143ee25db654b0e43be2ee131eb
PV_VF_hogar_VP_escuela,Departamento,Apurímac,a9a9cfe4139e50ccc00258b428e881959d40d3144e5e8f0a32f0e242ffda65dd
PV_VF_hogar_VP_escuela,Departamento,Arequipa,50f150eac86746085b2ad8310c24503d3394f3eb379d3725b6d8735e9d5d30fc
PV_VF_hogar_VP_escuela,Departamento,Ayacucho,02f0982f249d47a8677ed555e2bfa2706ddac29796b08e86191f57b128de6b86
PV_VF_hogar_VP_escuela,Departamento,Cajamarca,2ef0d71569507775f3ab2efc98c4266441a4b626dcf400d3411711668da83621
PV_VF_hogar_VP_escuela,Departamento,Callao,f34273c202de52f6eb67f45bd9dcd91c65429e6b1c47fc3ced1a54de61f860f6
PV_VF_hogar_VP_escuela,Departamento,Cusco,4d6f71622793812122fc45fe6c25af150192a4d758ebafbd25a1a35ed8054917
PV_VF_hogar_VP_escuela,Departamento,Huancavelica,32a5c5b003364d7717db1d4d616bacabeb169be449f80d05e040525b89a1cf64
PV_VF_hogar_VP_escuela,Departamento,Huánuco,90a8f2fdf83d848f3c162637be3de22c9cb6798368510e3116155a173a639b0a
PV_VF_hogar_VP_escuela,Departamento,Ica,f568efb092bf3b0a803d0d1f2defe85d880e8aff96b02e26b4f30d730d35c6b3
PV_VF_hogar_VP_escuela,Departamento,Junín,fab89cfb15ea4447d19aaac6e90ef4004d930d88dca4312ec7566a343944d558
PV_VF_hogar_VP_escuela,Departamento,La Libertad,ee887b03065a5650eb527f5318fafd56b9100f28f567fbe64099c8f3fe719064
PV_VF_hogar_VP_escuela,Departamento,Lambayeque,dd0203fbcaa31ef43db00c28005f767d64afbfc89c993805f60d1455db14f410
PV_VF_hogar_VP_escuela,Departamento,Lima Metropolitana,84439ddcd1d08474e1a6e0bb795e42b73043885fa606eb6dce3f54ddf3f42671
PV_VF_hogar_VP_escuela,Departamento,Loreto,775a807ca0e097786c54cf31602a59ba050a83d49f6bba921fbc76222f937227
PV_VF_hogar_VP_escuela,Departamento,Madre de Dios,f7bd8de326421a27bb294ec2f5511e0630027cfedae3609cae4e5ad4e42572f7
PV_VF_hogar_VP_escuela,Departamento,Moquegua,92f8df102278fdcd6d4cc7d28abb2564e046fa1769187fe82bc2da8714d9b028
PV_VF_hogar_VP_escuela,Departamento,Pasco,8cf884ead22070cc6e99feec68336810703c2e3ce91fb86f41de07077a189c59
PV_VF_hogar_VP_escuela,Departamento,Piura,337b1ca6161106f800ff62ba41121391aaee6efa5640b6ec68bd5d8539e81d84
PV_VF_hogar_VP_escuela,Departamento,Puno,630d026fda6c3d849c0ebdc8f7812f5e8483748bf7f610c0cdf8f484a4370e66
PV_VF_hogar_VP_escuela,Departamento,Región Lima,a2f43b95746c96fc70ee68ca52f81d4b049f4e9bc77773af5f26593d640f7f90
PV_VF_hogar_VP_escuela,Departamento,San Martín,fbc039bae4c280193cb6f4743fe634937bcfe7ac2ade92ab01f765d18cf92d6b
PV_VF_hogar_VP_escuela,Departamento,Tacna,50adc04277b91223aed64db756f5b5fee7b8f4a071b1cea60f03d0dce7591317
PV_VF_hogar_VP_escuela,Departamento,Tumbes,86ac2439a90cdf4c9f435264be66463a9015be262d833ad6e7adab14c1dedaf2
PV_VF_hogar_VP_escuela,Departamento,Ucayali,40a3a46fbfcfb85bf843c4a7e43ff67dbdd143a11a5540e309008875e3840e2a
PV_VF_hogar_VP_escuela,Departamento,Áncash,0ccb62011f7d7b0f03de7037249acfee193f7e5e785fb8cbbf60de65f252d356
PV_VF_hogar_VP_escuela,Discapacidad,0,83b4caa89d28982fd4943a9840c1eea67efd65fe146b7de59fa9357605434f37
PV_VF_hogar_VP_escuela,Discapacidad,1,5aadf47fa37fb5a36f2ebdf49d1c2d49488ffd0f3d9a7c1c17413d6652f92394
PV_VF_hogar_VP_escuela,Etnicidad,1,4296d1c14ce76b210cebbfe16deaae443b070c78910c0c7898f44ce3a853805b
PV_VF_hogar_VP_escuela,Etnicidad,3,0068bdb7c4c0ca1629bc077d414dbf2d251ec52120b56e537e9ed20e66d99b98
PV_VF_hogar_VP_escuela,Etnicidad,5,a809db5dbe2a883a2f2535538244c1c9545764d60ba824c932713e38dad3f35a
PV_VF_hogar_VP_escuela,Etnicidad,6,f10b29e858e7b8be7da25d6a8cc92179bd2d03d1fe840e26d191d215e51ff167
PV_VF_hogar_VP_escuela,Etnicidad,9,68ac62afeb2dc476037689d35f2b257593afdac94471c64d95d32a7abfd7329d
PV_VF_hogar_VP_escuela,Idioma del hogar,1,8fb7b16dc5bada39422d721c2c1098e01124ea08efd961c0021912b6ca9495e3
PV_VF_hogar_VP_escuela,Idioma del hogar,3,5dce4919c6e75c9a2b78e2cad2aebf7cdd100f3dcf490f9a1834d8fb10656207
PV_VF_hogar_VP_escuela,Idioma del hogar,4,34e16e3664d87767729ac5bb25d7ddca237b1d0bc9ea402a592bc903e217da7b
PV_VF_hogar_VP_escuela,Nacional,Total,ea797de44264fa75f4f52abd0bfb5b76ed6ba721e3bb551cd417dae319096ad5
PV_VF_hogar_VP_escuela,Sexo,1,f457624be8991ebf98f8a1b5cd427a7dadc82ad247a512ba0643756d93804d40
PV_VF_hogar_VP_escuela,Sexo,2,70bfefd6397f542caf828417a5f055b717e5626e0f1f57d3b89389b4fc4d8364
PV_VF_hogar_VP_escuela,Tipo de hogar,1,8b1a4e36b856b79b5d2b5219d97222a73f26d031bbd1c0ec11b69e940d31b2f8
PV_VF_hogar_VP_escuela,Tipo de hogar,2,d69523c4f3eb63c4afb5218adc89abb5862d03ee5ec97c3a4b5a67d4c7520179
PV_VF_hogar_VP_escuela,Tipo de hogar,3,a87ab1e25f3b331377ef687e98b436ed8a5174fdeb0181d1a3e3da98789596a5
PV_VF_hogar_VP_escuela,Área,1,85827a088f9e18f39e7020b61dbc1aa8d931b628865468b18f4f944e73e2a91d
PV_VF_hogar_VP_escuela,Área,2,3994cb7ff2738097274d323157bf3962cf205dd2664ea16d7d233af53ae2c5d0
PV_VF_hogar_VP_escuela,Área × sexo,Rural Hombre,13ecc00a6bd3b614945dcb67dd1683e39833e13d99988b62eefcc47df9c9ad26
PV_VF_hogar_VP_escuela,Área × sexo,Rural Mujer,3b7d52fed00a491af2359113b44d9a74d1f87bb5047f6c9dd07c09742304c71e
PV_VF_hogar_VP_escuela,Área × sexo,Urbano Hombre,bb5f01bd1c603b5630cd6f723a352b7234a9a61301d56f94c346f963065dd074
PV_VF_hogar_VP_escuela,Área × sexo,Urbano Mujer,9ef7fbc0b185122105ce6906c21736d0ef09f0a41ecf20f33184c18b10048d7a
PV_VF_hogar_escuela,Departamento,Amazonas,2e407e53ad58637d272911f11df013dee97513cb5cd5730f24d9dc5391637dba
PV_VF_hogar_escuela,Departamento,Apurímac,84ad64088db7052f004e8677d4e104ae26c10482ca1446c5bbabfc9423a60aef
PV_VF_hogar_escuela,Departamento,Arequipa,870106fe95d2a6f38d20fe023ec7e1f35880288de9155b13dc45ac07579957bd
PV_VF_hogar_escuela,Departamento,Ayacucho,97a28a332cc85c92e8b8b85ef91c70a13f882bbed256549c4ffe1e24cc68d532
PV_VF_hogar_escuela,Departamento,Cajamarca,142049beb30e86fb7decbe65190194f0b7ad2789843d0845d07004d47076d8ef
PV_VF_hogar_escuela,Departamento,Callao,7d29efae5989a5bbc4daedb4130826f15f918932ccfbda34e234eb84f58f9320
PV_VF_hogar_escuela,Departamento,Cusco,60e303af2d4cc16d402c9d8fb974fb176bda30b56323db7f1a710241f560264d
PV_VF_hogar_escuela,Departamento,Huancavelica,4811c3d3eeb8e108be96990ce1c7d58e6e5445ea0b64974ee08e3f1483dfc3b7
PV_VF_hogar_escuela,Departamento,Huánuco,11e9d623e12ba9f490abd97c91c173e2e8971e1b0846f807655ece9032e7e9f8
PV_VF_hogar_escuela,Departamento,Ica,0ec92fce19a1e92676f93774497d88400d54b1238c5469b825e77715783b611c
PV_VF_hogar_escuela,Departamento,Junín,8092138a82230151e27f2ba94ccba68db768a4b26dfe698880eed089ddd39bb3
PV_VF_hogar_escuela,Departamento,La Libertad,8cd05dbd10e1562c1e6f7c2d3b6090579ca1e48f70307fdf5302ac88697da92f
PV_VF_hogar_escuela,Departamento,Lambayeque,68ae1121bc972992675d99bf10975535cc09754bdd287711a66b64c78e4516d2
PV_VF_hogar_escuela,Departamento,Lima Metropolitana,ef2142e83bba49fe320291d0d427e61032381d2359727a0a0e87c001f53cff26
PV_VF_hogar_escuela,Departamento,Loreto,bdbf94ee9ada4a364e5604c5141dd81beee935b256dd7a1ffee9e4032754f559
PV_VF_hogar_escuela,Departamento,Madre de Dios,80b7bfa024c732eec0e47d2a817b1441ce85eeae981b0cc286203afd91bc1f9d
PV_VF_hogar_escuela,Departamento,Moquegua,e1e38627282d4cc7243c283c1c80a18725c6f7ca513d9756ce6f84f20651aea9
PV_VF_hogar_escuela,Departamento,Pasco,41319e396d249dc0de9d6eca30e3f86003e216157c06610211ddd2aec80c5ee7
PV_VF_hogar_escuela,Departamento,Piura,b20ee8a01d149f647fed3da404ac02a2a003b7b15c50ad9c89cc8ba81261a62e
PV_VF_hogar_escuela,Departamento,Puno,d0e4a142d474ce08c0ff60cd6352bbc7482984b04107a03a71c97966a870e603
PV_VF_hogar_escuela,Departamento,Región Lima,664bfee17b38633334e29c71060baf245e839e66433d645fc9caef032becb14c
PV_VF_hogar_escuela,Departamento,San Martín,77e01248f90cee8f9e801b26b9971d3a7f8600f3a604de1b4cd727b339705448
PV_VF_hogar_escuela,Departamento,Tacna,8d62d4eda16bf7e8bfe192ebf8f2136406486a3b87d52265c5c2a2863fa3e36d
PV_VF_hogar_escuela,Departamento,Tumbes,c5764028fcee1213cef802bcaa07f0c6e345dda2e71ccf776071ea7771d72d9e
PV_VF_hogar_escuela,Departamento,Ucayali,de3c508c64399cd4a991f3636baec66091f2c55992f1595bfa052f4c14163f1e
PV_VF_hogar_escuela,Departamento,Áncash,471dc706d6d126abf52eea75cd62577d6de12e7e760985ce846442e8e44fbb02
PV_VF_hogar_escuela,Discapacidad,0,2639a9a7c42e3df948f97d5c87dfab24b3ba8fdc9c1f51e59f54a029745ac10b
PV_VF_hogar_escuela,Discapacidad,1,0e7ae23d3e6498183f7fc7aece97644bbbc1fb658333ded11c13577b91495e11
PV_VF_hogar_escuela,Etnicidad,1,1a33d310cb383c40992432c851cce134c36e8e390bed50d7328a385aace06c64
PV_VF_hogar_escuela,Etnicidad,3,d11baabdfa7442c8842af989e4ca9f93849a77227352d312c32adc35f84748b5
PV_VF_hogar_escuela,Etnicidad,5,62d829ae94863802894e06908b05aa3bc43996acb2b239a334a726cba3a611cc
PV_VF_hogar_escuela,Etnicidad,6,9e4fc9f8cb965e966fac3b9da3b424eb196872e08d410874c2099be16c029997
PV_VF_hogar_escuela,Etnicidad,9,fbb14f267ebc06c897e78b44abb0ada3cf3bad3b2aead1b0d4b1dbde1ba0aef0
PV_VF_hogar_escuela,Idioma del hogar,1,bceb35040596b6b05d273a40f27f9e57fc0310a49612c8d2737b41a105932064
PV_VF_hogar_escuela,Idioma del hogar,3,6cd308ea84d6b96f2ba987bd67c31e2eb3a948337cea918abe08bf9e650b0f8e
PV_VF_hogar_escuela,Idioma del hogar,4,12833f11d9b9d3fecc944595003ff1afa8031ccbe11089189c2f45edaf3ba8f7
PV_VF_hogar_escuela,Nacional,Total,7e6aa75e3110ae4ee51e4380b681fe461323923749d6a036512f79db668f0bf6
PV_VF_hogar_escuela,Sexo,1,f04852c01ee9423c1f48c9dd8063ed77bdd457547928a0f07c3b771789f658f2
PV_VF_hogar_escuela,Sexo,2,6d17ef26aed456900c5db2d6a1f226288ddd0f05b68b400196efd7d677126d10
PV_VF_hogar_escuela,Tipo de hogar,1,04519feeeb0f6ec80348667aceafe3d09b5e638dec78aeb9edb12842dd6211e0
PV_VF_hogar_escuela,Tipo de hogar,2,6fca061d5f47e21b72707a267a46bb1b32ec327ef9dd00d00ae21a8c763484d2
PV_VF_hogar_escuela,Tipo de hogar,3,882227032344334dcfbfe645ebdc459f81717bef240f2a00e6cba9c0ca8b491f
PV_VF_hogar_escuela,Área,1,f27dfd47a4e7bfb8d03ab8a27980494f9dbde1f50ada7edf615dfbc06ce7f1e9
PV_VF_hogar_escuela,Área,2,58bb49b951f89fc48204b1ddfc703e6251e1cf802462ea3d84701f44cceee436
PV_VF_hogar_escuela,Área × sexo,Rural Hombre,646b3575f1307125f8fb39372cfa2fb005d2f645fec9b137f31839ec286f4d76
PV_VF_hogar_escuela,Área × sexo,Rural Mujer,16a4cfa58528ab9f6c465ce355a4321501ae49de6dd642f564d3c174e8d158df
PV_VF_hogar_escuela,Área × sexo,Urbano Hombre,0b7b241154e73945a20a1fc88f0c835328f655daf020945f23ccce3aee159fd9
PV_VF_hogar_escuela,Área × sexo,Urbano Mujer,621fd2f991b045012c2b3e71e63d096e01914a8158706cb8d2280232b616dba3
PV_VP_VF_hogar_escuela,Departamento,Amazonas,c1e61cf33f3e0436dc9084279612ae2123613b7d05bbce14c687b6eb68c95d52
PV_VP_VF_hogar_escuela,Departamento,Apurímac,8a9b46c9563691b5cd577c514c60ed7c6dce14b6790f3313b7f79cafc3b6a0b1
PV_VP_VF_hogar_escuela,Departamento,Arequipa,c02581ab83e8af57bd3a6a75df14c5a1e85aa03b1f0bc017cc6a154a0bcf3576
PV_VP_VF_hogar_escuela,Departamento,Ayacucho,3dd0baf3e2093a4077c333e140f21f687a9cd723df07afcc45a6bf59dbae9552
PV_VP_VF_hogar_escuela,Departamento,Cajamarca,3aceb7239858b3b535c7594b74e0d896c4fd22ac8679cea1d0e01009d096fa23
PV_VP_VF_hogar_escuela,Departamento,Callao,31d91dbd9253e78c4dbc10c297514572d38deed02947be7d82a8d12a285818af
PV_VP_VF_hogar_escuela,Departamento,Cusco,1f90933592e364121c142a52221a27213f59002c221b531299ddde060b065063
PV_VP_VF_hogar_escuela,Departamento,Huancavelica,cf0cffcb00fc02f75135bc594c61c2ce07670223ed1595f852855c948d8c3fba
PV_VP_VF_hogar_escuela,Departamento,Huánuco,eefc5e7842c971479ca07a789c13e98934392b9027c4ce4d907b18f6409e9c59
PV_VP_VF_hogar_escuela,Departamento,Ica,0a6ab26bbb6269db7d68a32c12f70ad36f41e46598a7932f8d12747d598c8161
PV_VP_VF_hogar_escuela,Departamento,Junín,e341bb27309f5b40a3c1272bdc5bb9994f8f549dd65b2cbaab45f6f6d0a2abdd
PV_VP_VF_hogar_escuela,Departamento,La Libertad,8656ca7f48ae0ae7a7c1b6fd374936b932ae8c5011600a10a7db28c777128a52
PV_VP_VF_hogar_escuela,Departamento,Lambayeque,c9c15a67d40a5e22f989b5f48bd0c143257766e8c927221d7cf0a4db8129cead
PV_VP_VF_hogar_escuela,Departamento,Lima Metropolitana,2b2dd9fd6084eb0c595ad9354965832ee742a6bd274fec335e7ee4513a4d9b45
PV_VP_VF_hogar_escuela,Departamento,Loreto,c5faa099cea19ebf8e3af739b80095fb8263be849a3d4bf377fa4cb98c1b361d
PV_VP_VF_hogar_escuela,Departamento,Madre de Dios,d878afd3ad2ed4bb8add05c9926154f68e095f670abd74c948972382fa6e6785
PV_VP_VF_hogar_escuela,Departamento,Moquegua,3d3ce5d3f8003714e5e065a4fb6f0834c96fdcafdf4c50fa9ec824e7e29a1378
PV_VP_VF_hogar_escuela,Departamento,Pasco,0a09619613a5f42b3b387d38d7df641a29a60ab8d3eeb40f7f803a0f0b58b1f8
PV_VP_VF_hogar_escuela,Departamento,Piura,302b8cb0d64b97d903fc3597906e8929127a50818bece7437040a6f3a091f958
PV_VP_VF_hogar_escuela,Departamento,Puno,44bfb6232b819d97ab7ba3c0540817a6a09269330109e75bc5a4dab499f95431
PV_VP_VF_hogar_escuela,Departamento,Región Lima,c05f3803dd5ff564fad8bd848750bde370373990db92ef10ddf6a2057f4c989e
PV_VP_VF_hogar_escuela,Departamento,San Martín,a7dbef3b249ff8d64a9f8c0eb050b3fc1edbc4b470bde0cce184bbf07b090890
PV_VP_VF_hogar_escuela,Departamento,Tacna,ceb6accbd1d4a3c2bb7df0cda469aeae98ebc31b9dac3330ab8eca00fcd4f2eb
PV_VP_VF_hogar_escuela,Departamento,Tumbes,f753aa6d85cce2451b15f516ba9c3077449d922c4044c3a298ab8cf09411aed8
PV_VP_VF_hogar_escuela,Departamento,Ucayali,f13e15ebae2ddfd3b328ada34c5c82f0838303caa3cae1dca1b5f918900e577e
PV_VP_VF_hogar_escuela,Departamento,Áncash,820fe1fe7d4995ecd885b03a7683c6cc5000e89d7f2e4d79aa30bd660dac24df
PV_VP_VF_hogar_escuela,Discapacidad,0,ea3e332f68c7f5efedec9493cf742f55cd58ed18e0c6c8e37b3c57391eadfb1b
PV_VP_VF_hogar_escuela,Discapacidad,1,90546cb41b8a742c7717c53a07bd6a1bbbb7da90b8abfb1ca3bd817a423b06f5
PV_VP_VF_hogar_escuela,Etnicidad,1,36ecba698e166a40aafd6c218aaf14c61c4f14bebdba3e065d22d0b64284d11e
PV_VP_VF_hogar_escuela,Etnicidad,3,babb122a1c06d7d61c4499704ac2cca0953a2f4d00c3c609c5e8f1f1a6f98df3
PV_VP_VF_hogar_escuela,Etnicidad,5,0fdf117e701c25baf5b272b8384274b29a595f78ed9352628e21b5794ac78f39
PV_VP_VF_hogar_escuela,Etnicidad,6,d7eae18f4778daa050a19d3cebc5582ba492129e6701069fc062b797d4638e3b
PV_VP_VF_hogar_escuela,Etnicidad,9,3e2d261e4191100017695b6ed28e99889a494cd80d7d57ecc0e38f55842a38a4
PV_VP_VF_hogar_escuela,Idioma del hogar,1,b8b091cd86a0bb1eefb5b4e78d0e60e621e3521ed2ae8ba43385b687b9a6995f
PV_VP_VF_hogar_escuela,Idioma del hogar,3,0d5a06c2c765134e21321601d5be51bcac9b999a307980938d105d0cc8ef5fc2
PV_VP_VF_hogar_escuela,Idioma del hogar,4,8c8d67b52ed7a549b7743c117a4880fe1473319c4575f1359fbb6159ff86a2dc
PV_VP_VF_hogar_escuela,Nacional,Total,2ec0fed9bad0f47b744798cb395824e72b95120f7229a33b7f0ced48a1dc60cd
PV_VP_VF_hogar_escuela,Sexo,1,ae9d7ca09652022a2d72bc2ad300c17f38860d978e4358785ddbd40c0453441b
PV_VP_VF_hogar_escuela,Sexo,2,d6e0a9538ea1d172f315acfe91a0534551dc84be471318093d44d2f314537db6
PV_VP_VF_hogar_escuela,Tipo de hogar,1,2aa777008cb7ccd759ee6c6e9d8866325acfe62eb691901d8ace1313aa34810b
PV_VP_VF_hogar_escuela,Tipo de hogar,2,c2459a696092f7826265e766e403a1f60e9e7350ff2816d544fff15e4d9cca6d
PV_VP_VF_hogar_escuela,Tipo de hogar,3,fb04099d1e8ce738c203006711ebb1f26e653e4f89a32bba759899a628663f92
PV_VP_VF_hogar_escuela,Área,1,62ee291a1eeb8c286df29b886e90a95319aebd6211edb280ed964192cad5bdd6
PV_VP_VF_hogar_escuela,Área,2,52e9896a0024a5397b0370729d8c97d34f6d217890baa3d9c8c6b8192c7a70fd
PV_VP_VF_hogar_escuela,Área × sexo,Rural Hombre,3e49b9e1627a621d6af1721edbe383847abba1424f4b445ca240f42fc43d5782
PV_VP_VF_hogar_escuela,Área × sexo,Rural Mujer,ade8410b7e6c40f1bd5ee58c7f8e113b61287a10cf76f82a5f5a3f3a25a83bd4
PV_VP_VF_hogar_escuela,Área × sexo,Urbano Hombre,9c164045a62a261d88edccc3b2c2325f412eb2ad4eac26fe52b9a79a5eff8dfb
PV_VP_VF_hogar_escuela,Área × sexo,Urbano Mujer,0091219b6ee71eb33c5ccd3ea8fafd229c04c720d1012dca92704e6d4f9cafb2
PV_VP_VF_hogar_escuela_VS,Departamento,Amazonas,c998adfbf628d3e9f043ba5d428eb1059e488c73d30db2b9599c44568b41236e
PV_VP_VF_hogar_escuela_VS,Departamento,Apurímac,3defac2361cb5427084f6d7732f3b91cb741b543cce77ea07c80a5da24e35024
PV_VP_VF_hogar_escuela_VS,Departamento,Arequipa,259edea7f2d361d7539940aef3837336b472d5c2389e30aca782ab0cae0ea3e3
PV_VP_VF_hogar_escuela_VS,Departamento,Ayacucho,5d2ee53de0212be86910a4ed6ac35b9b231ad1b0019c1f34fa80e144241d9d0d
PV_VP_VF_hogar_escuela_VS,Departamento,Cajamarca,d1e253a6ff0a8ab45f9af4a363f4307f11e307aa0c13762eb292e0f40e6ee363
PV_VP_VF_hogar_escuela_VS,Departamento,Callao,feeb40adf8e5f1962f9d065bdeef8e76ac9b2e81a3c9e9385f27d8c135cef828
PV_VP_VF_hogar_escuela_VS,Departamento,Cusco,4d17ab843ed28e68f609c3c58be6723e236e2bb733ab868304b19e797da644a8
PV_VP_VF_hogar_escuela_VS,Departamento,Huancavelica,40e3f3efb8d5dc271c1a51d682f134dfa44258d1264e64fef6fa917aa158e264
PV_VP_VF_hogar_escuela_VS,Departamento,Huánuco,202e56a938b3fa4ee6e4da7b69f41adef764243c35ba3399ec8cef5c5fbe98ad
PV_VP_VF_hogar_escuela_VS,Departamento,Ica,9b75ba01d667948385a89d49358a6db5ac6ee6f86bcaf5c1ab13d45fd76e2ed4
PV_VP_VF_hogar_escuela_VS,Departamento,Junín,2b6359bc11db928b70ce83755c5866471071dc9edf01763d1d6878a0103837a9
PV_VP_VF_hogar_escuela_VS,Departamento,La Libertad,bd4432a63cf6ec24baac6dedbec639442baab41f3afec1d116dcff9aa9513796
PV_VP_VF_hogar_escuela_VS,Departamento,Lambayeque,27505ab9a98a80aa9fba9f1d2e986dc896398761df1749bf97947552ce33d4e3
PV_VP_VF_hogar_escuela_VS,Departamento,Lima Metropolitana,1f820dd67d8dede2f092058cb948dfbb2dce137ffb5139a6ce4d936e0e8f19d9
PV_VP_VF_hogar_escuela_VS,Departamento,Loreto,cfe35743fee4ca82f1484b28cd27526038cb5481d01e1719497deeadb77169b2
PV_VP_VF_hogar_escuela_VS,Departamento,Madre de Dios,ed6913ebdc5004b558e2877315f9bcacd8fadc54eae7e9da4bf41c7c137b2813
PV_VP_VF_hogar_escuela_VS,Departamento,Moquegua,533002412d4eafa3fa0e61f856d4cc7e1c4a3bf790866b74ae1d7bf15b61ae03
PV_VP_VF_hogar_escuela_VS,Departamento,Pasco,b5d62a5d700256e1a0a6c3bd8afebbe87833bb4f757224d1b725dc094e5c4959
PV_VP_VF_hogar_escuela_VS,Departamento,Piura,c4373b00202de737fae5f404636192319c28fae12afa8fa7c156737c4e889650
PV_VP_VF_hogar_escuela_VS,Departamento,Puno,b2b851083f5911ed902a9c1a0415540bf91a11ef6e905386897e7d6494e0f1a5
PV_VP_VF_hogar_escuela_VS,Departamento,Región Lima,2e3359a719b899a20969dcc41d16824949275c9f4fa2db86f53ba7721aaa2fcc
PV_VP_VF_hogar_escuela_VS,Departamento,San Martín,adbcf38283e6d901f85111f4ad108f67e2bb5f81d5567a43565703507a036dc9
PV_VP_VF_hogar_escuela_VS,Departamento,Tacna,fcc6c4db2ca2b12ebddc6982a104e116577e9e40203061beef45e23518b0d13c
PV_VP_VF_hogar_escuela_VS,Departamento,Tumbes,135052e76c65f641817b07e5763799823dfa83687c1a81dd540a342845552541
PV_VP_VF_hogar_escuela_VS,Departamento,Ucayali,0c3f7b8e4d586b7c7a97d6d6221e3c9b5348c187288aadf7d62d839fc1cfb187
PV_VP_VF_hogar_escuela_VS,Departamento,Áncash,e68401e0984eee59414d04b8204189b39d7f33e34d5e30388fdae222e8bfdf22
PV_VP_VF_hogar_escuela_VS,Discapacidad,0,6726ffd693c5d39dcda6d3ca7eb2d7ddc4fc559396998bed17cc5b8f606d8a9c
PV_VP_VF_hogar_escuela_VS,Discapacidad,1,c7b377a8b5235529075e2651a42f85ea28498737985d1495a72366ea034c1660
PV_VP_VF_hogar_escuela_VS,Etnicidad,1,2bb786996db05164fcc8028ab81c05e07a8fac79910f4171e58eeba95cf9fb8c
PV_VP_VF_hogar_escuela_VS,Etnicidad,3,f01cee6966a7617d7d82db58a5fac0a77e45de3d77f7be3e561e7bfde7a1528f
PV_VP_VF_hogar_escuela_VS,Etnicidad,5,4010ff62763e96116fd2c146e40a8566b25d26026af76e73243548ac259c8353
PV_VP_VF_hogar_escuela_VS,Etnicidad,6,1af4941505b00ee429627f3050b5d196b5173b9b7b9c6fdae3bcaa3a3b8c62c0
PV_VP_VF_hogar_escuela_VS,Etnicidad,9,be5fa16635d20d21330ad61b9fa6324cf06078fc27c146264dee54ad4463c3f9
PV_VP_VF_hogar_escuela_VS,Idioma del hogar,1,90013dcae7b1ea22eb5393dafe1ff966513fddac8dc2f60cb44c1c0eeb05865e
PV_VP_VF_hogar_escuela_VS,Idioma del hogar,3,17dafa93a55c56bfe017096568a4cdd952414117b05e4bcc167cf50312f40a53
PV_VP_VF_hogar_escuela_VS,Idioma del hogar,4,baba46856033769dc48628ca9f1467b4b0acdace4c775058d7f6f8160e0b73cb
PV_VP_VF_hogar_escuela_VS,Nacional,Total,e69d63d36f504fef2668368c7ce6480334dd438461a025997a62a276dcffe62c
PV_VP_VF_hogar_escuela_VS,Sexo,1,f05f3690918a3319504dc6463697548323b97b4c68221a2d421f5c937a31a84b
PV_VP_VF_hogar_escuela_VS,Sexo,2,36e2e41c681492387a701b7b8bde49f5ac2b67fa05959db31b5943e15ee596c7
PV_VP_VF_hogar_escuela_VS,Tipo de hogar,1,d41a1a2d0fb46d7f245c71b489318bd12e4e1331ba701fbdc38af933ae5aa673
PV_VP_VF_hogar_escuela_VS,Tipo de hogar,2,feac14c61b8302ed6b4d6dd85b503c5c6897237750f4f25f092226da14cf4932
PV_VP_VF_hogar_escuela_VS,Tipo de hogar,3,2c32e25d6f1c4322bfec2ab27386e79cfae3b0b1148979557d90472fc4195802
PV_VP_VF_hogar_escuela_VS,Área,1,e85a948e27114844add65444f576b7aa8945745e091600aa01301f48c4cd0cb6
PV_VP_VF_hogar_escuela_VS,Área,2,9721b03a05990909cccda83071463329be13ae93d976823d9d6e8c8029bcf7f5
PV_VP_VF_hogar_escuela_VS,Área × sexo,Rural Hombre,2448ed8269cad50b4bfa13a93889525e716c02f8f54adddfbdfba3c39669b044
PV_VP_VF_hogar_escuela_VS,Área × sexo,Rural Mujer,78f12c7ba095f8c8a03af30d1cbb7f57af472ebd048522aefbcc2a2f4de35063
PV_VP_VF_hogar_escuela_VS,Área × sexo,Urbano Hombre,b8d66179196fdd68f28506458c93c27077ede65ca7453505a92fea51ee29e07e
PV_VP_VF_hogar_escuela_VS,Área × sexo,Urbano Mujer,47252d6b7c62e71fba3586c08e12680e23d413098f60af4c5b65dce4b2d9c61f
PV_VP_hogar_VF_escuela,Departamento,Amazonas,3da99b9e7a64b04afbd1c40881edd8c1a2c6181909ddec9f49f25606e9722eaa
PV_VP_hogar_VF_escuela,Departamento,Apurímac,1e204f99e58333ab5ae6b5c7fc666755a5ebbcd5446e7d36bdb28f7b9901762f
PV_VP_hogar_VF_escuela,Departamento,Arequipa,a4e740706c269fe78e06c015e9f13c3c945a4710d4a3c8952815236334e2507c
PV_VP_hogar_VF_escuela,Departamento,Ayacucho,12b9b96c186551d0b00ffc62cc7d8f4f531538c7d118569e7a82ead346e7e5dd
PV_VP_hogar_VF_escuela,Departamento,Cajamarca,ae31b61f0e3e15369ad464c7a09c8546bacd374f9902919d46fb0711fb097539
PV_VP_hogar_VF_escuela,Departamento,Callao,f4d9e04f41c7355160c6a9518fc3c85d3b0ef2001a44825679dca64b4fe0c105
PV_VP_hogar_VF_escuela,Departamento,Cusco,89b09196f2779fa4d1b4665b1f78726f0ecfb0b643e0e311230c1ebbe2bca7c8
PV_VP_hogar_VF_escuela,Departamento,Huancavelica,6cec176f918e0db3f8f8e30495e96926ad2c2faacc04efd5370dc209bcce1a8e
PV_VP_hogar_VF_escuela,Departamento,Huánuco,16211af04a7eebc59f1c7a2583fe6a7fca9bed50ee3f286d3c2709b73ab02dc9
PV_VP_hogar_VF_escuela,Departamento,Ica,5669ac89aac0041a687c977c403c20355c10e06e4440750d397ed8d5f2362fbe
PV_VP_hogar_VF_escuela,Departamento,Junín,2f5f349b248733829d07a1d2a057744abb8240951389efc28424b1f3f1b04878
PV_VP_hogar_VF_escuela,Departamento,La Libertad,f4bc694725752a87fb895d67c2b2357b93b5b8f6017e889a4a5ea30d108298d5
PV_VP_hogar_VF_escuela,Departamento,Lambayeque,0ffecd531f8a40e3afa78cd00171e1ce806a5058f2c71ad9e84f6d3de534c0a8
PV_VP_hogar_VF_escuela,Departamento,Lima Metropolitana,fd0cc90d9b8ad2d9c8ac5164754e705e7557b17d39f61eb4deaea5ef655aef97
PV_VP_hogar_VF_escuela,Departamento,Loreto,167409edb6d099005f3d60e8ea878f97a01986f3c71d17877e00f52dfadd487c
PV_VP_hogar_VF_escuela,Departamento,Madre de Dios,a855b468aac80a832dc8a44def4d46518acf68b20f98d164d3bc4eb3a59d8e9f
PV_VP_hogar_VF_escuela,Departamento,Moquegua,3eac3e964590215bbc567467f8c57ad42f279ec2efc1ea9ebaeeb8ca0df2a064
PV_VP_hogar_VF_escuela,Departamento,Pasco,1e22236f63d040fb796ec32ba10f28eb426eecedbcda800d08a460ff90d216b8
PV_VP_hogar_VF_escuela,Departamento,Piura,41699ec2c9272481f583e1e82105d5ec07f7e1e6dd5b82a91a7b17406448f927
PV_VP_hogar_VF_escuela,Departamento,Puno,728bd0909dc3b45b17f2229a67ae71fbc67f97cb1c1db79a5088fce7ab6c3a49
PV_VP_hogar_VF_escuela,Departamento,Región Lima,6a40208039b5b392b5fa0924d16a7016e5973137660b479ca9cb852b28e6873c
PV_VP_hogar_VF_escuela,Departamento,San Martín,05bfbed63d9a37b717d8d3550ce34d3a05ad9301394d7f9856300095f109b175
PV_VP_hogar_VF_escuela,Departamento,Tacna,fa471a12fd1708a9e2a657ab9747e0bd6992061b05998ce785b65b8bfa6f1145
PV_VP_hogar_VF_escuela,Departamento,Tumbes,786177a8cbcb454011a707203d05cd5a63e953513adb3dd89a376b4b15b91579
PV_VP_hogar_VF_escuela,Departamento,Ucayali,b8a59843c2f87687737b1600123acd5125efaab48f3f59db709d874297cfad9f
PV_VP_hogar_VF_escuela,Departamento,Áncash,46cd439949ed05ade5a67777643096be6030ee6971e9eb748ad9d4d828484606
PV_VP_hogar_VF_escuela,Discapacidad,0,73ab3c3b88788bb0e7c6edb881430c5974c53803d40e326e326ff218881149f2
PV_VP_hogar_VF_escuela,Discapacidad,1,0e8029586d0fa508551ec244982c1aea079f7fa2355b1f099495acc363c8b77c
PV_VP_hogar_VF_escuela,Etnicidad,1,8f2a6ae2e29249cd79975143e0ccd33938d3eb329eb08aa2dd238bd623d8756f
PV_VP_hogar_VF_escuela,Etnicidad,3,b4c4e5d4237985521c22c08e16cf59ac08944a5c3b83e35fbf9abc44b6f30ba1
PV_VP_hogar_VF_escuela,Etnicidad,5,06f167c052f38c2eb8c0c780aef816da2a271c30b9d0110493c91f986a4dbf20
PV_VP_hogar_VF_escuela,Etnicidad,6,240e2f01ec22cebcabcd4a00bbbbc6d104f63e8e82e641e5d021917200ad50b6
PV_VP_hogar_VF_escuela,Etnicidad,9,bd6c827c57d5e8188f0bd1485fd117f7863b884f4c71598b37960a824a71098e
PV_VP_hogar_VF_escuela,Idioma del hogar,1,435580d46f3c93594cd959d0cd34c6f1bdef95b0c6686afc201320f674e26337
PV_VP_hogar_VF_escuela,Idioma del hogar,3,36a43781d122c532f53a44474fb052a3d7c370ceb8b441a7d1c7f67c9510addc
PV_VP_hogar_VF_escuela,Idioma del hogar,4,35d67c960b439e6487dbc513de7aa98a3880cd93b6356b748cf20a654ce226fc
PV_VP_hogar_VF_escuela,Nacional,Total,b4f3a59de37e1921e1055a814e88e1bb513d36f6613a10076b5e29733e9e6e10
PV_VP_hogar_VF_escuela,Sexo,1,b567c935c167b45099ea6fe951c9b28b406cec603d0f308d76629d9537243126
PV_VP_hogar_VF_escuela,Sexo,2,32b6211966c98473cfa2d31c6c6b46bd7d2093e0499cc2f37ac1be05483cc8c9
PV_VP_hogar_VF_escuela,Tipo de hogar,1,9b2369c3a93f38976bf43c208a36299837714628d441170641635f7ec3054a8b
PV_VP_hogar_VF_escuela,Tipo de hogar,2,272b9247302dbb4de6f078f69f892549f2cbd036aa9e3dfa13476acd6ff41f32
PV_VP_hogar_VF_escuela,Tipo de hogar,3,2007c8cd69817453f4fbb44e5592c7b050e0ea03107342a683fbc62d972d19ef
PV_VP_hogar_VF_escuela,Área,1,c432c233cdc8c1ba3aa258e556bc25e4e148c0e607a5ebc7740f063b9476e2be
PV_VP_hogar_VF_escuela,Área,2,5bf2ddaaf0ffd984e5a54a1d752189d821bb908b78056c7cdf0659c95495b7a5
PV_VP_hogar_VF_escuela,Área × sexo,Rural Hombre,b36b56518975be59f14545a7adc91a3cbd9ca4793730d6d86e6eca0df9ec1431
PV_VP_hogar_VF_escuela,Área × sexo,Rural Mujer,3b45fefac805f48aa09eef4e0d1d95a718508533adb69711a1d7df3bdfdde3b0
PV_VP_hogar_VF_escuela,Área × sexo,Urbano Hombre,eecca66a35b0fa946a18819edcf7502f115f50cc3d6a849db6e6fb6fb7fd2fc3
PV_VP_hogar_VF_escuela,Área × sexo,Urbano Mujer,b98938bb86a4efdfd8d25ae7b85130196740332dd703c1a320576ebc3584da75
PV_VP_hogar_escuela,Departamento,Amazonas,81b4ee6a1b1d9318a62141507532fbeefcffbf6a7f480dd7888404827a96dc28
PV_VP_hogar_escuela,Departamento,Apurímac,15e0ab1b1d28800b8984d51fd47fd600de2ea8d0d82c7be93a01d542b7c62300
PV_VP_hogar_escuela,Departamento,Arequipa,1f9b001c51103836bfdc1682aee000e7256e3c6e9dab4261708863cb02f0adcc
PV_VP_hogar_escuela,Departamento,Ayacucho,4d40c283683b0de08619e21335261d3e137249c04f2b3670cffad213f66416dc
PV_VP_hogar_escuela,Departamento,Cajamarca,6f17310332c2f438c42d220de7f7c79eceb839a674d00dfa3c9525f326e513ba
PV_VP_hogar_escuela,Departamento,Callao,0cc80d785391bd3ebc172d1c787a6898d79af2d661d486b1903f08e9224a3d9e
PV_VP_hogar_escuela,Departamento,Cusco,74d4f5814928dc9f444ff6211fb8735eaa34aed2ce368bc18fb8661bc254cffc
PV_VP_hogar_escuela,Departamento,Huancavelica,337efdd6149f658a2b5ca905673295103cf21f3d2c91245145ba39d170d317dd
PV_VP_hogar_escuela,Departamento,Huánuco,d8ff82900ec8db36ba733ba2091de238bb0481e91fa4a145122e400772f37bd1
PV_VP_hogar_escuela,Departamento,Ica,3c7946121f2e1681dbf639998db3d56ed83ee101db6f0f0df0a111ee02674f7a
PV_VP_hogar_escuela,Departamento,Junín,d646cd348154f5bfb108cf82a79d089515718652aa9efcc633ef7c7ed192a467
PV_VP_hogar_escuela,Departamento,La Libertad,83c2212eadad834a6d35eaa6130cd24f606a83c587b81aa52c66344e0394c385
PV_VP_hogar_escuela,Departamento,Lambayeque,9fc0df0a7919ab29d52dae25ed65e0148a98c0430c5ef434d10d5e7123ee87ec
PV_VP_hogar_escuela,Departamento,Lima Metropolitana,2ad6274b3e303ae87458883596ad1cef2099422f1543cf5786bffc6501d8c5d3
PV_VP_hogar_escuela,Departamento,Loreto,dd0fb2a54bda73252bc5dd39bca4f372bb3e778159c984cb3adac1a03beaf871
PV_VP_hogar_escuela,Departamento,Madre de Dios,64833709ad7e2bc4346ad20a7f5ca9aa683e613a21ccb0f3475ea23bdb8c877b
PV_VP_hogar_escuela,Departamento,Moquegua,b60a5f9211ba73c92f848d395bfe41543858c5dc12474ddf0330a21ddb9d75ad
PV_VP_hogar_escuela,Departamento,Pasco,a574c61eeba2d525844f03ab384b92a6fc6f40932d6a2d6cc21cca2060a67491
PV_VP_hogar_escuela,Departamento,Piura,011210d561f922d1509dde7115895b52ef1081993d679ea5bbb57329eab6661b
PV_VP_hogar_escuela,Departamento,Puno,ea0f5e921505981f3068d50cde56a51c98c35423a248bfb037b7e01a7c1bdda0
PV_VP_hogar_escuela,Departamento,Región Lima,439c86629ca27209a56ba3abd330bf00d24e82b4bc6a76e190745c51e8c6a399
PV_VP_hogar_escuela,Departamento,San Martín,7d8b76a7e9880ee5ac7b1614eecbce9b4dab8a64a3d4f4d4b5820bab0b90ee7d
PV_VP_hogar_escuela,Departamento,Tacna,9ef2a80e26933be691620ecb1e8f3225efc2ccfd8baf18e3f6238563526944de
PV_VP_hogar_escuela,Departamento,Tumbes,758d09f44ff9bb2298851138eb59e5b85973b1ccd5021805563ac8dc7a4a1801
PV_VP_hogar_escuela,Departamento,Ucayali,9942eb03aa8f453105aaab595a8805dda42ef79c65db38f5d0605067c367124b
PV_VP_hogar_escuela,Departamento,Áncash,b1f38d136531326440ed87f101e068462739738be6d39c559a20bf9454a82567
PV_VP_hogar_escuela,Discapacidad,0,3e38e13e184040f7c5af4f65ea109611aa909e868aa8494aa4501e6c507e799c
PV_VP_hogar_escuela,Discapacidad,1,5aec997a1ac84b586908eb0ca07837f5d406b604af77e78700f77cb6760fdafd
PV_VP_hogar_escuela,Etnicidad,1,3c4df5fc2974b57fde1c47dec661d983de5f0ac1c2203f0f20003e897d1e5b07
PV_VP_hogar_escuela,Etnicidad,3,44ffa612523ac0abb29eebb2ae96b17d8f5d5fc6b1c467ecd9fd5d19337c1541
PV_VP_hogar_escuela,Etnicidad,5,c51eabebd7d97a53dc550dedc13f4943027b4638cb4da7908f34d1a7a90bc279
PV_VP_hogar_escuela,Etnicidad,6,0fbd61dac2173a734a4732d203a5cd23562af4d5ac910a9d7e6f80b7d61daba1
PV_VP_hogar_escuela,Etnicidad,9,ffe9edad2ac5e97e92129c951c012e75936d69f76e800b715866a40a2895855b
PV_VP_hogar_escuela,Idioma del hogar,1,b11decab6d47fc3c23e2eb982818871e5f0ce1c05da92db0d60c03cbd0ee70dd
PV_VP_hogar_escuela,Idioma del hogar,3,48ae8fd96fcf4eae01c9b6df0aecf6101546d979f5b30ce5212842d4b4e92750
PV_VP_hogar_escuela,Idioma del hogar,4,37dd36c508db97e019728cafb2e42f4861b778fcfe28dab127a3ded4fc3b4e6c
PV_VP_hogar_escuela,Nacional,Total,3009251c3957adc52d1721ad1d9587c24ea97cc221662305d2a9c31234560acb
PV_VP_hogar_escuela,Sexo,1,1c56d5a3c0714c005b3000b08c2d517cef8e4a63fa7520a2fc61da7460d11cde
PV_VP_hogar_escuela,Sexo,2,463f0c420ac4ca6d563ebf5da1b48f82df3c1a5ca7f1c8410fa6f8eb724c77a4
PV_VP_hogar_escuela,Tipo de hogar,1,a65990543ed638c53df92836d527bebddd03936d1bfd3b33f5442e8615866dd6
PV_VP_hogar_escuela,Tipo de hogar,2,730e59273609150adddca2ef74e46cc2d9c51af668f9a7a94ae68519b949a92a
PV_VP_hogar_escuela,Tipo de hogar,3,d67ca56471f0e43258323dbeb7909ac5b369e1f82dbd849799bd99ede4e1eaee
PV_VP_hogar_escuela,Área,1,2d4ea5e432d66c15b5f26baa2d9f8083be90e9b92117f8100055473e18a40b9e
PV_VP_hogar_escuela,Área,2,3133e6d42af513b5cebee5dcb816d7d2cafaa7837eb41f5cad841c1220573bd6
PV_VP_hogar_escuela,Área × sexo,Rural Hombre,91a04dab486f613d3a7fffda9ed6f3db7378764e47f02188372ae08a2ba12cf8
PV_VP_hogar_escuela,Área × sexo,Rural Mujer,21203d114a9530c9c825374a6c7ddd4a16f4ef25d86b73a010ba20ebbdb9874f
PV_VP_hogar_escuela,Área × sexo,Urbano Hombre,d45e205cb13a2f0aa5a634b7b8932ec143c58deeaacd8691f2a8546a27540270
PV_VP_hogar_escuela,Área × sexo,Urbano Mujer,56d5e40fd5bf51848442104a8e96dc8bc44dfd109c149b979e7f37173a3eb8df
PV_condicional_con_VS,Condicional,"P(escuela | hogar), con VS",41a2a15ef91c477efeb40dde00d6de7d920d1d5947b8395862350461aba19c69
PV_condicional_con_VS,Condicional,"P(hogar | escuela), con VS",108186273889926890db6d4a8079149b19baa2f33b6fc172274e3c1f16d2947a
PV_condicional_escuela_dado_hogar,Discapacidad,0,27f3e7bdc3e2fd7edd079cddb67b5d41d4550c280607d091fb599ebc5dc314bb
PV_condicional_escuela_dado_hogar,Discapacidad,1,e13987ab3c12caeecf308f1d33ed10cccbc0ee6995d4c03063877c90d6f32691
PV_condicional_escuela_dado_hogar,Nacional,Total,65f4675d53ebbadb8c38eb47360d14be8ec33cac5d0378e4b2d872f587b7ecb1
PV_condicional_escuela_dado_hogar,Sexo,1,78b4ab8d3db424c8c3fbab48566f86f5543189de15b7ac9adce2e0a2b8c56127
PV_condicional_escuela_dado_hogar,Sexo,2,f3446af3f926783f99de98e515df984634791aeff1c037fdbaa14c5010153be9
PV_condicional_escuela_dado_hogar,Área,1,5d1d0e64d5ebbe4eb49513ad1260561e5fc5da4cd8cee0657e2edb0fc0c0de8f
PV_condicional_escuela_dado_hogar,Área,2,82c8f6be16c55c8e12406888bb64c16ecde4905f2a60f72b33d553a7f46861bb
PV_condicional_escuela_sin_hogar,Nacional,Total,389dc4c6777ab0cc62ce5d024ffb7942463608680f2da91b6c66be2a5f39a876
PV_condicional_hogar_dado_escuela,Discapacidad,0,5ec165dffcfce642520aec023c7ef76d670b2737c6153bdb13779f89bd6dfca9
PV_condicional_hogar_dado_escuela,Discapacidad,1,e661196ff81bffac15e78749bdb0ab44d181b66aba5bf602d9434165711ccbac
PV_condicional_hogar_dado_escuela,Nacional,Total,24a8d81bcb204838df352dd018311cf6bb1702771a6f3324788cbc1ea7c7a751
PV_condicional_hogar_dado_escuela,Sexo,1,0e0ba310568c8605b0f505c0109d82680cfd85565530afbe85fa914178feb9c9
PV_condicional_hogar_dado_escuela,Sexo,2,9f503ab8e0c985fd81a30b98160834649829ff620539a840b3f7b0951e4a6169
PV_condicional_hogar_dado_escuela,Área,1,b08f00c126429d61a16654783e3901bbbb569a4f69f4f45c3a906e52e36b7b7b
PV_condicional_hogar_dado_escuela,Área,2,013c4cfca21ff2ea2fd82d69a664b58a05f8969f3d293ed62b46d2934bbb31d7
PV_condicional_hogar_sin_escuela,Nacional,Total,3f423067f08ab79072f18b887a51d3286ce9b0fe5af9baec34aee4bbc6eb239a
PV_hogar_escuela,Departamento,Amazonas,f4cb44c1e789ed80af691a2e2151e7edccf1283f2daf3839a7eac7d1be0707f2
PV_hogar_escuela,Departamento,Apurímac,0794271dccf744768fdad76a6d823d75f26b070ee1c11e2464f800154aa4e794
PV_hogar_escuela,Departamento,Arequipa,26ce67643b1b043c4b24eec787fbab51410b8b580f985b691030c63a295cbe51
PV_hogar_escuela,Departamento,Ayacucho,a2433fca7e4385adb3c4e09abf62a6ec86d7e71a321f04c5f20dddb129e777f8
PV_hogar_escuela,Departamento,Cajamarca,70546d60eb65aca00d5f58f0f4b362fd0f0cf37e68305a761ac82dcf0d3b393f
PV_hogar_escuela,Departamento,Callao,1e1bb51923aa463a9560e0bfe96329d25b8f7f087ee7b09480ab1b4b1ce01405
PV_hogar_escuela,Departamento,Cusco,5eda1fa1fb1bfcfe55520d49d3ac0b5baca75f6b1d5fb63511797921d41047de
PV_hogar_escuela,Departamento,Huancavelica,8708bc7b8827d4e990013a593236f49ac8b063d42b9dd5b46e38b7e2122c6555
PV_hogar_escuela,Departamento,Huánuco,cc70ee06dc15786df6c0204e1ce33eb476d23ec3b0792cf082979a8667bda287
PV_hogar_escuela,Departamento,Ica,1dd14c24aeecd7829bccf6c3d8d5d3cccf3a21717fb98b5a3012163cebc285d2
PV_hogar_escuela,Departamento,Junín,2ae0d44b5b0c54065a45e25bf18e1af3bcf534ea812e9a4eeb7a90606d6b45aa
PV_hogar_escuela,Departamento,La Libertad,75d4e216cefef1a0541b4558314839b87075d8698ecdfbe44799b4b210d573d9
PV_hogar_escuela,Departamento,Lambayeque,dc5856b8c28097c4647a35e5e5efeb29a30e4cd00825fe0916c135b3a6234ec4
PV_hogar_escuela,Departamento,Lima Metropolitana,ca7253f67dd822d375b42076f339ee93fb43d97b5bc6c767eaa561046068ccc5
PV_hogar_escuela,Departamento,Loreto,a31fc6a7d0567192b5bdfad5a9ba17525f44347fd1bb379503bf4e1f72f10191
PV_hogar_escuela,Departamento,Madre de Dios,034032c59074ef70755d864bda4b5f962738362a386a6e6cfe34411d97b4d033
PV_hogar_escuela,Departamento,Moquegua,1a2cab303c9acdc9d605bf9fb68e6ec88b3db22fdff4ce9c80302b5f5881f65e
PV_hogar_escuela,Departamento,Pasco,e904e3c8c3462761e4403c2967afb692f0aa7e5b18725fa333338e5334e25f90
PV_hogar_escuela,Departamento,Piura,0cd528f2de5f315c7faffb998d8c3781d7c8c7e899c11d05d6ae7def29d517c9
PV_hogar_escuela,Departamento,Puno,82e25d65a5a5cfcfc2ad81f88edda61902b094c30634259e004f7cb95263a69f
PV_hogar_escuela,Departamento,Región Lima,80a61cb51ade5c6c7a0e27d737a28abffa6e564adde589d199614f3f2565c53b
PV_hogar_escuela,Departamento,San Martín,2c84abfde9a626335f4f8408f21ad322c65abbbb11f110237b62c0a634da9afa
PV_hogar_escuela,Departamento,Tacna,bcbe247e35c4301ccc68b596b9ba6e3d86019aae7fb5c7676bc08078a1b0e482
PV_hogar_escuela,Departamento,Tumbes,8511c927db3374748afcd6aca36c102bc6c86b2c2f8414f2c0ccd8c823f29a09
PV_hogar_escuela,Departamento,Ucayali,42478625877cf59d5c8943c3736adc04ee8aa8a6b28f67fcc0be5dfa865ff284
PV_hogar_escuela,Departamento,Áncash,1d4066c70366114b051af6ea862d8e09b428e897e37b78730755a534286938bd
PV_hogar_escuela,Discapacidad,0,3d5fe24ad3350be23060b21392623eb90a9d94db18ea15d85f0250aa1f0e9530
PV_hogar_escuela,Discapacidad,1,0a36cf33012f5cefb38f0b17acd6f2455378377ac4b742e8adf7618a496b58fe
PV_hogar_escuela,Etnicidad,1,343d33e2ca3ce1a66fa91af8104d8d5591a7e32bd463cab86d117d3ee0938be2
PV_hogar_escuela,Etnicidad,3,811de3a2206d657d1043866329703cee92406134d7e96d771ace6abd4f71ab93
PV_hogar_escuela,Etnicidad,5,95604d6e7c58865635e32224f0c4611f7e5cb0a5b1ed212bf6814690e6108b67
PV_hogar_escuela,Etnicidad,6,5e4f8565955bae8edf864cd0bbd742c58d8519137d1e9b7bc906f7e9d181ffcb
PV_hogar_escuela,Etnicidad,9,da063e6471a67c56f96d9557550aac96bbcaea05981eeb25a7eef501344f5adb
PV_hogar_escuela,Idioma del hogar,1,43da04981b69f3862b0e8da91f1aa6d18cb69487e5f269e17dee8ecd20c20fd1
PV_hogar_escuela,Idioma del hogar,3,0823322bd80e5c8463cd8098e1913e451be08a532e4eca7e06563c6e3a873d33
PV_hogar_escuela,Idioma del hogar,4,300adc7544f4cd0757f05619461e4f2aa4d356266d8c94e13082cae7327a7695
PV_hogar_escuela,Nacional,Total,5b185fe5e62fb21626df6ffc0c1961b1c0468c47c0d350cdd5b4a5fcab9d024d
PV_hogar_escuela,Sexo,1,21f884a82d97ee53e0e3088f2b948594ee717db2a89aac5ef20789f5085b2900
PV_hogar_escuela,Sexo,2,11c46f2b8ed6549dc58666bcb9696201963ac5e39f96c1113cf51dad0874f46f
PV_hogar_escuela,Tipo de hogar,1,0766ccd6b6945fadc3d4ebc5a3828a1ece4cc5050b13b3ed3d85ddcf5923ab89
PV_hogar_escuela,Tipo de hogar,2,10d1ddd81edee6c413c1cccb577e2671f23a77cf8bd3e743648ff49eff5ca25d
PV_hogar_escuela,Tipo de hogar,3,24bb96ec4b95790643ae8c95d6c6306a2fe497000d25485bd17bb5e45347f82c
PV_hogar_escuela,Área,1,d3720408d9cf373595cd138adc90dbb2504620319d29b9158556730ef49a4fa8
PV_hogar_escuela,Área,2,1aa162c82f52c25ccb81a6d2365a7318f4a149ee373e696c4d022967288bb7f3
PV_hogar_escuela,Área × sexo,Rural Hombre,cc0ee53720847d16a2520cc3a25e292bdaf6c517cba57988f92d46764a3f5aab
PV_hogar_escuela,Área × sexo,Rural Mujer,89f63e3590a6360e94e574fb30400f0976f6388515e6e58017b898c9b753366b
PV_hogar_escuela,Área × sexo,Urbano Hombre,f9a86a26a52a02565cef570454929f7b2d93838cb18133a327043b0dea4510f4
PV_hogar_escuela,Área × sexo,Urbano Mujer,4045b834bee77e0f45f17b17e22a4c3aee4047952bea7c644f73a216fedca463
PV_hogar_escuela1,Departamento,Amazonas,98423c11d38b603648a6f61c55a833e02626cb54035c078e41aa61933b634bea
PV_hogar_escuela1,Departamento,Apurímac,5be829c90e407e93ae5dfc2ff5884d66f7e51acd46a446beea59ea30947e41a6
PV_hogar_escuela1,Departamento,Arequipa,591065164e2a3f90738ad2552b883e963aaf9c31ea050de1fa824195a40c2558
PV_hogar_escuela1,Departamento,Ayacucho,47739b76060830050ef3759bc5acaa53d8675f0fef80aa6e69d7e3ace7707d78
PV_hogar_escuela1,Departamento,Cajamarca,ce1d801b4229e581ba267ab06456cf4f3a048d8498dce718f26d60b70f755ac3
PV_hogar_escuela1,Departamento,Callao,44b05851b6f0bf12b3f0175260a90b36f21fc1003985206369918269a1a52ea2
PV_hogar_escuela1,Departamento,Cusco,d8f617397fbd83b85f52b50789935a1751fabc5218e0b3c55933338d7163359e
PV_hogar_escuela1,Departamento,Huancavelica,e70e6196fcf00a0f208773f9a14e31328379620d0e9adc28cf90e5c8d51e4d46
PV_hogar_escuela1,Departamento,Huánuco,e8e0916547c85c117023cecdbd54fd84d2cfe54fb205c3d6dfbe52bdc2100708
PV_hogar_escuela1,Departamento,Ica,193cb5504c62550f6572e14a0856579acde98e610f7b81499a991d9ee85cff77
PV_hogar_escuela1,Departamento,Junín,ec5c4b37b41f46c9a4ce715d4e0d5a1710c7801960497ec236c85ce7100e69b2
PV_hogar_escuela1,Departamento,La Libertad,fdc87ede6292f477f80a267b89adf97938f9cc0b232cf2ea072a4ce14feb713e
PV_hogar_escuela1,Departamento,Lambayeque,6ebfdeaf46deea60a580bc24f23cf7f1a6ffe83242d34af971009a08eaf7b568
PV_hogar_escuela1,Departamento,Lima Metropolitana,4ff3d1d4cba7122bd4d1ee8643138c376e86738cc9d3a028b3a59ec17d0c8579
PV_hogar_escuela1,Departamento,Loreto,a226820f6ac3902ffc74e4421f578e226dd32e6162cba3048a9035b922268c16
PV_hogar_escuela1,Departamento,Madre de Dios,b1a53faf9e6f852a8dc343f2c99fbef1de59a0ddd09253d43d2406473eff2378
PV_hogar_escuela1,Departamento,Moquegua,9908f2fe835a66587cbddc86b68ce5cbb2bd0fb715182534d8ca04c92ad5cd71
PV_hogar_escuela1,Departamento,Pasco,99bccbb6c5997f5c5cc4c5e8fa54813b9556e1fda3b11ac7e3c60ee5f2ea39da
PV_hogar_escuela1,Departamento,Piura,36ca6ff64088d8f930db6fed6893789dec22e39c3170225b552038c470e6762e
PV_hogar_escuela1,Departamento,Puno,e11f34fcb3580107e74c00650e32dfb5cf85ea060869bf7f7529c6bc4222ff90
PV_hogar_escuela1,Departamento,Región Lima,58e55e8cdad48dcb8b4e00734645d7841a38deed6157bcfa979071936f4a3e13
PV_hogar_escuela1,Departamento,San Martín,a163e02239e9a1590b579e601a6ce015be55202c084164f45baa49463607f17c
PV_hogar_escuela1,Departamento,Tacna,ffe5a263ccfd2d3b5e0c41edb835f70426f2dd567593307cbfad7caba2d94541
PV_hogar_escuela1,Departamento,Tumbes,6a997eb83638c8ed7024f2ad729a6a484d2d51668ee9a277d20cb088c55d5df6
PV_hogar_escuela1,Departamento,Ucayali,37e39aab3f2b43e82bb6c6d2e8aa64a0fa9cab91e3916e1eaa351a948ac42df5
PV_hogar_escuela1,Departamento,Áncash,37915f6bba6e5b4147ec259b0089e4c0eb205a62d5e82b497a1c79ec0c668427
PV_hogar_escuela1,Discapacidad,0,07c78403bc7c81018f4dcd0310b13bbc3d863f66bde24704e62069cdaaea01ba
PV_hogar_escuela1,Discapacidad,1,437014abff56e5bb56dbde243a6345620c8f55fc2f4486790bd0c3408719cde4
PV_hogar_escuela1,Etnicidad,1,29e186f20116dec3ef60405b53f8257b177222aadfd162a69affe41001c0b9db
PV_hogar_escuela1,Etnicidad,3,946c15072aba2b925324a7f44d5043e63f920c7e92a98045ffed5c276d365be6
PV_hogar_escuela1,Etnicidad,5,c7a23226e067460088afe2f6ccc10abe337e3b139f33329747665c6f6dd44ea2
PV_hogar_escuela1,Etnicidad,6,1a0e4bf39eb5a2a956d20dafe982009cbf436b24099bcd5133e0a971b7ee66ad
PV_hogar_escuela1,Etnicidad,9,96f3d197a5d0f532135d8b708bf3704fab7fa4fc9e0695b3b773564bf54d48fc
PV_hogar_escuela1,Idioma del hogar,1,8b12332adae9d9b77e7744f3e2fac4516e77ba6547f847dd0eb03cf3537a2959
PV_hogar_escuela1,Idioma del hogar,3,b7ca881d57bb75878f34c960d340f72ffbac1fc49b5d1af4bf95b9d883ee984f
PV_hogar_escuela1,Idioma del hogar,4,97778a4aa40cd413949af0a526f6d73cb9e22dca1e3ebf2ecf07d6d91ae77263
PV_hogar_escuela1,Nacional,Total,4e5c4785c8216a71d1b08e7f9f1d63941bf5f8a2ec91e4380c7c2c3d800c0801
PV_hogar_escuela1,Sexo,1,12627ec199df3691e41da3dbd9e3defd3a4dc1cc751329ad360f6a6dc90f4f35
PV_hogar_escuela1,Sexo,2,daef0f051396fe3cb011bbdd6153b9771fee8c3ef5d7d33021a5195e2e195848
PV_hogar_escuela1,Tipo de hogar,1,883ab265cee867a053d74881d4b4f4fd7022a36e8c87a6e086f6f80235ab62df
PV_hogar_escuela1,Tipo de hogar,2,8b5d94fd891053f1735167ed3d5c8bb31b0277dc81f7a41bda26f92363cb6135
PV_hogar_escuela1,Tipo de hogar,3,17530dc7187666005dcd2d9b826a7b3bf80a211145b781b29d6c4a1124f32ea9
PV_hogar_escuela1,Área,1,9dc7f49a4ce92521795c845b0a064e518627cec6c9cff9c5cb05e37f1189ce23
PV_hogar_escuela1,Área,2,010705098b719db2f9572e5b1d4f557c1950ee9059d0afc878dc8414bbdfe178
PV_hogar_escuela1,Área × sexo,Rural Hombre,3ec8c0d4d31d33a8c1d176d8ab888f14e2bf44590caa479b816dd3183edee93f
PV_hogar_escuela1,Área × sexo,Rural Mujer,0b9667d07f80361a22f943a908c9790db2cb8423c807f90184b69c0b27b492d1
PV_hogar_escuela1,Área × sexo,Urbano Hombre,4edcd438e0b56d226c695aff5d8f41c9260d85e6bd5becb32a596370cdc575f5
PV_hogar_escuela1,Área × sexo,Urbano Mujer,68bd1fee57dca8ee39b4a9f95d4ff5207fd66b37561f15549e2d1ddac0f6b529
Prev_Agresor_VS__AG_01,Nacional,Total,8e365b290d4733ffb860ead6799e01ae46b041d83ee2a8a1df08a0991820a260
Prev_Agresor_VS__AG_02,Nacional,Total,a10e82443a67653352b7827778c392833c5454a83ba832574a8db9335cdc1ec1
Prev_Agresor_VS__AG_03,Nacional,Total,333dfe7577d1b9fbc001742bad4d028bc6ef55f24dc1aa17408330519f1505eb
Prev_Agresor_VS__AG_04,Nacional,Total,fa7591b9d45c9abfed81ac42533ecb217512bbe12ab9d9e2c4b278abcd39741c
Prev_Agresor_VS__AG_05,Nacional,Total,e6af2df4e75522e88fce6599093ee902f9ea920a7c76016731a91944e61ea0e7
Prev_Agresor_VS__AG_06,Nacional,Total,37778d877450c4cd38cf1752c89e58aca3df83656a9427469253aaf73393ab0d
Prev_Agresor_VS__AG_07,Nacional,Total,2935cc54c89f059d3fc906f75d9a3b4fafc518c21ee72a35d9fa0ae1acfb3c31
Prev_Agresor_VS__AG_08,Nacional,Total,81bcce6f0c61d64a11df3cf1a6ef68c101b898c73135ea2bdeffa14246f51651
Prev_Agresor_VS__AG_09,Nacional,Total,fbd2b78c9b46a7bac773bfbbff542e3a15d7c94e4b5a7eba178d7a5caa89fa02
Solap_VP_VF_E,Condicional,"P(VF | VP): de quienes sufren VP, % que además sufre VF",aafb62eccc180022423c315c9dad441a85db7540e1798d4d4703f6ddca081cca
Solap_VP_VF_E,Condicional,"P(VP | VF): de quienes sufren VF, % que además sufre VP",147c15f955041c93b6cb3b4095e8e2ab80a287bdb7385091e6ac1fa9cba33b4d
Solap_VP_VF_E,Prevalencia (contexto),VF (física),2ad161674b3ab43802a8fd5333e2bf9567f3dc79b5df51b5938a14f9249116f4
Solap_VP_VF_E,Prevalencia (contexto),VP (psicológica),31182873db979d25d3100816dcc752975564a9416e3f4bc2f8d460695eef1f89
Solap_VP_VF_E__Coexistencia,Nacional,Total,c218dd594ff9543c7a3dce6a1f89e106e9bdb29565cd3a149678d36e5549f1f1
Solap_VP_VF_H,Condicional,"P(VF | VP): de quienes sufren VP, % que además sufre VF",9437baf0f1ae4187f71ba27b902682958698b4d07a724464002ed893a8f5bce6
Solap_VP_VF_H,Condicional,"P(VP | VF): de quienes sufren VF, % que además sufre VP",a9357d34496b0e916307db03f32452d135ef4386b6c65a4cc6ee20e0f424bde2
Solap_VP_VF_H,Prevalencia (contexto),VF (física),ca962c67096530cc2775042f1a98d3de6061245b3abafa2938ef3e9d15dbe492
Solap_VP_VF_H,Prevalencia (contexto),VP (psicológica),c2c0e953575ee6891d40d2ab0108dec44bb1e993db940ce7751c1b387031e79f
Solap_VP_VF_H__Coexistencia,Nacional,Total,5216dd2a04e73da83210c4a3132e06b59351fc4e4b38e4dde3fcc9fd8a7ac4a8
Solap_VS_12M,2×2,"P(con contacto (301 o 302) | no física (303)): de no física (303), % con con contacto (301 o 302)",7b1302535181a4dafe5589010081585242f96de8ac044553e3dd802ebd3c71a5
Solap_VS_12M,2×2,"P(no física (303) | con contacto (301 o 302)): de con contacto (301 o 302), % con no física (303)",cacf2dea494e9c1b43bc9cfeb38fb951582a503065f396f06fff7220cdb5e893
Solap_VS_12M,3×3,"P(agresión con contacto (302) | no física (303)): de no física (303), % con agresión con contacto (302)",612bd815dc450b34d32410ce9a340bcd23da6fc974ba69f88eee35bd15557c05
Solap_VS_12M,3×3,"P(agresión con contacto (302) | violación (301)): de violación (301), % con agresión con contacto (302)",210456311b98469e361112fc27b1c15cb83ad9fbdf58c6d5d1f548752784383e
Solap_VS_12M,3×3,"P(no física (303) | agresión con contacto (302)): de agresión con contacto (302), % con no física (303)",0cb322dcff6406efb19b4a4327a39d0faf1b782f39772c362caad35e39ea1c85
Solap_VS_12M,3×3,"P(no física (303) | violación (301)): de violación (301), % con no física (303)",72100fc90f4014f67556f3aa3b7042e1ee5288ad3146e5fa9cccd1e22612b77e
Solap_VS_12M,3×3,"P(violación (301) | agresión con contacto (302)): de agresión con contacto (302), % con violación (301)",d75c947cdf9f343f4f26763f3c77a7ec9d59c4d80712ff2cd7f174f86d351a12
Solap_VS_12M,3×3,"P(violación (301) | no física (303)): de no física (303), % con violación (301)",7864b4b206b6e1af2ab0249c89784d149f9e760933b408dde1dd8d65b8c191d1
Solap_VS_VIDA,2×2,"P(con contacto (301 o 302) | no física (303)): de no física (303), % con con contacto (301 o 302)",e320ee6ec92ce112776e54e7954649d845381da7e23fa62040d6f3656af76c68
Solap_VS_VIDA,2×2,"P(no física (303) | con contacto (301 o 302)): de con contacto (301 o 302), % con no física (303)",f7b6fa7c054a3b8bdec5163017477ef308cd7132b844592c4f675a0933e6d9b7
Solap_VS_VIDA,3×3,"P(agresión con contacto (302) | no física (303)): de no física (303), % con agresión con contacto (302)",4efc3526dc617f47f99bd40265ff944e20405a3f7d6a278a3dfc8728b9566dec
Solap_VS_VIDA,3×3,"P(agresión con contacto (302) | violación (301)): de violación (301), % con agresión con contacto (302)",e0504642187b11ad91e1afa6a9bd0fb28ac5d2e3b7678464824ca3390e4bab0a
Solap_VS_VIDA,3×3,"P(no física (303) | agresión con contacto (302)): de agresión con contacto (302), % con no física (303)",ca92a415bfc10f014b2b8a7119ac3df1a924b5a4d0e570996e8f2bbe0d39276d
Solap_VS_VIDA,3×3,"P(no física (303) | violación (301)): de violación (301), % con no física (303)",b3a91eb6627ed99f8d10a0456d3df4fee230cdf9c09b5e0ab4080b3f0dc5335a
Solap_VS_VIDA,3×3,"P(violación (301) | agresión con contacto (302)): de agresión con contacto (302), % con violación (301)",cd92aa63668c0df5a5dc6c2c1ad663945c7e277aa1a35753cd37c26d46cf4fee
Solap_VS_VIDA,3×3,"P(violación (301) | no física (303)): de no física (303), % con violación (301)",c6a560fd5854f984375730517b30ab8da03d07418656523835e6f25d77f10ff4
VFE_ICVAC_201_AGRESION_GRAVE,Nacional,Total,5799e7341a9d4a02e0c802409a4a190d506a97a81948d96210e829a61d4dfc3a
VFE_ICVAC_202_AGRESION_LEVE,Nacional,Total,8a836c421f51fc1f66a009f41531cec4fb76e1661a4610ea2989bd2fa1340014
VFE_ICVAC_209_OTROS,Nacional,Total,05caa6e9bf394b8fbb6fe263b1e0e26e1fa4d32b12f25a10e30e856afcdc9d0d
VF_EJERCIDA,Conductas de riesgo inducidas por adultos,0,d709e1f3eb800b969577ed43f12f785626e48b7af4808b5b30fb2afc7abddcfd
VF_EJERCIDA,Conductas de riesgo inducidas por adultos,1,f39021da40654a0d6c123e3152189b6287213880ea359098244424fa63df42b7
VF_EJERCIDA,Conductas de riesgo personales,0,af6a9b0f0ac2cda52e6d479b33d6b82d6a8676181d0ef2596295bc7e9c458c35
VF_EJERCIDA,Conductas de riesgo personales,1,771e3f90728c7051718484a8c1ccd70c1dfb70bade152a35ec4cb9cebbc34d78
VF_EJERCIDA,Departamento,Amazonas,f8ce44e28f76298b179ad3f732c52b3155bb33a6de61eeab06a75d98b055e24c
VF_EJERCIDA,Departamento,Apurímac,0777bd9b30b4dbfaf6a78e2c416d69b5f20b2c8ced77093fab591349f5fc206c
VF_EJERCIDA,Departamento,Arequipa,716279bd91e29ee5b80f68a5b120a026f6fd53f5aac1a4218c83362ac54c00c5
VF_EJERCIDA,Departamento,Ayacucho,3c217cb41c4140d1f8dd081ce2843e71dfb19fb0522964a427bff1ed754f30bf
VF_EJERCIDA,Departamento,Cajamarca,3615daffd58ec50dc55a99607a21220b2638f0a88bbcefb8e8629760d74153a2
VF_EJERCIDA,Departamento,Callao,e7ebe1d711d1d4488a4d1c40d082a2fcc2f56ea6c9938f7554fdb007db6c0a05
VF_EJERCIDA,Departamento,Cusco,21a2f7696e62645b6c2854cc663d9ac35fe3b1aacbd266adac2788366e8c429c
VF_EJERCIDA,Departamento,Huancavelica,d87f2e0d0f4b0dcebe0cf96fe8356db8cb08a343a31006a06d76e3f517c45205
VF_EJERCIDA,Departamento,Huánuco,cf7ae28aad1f4e38020c30136f3dac50c618f02dcab135ab0e2c89d3a4975cb6
VF_EJERCIDA,Departamento,Ica,ef624d27a3badc0650557a2694b459850c614f001ef94189f3489dca6b9be2ee
VF_EJERCIDA,Departamento,Junín,5ea31e6c3eb0326cb5e9a26df0c591710a75db7d87284df36dd353eb4532ae8e
VF_EJERCIDA,Departamento,La Libertad,341153e8e45888dbaaa2c3592326a8aa58f3f15e4a9ab05954e194724c09003a
VF_EJERCIDA,Departamento,Lambayeque,6718b7f3392da565537997a3c6f960d8b6c5fd2398dddfc7195f0f8e998e384c
VF_EJERCIDA,Departamento,Lima Metropolitana,5d03e94bec2815c2e1b48fa0e3476eee309f90744ddf866a9c64873060e3b2f3
VF_EJERCIDA,Departamento,Loreto,cb26a9674781f3b7c3fd5aa6135feccf6d470c67544237a5bf514acff89993dc
VF_EJERCIDA,Departamento,Madre de Dios,6d20ac9c94c06996b642bd5371f7e4bd78d7828f823803d51e2e7dcc73f087b3
VF_EJERCIDA,Departamento,Moquegua,52c5ec308a25cc599459fab332f3f31a2f3b6c6d044fede4600e6bf85c84e0e9
VF_EJERCIDA,Departamento,Pasco,a43e7e289a18eaa83bd4428357147104d60ec4b498a0f9c4afb988f01a21189d
VF_EJERCIDA,Departamento,Piura,643aa3879533d436fcf297488811211cc5a8abe0769bdbc4261cc0f2d6056572
VF_EJERCIDA,Departamento,Puno,12fe01edb7d1088b1ae93eb11d8a9b26164d59ccfcd63c8b41da2183fa52e513
VF_EJERCIDA,Departamento,Región Lima,0f4c1d23f87343f3ad493a39377a26dcfa088fb534254176f1fe5e255cb697d8
VF_EJERCIDA,Departamento,San Martín,f9a6b4e73c0d1e35dfbb2609156c6967551d45b1987d34a15b706507947dd438
VF_EJERCIDA,Departamento,Tacna,a4d3dc1df1ddbad8d7e903221f4275128a570df1c20bc19de48a799620987519
VF_EJERCIDA,Departamento,Tumbes,d31c5b229d590a476fd6d77b69b02333d818005239776323f5462d2751343ba1
VF_EJERCIDA,Departamento,Ucayali,90e8f6aabffcb87200cdc4a9a9fb25b85bd1a6e3ae551d18da69d8379fa7e8a3
VF_EJERCIDA,Departamento,Áncash,a35d220564ba13ed5383f29b579f1716dab2a9c87338c8c2a39be6998b7ec5a5
VF_EJERCIDA,Desempeño escolar: expulsión de colegio,0,37b6ce15cbf2d516c50c8c8093b1ef1b452438bc014b887ec2829dbbf12a0a9c
VF_EJERCIDA,Desempeño escolar: expulsión de colegio,1,1dbf07809b681ecf1eb954e3b2bbeecca830db7efb32416043ea64a26961db1c
VF_EJERCIDA,Desempeño escolar: repitencia de año,0,e53275872aad94849bb3bbe8359ad39893f2919a793c1a6c013e81890e73ddf8
VF_EJERCIDA,Desempeño escolar: repitencia de año,1,ee5dc00738daa7af7858ffbeb4428a4e04df7f6684ca20ef0bdf528aa881d991
VF_EJERCIDA,Discapacidad,0,1df365e283bd9f555323fa388569262af51175fdef38ad870de00a178f31c31c
VF_EJERCIDA,Discapacidad,1,93b6af920bf7d59b85a99c9205c50a269014f61e009004322cf9b76aa16e93d6
VF_EJERCIDA,Etnicidad,1,5e368c76d66eeb5cbe281879905c81c88b93f444cba9b9b63cf8acf40964a287
VF_EJERCIDA,Etnicidad,3,1ac235b02826b7ab0f9948f6f19b2cd94391c41c7da300e13763c137783788e5
VF_EJERCIDA,Etnicidad,5,23045e36663e61d0a45cb538b0a86d170602a7c2244078df21586bb6c3fece79
VF_EJERCIDA,Etnicidad,6,0ea0a46b9bdc7667fabe91382f2da59c2c6c6d01f3795f7c55efd13021de3f10
VF_EJERCIDA,Etnicidad,9,9c4cd57b55e6be21ea80cca628ff4cba6a009ed6ea1722fd07bc30c6021a0356
VF_EJERCIDA,Exposición a discusiones entre cuidadores,0,bc0b0e7bdb599dc82d8b6a414d190bd801ef47480ff7ff20602ce5b27a484679
VF_EJERCIDA,Exposición a discusiones entre cuidadores,1,8d878464c293b02adb27ac65927b595b9989dedf58bc22922ffcd76fa1d569fd
VF_EJERCIDA,Idioma del hogar,1,05530c12875bbb4e465917972a47c476ad01e7459b767de5e591eedd39fbbabd
VF_EJERCIDA,Idioma del hogar,3,03e87dbb068016e1ce7bc8e43e861c3c90f4cd5087b98ad184f9866f68fcbbd6
VF_EJERCIDA,Idioma del hogar,4,6048e34907e12403895d817d91145e21c8e21b99862a1d7f6143d42ed2407071
VF_EJERCIDA,Nacional,Total,f749624a8dc4c696e05d54b2de016ac6f9d625c8f2e7d806a2e690b73ab3c3fd
VF_EJERCIDA,Normas sobre castigo físico docente,0,4040e8fdd3383bcd292da50db0b2742eaec6875319e86246f06a0d53ec8a2b3f
VF_EJERCIDA,Normas sobre castigo físico docente,1,538804ca56c94d5140de69e7e1bf004b9e15be96c7662ab06a11bd03fc080011
VF_EJERCIDA,Normas sobre castigo físico parental,0,0472ffcc4b855751a01faa690d4d8831ece86b3c025e00f51c75ebe07a34d998
VF_EJERCIDA,Normas sobre castigo físico parental,1,1fc058173fef9db52dc4ec09683c0c9d62d55deeefdba95117613fd96b7baf0a
VF_EJERCIDA,Participación en decisiones del hogar,0,3997c275fb1a0e93c7a9b5a9a5ce49f315bccd2ecd90eac54a13495b643ccfae
VF_EJERCIDA,Participación en decisiones del hogar,1,bbff6fcae5441286d18cb76c3486b9143ef6a5968331265c33079e512733dcfd
VF_EJERCIDA,Sexo,1,a85ad6610e3b3a562397474f10dcd601660a20a7a94b439d57eabd6ee7b6c874
VF_EJERCIDA,Sexo,2,ab752b5530dcdb9b9e7b8d6d46bfb998eda0da8d1f9f5a2f00cf0826da09048a
VF_EJERCIDA,Te piden o te han ordenado no ir al colegio para ayudar a tu mamá o papá u otra persona en la casa u otro lugar,0,435abac75e98ea20ef10166a9a529b09bb6fbcf575b789ed5c2273d95eebb982
VF_EJERCIDA,Te piden o te han ordenado no ir al colegio para ayudar a tu mamá o papá u otra persona en la casa u otro lugar,1,6f6a8e8965e5a982487f33fd984e3c821ff1b569deba3a40f0f4ad6c8a1895af
VF_EJERCIDA,Tipo de hogar,1,3efd6d23e2c7720644d2a5eeca0ac5fc9b79e0d078a30399c1c38f7d5822edd5
VF_EJERCIDA,Tipo de hogar,2,8e9ef5ec16515660fcb98ec79bb0fbe71bbf58dff839f591b03a2844971299ff
VF_EJERCIDA,Tipo de hogar,3,451fa5fa5089629791b3daf312280b61879f4b67b8a4f982ab359782ad13ea5b
VF_EJERCIDA,Área,1,31624cbef0d5516d441a873234dbe04beda9eb511f6188be73cfc215b36cdfbb
VF_EJERCIDA,Área,2,4149ac6f61fb2f18f5d7fb518ce510d32766184a96a3f59d6bfc8d839a0362b2
VF_EJERCIDA,Área × sexo,Rural Hombre,7e11e51662cba192a1ab2f23e6f7a8ea7da09aaa107ed06c79300426043badc2
VF_EJERCIDA,Área × sexo,Rural Mujer,c6b4abe2242591976ef1bf06e99611a4ebc112553962f556a06dc0a9d2882702
VF_EJERCIDA,Área × sexo,Urbano Hombre,98777b73de142111c36bcf08cba60d6dcd069b7b55b01837cf6bc6d2fa9d4ca8
VF_EJERCIDA,Área × sexo,Urbano Mujer,f1c38cd8a7fe748831109aa678bbe40d18d27b2bfe0a7bda2ebd5050068cdea2
VF_ESCUELA,Departamento,Amazonas,e30c0091362cdcf272ec1ce466a88d94e56a70d4a663938ad91b0f415e9efe81
VF_ESCUELA,Departamento,Apurímac,41692898465a6ce5b8552d51bdfe549b69888711d87455f5f1c98e0838539cb0
VF_ESCUELA,Departamento,Arequipa,7c67a7dc18aa07a5eacb2c3e3d87329992ea88ed52c77a82dbc33e0830ddcf49
VF_ESCUELA,Departamento,Ayacucho,6ad8ba951475d4ba10b8617c3ba3e400fdd7329809607f0a80e775c9471689ba
VF_ESCUELA,Departamento,Cajamarca,ad74734f300f8f370a271a702a0d96bfc7e154f7843130920074205af66b1447
VF_ESCUELA,Departamento,Callao,501101e1a2bffabd4829cf496027fb491da7d8fe631a6f36f06489dae82e71b5
VF_ESCUELA,Departamento,Cusco,3c33b7aac73ca3c83f9e61225c144c5d0c9a84b2aa424e8bfb4c20bcead78be4
VF_ESCUELA,Departamento,Huancavelica,60d86eb1e3ff02755e79fea696ff5d1aaaf083e2e3633a2443a716e5e6a96f3a
VF_ESCUELA,Departamento,Huánuco,a9daa7758d23a32a82d9ebe3e521cb9eca60681a3b991ccc2120e7b56e403b14
VF_ESCUELA,Departamento,Ica,658677411ed21971716408d140b519d7096b5464646836ed910380e63044a1a5
VF_ESCUELA,Departamento,Junín,8cba244d46187f00241fdc311cc7be6474bf10e275baae5619608858b700b0f3
VF_ESCUELA,Departamento,La Libertad,eb81e3416601ff6cfb687e0eec86e7003729a6b0cbce537435b06e998dceb0e5
VF_ESCUELA,Departamento,Lambayeque,2350fa5cdb2cd635124b5a96d997cf1fdcd9973d0418d171bf3b1eb146c065c0
VF_ESCUELA,Departamento,Lima Metropolitana,e2ec998fef0fe35efb4d78c562be4ac543c83aca524f027f1070fc364da3c5fc
VF_ESCUELA,Departamento,Loreto,4f0cbca468a37845fdc81d7b4ae444b9613f84811017eef5d852492f5a39485f
VF_ESCUELA,Departamento,Madre de Dios,ebefe7384577973887cb783f513bd9446cdf9d7473836b3fde314c8c1a0c20f9
VF_ESCUELA,Departamento,Moquegua,b83a9c3a893a31a1e23351c9726fa598e574c17d48d569af074e99c79efb97aa
VF_ESCUELA,Departamento,Pasco,594909b72e503f8109481c99e668e8820730c57b04818013edc9ddad7c26812c
VF_ESCUELA,Departamento,Piura,6a5032990d07bdd3175262e560f0271bde121da3bcb8385a62fb68bda4eecfa7
VF_ESCUELA,Departamento,Puno,758960447590ac70fe98b6ff15f896511b7e7252b95b0f4b21dd10d57df61c52
VF_ESCUELA,Departamento,Región Lima,02713ac9391306087d23694fdb7061e391829f8777e74965015abb217d7bca1c
VF_ESCUELA,Departamento,San Martín,18dcca3942a246082addcf46bb860a778c7129f0b18a23c050a72b93e5cc62b4
VF_ESCUELA,Departamento,Tacna,5c57d38b5a8b48d2dfdb4ecfda58596abfc2313abaa178198a81b98946c480b1
VF_ESCUELA,Departamento,Tumbes,34d121f580b46d36aa3e2184feaf1d804b991e9a96933a041e1f42d41cc39709
VF_ESCUELA,Departamento,Ucayali,00de6584f97a68ad1e4c7ba8d9772d0956d2a420e8a723e88668a880e642d814
VF_ESCUELA,Departamento,Áncash,d98e6c207b828542138d623d45e4b1ce28b849dcd4ccbb6584ed9c9fa950e71c
VF_ESCUELA,Discapacidad,0,3e3cd08d6d8c7c40c341df201785dbf1ecb4d7dc57cfc8c6ffb4680ea41369b2
VF_ESCUELA,Discapacidad,1,e08f40ff89fa8485341b7cc6c1384b8cb4dc9486624b29bb183ab5a7967f4a4c
VF_ESCUELA,Etnicidad,1,6d9cedb575de3a20acdbdc85114e34afc2c59af5d0ae9d66b04410142198208d
VF_ESCUELA,Etnicidad,3,43d54b5b079f8c20fca1672529ef7a055308d50948c105f0e32a332a212df15f
VF_ESCUELA,Etnicidad,5,4ef7e36c1199aa1648d4281435134cc435c50fec8e2795e8e711456bf5c0f5e8
VF_ESCUELA,Etnicidad,6,0dfac72905427816b499d6f4561564bae8408101f6adc24020fd1a0a2f01a31e
VF_ESCUELA,Etnicidad,9,a51134545b68654ebb426788a9679c83cb89d6d5e0ad44970c22c6b69589ed03
VF_ESCUELA,Idioma del hogar,1,ea67daef1f5f993faf354c34e2888859322a84ca5eca08d1382f1ab7b0ab61e2
VF_ESCUELA,Idioma del hogar,3,0d6a4a232dc34aa956c84fd1ba5577a76d9a118eba7acc9f0f7341588d803054
VF_ESCUELA,Idioma del hogar,4,82356d9ae25b890bc803166bd1f782faf0241c3caf5d4cb74afeba240f6b0ad9
VF_ESCUELA,Nacional,Total,22f47b487b53cffb1381cbc49a0e76a3a53b63d70fb69d25ce6c0a432a1bebab
VF_ESCUELA,Sexo,1,3fbe3efc5eb9a2094ead619e7e7a2b0decd2a245f6f7e60e164bf5b83a225f20
VF_ESCUELA,Sexo,2,7984351a621d4dd011c282ff683c1b6f76d42ad676bf56120aa1f3cd966d0382
VF_ESCUELA,Tipo de hogar,1,fac574f2afc705abb137371d7d25317a20f415af176bc1dba5ef2421dd524bb5
VF_ESCUELA,Tipo de hogar,2,43060f5f4d57bcbc5f2ce597a42d8074b2dc5a51d4444d5d0d928defe2814604
VF_ESCUELA,Tipo de hogar,3,752a173040deb75d1fb9a8117091367cfc740c1d18418af3b3b7015638861fe6
VF_ESCUELA,Área,1,9bf0bc7da0d1c7f00484beaa60a853055d3f7fddb9c16d417baffe8421075729
VF_ESCUELA,Área,2,2240a6c90391d735de6cb56b66760d079aa53155641da31623a9e4166707eaea
VF_ESCUELA,Área × sexo,Rural Hombre,bd8e7781c3e8f8bb766d895e21de2f133e43b1da4e85a6701a0b602aba231415
VF_ESCUELA,Área × sexo,Rural Mujer,4d81e51587617818181ae3135ad8955d1a5b47d1382b60567733b25cdcd4a44a
VF_ESCUELA,Área × sexo,Urbano Hombre,a3792acfde233ca417ea6edfba3c1b387cb9690592ef686d661e342100d0a7db
VF_ESCUELA,Área × sexo,Urbano Mujer,126de828ed024dfe0edd866c784c3f968b6ea2b85bb3d1de19415e8929182714
VF_HOGAR,Conductas de riesgo inducidas por adultos,0,0338673c0878591bd821c27f206f761797f8ebb18b4c85da3f408417a817ad33
VF_HOGAR,Conductas de riesgo inducidas por adultos,1,1fd496a52cdfd50778d8d5ed44afde223dc31c6563d804a1b582f096966a1319
VF_HOGAR,Conductas de riesgo personales,0,7ae3c80594e81ab22d05dc47c71ee61a3a2ff54cdaea3d4112de8af6d4ab6f03
VF_HOGAR,Conductas de riesgo personales,1,d434a1a342efd3ec05e2809758071345531b3bc6852b26444f4aab887c41915e
VF_HOGAR,Departamento,Amazonas,f960ab32ff49bc131f728433cf2832513eee7de8b44fe75e62a17f1b2d77c5d6
VF_HOGAR,Departamento,Apurímac,93def819152b68bbc7fd3a553209959ca3d086ea592097fe20fe5c0204a14539
VF_HOGAR,Departamento,Arequipa,e141d9cadcc9d53921324076c3c00aa6a4550e985017dedda9f0480391de85fd
VF_HOGAR,Departamento,Ayacucho,840d6643e2c15247102033c5f2360fb11b9df373a60f8863d5ba124b9bcae684
VF_HOGAR,Departamento,Cajamarca,b1d08b721fa611177c90ab28b4678427e89c941bafe9c370d873aad1583374bf
VF_HOGAR,Departamento,Callao,2d3dd31fe1931a6b593574b96ba95d89ca23953d539bf07c01c13b5fc128d4c2
VF_HOGAR,Departamento,Cusco,92342495eb5002f31dc71d29237768a0d22c6db4417cfef5aa6c5a4f4cf89bae
VF_HOGAR,Departamento,Huancavelica,18ea798ba189e404404f17d4dff2059091b000cd0d5059785d3aa64388c8351b
VF_HOGAR,Departamento,Huánuco,dbd2be81461a3ad260a497bbcdc57c65586ac54d3389dfca988e74ca82732e69
VF_HOGAR,Departamento,Ica,e253131ef6f16f8c902d3d73db23156801686342055fd3c0b352088d16d3c335
VF_HOGAR,Departamento,Junín,a35963036f9b65eb5f31bb614b7efa322c390ae2f2ae4abbcfa40eac8dc61718
VF_HOGAR,Departamento,La Libertad,3b86df72396a8c9f768dd9ba770a79e04549ed5dad28d1f60fae5cf15a8429d9
VF_HOGAR,Departamento,Lambayeque,3260dbb173323a7c290b6aa33cb9ac91d51c46b3e61e708331efc0664ac2ca09
VF_HOGAR,Departamento,Lima Metropolitana,8440626e389ffc9c82c2959dcdf0870c49ebdd5f4ba2d9338c6d7f0058ecf8fe
VF_HOGAR,Departamento,Loreto,fd0190fe28a0ea5912ce024abfb0e0888155fb1bc67bf96848d2df4156a39065
VF_HOGAR,Departamento,Madre de Dios,3f710dbf78bc16eed7895317ab4b84f9048d0907fbb6ed6688ef2d9a54817766
VF_HOGAR,Departamento,Moquegua,ad546832e3bbc9b455024b303c9e519a59c5e6b02625fd565fc7157b29641b90
VF_HOGAR,Departamento,Pasco,97f45dc6a18fb93bf29b284389f576aaeeebc6c1a1ab309425ac210614a12cc0
VF_HOGAR,Departamento,Piura,70750f276e6bedf7ca065016b1f1da3a3b60220711ba20751a3f0acb81cd09b0
VF_HOGAR,Departamento,Puno,223e333daf8093c6278ba64931a5d03037cc66a34f56cc9fbca66c6dbb404692
VF_HOGAR,Departamento,Región Lima,1eb933d887ef774e933a387991752c5e867c6ef905b2c368d848914efcd4292b
VF_HOGAR,Departamento,San Martín,12a86921188566f96def9746840f78cb34eb229f9f0f3fb524a63172f65b4fda
VF_HOGAR,Departamento,Tacna,1b00af2e1b4404be231ee12c6c98ef641353d4b49d2e0155e39101b49dbd5aea
VF_HOGAR,Departamento,Tumbes,7e387288bec4bdbf6af8c6f1ff7bdf71f4ccbdb7a0919fade746ad07e9415b1d
VF_HOGAR,Departamento,Ucayali,b7305021f3db15c026d7acf7e61a0d1c86c69678e221ce425f61888b0e09788b
VF_HOGAR,Departamento,Áncash,b696f78f02e975d5e68d586fd2ebd965dffe3e31e57555310fa454abde898979
VF_HOGAR,Desempeño escolar: expulsión de colegio,0,6596f8c51359e773ca44ff506c1b619b5dbbd437a19451e4dc1f793b02575624
VF_HOGAR,Desempeño escolar: expulsión de colegio,1,1591d751b1050d31bdacf9b533afc129461351dfde8f8aaf7bb1119e7fe02711
VF_HOGAR,Desempeño escolar: repitencia de año,0,1066770e7262163bde0f7dedb43c2bd3b9810c578181a195d1b5ecb8f6bad382
VF_HOGAR,Desempeño escolar: repitencia de año,1,09b177d297319a5814f76704635517b4d15a3096140af3693138086e60a2c19c
VF_HOGAR,Discapacidad,0,3f2c10f3026d724dbcc1a607df6873e54584362c45c33c360400a698f2f8267e
VF_HOGAR,Discapacidad,1,e95482deb3ad0ad23b29aeb661bdcba68e9fb06d49567231725fffc2f2fd61a8
VF_HOGAR,Etnicidad,1,b4290ebc7e0bfc5b10d93e56144d00f40c3d803e1366529bcdb17e6ec66be50c
VF_HOGAR,Etnicidad,3,b3a061647c470c23d9d51fde08809c27303112357243891cc47b102674b88b64
VF_HOGAR,Etnicidad,5,7491f66c5eb780e3f92878f048589b4c5b5e470474079f7d12d7ac4817ab29cd
VF_HOGAR,Etnicidad,6,c3772d5b6a885641017812bd03e179441c5a9d1feaf3562b63d31a03ef32bf11
VF_HOGAR,Etnicidad,9,46c19d485b2b05318ebd6c35c3f885eb7dbce7a7bbe1ddc39524626a5560eef4
VF_HOGAR,Exposición a discusiones entre cuidadores,0,0d8b6916d57ce6e240c7855b7741f46a3d2897b14b745b6b53e9daa6b1b61dc4
VF_HOGAR,Exposición a discusiones entre cuidadores,1,1aa65e5b7b4c46156b71330e77e66738351d452ae1115a7cd1c496d312bdfea3
VF_HOGAR,Idioma del hogar,1,328d6ab7ef07b6e19bd7eebd98845e7971791e64bcc4e04cfc1ef734e7789874
VF_HOGAR,Idioma del hogar,3,040b2699083d61e7a1ee2f4ac06f57e819da259bc6c497d93eae653c808fdab2
VF_HOGAR,Idioma del hogar,4,ae76a9021a3900c9fba0a33fe913ce7298eb3de8f8082d7733461a2eec646f39
VF_HOGAR,Nacional,Total,1cec4c405bd7bb6d208057c73bd49305ebe41a7cccbaf7563f3bb9d97d728989
VF_HOGAR,Normas sobre castigo físico,0,9f2fe602852f93157153bff21e6642065758f635877b66a14dd78e4a4301c185
VF_HOGAR,Normas sobre castigo físico,1,ba7189db04e466f2168c01e4f7b52be2e04208f4de41ad9cb89ceb3582fb9271
VF_HOGAR,Participación en decisiones del hogar,0,d786b91fd0e858419df690bd2fc22c49a5753cc2c8ef81153d653882cec2d678
VF_HOGAR,Participación en decisiones del hogar,1,db259304d4ee034b772583f4daba327ebea2a1858449539f871911b10aa89140
VF_HOGAR,Sexo,1,54fc6d26798d0b0806ffd47ba9f94c6bd255aa0a246c54a9f3dd4cb555798cb4
VF_HOGAR,Sexo,2,3d88022119a63e6c4fed9e3cb06e80d196b1c46545333c3f26be06a80b3df475
VF_HOGAR,Te piden o te han ordenado no ir al colegio para ayudar a tu mamá o papá u otra persona en la casa u otro lugar,0,f1e1238b80a22d8d5bb356272bf0ab20c1c6f15cade3c0a7436050a4791f87d1
VF_HOGAR,Te piden o te han ordenado no ir al colegio para ayudar a tu mamá o papá u otra persona en la casa u otro lugar,1,ee26d375862b5819f6a17b1080a43bed622e338e408d282f2b4c3dfcf7fec768
VF_HOGAR,Tipo de hogar,1,ab379b077f5cd9cb46410ed9d2441cef73174b8deddd6990c4fdd9c083d02588
VF_HOGAR,Tipo de hogar,2,daa076f04b4d3e4567ebcd5b5faf0f3c34c86fce6911878551694c6dc50d129b
VF_HOGAR,Tipo de hogar,3,e56e5c5af7a865caa11822f9cdc1675ef3b4c47e2d3690d761347a935b872216
VF_HOGAR,Área,1,69fd421156e018cf06e287be4ca79a88434b54f9e289ead03d6bff4c447f8cf2
VF_HOGAR,Área,2,39021ca73296d3e1b9465a750881987398ce16b7f2713b633975169dfc6bc0d6
VF_HOGAR,Área × sexo,Rural Hombre,67d379dbec1a82a5e6e0fad182dfcff59278cc44f98e42857563004dab8c8af6
VF_HOGAR,Área × sexo,Rural Mujer,376ed169bf72d9fff57f1050752679577287ef97a71038523b2a0769378c595a
VF_HOGAR,Área × sexo,Urbano Hombre,08fe3941ad3a058d973d13ec993725ebacfe86be9f767e190375fb216eadfd4d
VF_HOGAR,Área × sexo,Urbano Mujer,f16ab17c16ee4a990044996b51aebfcc626ccc012ca83369f61b3f59097067b7
VF_HOGAR_01,Departamento,Amazonas,83bde1ecdb3061ce9053176992d0ba67d44f8c396652eb6d928b78f0b493b901
VF_HOGAR_01,Departamento,Apurímac,eae69f216af4badf66399794b9124f2a019cb0c8f9b331d6d2642d34530dbacc
VF_HOGAR_01,Departamento,Arequipa,61310e35d982dc678f62505a3fce540b341cd2047d764cbf139bedd92cdf0cb6
VF_HOGAR_01,Departamento,Ayacucho,1481533a7b7df598de1f2e92cdee5596af2e8d584e407d1e98b63fa0d143788b
VF_HOGAR_01,Departamento,Cajamarca,55b134aef1d473d3a5fbf147fc939ad9b85aea775bfc495ce4527f115dabafcc
VF_HOGAR_01,Departamento,Callao,e9a81899d0b5bbc70a74849e2ec86c8e397d49edcd428c5c21c66498a3e8bcc8
VF_HOGAR_01,Departamento,Cusco,67ad171dbb83e0466a67b1c357e6e09c5edfa9d1d0a31809e93f1c3ae0b7f943
VF_HOGAR_01,Departamento,Huancavelica,9c6dac39de49405611330989f7f4eca07d75919bbf4223807b21740d7d9f9c11
VF_HOGAR_01,Departamento,Huánuco,9460535115a0111ca37bc7d8d8f2c4c63728ed85b28316d048a4c9238af0d662
VF_HOGAR_01,Departamento,Ica,c4e42e2ff33897a84a3c2f90e92352ed8ac791acccbc010326efb0a815dac665
VF_HOGAR_01,Departamento,Junín,d18b6c64170db72e9e2738329b2c484bef059c7b193fab3d6ee426ebb51b7e39
VF_HOGAR_01,Departamento,La Libertad,af2dd61f67e9585d22baa552f8c52d8851ed207ba825740e633643cde3097f9d
VF_HOGAR_01,Departamento,Lambayeque,1b415d220db19cc321b7db26f1046b7b792d109ddcab3c3514b989b22c6c1413
VF_HOGAR_01,Departamento,Lima Metropolitana,9895cc7609f332c80472145389a436c7de3fe654a8c5f30f47b435dbdd37fbd2
VF_HOGAR_01,Departamento,Loreto,ed5655566436af43661c0ed983459e4fa0068abb6ec3b9f5740693c53f739074
VF_HOGAR_01,Departamento,Madre de Dios,59a0cdf4ddb813001791d04a459af3073060f2f0299161085a22f1cb07abb9cf
VF_HOGAR_01,Departamento,Moquegua,3218a2c6b73af761eb6c5d102ee143f76573838277bd8c8d601e8adec2a0b313
VF_HOGAR_01,Departamento,Pasco,9083679307bf34f4cc2d2444150f28444263dcbcb0208cf75db36b473132886c
VF_HOGAR_01,Departamento,Piura,9c6455765a796bcdfdadbcb522537f7c8f2746b8e008c64e6515aba3725a671f
VF_HOGAR_01,Departamento,Puno,a4147f6dfe8b805c70e3d82356a7ec6525d240f5c152285114bb1762e28703a1
VF_HOGAR_01,Departamento,Región Lima,76d0c8a54452e7cdcc5f08b32a5c3d9e54df52039fd287826649bf1d142c812a
VF_HOGAR_01,Departamento,San Martín,111167eeb271b6f2da192c39fcb40b977729ce3da54da3f0ee8afad509ef34d6
VF_HOGAR_01,Departamento,Tacna,6ec61b9a3081cbb62627371dbfeee88158b474121b2570ddc6a6efad523942c6
VF_HOGAR_01,Departamento,Tumbes,1dbf97cb3567e06809687f16b0389c7aada3edfb3cee911c217e3b07e5a91687
VF_HOGAR_01,Departamento,Ucayali,6be792dfc9bd19466ce3e67f138d083ee8c341ccb96dd1a18e96f814c03fbb77
VF_HOGAR_01,Departamento,Áncash,22a846e9125c5a7b4ce46debb6f91e7dae2f49044ddb2156d363bbe057ff62d0
VF_HOGAR_01,Discapacidad,0,1bb43b362acd55627135e0cd382d497c5ada69f4c42fbe7fbc0c60a949249be9
VF_HOGAR_01,Discapacidad,1,608f6000324a6dda649f23553f30dc403d3481f2d5aab2aadf736b34a5db2edd
VF_HOGAR_01,Etnicidad,1,deafa78a73ce2d8d2f30aa5260135a15fe70f2740c3a56cb1a430e8113e326c7
VF_HOGAR_01,Etnicidad,3,ba85ae34c9237330466db44178efd5ebd4e743c8d6dfd271b6696df84bb44120
VF_HOGAR_01,Etnicidad,5,16cdee0828309e6795cdf9b0e9e8b5a71af8e07eb5939f1afe4be718b69e5e37
VF_HOGAR_01,Etnicidad,6,4b4fbd1ad4473f06f43060984607335e71723ee6f3d2978a159de8a1b96c49f4
VF_HOGAR_01,Etnicidad,9,c89eb135dd797fc0efaa8c9cbd0666c3e6e69a1a9ef620e7984f332cde3c587a
VF_HOGAR_01,Idioma del hogar,1,7ba3c996d2e0d6d362de77524ee3aa2fa4d351eb24f5affcf496aacae4211d5e
VF_HOGAR_01,Idioma del hogar,3,f914e3b416b963b02c464d553366cb98d81519f6a41159433ee61ee5c0afe080
VF_HOGAR_01,Idioma del hogar,4,cfe31fdc232443517c95ed54a13f37b4df5cf37ac9d213086389bf94985c098f
VF_HOGAR_01,Nacional,Total,4d01c36a9580a12b560bbb82a0668e2ab223465bebef52cdd5fb962c55702b25
VF_HOGAR_01,Sexo,1,e8df4f912050674380d3ac622cb1c3b115b39033376e4e192c1b20ef9bcff55c
VF_HOGAR_01,Sexo,2,68e94011e7f80692bfa215ec782560a5edcd9136a8e266808e17845730529310
VF_HOGAR_01,Tipo de hogar,1,adfcfe14644d25360bea770515358ced0d2aab97ec815cdcf228cbd91337d762
VF_HOGAR_01,Tipo de hogar,2,d2a47df0505e88ea37d8f1e17accf97de03aa5ee9fb8310ff02371a31dd4e530
VF_HOGAR_01,Tipo de hogar,3,02a67cb5d4714df7fb6a734e092e146bc7c9509527908697ed636e97d982f414
VF_HOGAR_01,Área,1,73beba5cd9a1e0c3480d3a707329e7cc477f8bfb2cd498ec8a7f00228686c33a
VF_HOGAR_01,Área,2,90c840267599ba9ddc2a76637be3e3e5451eceb2a660f45b6c992a7ab3d0ac2b
VF_HOGAR_01,Área × sexo,Rural Hombre,0842b6ada7aa5c0ef087e8c83d711b30f0236c5ea8977c694afd1d07a8736ce7
VF_HOGAR_01,Área × sexo,Rural Mujer,d1491d92522fcd3f32b0262279de179a25233eb63aaa2c2b9316a4fa853ab970
VF_HOGAR_01,Área × sexo,Urbano Hombre,cc3743940fc5ce54120c838820b275ba4c465c0c39ce273d944e5c79ce3a377c
VF_HOGAR_01,Área × sexo,Urbano Mujer,0b4da25a08584934123a3f64d28e92a0b0188aad0e8a5581ad50ae4298c89f7d
VF_HOGAR_03,Departamento,Amazonas,438d3e93ce07a9041c0b730f896d541d1d324d92727a6b3da2c9264e1f48c302
VF_HOGAR_03,Departamento,Apurímac,47f46b28993f791469420c89d52bfbbfd2eae97eb1932149aa858c9bf94d3c90
VF_HOGAR_03,Departamento,Arequipa,1bf77985fc6a90b1b1e196465336c916b41607823bfce2a8a7dd19c164a69f65
VF_HOGAR_03,Departamento,Ayacucho,36cf77594a18be9926393c0c30cd4288de810972c00de0be835375a896210f6e
VF_HOGAR_03,Departamento,Cajamarca,7761f66ef43f6443b0cfedcc8f700e3ab83c599c51b52bf692405685031772cf
VF_HOGAR_03,Departamento,Callao,7e6babde833958b9c648a4c46a9a1981be89d6a0230b6fb293f58d8c37c23b42
VF_HOGAR_03,Departamento,Cusco,e0e1bf47fa991e1a17fee5b263964220ffd92ec77be898a7577288d2e77ad525
VF_HOGAR_03,Departamento,Huancavelica,55c501b7d763b1c59c03473dc0087df4481a949673b6bb53df81df06a1ae57b8
VF_HOGAR_03,Departamento,Huánuco,ad17630bd1747038375fff1db0589866d8a8abc588eca97613c72549421cc538
VF_HOGAR_03,Departamento,Ica,713ec0eec073427eaedef2f80377645e859b8cdd3d4a391623f61095c912543c
VF_HOGAR_03,Departamento,Junín,5b59bc94b418350ebd16d43263929b59921f0fca73ee92cbba1ea1b4196cf518
VF_HOGAR_03,Departamento,La Libertad,eb511e47ac986e17098daee0d71af95c077cd46c35333d345738ef240a18b5d1
VF_HOGAR_03,Departamento,Lambayeque,1955e674fd0d0b09bbe3ccc7383c510a86d148b2d6bf2756853e2ad8cb99a4c7
VF_HOGAR_03,Departamento,Lima Metropolitana,98cd34d5301b1b410aa186be8bd53187564c027615160a116f5ce5fdee49b94c
VF_HOGAR_03,Departamento,Loreto,889f355562a9a37dc9c55d8853d0d2aa9abc2d6a13356b84e8313e9623e36002
VF_HOGAR_03,Departamento,Madre de Dios,03f151d6d05abdd5711e43bc36ab7e4dbbafe2430313c3085e1a8b6ad5f96cf9
VF_HOGAR_03,Departamento,Moquegua,c98aaa48b5b2e98a368c21ece645104f1b0483854ae3c110c54c1c84d5331965
VF_HOGAR_03,Departamento,Pasco,52b302621b5930bc8a732e9cafd5277b1944d25a580a4fdff950dd9525c6beb5
VF_HOGAR_03,Departamento,Piura,faebca9955fdebc9f20751a1d36faff5b2d3a92f4387db1ebf84e9f5e81f810a
VF_HOGAR_03,Departamento,Puno,03c8e32bbf25901e239ea8394386bdefa13e00ecc6c8f82a22274423cf2b1315
VF_HOGAR_03,Departamento,Región Lima,98cdd0749a3c980e641c45ddc92b44ae2ceeddd16d636e176c4a2a8289545a4a
VF_HOGAR_03,Departamento,San Martín,36cc20176d7e3cb6d88dbc6253649e96046ffddc172d75cb7354af67ae3eae9a
VF_HOGAR_03,Departamento,Tacna,f4920144d4ec325630d3635997e39b2381de027327f8711f979f8754c72491fb
VF_HOGAR_03,Departamento,Tumbes,f52e700fec6451b59d1b139a4c43563ff7d09e6433a3dfd9b01c8073c1dc01c5
VF_HOGAR_03,Departamento,Ucayali,66883f89c5b90132a37382aae8946f74a1ceeed07250a084d840dfadb47bab5d
VF_HOGAR_03,Departamento,Áncash,0d7c0b17df938736dd2f58f581b9b72c5a4db8feddc9ade977c4555ddd705813
VF_HOGAR_03,Discapacidad,0,7a41b6d09a0d8ef3fda4d81ae5633df90da33dc0065e2c888e8f22016b5bfd64
VF_HOGAR_03,Discapacidad,1,f67f9168d8e504aee66bc87b09654c570efbcf72db9979e669765e1ac9357144
VF_HOGAR_03,Etnicidad,1,5a0fce12487ed6061f82afa8ebcd7bd982629047ed629779f33c8e32bbb36625
VF_HOGAR_03,Etnicidad,3,6e32417e20d1ee1acda27582e5d585a48f7610c17044e370520d29ccd25428af
VF_HOGAR_03,Etnicidad,5,ce290af2e35d029d16e72d8421fca313590be0c2aa482590fe5833f1c06e0b95
VF_HOGAR_03,Etnicidad,6,c185b541c5e083c390b54677805e88ce3c5f0f7ca2dc0d7566c42242459485df
VF_HOGAR_03,Etnicidad,9,97547fc114c0baa8764ef0cbc7de80c341ada2dd50699a77865e2ae6c6a37be9
VF_HOGAR_03,Idioma del hogar,1,37e5bfecde36a76065f5619290ce6635a1bf785023cd81d8a3830e13f0a7a915
VF_HOGAR_03,Idioma del hogar,3,bb4e654f1da08b31e5b553fa19c33cb403175d8cd9c7e267a6ae74c42a2ee720
VF_HOGAR_03,Idioma del hogar,4,610cb299e77fac4f0a966ad568ec232fbcd0a7cb13a9e0e3fb5125e98d9530df
VF_HOGAR_03,Nacional,Total,a6f145d46d2e1c2a1a702b18f6f99fec5bef26005cd13868e5e4a9d2d13a5161
VF_HOGAR_03,Sexo,1,1fbebac25f25001f61484070711989b1c0e8b579167744616a4fdecf7348a31b
VF_HOGAR_03,Sexo,2,67b38754a44c4baae64689ae661717af6c1fbe7a795f8559e3e1a5537e15b668
VF_HOGAR_03,Tipo de hogar,1,ad94fb16e8c080114fce8d94ec0f4f070f593d1b4a7ba09b486e55404b1cc051
VF_HOGAR_03,Tipo de hogar,2,a18edb578987c33f184b9b03270b3efd26bd514144b1bef86d57f4abb4fe62b2
VF_HOGAR_03,Tipo de hogar,3,012245325425c6927b61ef340a64341565aafad0ecd04483d5a39ae27fc65d9e
VF_HOGAR_03,Área,1,2ead314d23d632cbce0624ae6f2407d186b5fa9af4b58a8732b8c613dbf0eaab
VF_HOGAR_03,Área,2,69dca87034994626e9370998edd1eaf8bb7e9b4321212e03fcdf6adf5aa4af1e
VF_HOGAR_03,Área × sexo,Rural Hombre,ad7601cc25477bbc9cc8de823e42ed5cb037ee1ddc0eac84a2f5f57bcfba3b54
VF_HOGAR_03,Área × sexo,Rural Mujer,d76a81e4a46a67adefe033b93d7ae989817c64bdc9651fdc6700ad7d93163fc9
VF_HOGAR_03,Área × sexo,Urbano Hombre,a68246159a14d7050be1259f889cd0de23c5a9b36c171329e9822d5a196c2046
VF_HOGAR_03,Área × sexo,Urbano Mujer,76148c2d8c56670c6d87ea3a808aaaa1e8336517c52fb941681132061cd8270f
VF_ICVAC_201_AGRESION_GRAVE,Nacional,Total,073b15b2f71e9dc7895b45a6f1a67a240463d820e2df57a55c1dc815e7cd140b
VF_ICVAC_202_AGRESION_LEVE,Nacional,Total,034c3fe2feebbe9d40f69fd0b971da1fc56452b55dcd28bf0b32b5510b94b2d2
VF_ICVAC_209_OTROS,Nacional,Total,2be9e2f443aa55a842ebb1baa938b83b5cb2fbac5dbf25c29f6688427321301c
VN_HOGAR1,Departamento,Amazonas,fc2be85824ea6c462b28ea0055363a1579282f8e3cc6eb7bf3a3d5bbe247dad8
VN_HOGAR1,Departamento,Apurímac,353a4d63d56cfa746987b87cc3e49a61e46126cee22df1e20abc3186121b4acf
VN_HOGAR1,Departamento,Arequipa,f5024ddc0ce1ce16566ac9b38ed0a42fafee10246e3b2b9ac39cb46bd692a779
VN_HOGAR1,Departamento,Ayacucho,4855ada96be2d46d8eff08704850043aba0be1debb4864850dd307dc20e06330
VN_HOGAR1,Departamento,Cajamarca,73aa38dbcfd71bd80607426c394ebe3a7fa815400cde46998f13544a127ac273
VN_HOGAR1,Departamento,Callao,b915c61ebab2db993e94b56ae4fd26d25db535f88783b4a0e3d90526f1503e96
VN_HOGAR1,Departamento,Cusco,200045d5f99f1eb134b5fdbb892369b834a7b239279e34465f11db2a1e2f6f7d
VN_HOGAR1,Departamento,Huancavelica,4c1137abcfbf2f475813c38fd6f09c8ad6cda519257d2f1e606568e5f8fedd61
VN_HOGAR1,Departamento,Huánuco,52d359fad540a00c4b208131eb2f47c37ba28afc9ff2dadfd561dc47a3d1ef09
VN_HOGAR1,Departamento,Ica,7fbb1b6e86012c81eeb70a8288f5b048c95755f6f68949d41557dafbffd0f4c5
VN_HOGAR1,Departamento,Junín,78da6f436998545ba38f221b1bb4d744617fb447aebc99cc1e3b246011aa2bc7
VN_HOGAR1,Departamento,La Libertad,2df62b2083e36e8288478e9f2febb47e14f1a766334ac21bd2d8beb4af4a9b45
VN_HOGAR1,Departamento,Lambayeque,5d3e2fdb8df4e044c033bafa6e611c47c5ae40a025a86747654c4cccce3b8307
VN_HOGAR1,Departamento,Lima Metropolitana,5cd14310418042f6983ff7d1d0a31b3f77a5f2adb353a6c1ba82374d654e23e4
VN_HOGAR1,Departamento,Loreto,396091d34cfb69d7220d0c7168feeb65f89dbb8ef9354dd39b010ccc591173f7
VN_HOGAR1,Departamento,Madre de Dios,6faf0ed73ded2a61123d35fb59b133a12558b0f79689791538b4ccd73ad29e48
VN_HOGAR1,Departamento,Moquegua,a17ad711218e2d48b8c06e03c6b510555af924e1646af368eaaaa4f8ead5bed0
VN_HOGAR1,Departamento,Pasco,8657ac7151ca426ed1d947b5c2eadd5ceb3129c3534291a227d3e420e085e50a
VN_HOGAR1,Departamento,Piura,5bbf17bb081d3f47500ced6b32bfdbc039492af2f610c5e2577e0f5b8385f5e8
VN_HOGAR1,Departamento,Puno,aa5e1a694532bb8b8582ea64709169fd92072c1ddf27258f274ca41e3c12f136
VN_HOGAR1,Departamento,Región Lima,cf5ecc006d9106c83362c5c635c635b7e2146fca00ab1691c4b9ad2f8eabfed9
VN_HOGAR1,Departamento,San Martín,fa611e436702bebc63d47d5b316c303067edcdb21da5aa17fed5b5bdca62b95d
VN_HOGAR1,Departamento,Tacna,d70373bebab8bf6fd42a03b474a057c2e9dac1624079c92dc08cd03d78d69eac
VN_HOGAR1,Departamento,Tumbes,6a1ca581b71cbf7728f851d2b56d55d12e89145d0de3a1b2cdf10efd042d7788
VN_HOGAR1,Departamento,Ucayali,92625643329144929e2f2da7b70b85fd3e49efd5dde693f6508a5159dbbd849b
VN_HOGAR1,Departamento,Áncash,82ba7e48d41def0ac86769037a952f08c84777629870400c0392d28e49072ec7
VN_HOGAR1,Discapacidad,0,a38dbd1cfc22e68792a2c0f585a390c75b690f7e8943e9d87c80e7b2957eccf8
VN_HOGAR1,Discapacidad,1,246580ec2de678becbde18cee01b640115873242e71b90310876ab8b3731f049
VN_HOGAR1,Etnicidad,1,2a991611e8cc676c86dedd9d7687e67a9e4dbea124c4eb35f89fd75dca5da818
VN_HOGAR1,Etnicidad,3,fb5e2271ac91e6454065f00b40992f32c08727e8c53bda81c0f972c3dd3e8cf6
VN_HOGAR1,Etnicidad,5,f1695858e4f6892c58be69f221228ac2380e4896e2d1354615ba8d206d46ea7c
VN_HOGAR1,Etnicidad,6,a5ceb4cac278b057ffc7e711a00edda13caf6d34286d52f8b440f0ceb7663400
VN_HOGAR1,Etnicidad,9,3acdaf2c73b433294771689544a5aad408b00fcb6df0a9500a9f28143a7c9dfe
VN_HOGAR1,Idioma del hogar,1,037a1652f1327e212bfff783668b641c16fc3369bfada6e3ab9dca8e3f450ef7
VN_HOGAR1,Idioma del hogar,3,c0870e865ade7ebc547a71c8cb2089ceaa6313e5d5793be94911e44c293f7674
VN_HOGAR1,Idioma del hogar,4,fd80a3e900d5fd83e711fd21c3bf4ae9d61559e514ec322a38ff3903f20e800d
VN_HOGAR1,Nacional,Total,7a36359a128ed0365556da56b1cfcb640c3a437862efeb7e15449761d4139126
VN_HOGAR1,Sexo,1,8313e5adee97c778129368c2746850f261be9aa8571c1291d367720541410209
VN_HOGAR1,Sexo,2,af1cb60d9def86eeb6f3bcb8a1465d23b749b2de60f132fdc49ea77c4919ca4b
VN_HOGAR1,Tipo de hogar,1,3b088a17850ebb69bda2cd11db07232308a82534df4a4486bfb7a77562cd11e8
VN_HOGAR1,Tipo de hogar,2,2e5a8807686fe5533e5f5162568ac966ed92b8a6461d908b4414015f24ea8386
VN_HOGAR1,Tipo de hogar,3,b42199c958947764565549ce53fefdd09d1d19c40068aac33c2a9663e2e2c5da
VN_HOGAR1,Área,1,6be6f69a9387717549930d579f7bfec4b933ee9f2485480bdd126b0377911cb4
VN_HOGAR1,Área,2,3d9a04c2e20192faffd7f1e069440f39061d34b6108bbbb8a4f8dbaa2ff74bac
VN_HOGAR1,Área × sexo,Rural Hombre,fcd62c802a97868ed1529ae624777e90782129cc567abb78a9ceac4c04881c45
VN_HOGAR1,Área × sexo,Rural Mujer,c7e141b3e2d67bf972a8142f26a7c7d2f89da48beb74750f2d8dc0b24677d781
VN_HOGAR1,Área × sexo,Urbano Hombre,6e9351e1657b014725c89e3c80f9292deebc8985df49a448c39a3b8007fe0505
VN_HOGAR1,Área × sexo,Urbano Mujer,dcea96c359cde278480367e9b200dcf8756358475ddf26fa2fc085d805bcf038
VPE_ICVAC_203_AISLAMIENTO,Nacional,Total,4be0029aab6fccb68eddda56237e2369e070c949d4d142bdb2292c0749857cf3
VPE_ICVAC_401_ATERRORIZAR,Nacional,Total,01a4dca805cc1220d3fce4d4c4233ec79975ea6fd453e48be5707c8ef34a10e1
VPE_ICVAC_402_HOSTIGAR_HUMILLAR,Nacional,Total,bd84fca81b8bccb609dffac7a4357bfed110ed63d4961cfc7337ad6089c5c470
VPE_ICVAC_409_OTROS,Nacional,Total,8e97b11a9e67d5b38689ffdba983e4a8b0d482a6763e4bbe051616248ce0eab7
VP_EJERCIDA,Conductas de riesgo inducidas por adultos,0,3b7644605572d75912998d34d2682dab387965e35645761f41a0accb8abf8191
VP_EJERCIDA,Conductas de riesgo inducidas por adultos,1,72fe6808ef5fd0c0c00c770e363f9bb071d95bea45c471e17fe93cef4605ad46
VP_EJERCIDA,Conductas de riesgo personales,0,d12babf9cf47811762242ed2551848c016798767d5cf953b23d259b2c7ca3eaf
VP_EJERCIDA,Conductas de riesgo personales,1,0ab9110418915d56d730895fcbe4716067c253fbcfbb302323a9b99239432e98
VP_EJERCIDA,Departamento,Amazonas,876f34fb591d27c61cccc503f96c4b3713168487bd4b7abadad7ff0f4db9f5ec
VP_EJERCIDA,Departamento,Apurímac,797fbc700a3df0475f40ad40f3395a9b13543fafc2de7c85b8e2022fec1bc196
VP_EJERCIDA,Departamento,Arequipa,c4eadfb37d96e539d01c4fe8def277c650d5e9149c688057541ff87d87012b1f
VP_EJERCIDA,Departamento,Ayacucho,958e85534c21746d24fef43de4a62f46941aed9777ac291c3afb092262f7787a
VP_EJERCIDA,Departamento,Cajamarca,edbdb8359c4d5caa75fb69ea32cb9e0c92b8d150a8c2b34298825e39ee474947
VP_EJERCIDA,Departamento,Callao,33b6771496e41bb994733e193e61b309241bb899d83727f115c053621e9353a8
VP_EJERCIDA,Departamento,Cusco,16e03ccb8092be1590ad115ffe105c5f4ccbbf95a27975b68b0bf5c14d1876fa
VP_EJERCIDA,Departamento,Huancavelica,16861185c3782b8b1682718070a4aebd9debf41619bc440ecdcc059c986a06c9
VP_EJERCIDA,Departamento,Huánuco,021775637113043549c0d119f9753e62992a8d95860dee98d4be29e4b2a48664
VP_EJERCIDA,Departamento,Ica,86020fa88476a171ed1b3693bbef6bba30a39b7940a4a8380efe0f8a982e21fb
VP_EJERCIDA,Departamento,Junín,204eefbfb118f70fb492155b38290d2b9ddea9c147eb5031befec48e077c1c50
VP_EJERCIDA,Departamento,La Libertad,2635096fdd64580d12650d57c064f979d113e40996cff753257bf06db7c924eb
VP_EJERCIDA,Departamento,Lambayeque,18437c42dd7498f43addacfca325bacb7ad8c93f21a4c9fe292a7e21ea6e900f
VP_EJERCIDA,Departamento,Lima Metropolitana,f1484c7189c59c36899ad92991acf68eac4f4f0ff921ac24e8714aacf2ba7b9f
VP_EJERCIDA,Departamento,Loreto,7f906dc8e890153e8b3485381ed2bf8e94c5883f8d865df9e07d2afe3c150c38
VP_EJERCIDA,Departamento,Madre de Dios,18f7e4db5f0a2978cf37e47bfc9acff76d0955e3b6d262a3257e3e993a03befc
VP_EJERCIDA,Departamento,Moquegua,32da3ecb9e75bc0bbdcf40494d3e96958cffdbe42293d70173a68185298b936f
VP_EJERCIDA,Departamento,Pasco,6bc0f2c7f12d803c8cb6b1d90e1bc6178a3e27676b733f752b7c3ecac11884d8
VP_EJERCIDA,Departamento,Piura,250c02fc56c3f6a7803a100b3241b5dd379e94bdee44b665c237f4232ba3e31a
VP_EJERCIDA,Departamento,Puno,61d5008429069c52f5c8c18ab41937ad9342ffa1b0dbcabc836add05ca4f82ae
VP_EJERCIDA,Departamento,Región Lima,e0ee42f0b9b959c91bad791a2e296d03ab0e01bee9735def643390c076dfed30
VP_EJERCIDA,Departamento,San Martín,279c25fff99d4627fb70d4f83840be4a415d6458392941c0a1d8a2db14aaf00f
VP_EJERCIDA,Departamento,Tacna,fc8afe09d3bc711588d13c684626bc533bcbb7ebdfe01de03fc7c0eb8ea84f0b
VP_EJERCIDA,Departamento,Tumbes,e0525e71c8644d2e4bdfa517c010440472a24fc923dd83b088926eb16a32c9cc
VP_EJERCIDA,Departamento,Ucayali,a36f9001c8ba6cda0882b00bcd449d9f056df7415e7c0aa4db55d5dacb64ac54
VP_EJERCIDA,Departamento,Áncash,109638b22cfe06de4ff78f95a64c506dbf8b0e99222ed175d7e1bd23ba95512d
VP_EJERCIDA,Desempeño escolar: expulsión de colegio,0,2e93dd9c6bbda8da8d15666dfc55fca79de9609e2ff8fff6c1f073badf99b8a7
VP_EJERCIDA,Desempeño escolar: expulsión de colegio,1,98a668fe8121d04fa6b4cecb0e3a97fe80fa7bd8d91fda46fa19334b0038af2a
VP_EJERCIDA,Desempeño escolar: repitencia de año,0,de32838acb131f00244e75db1292c4f697450191987d815564763e58ffff7b76
VP_EJERCIDA,Desempeño escolar: repitencia de año,1,824dcfb96a416a22ddf449d76ea042b0223ece2fcea24051f0827758b6bfa079
VP_EJERCIDA,Discapacidad,0,8c57d99b91ec5847bfa009434f397dc2ca532d46273ff5e023247a5c91190edb
VP_EJERCIDA,Discapacidad,1,94d4af1ed53fbb370f97e94dee77d020e3c0e91fcaf84d4e4b4a773bbbd9a5c5
VP_EJERCIDA,Etnicidad,1,59fd81494d3f92a12989588a4f2fd907fc5046a403f1dd413d4b57dcc872b10a
VP_EJERCIDA,Etnicidad,3,3e7fcdde987aea11769fee65caf1f02feef6266d1bf4fab16310712fd836bf06
VP_EJERCIDA,Etnicidad,5,dbd0448528145c2c58f34067613989a68c658c4293c87e95f359a4dfb72c22c3
VP_EJERCIDA,Etnicidad,6,6fa19d90e25eba9418a74c2cb194282986e8b56c00f12cdc77a83d18a3465d38
VP_EJERCIDA,Etnicidad,9,7649e42b3cad5f4cdf6bf419cd0160746242fa09fe7f3ffe547c885e712bbe55
VP_EJERCIDA,Exposición a discusiones entre cuidadores,0,33f5cbe41a680bf4769c990743f0d281864b809080a589f5bafed064a50388cb
VP_EJERCIDA,Exposición a discusiones entre cuidadores,1,0b13b3ef5330706eaaa8420954c7a0af975bc69f792d9ecfa57b71db24085d62
VP_EJERCIDA,Idioma del hogar,1,a8938ca210dfc679ed12f6471ae2228c6a5281f927b2413260c7adc09e4a20fd
VP_EJERCIDA,Idioma del hogar,3,555810e62b34a97957fdd723ecfae2a67ea2c67fee96f73315d563df0c65b1db
VP_EJERCIDA,Idioma del hogar,4,d51a80a5e0ef147754d3c9e628fabdc85504a388fc94de505f7a0946ff74c9a8
VP_EJERCIDA,Nacional,Total,70d97f980de372dbbbd0cd270065078d294b082b8efdf516ad8f7b319f3ffd9d
VP_EJERCIDA,Normas sobre castigo físico docente,0,49553a98d0697940e6ef643781d61120b6b156966870ad968438810d27f71a59
VP_EJERCIDA,Normas sobre castigo físico docente,1,9277e9c33a03338d9baeedcdb9d163a1f4a8282e6ed3f2c45b950a083475046c
VP_EJERCIDA,Normas sobre castigo físico parental,0,3d5cb88e9116cf6fb5a96f8314406828a9544213978a2ad613642174b82265d2
VP_EJERCIDA,Normas sobre castigo físico parental,1,553d1d8dad860fe8eeea4c58a3b21292fbfbc5dfdb6dc4b1dcc706290f667f4c
VP_EJERCIDA,Participación en decisiones del hogar,0,e18c78986c1695188bc39a062c64efca6dda2580fcdbf19e4961c23d9c01c31a
VP_EJERCIDA,Participación en decisiones del hogar,1,b312cf602b4f4b0275ba3a015372da25c0766dd396dda42c4e454d3382d6c108
VP_EJERCIDA,Sexo,1,7e2f1f90370f15565e1bb314a116c9bd20fe981e70e46c99fea76ff04e1e418f
VP_EJERCIDA,Sexo,2,b2ba013721a1e31c49cecce65e23f45ce835d35401a209c78b5766d1608daeb6
VP_EJERCIDA,Te piden o te han ordenado no ir al colegio para ayudar a tu mamá o papá u otra persona en la casa u otro lugar,0,ea5d1bfe71553d9f76fe3fc0c4d0d676224e9b314c2a0e8c548cfcc964e63a78
VP_EJERCIDA,Te piden o te han ordenado no ir al colegio para ayudar a tu mamá o papá u otra persona en la casa u otro lugar,1,56232bd02fa348a276d97d7b004be4b8c38e966d0117168669b45d4a94c89f1b
VP_EJERCIDA,Tipo de hogar,1,6d82216ec070bf0b2ca8f9251dcb879552bc5daa829d12f11fdebd5c01978e48
VP_EJERCIDA,Tipo de hogar,2,7ac5853fed6fd37b44be3eff0ac681a2f0034bc49d67f72a2efdffbe373361d8
VP_EJERCIDA,Tipo de hogar,3,0cc7c0a3262ff20ebd64add52dd8df7d491f80f375ad2d18d04b8fa4971e1dfa
VP_EJERCIDA,Área,1,b2cf03e3ac250c78752d51e9ba6b46a06e090ea2acd5470f92e53131f5f1ade9
VP_EJERCIDA,Área,2,db9875972653aa042066c62cfb9d13e577ef935e2c4b3497243db7915b3f5375
VP_EJERCIDA,Área × sexo,Rural Hombre,b44177ce753b1949e01017593f8db7bef559ce57ea4f3df11b68e4b8279f10d9
VP_EJERCIDA,Área × sexo,Rural Mujer,352ad4214a917d8cbb1c8c5ed276ab46b8fd2258cebe74d0b589a226dd2119e3
VP_EJERCIDA,Área × sexo,Urbano Hombre,3d1f07c8b715668d305927099245e8352f4ace72552dddc7f3a71131053e8a60
VP_EJERCIDA,Área × sexo,Urbano Mujer,5253a5006a93622344ea140866c3eb9b739fd8a8f141dfad5381472d0afc9e29
VP_ESCUELA,Departamento,Amazonas,73168cf562679bee794652ed4f284ab0bd295ce59bc653874c1b0f925df1774c
VP_ESCUELA,Departamento,Apurímac,cbd4cb6bcedba40a9a758a549f970ab8c8e20d62c924e05113b13f3307a30579
VP_ESCUELA,Departamento,Arequipa,639cf01ab4ed2f07e2e79463601657e051c6253d4561ad43486756e826049242
VP_ESCUELA,Departamento,Ayacucho,00e3f2034ad5ae8ff63ad09aaec7afbe0478e3da0978d20d8bf1649576a6cf3c
VP_ESCUELA,Departamento,Cajamarca,5f683c338f05aa44a7be18457a6b0f65343620a611f917abf1f857d9e3af29aa
VP_ESCUELA,Departamento,Callao,c70076d07b47bb86dda24ad1eb151de1ef1ac2ec544dada6fcc53e7484e70410
VP_ESCUELA,Departamento,Cusco,42ff68f99eecb2bb44d24326b7dc3fbe82395e38cc4aab195c30e78878e6209a
VP_ESCUELA,Departamento,Huancavelica,786edfeb774653175bfb4dac317d534d26ef3c68fc98ecc6996f312b7434d53b
VP_ESCUELA,Departamento,Huánuco,4e43b71e37ae7cb6c7ed112dcaac2d6c68f2c74e50c5aab87ae63cd5f6797911
VP_ESCUELA,Departamento,Ica,508643d800c33cb4e23874a3680b562d81f6c2dfc5bfc6c06d79671bdf7c1378
VP_ESCUELA,Departamento,Junín,11ac884ed5db2cedaa6eff2855a3c7b6e4b10e53d1b523855f7a7ac7e9c4349c
VP_ESCUELA,Departamento,La Libertad,6aa9d3ffcc675086f3b30d765514eceba43bbc07be4f46d6dffefe0b73e33959
VP_ESCUELA,Departamento,Lambayeque,97cfef545729ceeca998963029c5769db491bdd4278bf922ef79959c6fcd91a1
VP_ESCUELA,Departamento,Lima Metropolitana,9e8109a94bb0156e04518ce47574092c24378c0444ea44faaf7ae22eb51e442d
VP_ESCUELA,Departamento,Loreto,54347666a0ee3ba675b8760f9f074952b2f4eeb7a0c447d9366618310f8a38c9
VP_ESCUELA,Departamento,Madre de Dios,8243bdb786d48dc6717ce869ac27c930200258205259a73e1f16c8b0b90b791b
VP_ESCUELA,Departamento,Moquegua,e9ade83a8a1f481be0fdbd1d9cf252ddfffb6bccb544642c1ac6b23fedb86fdf
VP_ESCUELA,Departamento,Pasco,224ad610f4f796c20986fe9a679d3c9721207e57678e37405a8177548647dfb5
VP_ESCUELA,Departamento,Piura,cbddb07f4f1d5f1ff5b1a978518d540df738f2a1a5d5d1f6b9d847629a721bd6
VP_ESCUELA,Departamento,Puno,f60bed463441dd9eaa569d3fc51754f5c7ce94a1871fb9d0e3752a1eeaa05c28
VP_ESCUELA,Departamento,Región Lima,2aa871c9d5a23a91f1ef036c474a031c84e722a3551b023941992de4c862fecd
VP_ESCUELA,Departamento,San Martín,4e180721ccb823baca04eb9eed667bf7e6f531243c2e23e685eb450e2b51412e
VP_ESCUELA,Departamento,Tacna,87ac3b6005178eb792dc65ca23ae35cef75bdcdaad5abcce01fc353e3fc802e4
VP_ESCUELA,Departamento,Tumbes,8e83679c7b11f864fdadffc8122bfb7b2b0a8f162aac6000fffba62a81709599
VP_ESCUELA,Departamento,Ucayali,77907879198615018afd5321b6fe27ab95987eb3ee4cd4b6d92948cfe466078c
VP_ESCUELA,Departamento,Áncash,ab2bfab9c4b2ccf5ff3950673c7843fa67d8ab1cbda134f4c761ed24837b58c9
VP_ESCUELA,Discapacidad,0,2c2b9e67da50bc1db5cb2123b5c8fa5b90948b9a63a28c9bcf0aa85bf44f4d72
VP_ESCUELA,Discapacidad,1,8ff8e498ee7a91860f768441d8cae471c55e5bc9fe411eb78676a2ec8c7151f1
VP_ESCUELA,Etnicidad,1,03b636ec2bc73c05dce884800d4729b632ad0f610d2eb1cfd71993aed731c03d
VP_ESCUELA,Etnicidad,3,64499468ebf733445c572dc7c2a528dd9b8be9c48a9309a809a1b1575bbeb9f6
VP_ESCUELA,Etnicidad,5,240ce3c69ff0695c6808cc03d45d0064d27596547756b58445b2ccaa12f4858e
VP_ESCUELA,Etnicidad,6,369bec6cba315f8517bd169a7f93442f80f17b03fab1f75a3dd3f4e036337944
VP_ESCUELA,Etnicidad,9,82ba3c467e97808c506cf5e7e38cceba545e37507e4a6d9e3f6ed1bba9b4b74d
VP_ESCUELA,Idioma del hogar,1,b4f720874e6f2082c2f77237191007ff6c0b80f11848dc1d48bdf961ecbf9e01
VP_ESCUELA,Idioma del hogar,3,fcae7c53f071a65bf863ac9c2fe5823af565299aaa66795a900dd3f283697645
VP_ESCUELA,Idioma del hogar,4,ef7a8604558377336ee701bb8426edf4e2472650b4d76ab56896688d5050fe20
VP_ESCUELA,Nacional,Total,f1af00d8f80fa99c5374741ef4cebca66cdbf2a5899b902f3dae80a0566f94d7
VP_ESCUELA,Sexo,1,af7e3d6b4ec9c848e9740a21e7170c792b38e2aa17672eeeda1d649522ed4a26
VP_ESCUELA,Sexo,2,d5b4d6aa7e6fd482537cc260ef162d6e40f72efda786b642fa2e175388672ec1
VP_ESCUELA,Tipo de hogar,1,b158af7d13eb67361d298c4e95949e78b0c3a6dd7db7b245c96673ef00f4ae55
VP_ESCUELA,Tipo de hogar,2,09023e7d95b94252f80918943d479b4088c7f4c0f0d2dd246a1b1545349a813e
VP_ESCUELA,Tipo de hogar,3,cd8d450d25d94b8a178d510fc4cb4cd4369dfe19bebbf4e954d1252ca7cf4e95
VP_ESCUELA,Área,1,021d2f7df5b957e53e2a6f653b848708a5d5f4bb38420484998405ee8f745df4
VP_ESCUELA,Área,2,99f8a704836d56e766b6a13c8b570f33f6fe69aa3d1df8d41b261ae49284ed1c
VP_ESCUELA,Área × sexo,Rural Hombre,3ff0293c7f29f8125f3b30fca28cc8db7ef2fee756ed5e21329d897e2334b675
VP_ESCUELA,Área × sexo,Rural Mujer,372c551f9d6772691372079a9f10cdc02e4ffb204be1b691c218a6713d8bafb5
VP_ESCUELA,Área × sexo,Urbano Hombre,5bfc9b1285c8f1486f910b52c4ec9bc009378f6b61643a3d50f8757a27a5f49e
VP_ESCUELA,Área × sexo,Urbano Mujer,e532ac6ac0c51d44add10163482d4b0ace8f22bfb50db4eb8708a948613bdd8e
VP_HOGAR,Conductas de riesgo inducidas por adultos,0,d19cc180ebd6eb0c9c34b5cb743a5f1b4895f1dc8e8fccf8754ee3039a5921aa
VP_HOGAR,Conductas de riesgo inducidas por adultos,1,9efb41f63ba6a26c81463694e6b65f02530c68c8287e1c5513787f17fbeeb21b
VP_HOGAR,Conductas de riesgo personales,0,67b82a25064e3f8a9f80303511b04b55e8b30fc868712c5b7ef55a91d3a5916d
VP_HOGAR,Conductas de riesgo personales,1,16484abfbc7f51518f2923030737c2545aa301fa98181d7bd036bf9d15241107
VP_HOGAR,Departamento,Amazonas,d761a379505e011514437ca03bb05b90e2aba3435844039dfb066e0bf66d7b47
VP_HOGAR,Departamento,Apurímac,0504a928b8c0cb2b019cefa2fa6cab21635e1db677452e69c30d90fb1d375f52
VP_HOGAR,Departamento,Arequipa,532aa5c8e330600dba50f5b6a68dd3d99e4e0d9bf52e84e1f000cb75d3d72863
VP_HOGAR,Departamento,Ayacucho,4a284f34c8f4571ce89d4589b6b2476aaacd46cacd7a36408dcf49760494a05e
VP_HOGAR,Departamento,Cajamarca,f2fb326e3d4eaf21f3c782801396a793b8792a2edbf30aaef3e43ac7edcd39d0
VP_HOGAR,Departamento,Callao,15475f1f38aa2ec04c5559c89d2e65e7ed42271c5ef1a88290fdbcf03e694218
VP_HOGAR,Departamento,Cusco,c1cd0f9d80c7337c07587333fc5010d8a8ace0eb72a6571ff98b5b857d18275f
VP_HOGAR,Departamento,Huancavelica,3db11ce02ce45ef3ef45789ac5f435e442f4320e44b342b191e40b984b8792e3
VP_HOGAR,Departamento,Huánuco,fbb296acf5f20814d4000dafe3f67f7184225dc8bc6f73dc425d2e64fd51e408
VP_HOGAR,Departamento,Ica,1219a201e1800a49fa91563483184e7628d468cc1f1c89420b7bab12f4ba4249
VP_HOGAR,Departamento,Junín,c1a7180f6d5acdc085a9fe8762ba54e52cce4dc27b3dca7319a193c304fddddb
VP_HOGAR,Departamento,La Libertad,24cce779a5cf20caf9127beccf2f07951b541753fb0129ebdab714ebc76d5eee
VP_HOGAR,Departamento,Lambayeque,bb76a6257d730addf073da1af3df4dc41542662f895dfcbcf98fca7c2ad28f0a
VP_HOGAR,Departamento,Lima Metropolitana,418b34d6ed9a0c6df99c2766c3d7c10ab0719345bb8322f2b0aa5aa755584d1b
VP_HOGAR,Departamento,Loreto,4bf933f7291e5b3f80c1156c24bf916c10b904272c7f1483bf3d9bdf2fe05855
VP_HOGAR,Departamento,Madre de Dios,4d575bd17fdac6b469e6b3d5b9bbb003f42aba7bc0b749e85819ffe3c5b3d676
VP_HOGAR,Departamento,Moquegua,7a05d3a3ad68edf3df1b0227fd6af383b2658b9e3a08a426cc704806758ed38c
VP_HOGAR,Departamento,Pasco,c3cc4efb384c49ca3c5ed5844d6c95c43e1aeabfd4ffd64d17b64d085ff5b47e
VP_HOGAR,Departamento,Piura,0b3e4c898bac5ae87f015d4b71dfe94bcd084444b3182a12256ea51194c690cd
VP_HOGAR,Departamento,Puno,3e411f72f158fbb7e96ed145d0a74f8529821f0b8e2abdbdb8780ae2dc0a8564
VP_HOGAR,Departamento,Región Lima,50ac0d4867a80c54503989aa35f6e4ebca4e862f5170faf795615c235305ee0a
VP_HOGAR,Departamento,San Martín,ab2abfc01ce52391d0ef5a33b7261434f650928aae68aebad8315436292d7bd0
VP_HOGAR,Departamento,Tacna,a901765ded0fcb270ee14a2b6847035f8991e674ea0b3bbaca1090db03e54228
VP_HOGAR,Departamento,Tumbes,cd5d6a336aba93c75e635a9c87b3fd2dc5d92851591b76b62602782a7df2e946
VP_HOGAR,Departamento,Ucayali,3bda337e241fc2e8b8f79db4cae6f0bfc98e6f6f785dc95435d03169b6d92adb
VP_HOGAR,Departamento,Áncash,a94ab211b64dda3035b48f51a79227c27ecaf9d40bfd702614e6442c48b72c79
VP_HOGAR,Desempeño escolar: expulsión de colegio,0,ca9f5e188b7169559fd5183fdeb67c6deb87b4000833434ebc1a9ea9bf3005d1
VP_HOGAR,Desempeño escolar: expulsión de colegio,1,a4b0e6b3f732c96bb4a5d75413be6c94faf0f3530418dae1d3ffb62ac5695174
VP_HOGAR,Desempeño escolar: repitencia de año,0,f2d0bdaf0765817726994dd6a03b8203c7aab6c9031110473ea694d869cdabcf
VP_HOGAR,Desempeño escolar: repitencia de año,1,f17cc1934d2f1b0e06cadaa13b040133d075df85404842ccc705cbf00c2e1d95
VP_HOGAR,Discapacidad,0,0a1057a8124850b2d3b22d8593298740ec9de1898512d8f517d8895c7eb581b4
VP_HOGAR,Discapacidad,1,75f4f1e4bbf0173da41eb2cd03eef8700012d534a5ec3869a0e086a51dab5855
VP_HOGAR,Etnicidad,1,0b0a9906bafb5a19538435613eac44ef78b74ece340292c4c193ffb98478d274
VP_HOGAR,Etnicidad,3,8b457e2cfe223d33b1e1c685634fbccfea8999a285870420f7e57436a2071973
VP_HOGAR,Etnicidad,5,2f3a9db4e9e42b401ac724ed8ff8867aae295e1ea06baa0cfedea09ca4d037ac
VP_HOGAR,Etnicidad,6,c29f528f6d9e734a3dba2dfa8c3d04e039fe9fa09e32eb8def9752d92e5a7202
VP_HOGAR,Etnicidad,9,6ae6d2822e8b3e293678c906b30dc142c5edf585170ffa7f583a5ff3aac5fcd7
VP_HOGAR,Exposición a discusiones entre cuidadores,0,8281ca9597b326267b1f968569757e694b79e1450c06d94796758f10b2e25e7b
VP_HOGAR,Exposición a discusiones entre cuidadores,1,695171f914accdd446e99dbcad5109188964ee1d92496d9f23f481e09a2995da
VP_HOGAR,Idioma del hogar,1,270ffb64e9ac3d03ac9928347342af87b159669bfcf8060b1fe351f94723488c
VP_HOGAR,Idioma del hogar,3,810df49ffd1018c9d1e1c45772d1de1e8675a05eee0ec5df7625ee39cd1e8dd0
VP_HOGAR,Idioma del hogar,4,e82bf1142d32a84e8c35eccee57cecfe74361878f0e780b15c8ed52d4e17ff59
VP_HOGAR,Nacional,Total,a06f39d5f4a9d54185d012415d1f8873679fb841525583ceb96dc8c9d953d038
VP_HOGAR,Normas sobre castigo físico,0,8519cf6bb2ee1ae9622f29b6fead680778c8ee443e951b2e98ce7ac44f51aae1
VP_HOGAR,Normas sobre castigo físico,1,8d82e3d71f457588dba5ab77c595a95c1304e2873d7e6bad59f7029e2b9b8102
VP_HOGAR,Participación en decisiones del hogar,0,48113ae8505fcf012d9fb2e17dfe721276fab06e32e701e082e4f9a41fd2f355
VP_HOGAR,Participación en decisiones del hogar,1,b09ac9b1de16100ec1d1c5fc0bd40db3349f76c86dff4e4f53b4e0224e850bdb
VP_HOGAR,Sexo,1,5cecf06d2b9258881bb4848050c535eb44d43c4ac18a478b2f1509b8182d3062
VP_HOGAR,Sexo,2,5de7a4a881ed645dcecd9bf57342306c11aebf482badf28e0956023472811b68
VP_HOGAR,Te piden o te han ordenado no ir al colegio para ayudar a tu mamá o papá u otra persona en la casa u otro lugar,0,f58276c3069dce0a05e67dd4124b0872029b762aa3cf5c64e7d510c8de5dd2e3
VP_HOGAR,Te piden o te han ordenado no ir al colegio para ayudar a tu mamá o papá u otra persona en la casa u otro lugar,1,281127feed7edcf5d68b6c220b00391b5847684fc0d9673551f52154863ec685
VP_HOGAR,Tipo de hogar,1,441109094d686e3d7ed38ff7e7d0545e198db51a6eef532a4c122b8ce0b514e1
VP_HOGAR,Tipo de hogar,2,63fa2280d96b30c98284027a5fc0591f2203c862f2395dcbc615d1af588888fd
VP_HOGAR,Tipo de hogar,3,a8318450199cae0506d27a9d60f68fda592f2826a260e0b63e83bb70fe83d7e0
VP_HOGAR,Área,1,cc59ba7e94f23aee43123c351456c77371fbb98091d4b079746f5a2f02d9a1ec
VP_HOGAR,Área,2,4f27604fb27c101d7ef51c2d8eb1f94d11c017c6f83bfa3afa8a6fb6466031f2
VP_HOGAR,Área × sexo,Rural Hombre,f139ac3081f9b4716ac7353c3d315ff4e9e7f298dcaa6faf7139ec4f1948b3ab
VP_HOGAR,Área × sexo,Rural Mujer,e2f8f0b9bb408ba604ec5ffc00373855755d9e84dfca796ab76ebe715a7a78e8
VP_HOGAR,Área × sexo,Urbano Hombre,7cce43d8da69778a3261c530967f4c503af6ab7669e3a62220da9e6093ff4515
VP_HOGAR,Área × sexo,Urbano Mujer,f1ef67c6889f713af5d15b8b815891f174907d7a6a480abef64584eb4aea3b21
VP_ICVAC_203_AISLAMIENTO,Nacional,Total,a7c1b0c4070c1a3eff15bd2071d368b755e7ce3f55232987540976e26ceafc94
VP_ICVAC_401_ATERRORIZAR,Nacional,Total,32839e3e0b4d449ee8e4dca0a46d8b9422bcb7b6dafa13a4bce65ccbf71ff022
VP_ICVAC_402_HOSTIGAR_HUMILLAR,Nacional,Total,0a546354aebb35ed46eb05e09aeb752bbeb0604f8c86b4590766d50bfdde60be
VP_ICVAC_409_OTROS,Nacional,Total,68caddd75cf3a35c2fae47bcf77885af248bf046b3fa0937e27701024b09a808
VP_VF_E,Departamento,Amazonas,3bdf3b03704642a161aa3a24c981947b9c7625f6620beb1a76bb0446ebe0a518
VP_VF_E,Departamento,Apurímac,64221060aa4919ff6f212ee4a74cbac14a97e7e30a9d7c629a3586f7477e4a88
VP_VF_E,Departamento,Arequipa,36cbb169dd3ea463359eaa2061c8d8f0bdc12cf7ed7a52e2982d5efe7bd67798
VP_VF_E,Departamento,Ayacucho,cb58ecde20968f0b7d47542f7e912bb7e8939a78365b98ea4db1c4db61f0cbab
VP_VF_E,Departamento,Cajamarca,aa4c828dad86161ef50179bd19d58f517931dff9d6f1ebd84378def099435c8a
VP_VF_E,Departamento,Callao,dcc6396fd560628d9eb7e5884cef86f666b156e73eba163d4c24caef56fd50e2
VP_VF_E,Departamento,Cusco,c0cc6f71c7066a59de54f9a4553f21804c1c99375388b5f74b5d1d8017e4db41
VP_VF_E,Departamento,Huancavelica,250ce1ea7e2b4f7ecc5e33b3f789c923a6bee39d0bec53c3012d1f3d5befbdee
VP_VF_E,Departamento,Huánuco,ff433569a72b04a6e2322d1808b98ce5388f7035da22b5e9ad02e56f100d0733
VP_VF_E,Departamento,Ica,064bf8c0806041212c93094221fe85338e2c2fb46e641aca96ad3499568cad88
VP_VF_E,Departamento,Junín,34f30c76169942d11bb0fa83b3ee12456e5abede24ff336ce2137456a758ef70
VP_VF_E,Departamento,La Libertad,aed9dc78e2f86105b808a86b336b43e9788961c467c5c298b6614aff0d64f4c7
VP_VF_E,Departamento,Lambayeque,6c725b1238b0dae0627201afc963c84b255e5b0790d43b961c6d4c2f42383d06
VP_VF_E,Departamento,Lima Metropolitana,2a62e277e1b33f17cd3002b34a01d001b300b036f454427f869f35bc76230d03
VP_VF_E,Departamento,Loreto,663cbed9aba2b9f0b0f5bbc40a15081fa254e1f8a0c66d6bdb8ba5256ee370af
VP_VF_E,Departamento,Madre de Dios,34b826d031f719f9175e8cdb8f3d6d75ba3916df84b538018faccab9de760c0f
VP_VF_E,Departamento,Moquegua,167b6ef12603f7c032dc389e04e362b140906d232349ee8e20893f4af915fb67
VP_VF_E,Departamento,Pasco,e2a7c16d2307f1c79be3aff4096cf1b5b5e59394aeefdd873c6575fc04245934
VP_VF_E,Departamento,Piura,1e60591059f66e9d0fe917b6c86fda3b185da0248c0aca900bc0376a9fedd825
VP_VF_E,Departamento,Puno,9a63632c8825a14c76c475b02d511e9742138f46a15bc18cfe5311ff1cea15e7
VP_VF_E,Departamento,Región Lima,65fdd0a997024b64f7e4c9b23616b7136476956273ae5644b8160643f55674be
VP_VF_E,Departamento,San Martín,595d611e9b9f8e2162e702ead70c59d6816ae79101a61720caa3b0427f6076e0
VP_VF_E,Departamento,Tacna,218e16bc7968211634af10ce22e0d58210c7ce7b4dfb45b25ffa5f318433a213
VP_VF_E,Departamento,Tumbes,36709af23ae2eaea0ffdf9675d4b259e9bafd22709487357233487407b0ad531
VP_VF_E,Departamento,Ucayali,4848c7ae9fbc750df4cc0e77baff2078a747238ab49e9d41b5f0ee1ddb072ba5
VP_VF_E,Departamento,Áncash,c7bfc9e270618de3fee968aa71a3105c20f7e04d0e27283dddb88244b279125a
VP_VF_E,Discapacidad,0,b06ab429c632b62ec6acc2a4d9b597dfa17cd1205e8454c132143394fd63807c
VP_VF_E,Discapacidad,1,2d0204bb954571b69f57b1c4e3906b1076350328b75cf913a09528f24ce7ac72
VP_VF_E,Etnicidad,1,cf888339c85659561ff3c82f2bc156ea40ab06395bb51e93e686f99ea6286311
VP_VF_E,Etnicidad,3,c27005577b85b16d5e0d2b3736dbb083bf4f01b9be4df674cd47904b2f411cb7
VP_VF_E,Etnicidad,5,a9e120357f8cfd5e3209fe6619a57ef056f1d0329391fd8a284c777e0de494f0
VP_VF_E,Etnicidad,6,aaeb2fd1971e85369b2896a5873d5115459fff94832b8baeefed95783f62cc9a
VP_VF_E,Etnicidad,9,3c70a56dc8bc05f85e6c451a236f5fc1b5d0c2ed379d3389a9cf6979ec5fe376
VP_VF_E,Idioma del hogar,1,e643a1b521de5576dea6715a2a2893c4d7e06de2d06699a2441606d9071d19a4
VP_VF_E,Idioma del hogar,3,fbccddc4cc104fbdb654dc03ffc36357587f4ee15c3611ea465150054163953a
VP_VF_E,Idioma del hogar,4,dce5cb31f2ad2760658a9eeac2d72408c265b0364ba54dd66f713798e35b506f
VP_VF_E,Nacional,Total,0c64d08bcc4c6921a65c94c42f85f578ae027bbb6169b60ae6b358917bb556f3
VP_VF_E,Sexo,1,328f8caec4333b9e0ce9695988b096bbcb52d8cdb55914dc80b8f366ed8ea84a
VP_VF_E,Sexo,2,4297a71224bd8eb1cbae14ae244131d45687a1cd8d334b76365ceaa82502d320
VP_VF_E,Tipo de hogar,1,ca632bf0e9aca9ea02b057961d224f6b310546a6aee213d7fb769d6086851ff5
VP_VF_E,Tipo de hogar,2,5a01078e342e03c4c15a05e90f00fea2128ebed2668d14f99a192104459e9127
VP_VF_E,Tipo de hogar,3,bc1a83eb19a073ca0913d374e0f5837f6f2a18df402e197f4656d53371c333c9
VP_VF_E,Área,1,3fba24de66959c2f3837b8ec850f5946cd9dd650737ca27046f02c8b03eea373
VP_VF_E,Área,2,d8b5ea0588244b37af46bf7b66b27283eb93b7d1ef1ddf6fae31af213b136677
VP_VF_E,Área × sexo,Rural Hombre,f06dbd8a98f35c78e75aecea2685621473ee6d2ae3ac35cd070636709e0880b1
VP_VF_E,Área × sexo,Rural Mujer,b14c9d90fa386df66dfb8cdce2a3c97b90e56f329378c63acb445678669b4f5c
VP_VF_E,Área × sexo,Urbano Hombre,227835c9baacabc9530f02ecc3eaacdf07beb306b8431679ad03d17697dbe010
VP_VF_E,Área × sexo,Urbano Mujer,5c9ec3fe6037146cf9dec46ea48e42e97581e3c291e6a8710ffbc5a8f2606a93
VP_VF_HOGAR,Departamento,Amazonas,b42600d52bd641272e88b86e3aa7864c8812244f8a72d47ecbc6e05ea9b886c5
VP_VF_HOGAR,Departamento,Apurímac,3b4271f3425aea264a7aa53f0a7049e2da45fc43f81db61ccd69b6db465585fa
VP_VF_HOGAR,Departamento,Arequipa,0f4120ef3255d05edab9e6bd1f73c1984a6a7da255a183aca2395845191ae44b
VP_VF_HOGAR,Departamento,Ayacucho,a5f75080c71da4d1929e201bd3956928104b40766d4d688aa343eb3a71caa141
VP_VF_HOGAR,Departamento,Cajamarca,3b5793eaff4a93538ffe58cf7f3275f9bbf2d92250a8b1f3e3d83d9813c0d72d
VP_VF_HOGAR,Departamento,Callao,b74966b0fb397b283b082ea2c67fecc70613ba82733c6232cea407a0a29c6d30
VP_VF_HOGAR,Departamento,Cusco,de03d2078dc802c66f03a096f61f6e979ad1dff1006bb4b249882ab1d0deb589
VP_VF_HOGAR,Departamento,Huancavelica,a7429bfcf38430cb27ac90b953375dcb592f7c79daf1f70ab1c27c649bea53b6
VP_VF_HOGAR,Departamento,Huánuco,56fd552a2dfb1c6d9d9e58be4b68c7ab5cc7764a45db85553d4b4870e76a3bd3
VP_VF_HOGAR,Departamento,Ica,d78bf2064d1309e7710e66ea1868859e0f13f2c72f882a68c315bd6f2dc1f0b4
VP_VF_HOGAR,Departamento,Junín,8df2aacf5561db0378d44d662c65133b5edda349c6739e3b1a52ddc657138e34
VP_VF_HOGAR,Departamento,La Libertad,05ccf363dbff67d756486e73921e94d8cee558c5cdccd951d2a21a724a4c68b5
VP_VF_HOGAR,Departamento,Lambayeque,b91bebdef449f246dc57ae6ede1e90d4fd9e9850e4dbfa69cd99ba2af0178c36
VP_VF_HOGAR,Departamento,Lima Metropolitana,bd28e2e3f476647606732e3c6bbdd49b26c5206f98745f840a2f5530ff6c49a7
VP_VF_HOGAR,Departamento,Loreto,39e71892aa33d89cec65af81d2e40ad369349f0e8d8102ccaa5b8857925958a5
VP_VF_HOGAR,Departamento,Madre de Dios,fb35b822c71bb7f6fabb8e5a6f9d223928694b4e4aa23577247c68781a15a96f
VP_VF_HOGAR,Departamento,Moquegua,374c138319dad24f8caa023111332b7ef49531433a959b0179298117acb1171f
VP_VF_HOGAR,Departamento,Pasco,634d97e742f9d470059540a7fbf4f26795dd2eb8d0339599e4703baae57eb635
VP_VF_HOGAR,Departamento,Piura,d81287ec89e65b770c1588576413eff72e3d59aaef9df8487c70caa9f6db39f6
VP_VF_HOGAR,Departamento,Puno,eaac29bec99eabb270e95ee32d0190ace51a8bc523df8a5c2f3c87080b9a89bd
VP_VF_HOGAR,Departamento,Región Lima,0cfa2de99198e778377b1cda0d494484965c7ea1f279d7694dc3f8729d4a2779
VP_VF_HOGAR,Departamento,San Martín,60782a036078be0fe8faa230d9744aab26821bc5c45b2ace20aaccafe63c38ee
VP_VF_HOGAR,Departamento,Tacna,a1bf80fe0158c0d86a06059748b4cb6d491081551cc9e1f8377168f6d90a6e78
VP_VF_HOGAR,Departamento,Tumbes,1dd5188b61acb24fd146f6a489ca7f6fbfa104322bdb684a914f93f57254215e
VP_VF_HOGAR,Departamento,Ucayali,6fee4b8d2347bf6791d8c70ecdb2c685109146a17b1a83e739f18e9492aad94d
VP_VF_HOGAR,Departamento,Áncash,8d13d3e979cb617ffd14220baec627d6db0337ee366d9944c16a96a733c8e684
VP_VF_HOGAR,Discapacidad,0,cafa5ec54b192abf8f72c3a601f2d2f99339d6b0efd3418a2a3fa291a5d67cdf
VP_VF_HOGAR,Discapacidad,1,5a90981291a1a2bf7776196e2764d650f13b211b3161992b954680b11489576b
VP_VF_HOGAR,Etnicidad,1,a1dc58412c102b6227fd354f73d887e4992b528477913169d34a94a0206a8b22
VP_VF_HOGAR,Etnicidad,3,87ab10d5a1d9d10fb2b6a4d0cb595c306989cf6074c13a9af8451e73a69514b4
VP_VF_HOGAR,Etnicidad,5,8d563b7430957ad8f93b7c6d1ebd3eef973eed8a9945c5fd6b2964028ac169d6
VP_VF_HOGAR,Etnicidad,6,1132eadf83ad559df8257dbe9d874786c4149169dfb63093582049adfa6dbbf6
VP_VF_HOGAR,Etnicidad,9,95f975d8aeafc50531721f6826b93172f34cde3438619512e143f97501f26f5d
VP_VF_HOGAR,Idioma del hogar,1,d0fcc84421053fe27d9ebd5bb0888c3dff8bd150e7b149553652535b2e2baa07
VP_VF_HOGAR,Idioma del hogar,3,38cb9ee8639bfb6ee71aa7e550c3fefe51c5afc6b9590fc3466f23aa4b9de24a
VP_VF_HOGAR,Idioma del hogar,4,93404601e7285bb24371732b44e88d83cf6e9ad440c566bb9a21e48e767ac728
VP_VF_HOGAR,Nacional,Total,19b1e863a0ae0ba11c05417f2f479528b4f257bac9d35e61cd687713138436cb
VP_VF_HOGAR,Sexo,1,bdcb046287f54bd3927b0cb7582fe79a3b5fad027386b830e77095109f719fb7
VP_VF_HOGAR,Sexo,2,c2d09427f2225f015359c946f2710c9d46007ea3bf8a788c92a37d9c47ee4062
VP_VF_HOGAR,Tipo de hogar,1,e6ab3a8ac8c277c613804a65923b319de8c9a1620032a76dbf298963a3db95d2
VP_VF_HOGAR,Tipo de hogar,2,7d474bf87cbd11625202723b35d2713ce672472bb420015a121f084581186cf6
VP_VF_HOGAR,Tipo de hogar,3,adf8415a667dad09c0213c08905abe42051b0830ef4ebca18899bdd2c940f9ac
VP_VF_HOGAR,Área,1,da02627204bd3f37822630d32d1eab5ec746b1e17b3a56b122510f90f8b8f5a9
VP_VF_HOGAR,Área,2,fa3edbf5d7485dd9529fad9cb9c232d5504dd7a7cf9c821d83b18e6a8347431b
VP_VF_HOGAR,Área × sexo,Rural Hombre,2c4d414c8f7ed3c1ce094710ad2032f85c003a2f0ca803545ec95b8cf432f6e7
VP_VF_HOGAR,Área × sexo,Rural Mujer,6c82854b654a64e93230e5e8d1971b8184deada831a0ce142b51a79e636e6fd5
VP_VF_HOGAR,Área × sexo,Urbano Hombre,3faa36418c412108296f084c2eb62eaaf6c64a717387214b19b4a5efcd2efa27
VP_VF_HOGAR,Área × sexo,Urbano Mujer,5f56a89148bff4471a44fb2ec471e0f7aa16d07c4da887a0e7a690cd74617ed7
VP_VF_VS_E,Departamento,Amazonas,ea2b9f04ab6ed51f7a08e34db61285c0e0c53e62198fe2a78fc64d77af65154d
VP_VF_VS_E,Departamento,Apurímac,ae5eee6e82c53535bfb13d0215b20e2a8969e7979460fff915ac7a875a940642
VP_VF_VS_E,Departamento,Arequipa,ecc43746d9683b48d5d6a1d4eba7447414c66907f9d043eda7e9f0fe7fd06040
VP_VF_VS_E,Departamento,Ayacucho,f262fff7b32cc03434b4d50d0269d92633a7eb639b64c961691fb0d31878044d
VP_VF_VS_E,Departamento,Cajamarca,f73d9261d37a2da8805a1720d0b73a2f2d026490512aa97bcdaca11bef20dee9
VP_VF_VS_E,Departamento,Callao,f9dbcf36a80b9bb0c9db3e1fa1246d55332a74b8e4cc2c3a26fcfd5067410db0
VP_VF_VS_E,Departamento,Cusco,85f833a9e1ea1e68987b580e27445ffd944d72f09d679cc8ef4543118f837f24
VP_VF_VS_E,Departamento,Huancavelica,038b86b5cf780c26a3da14fcaf482febe47202069870346bc8d34f971e118ce7
VP_VF_VS_E,Departamento,Huánuco,3c78f04af337b8beeaeb0a7716ae74ef8cb362026dcdea968d6ace4fbabecaa0
VP_VF_VS_E,Departamento,Ica,aa2fb56485a1c4794b881fba28de11886df6f04cd68a4a88b6c4a3ed6b6cb482
VP_VF_VS_E,Departamento,Junín,7b0d5487025db39681f676a218f56b408d6a46211077631d86bee727bb24b679
VP_VF_VS_E,Departamento,La Libertad,11faf326fdd58d50ecec482b68831b52a86879606b8ff5ed6c07ff222e12e710
VP_VF_VS_E,Departamento,Lambayeque,9d682659594be06df8d365e53e390b1d824a47be1c143a38aed3ab22b003c3df
VP_VF_VS_E,Departamento,Lima Metropolitana,c463d0ed8233733244fa92d041756ac7be214b9f3f3634aa89c77258c8606d02
VP_VF_VS_E,Departamento,Loreto,b1029de2d2ad2cae29c47c21913072b7a2dee4c2a79014c8ac242248d7fd8f53
VP_VF_VS_E,Departamento,Madre de Dios,dabf8850b84f701e50b5e66f41f6e9126975d5a1339ce5129c3baabcf803f4f3
VP_VF_VS_E,Departamento,Moquegua,d4dacf57b020c4ce4333a6f38058e8e05631425e1fbeb71b8d3a373ee1dd0888
VP_VF_VS_E,Departamento,Pasco,762a41e9586dba916f25b572f4333822d537abc042623ae806bb9e2afd6f200c
VP_VF_VS_E,Departamento,Piura,eb73dc48fe0826e7442d46e59e5c1673ae85c33324082aa80caec2146aac6d9f
VP_VF_VS_E,Departamento,Puno,11103ed1ce6adeaefa16f3641f81677dfb21d70ec5935eeff014f4b7da0f3465
VP_VF_VS_E,Departamento,Región Lima,92108f2f8a5ba46add08bf2b6cac493e5f41a4bb90a179a5c94b3940353337fa
VP_VF_VS_E,Departamento,San Martín,8f18eb0a315d45caa929026472b459184d2e99ab639ea0645a2adcb7286ef8c7
VP_VF_VS_E,Departamento,Tacna,c85b7b986df0a30a31310750317b4287d5463fcdc3796b8b6fe1586699d0b219
VP_VF_VS_E,Departamento,Tumbes,cf379bb0918847e45f949ef87f8beea289e3e0ea2bfb8d142c14b2862d9c177c
VP_VF_VS_E,Departamento,Ucayali,6581a13ce69c55f11df2456c909ce5911613230b9c0e237333037fedc0b9a0a1
VP_VF_VS_E,Departamento,Áncash,5e52a4a15886df8263ca9aee7046b2892b0e51db9b13866beb75b718a40a08c4
VP_VF_VS_E,Discapacidad,0,fac0cc2793c2896f9e87139b4a3ba677aa73125d1cf91c9d5bebc021d74062c1
VP_VF_VS_E,Discapacidad,1,41f9dd5e2b4a2aa6effa16f3a21ef59d3a57939e5fcb6c4be09f1f40f6afccb1
VP_VF_VS_E,Etnicidad,1,d264972857a007df570494db9cb266eda2eb5818f049f75b83c4f615e77ba9f3
VP_VF_VS_E,Etnicidad,3,2e13725279369805d968e5c6535c06c7601f28646f9407a203413a42c802f2d4
VP_VF_VS_E,Etnicidad,5,0389a6b58bbdfa4f33e651877d3253c6f282f03c34a82bb121c0d119a442e6bc
VP_VF_VS_E,Etnicidad,6,9d287e5d1d38ba0eebf78cdf2abcb8f58170f60e23c05747b7c5df8a06c922de
VP_VF_VS_E,Etnicidad,9,a448bf746f5b365112997acb6034429e26dfeba7661ce437ca329203d2068e65
VP_VF_VS_E,Idioma del hogar,1,690f5db5ff79813afa5ad5416b8a0f09de7a19550fd40f61c843e17995486906
VP_VF_VS_E,Idioma del hogar,3,1eafea847a1818390168aac3af3c82b4f196693a27dff092d5916ff930128955
VP_VF_VS_E,Idioma del hogar,4,20b9619183981a8a6ceae2794b26e9095c1a8f21162a18986bfeab834caf9ae2
VP_VF_VS_E,Nacional,Total,a7458e121a00d5b1708919104c3f8c313fd37337a3331238cee9937e2910dcbe
VP_VF_VS_E,Sexo,1,6dee4443b433d5ab2968e2125fb31db67ddcbacd40db616fce29e1b97689f891
VP_VF_VS_E,Sexo,2,f6569af4a1ca1f0e462fb85697b5b3feba31407d38b479b5087a7c0985e434e0
VP_VF_VS_E,Tipo de hogar,1,60dc2fb37feedc8a2fb3db819beb7aee438c5c40ab18af6eb74aac40c4898589
VP_VF_VS_E,Tipo de hogar,2,2bd2c86b5a2de4c088ea682bc1a278646af20ecd2d44c03f0d0e1d3a38654053
VP_VF_VS_E,Tipo de hogar,3,60b0522f349e06a45e8ac18e767963275e7fb77e6378ccfbc1b75c84a9a747d6
VP_VF_VS_E,Área,1,53adb92c554605a751a799500c4ea78f79050eca106fc52580ded24eeaf6994d
VP_VF_VS_E,Área,2,1cb48776c28f8c6df20d2a33330897488c2c0a68362c39932295d64b1f288e99
VP_VF_VS_E,Área × sexo,Rural Hombre,ee1a4d886fbd0cb5fba396b17e0771e5e82800c54e01eb676ab0fc5e5046e9b3
VP_VF_VS_E,Área × sexo,Rural Mujer,14cac8f4ef123013e9ce09a1a317a37a14b59c02f66f0023cc30297f99680744
VP_VF_VS_E,Área × sexo,Urbano Hombre,aae93b33484eedf69b2ea40019092a37e09effd8f0d7dcfed7ba6fedb10ec39b
VP_VF_VS_E,Área × sexo,Urbano Mujer,5193eb2b3b0ff94ebffc9f3f88bd0cd1bd00c99ec19cf385bb1ad55490582f75
VP_VF_VS_HOGAR,Departamento,Amazonas,414b0465eeedd74bbcb778804a55a22e4ae7bdc7c17276f818ea91f7edf46d73
VP_VF_VS_HOGAR,Departamento,Apurímac,983aff13d8d4fec60b1f03c8aac02929c24e2296ef9c3020cd52a4b549d4a2ba
VP_VF_VS_HOGAR,Departamento,Arequipa,2af062a7ad23ad5f86d15e970d8b872c84558b5d60f76eeeba4fa299276604ed
VP_VF_VS_HOGAR,Departamento,Ayacucho,96ecb163216f7e7f3bcf87e4e00d0c659cef75339e1c10f78314cb17b55d29a8
VP_VF_VS_HOGAR,Departamento,Cajamarca,7dbf9c61b9ca0f140f71001bd8573feb7d5d4f968d864ea5950dcea74fb73fb0
VP_VF_VS_HOGAR,Departamento,Callao,37da3231170762ec0b286b2372d1460bfd1b3f8b1a5b58e6315aa540506234a1
VP_VF_VS_HOGAR,Departamento,Cusco,04e6fd4bc0c582853953a7a424a41606128e07ef445ae831dfcf2ae56450edc6
VP_VF_VS_HOGAR,Departamento,Huancavelica,7346335065f5b600516099f61154d0063317ed3cea050798bb79019dba96c3b8
VP_VF_VS_HOGAR,Departamento,Huánuco,607ce7b85f30656a358f4021b2f0d103c65786e436925b84e3ba938cc1612423
VP_VF_VS_HOGAR,Departamento,Ica,8721dfd103fd28468a6935d35876d1bb2fb3993b43961287cb8b10b2988c48cc
VP_VF_VS_HOGAR,Departamento,Junín,ff7221a90b33519b82e55d3a735eb24ae63a9b71074c92d1fb0842ddc087a53c
VP_VF_VS_HOGAR,Departamento,La Libertad,41ddb13341584083ee8461296dd7384dfcee19af280c330551df4079c0f7b034
VP_VF_VS_HOGAR,Departamento,Lambayeque,c8bade24fa9ab1f8134efa8f71e5afb0e4cc1e4c53573a1d5427505ff3f595b5
VP_VF_VS_HOGAR,Departamento,Lima Metropolitana,23faf9c25683142bf9e24ff9d5fddc4c12bb4d7f8e005235ef8d288f2c042038
VP_VF_VS_HOGAR,Departamento,Loreto,304593663ac4c338a9e72b794779e626233925c5747e3786cb73b07d709c7b0b
VP_VF_VS_HOGAR,Departamento,Madre de Dios,dff9360ae3246785ccb79a92fc7f570a704af28534c8c101097698b3a2ae8ada
VP_VF_VS_HOGAR,Departamento,Moquegua,af8349eedf7a4a7e1252203396921ac902a94a1e18b23ee7172977c2f6223add
VP_VF_VS_HOGAR,Departamento,Pasco,347ce5beccc157de1272f24369d091a0615d1c2ecce12e2b78f2393ce9adb985
VP_VF_VS_HOGAR,Departamento,Piura,f1e981684a4bb71e22b50b6a3006147fd57772e421682ab28e3dd093b85df9d0
VP_VF_VS_HOGAR,Departamento,Puno,1b144d4226c78026d803455d7483ecd2326b41ebfa10643daf5a0aa44b1c69a9
VP_VF_VS_HOGAR,Departamento,Región Lima,be1295a983f7df87323af1c80b00765fbf1eb15aacb506e05232cb06853f82ff
VP_VF_VS_HOGAR,Departamento,San Martín,8e8616635f801b33d3d8c935e37926a1a566af118157bc70e134bdab83ef582e
VP_VF_VS_HOGAR,Departamento,Tacna,a4f30b4ae9b254b3ee9ed4fe4abb9e3457c78f491bd73f26bdf71437c3da522e
VP_VF_VS_HOGAR,Departamento,Tumbes,444527cf77f49eba57caf3351665821e6e2c7185151c0a1c99bec884cea78ad4
VP_VF_VS_HOGAR,Departamento,Ucayali,013ef69193105619e55a3af8bb2bce2280a032cbd7eb307c2ca4c747badc0072
VP_VF_VS_HOGAR,Departamento,Áncash,ada641722d25f2893f1d3cef80cabc12ac713ea5dca953d3c9c50cf982b1beee
VP_VF_VS_HOGAR,Discapacidad,0,cb1480d5a5315ee0ad0dd54d6e06f7e95263c8827d264099301861d9da5d821f
VP_VF_VS_HOGAR,Discapacidad,1,06482ad5494d9e2679669b8d077d63e224889d02d6e0ee222f7cee437e7c2102
VP_VF_VS_HOGAR,Etnicidad,1,7953267657cdc89fb02c44d521a509155e094891092e907aa852463a50acd9c8
VP_VF_VS_HOGAR,Etnicidad,3,64a945bd27dc928f33356e50c733e7cded36a544212e93297ef2115f9ab509fc
VP_VF_VS_HOGAR,Etnicidad,5,8c808cc91ac2aed7c50e1b492566d3fa5f4874df208f11e145257a27dfe4a1d0
VP_VF_VS_HOGAR,Etnicidad,6,309a5137c5b71ce2050c0cbb6f766969239bed644406ea1b6e094d5e765ecea1
VP_VF_VS_HOGAR,Etnicidad,9,6a8b0303005588c476f8d07094a33dcdd25b7f7be99ecdd29d09378df8c3bec3
VP_VF_VS_HOGAR,Idioma del hogar,1,4f1bd5785a05271dbb64efa4266840aec5d9f8daa257239deefebb4594c4b394
VP_VF_VS_HOGAR,Idioma del hogar,3,a5716dd33075f3c743a6df0147e3d5047e20a10818327814160ee2c236b25f9d
VP_VF_VS_HOGAR,Idioma del hogar,4,00bb1044849c439b5920a9b4741d129ae3ff39552efdfa35789321e28dd66ac7
VP_VF_VS_HOGAR,Nacional,Total,a5ea6f04431deaf3bb83aab54ef60009b347ad823b1861b576ceeaa455c13ea6
VP_VF_VS_HOGAR,Sexo,1,890e3725e3c7b40f6b82cbe1b32f130b1bbc66bc09572eaed0edd59e8357155f
VP_VF_VS_HOGAR,Sexo,2,1a492e559b7c8b39b99ba0f4d646b5f8968f60fb04dadeee42d9570e3cde1d92
VP_VF_VS_HOGAR,Tipo de hogar,1,ebd9a4a9624ea59dd1ddd2db8e88348ce5022c85b96f6df9ede43753175377dc
VP_VF_VS_HOGAR,Tipo de hogar,2,9e61e929481e7b0bf1d79656c155f06e3babd9ae403655d223aebbdbf24caf28
VP_VF_VS_HOGAR,Tipo de hogar,3,8864854f17229994db23f3143c7415960a85c640d25ba1d47be5bc5c759e60ee
VP_VF_VS_HOGAR,Área,1,3c02ca451aaec92f61fc7a779e762a44143c7891e4dd3aa7936972254d8d2383
VP_VF_VS_HOGAR,Área,2,3ca0be14bdebc52f4e505fc28b8f1ccfa891d9ceb418a4b513ea868bd88c9163
VP_VF_VS_HOGAR,Área × sexo,Rural Hombre,1f8dc80525c9c8291a7241b23467e5f3211add5c9493aad3716b9007158ab313
VP_VF_VS_HOGAR,Área × sexo,Rural Mujer,3f85333f8e98f06c0453cc7d3a7c0dc7e150267f311b75c947bfab2d35da50dc
VP_VF_VS_HOGAR,Área × sexo,Urbano Hombre,bc597f15a0e340249bc184894017dd4c7a7f283c6365bc00081bbd7dae3dc80a
VP_VF_VS_HOGAR,Área × sexo,Urbano Mujer,3163ba68e07bc2ba3c868ef97fbe6f16db2efc2a2352dd4048300d0593d7e5c2
VP_o_VF_E,Departamento,Amazonas,bba1145ac2d134b68219ec171a9d6c707f94a4c732ebffc0bc71a7b9800cece2
VP_o_VF_E,Departamento,Apurímac,d9f96340ce090fc549de21f91c5a7cf68b569481e672c3c3b7106f52feb052f2
VP_o_VF_E,Departamento,Arequipa,467a8820d608ba174e3ead5d4078f21e5912f982f8e6eda786f82a86738fe0d9
VP_o_VF_E,Departamento,Ayacucho,c0a38df069f2abb905ac3527abefb1971e1990884c8033d9bcc6dfea162acd26
VP_o_VF_E,Departamento,Cajamarca,fc4f1f17588cb55a8cdfec5fd2e7c8cc800a022b2c0a545895fc6efc72570744
VP_o_VF_E,Departamento,Callao,5e60cc3c5a473407c42469a2bc23de4b211489108ef03af09d98e6c002802291
VP_o_VF_E,Departamento,Cusco,6dc64ba4803ca82193f35ce3cb7bb6b87f4ba0ba0bf067aff80d8754fe732e37
VP_o_VF_E,Departamento,Huancavelica,156c839bfec575eefe187c55cc36d189c4a23c069313d599051dcbac8bce5828
VP_o_VF_E,Departamento,Huánuco,c2c01f5db9af17bfe7e8460cc4fa10593163e2ac69cbe0cb4eae2f580fa3a05b
VP_o_VF_E,Departamento,Ica,aca8d3af488e057c1690dca73c837607f48aa6f8b68595f30e4eb8a3328f9907
VP_o_VF_E,Departamento,Junín,ec413b11454561e80a52be9b69163ed7f6e1fb50a05bb6836349b9d32b0720ca
VP_o_VF_E,Departamento,La Libertad,db8c31d5065f1b4ed92932ee93f173a2b81c48ad294aab2880671697746bfe87
VP_o_VF_E,Departamento,Lambayeque,b7093b298552abc3cfd3ce06d4d7bae4d5bb7768274a2d03e615a2bef79e70e2
VP_o_VF_E,Departamento,Lima Metropolitana,13d7fca3c84ac860ed103dbeb4c9bc1eefaa292646237f4b3d86a490a62966a5
VP_o_VF_E,Departamento,Loreto,6870347e069b9722a216b0b631437104609f6c65172903866f1b4094f573bff8
VP_o_VF_E,Departamento,Madre de Dios,9d3c0fb09e10a9d9b74c29acdc233d7025f8e18ff7d502259db764c5abae47e9
VP_o_VF_E,Departamento,Moquegua,7a32e23da1622d435fb645c069a5fea17fc90dd9c24d5c4e75c114194f290324
VP_o_VF_E,Departamento,Pasco,ac3525a20428d8dcada6460544cf92434a3bbf582d9f03ff3960fe9310486aad
VP_o_VF_E,Departamento,Piura,a085e1bddfb6894a522fc02a337224fe5c5cd339597f0c54c6b24a5e0b25a09d
VP_o_VF_E,Departamento,Puno,539ad1b9fbda51279bb14d287a92e04492170a77e04a3288906ff51992146f67
VP_o_VF_E,Departamento,Región Lima,31f2e56ed6594eec6f057b999ebbf0b84a8cac15e718ab09db10608fe033c884
VP_o_VF_E,Departamento,San Martín,58136e5a27f0e0f5d6d29ea5c9955150d9b2b9228d6fbf8c5e908dd78291034b
VP_o_VF_E,Departamento,Tacna,20d86e8e7e4ef70d1d50614a318c73004a05a661750977544bd9bf716f99bccc
VP_o_VF_E,Departamento,Tumbes,d88b15d2e31c699ab29f4e080786c2bac35d26cad0ec375955269d5aa3410ccb
VP_o_VF_E,Departamento,Ucayali,222f2d7dd263faf2cee1035b91e51e3a14d8d1d2146393a9cd6538162e6d6059
VP_o_VF_E,Departamento,Áncash,d2bab4e9efe8a86125d4aa88376256aedc7e7937fee4104e4f456294484e42ce
VP_o_VF_E,Discapacidad,0,8e2f592f5b4babc30e6b2caec40633b89c32faf93be04ffab44360ddffb6151b
VP_o_VF_E,Discapacidad,1,25bd13efc52872ef6c732f0e628e3db047e4def2ed69acb5636abe847c45a131
VP_o_VF_E,Etnicidad,1,742fca4dccd227a20ec38947ab2a0801860e4f6dbd0a65274b2968d0a2f1e85c
VP_o_VF_E,Etnicidad,3,541c3ed290ccd4d8f1b25ba47eb349dc0f48112d79fe3e8bdf87208337c35ba8
VP_o_VF_E,Etnicidad,5,908355a211e3c46fc1b3a8f2e1993f91c2b8f6ed1e4dc0a35116cd7fd8416a98
VP_o_VF_E,Etnicidad,6,884cb5b8c5fe9cd08ba45735d1efa099c35d158304b732db617a5933c8dd7114
VP_o_VF_E,Etnicidad,9,a3827723294659cd715dbf21510f731587523bb0b05839eadd277a46e7896bb6
VP_o_VF_E,Idioma del hogar,1,91f31e58d7228709756d53423fb833ec8ebcdb46be8365244d1b26106453a529
VP_o_VF_E,Idioma del hogar,3,5be1c31a881ca732f9a3b1e3d6bf84308d452c64c5e261801e010af0abdc41ca
VP_o_VF_E,Idioma del hogar,4,4334018f4f5c2a97666cae2ddabf44eca373bedd38b214ee80180147ef2f2582
VP_o_VF_E,Nacional,Total,22add9112fae0f6e40a61f76f1ba56eca45f5d60c8f500aeba5b3592766bb754
VP_o_VF_E,Sexo,1,2cb6711a7dbe1f60341704be786a391880435f9e2d81e1263963421c0c62119b
VP_o_VF_E,Sexo,2,02eb98d602a5b9dca50fd4666d0851e34ab2174a8a0eb271be4d4e5fdc1efea3
VP_o_VF_E,Tipo de hogar,1,5eb91e087d2d89d2c8e435b29fcc0e08e0bc1e91ccc63a089a2064435a61244e
VP_o_VF_E,Tipo de hogar,2,00e7a7b61ff94ad06423bab683b2b52ecd21a1ad7fc41090c14888b74e40ca49
VP_o_VF_E,Tipo de hogar,3,23bd3aa8164061931a534231f6663c0df034a84768bf748fa9e7abba8c51adbb
VP_o_VF_E,Área,1,d81a362d358468d39833019b538ed0965fb2f8da8ff4810de1385e40471f2c3b
VP_o_VF_E,Área,2,11d8d5b6e03f1374628b7073977b0b2a11901eaaf1114ac88636051e074c2f2f
VP_o_VF_E,Área × sexo,Rural Hombre,f74d19117a8fae8455cf558dcb97f8ba8a8a13848f95824f91634a5efce9669a
VP_o_VF_E,Área × sexo,Rural Mujer,682402fc63a0d4c69818d78ee498ae183ee52b142b7f9812e07e9b3d9c07e8e3
VP_o_VF_E,Área × sexo,Urbano Hombre,9f350e51347d7037a502dd9c361bdc32cb5187919926c36571601a504517b1bf
VP_o_VF_E,Área × sexo,Urbano Mujer,53871282e971b2d62274357bd556a5d2a64e1d35124b54e95ab37ed2c9607dc8
VP_o_VF_EJERCIDA,Departamento,Amazonas,1392d945be8b1c2808b5bb32ebb7a7102939a2748fa6c3fa12f3b145423bf365
VP_o_VF_EJERCIDA,Departamento,Apurímac,f47127d4a3be88951597368757e8cf1a802031fa8b4ccc8021d90c55ec1f3f58
VP_o_VF_EJERCIDA,Departamento,Arequipa,d04ec9e10ed6546f66df26da3c61d7fbff9c3fef3c0d2f09c3d4cc2f460f2707
VP_o_VF_EJERCIDA,Departamento,Ayacucho,69ff6987cecfe4d006c92318bc2d4f36d2a28669a2ef1516e4732423de1101b4
VP_o_VF_EJERCIDA,Departamento,Cajamarca,ed1e876f8f2f8a0fcb49cba045f79ab0c0aee68caa909313566bfa6a50cdf303
VP_o_VF_EJERCIDA,Departamento,Callao,ba4175d4bf2f84a373c4d5789e89d185dca60cc416946f23d08f5c863de1ed94
VP_o_VF_EJERCIDA,Departamento,Cusco,35c77a891677f0b14bcc02d71edbca47bec1813d3bd0beb5e199c6b664ad999c
VP_o_VF_EJERCIDA,Departamento,Huancavelica,d809e7195b9ca4e91e1b18243747d4c0649273d1888bce6bd507d0633909dcec
VP_o_VF_EJERCIDA,Departamento,Huánuco,1b49a60152da84d0da03367d0828444e8721dea331ac822b64c769376dbce00b
VP_o_VF_EJERCIDA,Departamento,Ica,b64af728d7337b822154f54bcdcb2361d4814028406ff3c3e316cc86d6057561
VP_o_VF_EJERCIDA,Departamento,Junín,f66b69e449abbcbd7f2710b27a959daae63acedd8f49e46c58080c27570e3f84
VP_o_VF_EJERCIDA,Departamento,La Libertad,7a40987aabb29776790f8f3c427ae576b4de193b995eb4dd3f5f4401daa93003
VP_o_VF_EJERCIDA,Departamento,Lambayeque,ccab7b7cb50a3498860982a0a572e7a623b2aa398af237dc0b57860a858fb4d3
VP_o_VF_EJERCIDA,Departamento,Lima Metropolitana,564976fd040239d5aaa21f932a09addbffa63e12cf1bdb42fb5a1cff3281abb8
VP_o_VF_EJERCIDA,Departamento,Loreto,661b49887c324c0256fdc672bf333d7847e71751622692c6895bc232cef93b20
VP_o_VF_EJERCIDA,Departamento,Madre de Dios,e89abdf47d61aa9464520998f3d7008b9f4e1896ede16992a08a93beb682aaf4
VP_o_VF_EJERCIDA,Departamento,Moquegua,951c43b3d7056524fdd937931d8392361ba71b20c7abd3222bed69d8b53289c9
VP_o_VF_EJERCIDA,Departamento,Pasco,52e9bc2802b2930241fbac5875f78218d445f7e602e7bbb9a6057162d63590d9
VP_o_VF_EJERCIDA,Departamento,Piura,6fc361d24fe35f4b2aafd06a1a2bd972883df93022b446e031d66d21aa2a839f
VP_o_VF_EJERCIDA,Departamento,Puno,184a2b4112485973f8479017b4d1057669f2fe671aa2033600c58f9ab5765cee
VP_o_VF_EJERCIDA,Departamento,Región Lima,0ea692948d4e75a66bb4a0b14121fcd4b71308c48af3c053c98bf75fd733d26d
VP_o_VF_EJERCIDA,Departamento,San Martín,20192cec1ae2ea058edd5d7cc33bd83b659c27766b2988d7e5a1ad5c128af23a
VP_o_VF_EJERCIDA,Departamento,Tacna,57117d804b30f6d1c8191129a7f4ced9f0d0e0017b360e1aaf2e60f50656e6e3
VP_o_VF_EJERCIDA,Departamento,Tumbes,d396a2a367e2b79cfc64d5101641df6d7881c5de501c447c9f667c453e9798e4
VP_o_VF_EJERCIDA,Departamento,Ucayali,f068aafa18f91b66c4e6e240a588ed2a349ee08d9c2bbed09305e897eca26547
VP_o_VF_EJERCIDA,Departamento,Áncash,d1b2433d90401d14e8cbf91564f03eb9a7e7fe8efce4e499df614a0a6b28eb44
VP_o_VF_EJERCIDA,Discapacidad,0,0f9b039265bc3c7a8ce5dbde4b960395d4b56e47258e8a69de3f98bcdd3853a2
VP_o_VF_EJERCIDA,Discapacidad,1,4831033b1df34726bcd2426213b030b9adaa995e183db902b6c119b73c8a7814
VP_o_VF_EJERCIDA,Etnicidad,1,0f14a139390e4906e53f962991b77ad77d0248280983b9a891b0bf76d1446257
VP_o_VF_EJERCIDA,Etnicidad,3,d1486bc949d6cf257d40b88d1ba4a52d7fae9d257c55eea193a975e1cb056419
VP_o_VF_EJERCIDA,Etnicidad,5,fa53ec9bb6223d8dbebb4fea821c0b64bcde99d72c8e3bda17d3c344339350a3
VP_o_VF_EJERCIDA,Etnicidad,6,b596b80e305cf8e5caa429e387ddac3e8b6c09e197f673162a33c140b8cc8871
VP_o_VF_EJERCIDA,Etnicidad,9,4bab029bede51fe4a2439949a6edb790677599d93723f420eedc97b1e006c669
VP_o_VF_EJERCIDA,Idioma del hogar,1,8f7345459c348d7f933fa75b366c7ef51bd4c7f85f3c31a393deafc195306e7d
VP_o_VF_EJERCIDA,Idioma del hogar,3,3af32ab7b86eea65bb5f36850ac8729d95166f9be6f5898191d72bb2db45f6f6
VP_o_VF_EJERCIDA,Idioma del hogar,4,c91dfa0143dd0c3aaa4e68797d20258a63fa51a1c1cb5e8032db69b4def01a86
VP_o_VF_EJERCIDA,Nacional,Total,413fb367ac9211483bf91d67cb1bf06b274e95d45ad597bdf5ba816eade8d3fe
VP_o_VF_EJERCIDA,Sexo,1,115c336577849961ddbcc8b1fa89c4bfcb5466c9b33b89361e6e4f7dfff1a680
VP_o_VF_EJERCIDA,Sexo,2,2f574789532235d875bd12ee7baf707ca5639456d92392489e06fb69ab2d579e
VP_o_VF_EJERCIDA,Tipo de hogar,1,908a8fef5e3f0451eae311161adfec3c8f56fe248cc109a2a13fcd15380c7685
VP_o_VF_EJERCIDA,Tipo de hogar,2,c273ac8d8e557cfc579d4a4918d45fa7bc1393be647b6192ca0969fbdd074096
VP_o_VF_EJERCIDA,Tipo de hogar,3,755521d3e3fe6e27e50bde0656adf2b193841854a07841809347728568aa284f
VP_o_VF_EJERCIDA,Área,1,f7656aadea6b7db9b70bd046abdc29a2b40195d958ef80e1761a2a08a8f84aa5
VP_o_VF_EJERCIDA,Área,2,b7b89455bf41b416a56ea4e8d7ec01215ca12f60a6f795a574bcc0812e779e73
VP_o_VF_EJERCIDA,Área × sexo,Rural Hombre,2918e97d7737b968c06a7fb1b0e3bbd0d5d7dc294bc1426d6f8872d63800d65f
VP_o_VF_EJERCIDA,Área × sexo,Rural Mujer,3fad6ce54eb8180ccb526a0c5ab8179782e4c5901ddab3bc083bde5957000622
VP_o_VF_EJERCIDA,Área × sexo,Urbano Hombre,dbdfa216bf701a1826dfaf8141febb6e72e1d4a14539c6edc0b7521762a79b62
VP_o_VF_EJERCIDA,Área × sexo,Urbano Mujer,a0bafb68815880b7fe53b74f7c18c6f9d08e25c861b98ad6c3634a3639b40501
VP_o_VF_ESCUELA,Nacional,Total,a8fb1a934483e0e84cc165633e62509ca17e21d06450ed3a276003ee662e44a2
VP_o_VF_HOGAR__VP_o_VF_HOGAR,Departamento,Amazonas,6765b962215b655e6bc60249953e26b252b1bdd2012621825d8435c9cc289874
VP_o_VF_HOGAR__VP_o_VF_HOGAR,Departamento,Apurímac,5ce7522c21e2d59c4145d239dc78a25deb8e5b73b443970fceb9e2ecb85e8293
VP_o_VF_HOGAR__VP_o_VF_HOGAR,Departamento,Arequipa,34fd31ce0c01061e86d269e90ddb9cf28a249cb49384796d978320d485c5e62c
VP_o_VF_HOGAR__VP_o_VF_HOGAR,Departamento,Ayacucho,16b82df934a477df987c9a55d0339388246e876439e00dba7bdb5b836b0713ea
VP_o_VF_HOGAR__VP_o_VF_HOGAR,Departamento,Cajamarca,5d1046a398ea068c64a8b2aca1504e15b2117c3713a29d53535257580790d842
VP_o_VF_HOGAR__VP_o_VF_HOGAR,Departamento,Callao,1c79d3cfa521d2c7e495fe4d456782acacc83c552fd149638b204dca482deaa1
VP_o_VF_HOGAR__VP_o_VF_HOGAR,Departamento,Cusco,3740bace1d3a21e2363a08075dd7bca3fffcef6614fe305b41a1a2afd0859dc1
VP_o_VF_HOGAR__VP_o_VF_HOGAR,Departamento,Huancavelica,34df938f9289f6e3d16c4a6497a71439cfa351fddf040bc100539e2b7e54ebe5
VP_o_VF_HOGAR__VP_o_VF_HOGAR,Departamento,Huánuco,62cff6ef961baff62c1bde20b34715b7f81a8f0af71e3bafc291150023bf6bb9
VP_o_VF_HOGAR__VP_o_VF_HOGAR,Departamento,Ica,701e913bcc2a1c800277e85c47dab7e6887b847aa25994741a38a11a30e1b59b
VP_o_VF_HOGAR__VP_o_VF_HOGAR,Departamento,Junín,9d28145868b98c92e7a60dc9e8bb1dcc6f1e20055337b7d9a48bb37ec742c916
VP_o_VF_HOGAR__VP_o_VF_HOGAR,Departamento,La Libertad,117d343b387d0a9343d4bb030c316969a178190219f681dba115bef7cd683d0d
VP_o_VF_HOGAR__VP_o_VF_HOGAR,Departamento,Lambayeque,c5c76127ab26df706e1fa170978266ac3f6a20b2f3ecef460a3500ce8391eb95
VP_o_VF_HOGAR__VP_o_VF_HOGAR,Departamento,Lima Metropolitana,f10c331f6235424d9189533cb4df8fbf017dc0ddb2cf2900d5f73c98cb0d3e52
VP_o_VF_HOGAR__VP_o_VF_HOGAR,Departamento,Loreto,213f7d04a592db0eafd5bf0973d28657ee9ac5e0ea88e457793de103bd9437bd
VP_o_VF_HOGAR__VP_o_VF_HOGAR,Departamento,Madre de Dios,0a08a1937bdffe1c43ad403ba9d9f77e2124a8e4fd4aaa0d9a37a321d7395af4
VP_o_VF_HOGAR__VP_o_VF_HOGAR,Departamento,Moquegua,fdd8d2fba2405ca333d89dc8bac095ec1286ee85053feb946fa3134a01285256
VP_o_VF_HOGAR__VP_o_VF_HOGAR,Departamento,Pasco,7a4c67f59e7299d6be6e9166f1e835b2942fe37af73cf9503d4e1d8fb2e97d63
VP_o_VF_HOGAR__VP_o_VF_HOGAR,Departamento,Piura,08bb2d576494986e212e072776bfe4966a3906773563a66ef21ea5d034068926
VP_o_VF_HOGAR__VP_o_VF_HOGAR,Departamento,Puno,132c0663d38036b2c2a19be5154fab212facd41d8085c9daec35fa6dbd6af125
VP_o_VF_HOGAR__VP_o_VF_HOGAR,Departamento,Región Lima,1d0e007a33549a51249c5b06b10c7eb272aae65c6a52d5cfb7724c625ef3487b
VP_o_VF_HOGAR__VP_o_VF_HOGAR,Departamento,San Martín,8a9ad50859b012293364e3d92cf05a5ffd2f64cca494f8361a0fde1084c04af3
VP_o_VF_HOGAR__VP_o_VF_HOGAR,Departamento,Tacna,36887b0ead00d6c1558030c2851011a0c1837a83c94add14e5d2f7be30cfadba
VP_o_VF_HOGAR__VP_o_VF_HOGAR,Departamento,Tumbes,a0d255e46e3900e5bfcd5241ca87d325c2175ed33f1d9de01d60d16318622cdc
VP_o_VF_HOGAR__VP_o_VF_HOGAR,Departamento,Ucayali,fcf4c71c3213c2da98f80bd41bb7c1562fc747c48196e127112c4e28e0fb63bc
VP_o_VF_HOGAR__VP_o_VF_HOGAR,Departamento,Áncash,ab976f2812c8f44cee0e7f6c90c7a079b9effaede3c1afefd9e91a2101ac3e68
VP_o_VF_HOGAR__VP_o_VF_HOGAR,Discapacidad,0,a53e73cc0cf7eb58cbbf4979fa2e117a4e2490234a2acf7632106a7d46f7ef9d
VP_o_VF_HOGAR__VP_o_VF_HOGAR,Discapacidad,1,a15c47e31e0b9cef48b79cdd223ad90e32fe305fb9f309bb5989752444cd389d
VP_o_VF_HOGAR__VP_o_VF_HOGAR,Etnicidad,1,d9d122202b816d142f0a4218248e99d82a695c4585c1d0c8f428455670fb8008
VP_o_VF_HOGAR__VP_o_VF_HOGAR,Etnicidad,3,4ec6b63f17ac1e5eead9b744a876a8556b4c4fa3f4c61b048480293e797b15f2
VP_o_VF_HOGAR__VP_o_VF_HOGAR,Etnicidad,5,864f7057b3d838821d54f6786d588e7998b89f71c63dda9e448c2db9cd7454b0
VP_o_VF_HOGAR__VP_o_VF_HOGAR,Etnicidad,6,41a0f3bad3ff639f27148e452e42b1b673d29a447f50f74bee78fbdc0425234d
VP_o_VF_HOGAR__VP_o_VF_HOGAR,Etnicidad,9,f6b3c07402f570f12dabb8fed5379ec50856a1043dbcae17c50307f4c1005a64
VP_o_VF_HOGAR__VP_o_VF_HOGAR,Idioma del hogar,1,4f45ab7bc7635be3d6031675235ea48358cc7403fa18f4bcc4502d5bd6b8026d
VP_o_VF_HOGAR__VP_o_VF_HOGAR,Idioma del hogar,3,7069ea2c89e1d870943eff42f0cc7ffb832b9c641244ecade4c52d5ca50c482c
VP_o_VF_HOGAR__VP_o_VF_HOGAR,Idioma del hogar,4,8a744928e22e2de3c2fdd38edda825d8566ee5b3656e188ba590ef07acd17a0f
VP_o_VF_HOGAR__VP_o_VF_HOGAR,Nacional,Total,08a0a87c519e6438cb93aa3036d20deb19912b3c946e612275ccdd64e15c4431
VP_o_VF_HOGAR__VP_o_VF_HOGAR,Sexo,1,493d88d6058bf2337e28a9447464ed44b71623f23ab9357ae5cb53a009dccefc
VP_o_VF_HOGAR__VP_o_VF_HOGAR,Sexo,2,62b142e05d8f63b1246faea98b0a034ce0000653a5b9fa329989d49f81a8e5eb
VP_o_VF_HOGAR__VP_o_VF_HOGAR,Tipo de hogar,1,b5abb482fbe717796e99a58ca9cca8a45ec3d0fc115a7f724a03bd48acfd3d72
VP_o_VF_HOGAR__VP_o_VF_HOGAR,Tipo de hogar,2,22acee542e0f545516251fd91b659328cc906fa2b97a4859984493ae8ab3f3ac
VP_o_VF_HOGAR__VP_o_VF_HOGAR,Tipo de hogar,3,05ef09b9ac87c1fdd71244021db78485f30173cca9a57860c5e84ae6714fd0d6
VP_o_VF_HOGAR__VP_o_VF_HOGAR,Área,1,f28037e6150d9372c17b6f6e4900037d66627b00224839fc04395ed3bf696eda
VP_o_VF_HOGAR__VP_o_VF_HOGAR,Área,2,560660ba18f6f5c9c0e7441bdc108eb5db7a435fcbd860775e3f44ee4adcfdad
VP_o_VF_HOGAR__VP_o_VF_HOGAR,Área × sexo,Rural Hombre,9860061fac33306bc276472ec4f686fd0f65fd9ef4e20bf425b1aa8a3bf18100
VP_o_VF_HOGAR__VP_o_VF_HOGAR,Área × sexo,Rural Mujer,d265baf07946d4771e74bbaee2fe42a1c75bac49a63f0614ddb58d2b4bc3fbc9
VP_o_VF_HOGAR__VP_o_VF_HOGAR,Área × sexo,Urbano Hombre,501db60e314f31a99ced03135754e2f949b6270f52c48b28d5c4b770427c524e
VP_o_VF_HOGAR__VP_o_VF_HOGAR,Área × sexo,Urbano Mujer,2b1786a033eccd912fdfa8a561eb28a0480add47af7ef9073c78481dc60e0a86
VP_o_VF_o_VS_HOGAR,Departamento,Amazonas,12c1fa7c8f0435cf05f6fae487163fbb37657a533afbdd8d95b86181e67b24b9
VP_o_VF_o_VS_HOGAR,Departamento,Apurímac,32193e15d83351bd3116b0d70393d6087450ffe6e95a9f9b750e362d259a8bd1
VP_o_VF_o_VS_HOGAR,Departamento,Arequipa,d7b1b15b1d6893a3c5b87fdf57bb980817f13d1eb181ba59c6cd2276151a563c
VP_o_VF_o_VS_HOGAR,Departamento,Ayacucho,48a8c622bf48d2286ae0cf23666bf47e067df334775e6b2fdf30aedce06e2919
VP_o_VF_o_VS_HOGAR,Departamento,Cajamarca,0503566da251c2c17c441262a80eba57986a819241a5c50fd2e0dc0d0ad9fd16
VP_o_VF_o_VS_HOGAR,Departamento,Callao,ec654c3c8ec99936ab0ce57d86d9bbafbc82633394b3a037c2fbe30b45e023e4
VP_o_VF_o_VS_HOGAR,Departamento,Cusco,08dbfdb13c4df0503cb211cbbddd24198a67c196c04dd8b8f427380d96ce594f
VP_o_VF_o_VS_HOGAR,Departamento,Huancavelica,eef3d7bdbf7f0253ab4b25b4594eec11af19d0883b51d72eaf32598927fb3594
VP_o_VF_o_VS_HOGAR,Departamento,Huánuco,a0cc13c54216c01a1b35fa853bed14a608ebe8bc0397612956c238aa62b7439f
VP_o_VF_o_VS_HOGAR,Departamento,Ica,9d193e86672c5acde138c1090c5dc2fd69fe3c277c0d4c53c1140d43694f4b53
VP_o_VF_o_VS_HOGAR,Departamento,Junín,9beeff25d5ae864863a302c6aedfb2f824b04e030ec22f6265384b61167c4e16
VP_o_VF_o_VS_HOGAR,Departamento,La Libertad,807e7a83e498e58af7936e0a882e352eaca589319c2af40ae60f5d93163a47e6
VP_o_VF_o_VS_HOGAR,Departamento,Lambayeque,8e39c61406fbd45d80868798c30567fd7b148a90b6fc5fc12bb1276c0f46f64d
VP_o_VF_o_VS_HOGAR,Departamento,Lima Metropolitana,ed90262f7b8c467c30ee3fece0f3c08693c87f0602b42093e8b217c60c62454c
VP_o_VF_o_VS_HOGAR,Departamento,Loreto,5fdee37aeda2b022f56a120c1eaec050bd790b7b6594177ff6a8f4400d976580
VP_o_VF_o_VS_HOGAR,Departamento,Madre de Dios,0ffccf19cf9f83940dc2b64e362d90cf0ebb68b939efac0fb9b9b3a2e866e194
VP_o_VF_o_VS_HOGAR,Departamento,Moquegua,24c4887b704bd9c8b81382c87b47fd553c6a2b20635d5c9572de6fd1d6c0f4b9
VP_o_VF_o_VS_HOGAR,Departamento,Pasco,8bf7796ea1ff1881ee30696892fdfb1e4e828e1d36f44bf87e101e2a9dcd04ac
VP_o_VF_o_VS_HOGAR,Departamento,Piura,2bda9a8753e927a9a8e136842477f8fcdb3b719da2ddc4a953c3434c5dd13275
VP_o_VF_o_VS_HOGAR,Departamento,Puno,085523a11fccd6b884e3a78440d03e731abcc0bb3e639c304f1b66177f33ef88
VP_o_VF_o_VS_HOGAR,Departamento,Región Lima,2b032471d861a241266023b828cab3a4d79287b02161d0d7f117d17a020205a8
VP_o_VF_o_VS_HOGAR,Departamento,San Martín,a9e028a0ca6f39d209c045d300a73bccfa196b199252bebc4ec5648f506a8e5f
VP_o_VF_o_VS_HOGAR,Departamento,Tacna,92d4c5fd54a7869ac8f5078b358a9b0d91a2374a52989d98e17d5c110c5a8c55
VP_o_VF_o_VS_HOGAR,Departamento,Tumbes,c19e1482c172b68d2fb74e4f62cf35ed4a7ebb0e1e96a3737d696e49617cf8a2
VP_o_VF_o_VS_HOGAR,Departamento,Ucayali,0020b1f4d3857187432f304ae6e3a772175466de416c42a78afd14f1cb18d9cb
VP_o_VF_o_VS_HOGAR,Departamento,Áncash,c2b64a3c9485f572bf73b362ec4d748bd89bb1729a4869d4a98a3ed08f155e4f
VP_o_VF_o_VS_HOGAR,Discapacidad,0,e36fbddb25e4bb7a6c7387c6e67ff687196fe94ab9714d5ebb743f3bbff03d77
VP_o_VF_o_VS_HOGAR,Discapacidad,1,7b7bdd0ed426caf06ac87f8ffb660aeb4ed4cd7a4a4c44968bb4aaaaa0721044
VP_o_VF_o_VS_HOGAR,Etnicidad,1,bd2c3e94d7ebde10733c60bd2f91f323a02169e0a30a118ff704a2f64d9c3c4c
VP_o_VF_o_VS_HOGAR,Etnicidad,3,ee32160fc8314d01eaf677f4d5d41b68d1b99252ce0ecd5f1e3626095dcec67b
VP_o_VF_o_VS_HOGAR,Etnicidad,5,7ce6c4b053c71a39e99969bec1bb88e04830ac67aa07b9156a6ecc55af61f068
VP_o_VF_o_VS_HOGAR,Etnicidad,6,611b8b57916888081b5036ffd4a3d7a9a2f40eeb31595388e2c24542b1a0c82a
VP_o_VF_o_VS_HOGAR,Etnicidad,9,e2708af9e24be13d772d65e9b449b29b14f0ecdbdc86d0085c092b419cdce0e1
VP_o_VF_o_VS_HOGAR,Idioma del hogar,1,132a3d663d3266454e8d4b392bf14e166a3689b9905b0ee8f3d9604bb5a5e384
VP_o_VF_o_VS_HOGAR,Idioma del hogar,3,81de8d4d1273a78752be1ab970d8866a91771a8dd9eab370336e6f2d493113c4
VP_o_VF_o_VS_HOGAR,Idioma del hogar,4,0a3e2080ce22d4a376909f86c5938585ac397bcf2663e8abb8c2144ba7e085c7
VP_o_VF_o_VS_HOGAR,Nacional,Total,ff3624ca9b47803c8c7f6bff233c56c3f88abe231911162c2f0f042e41fc366c
VP_o_VF_o_VS_HOGAR,Sexo,1,0dfc5f2fa79e04e8de2cb85d1a2eb54b02ccf848fcffcb73e06b4c750543ec61
VP_o_VF_o_VS_HOGAR,Sexo,2,04613a68c412374547d091d52ed8fc89715c9632b42d06a313ed0ed229f4dea5
VP_o_VF_o_VS_HOGAR,Tipo de hogar,1,4c1361f58ece464c8c579695a39818163b4c4f17f1faaff26760276e2de7a815
VP_o_VF_o_VS_HOGAR,Tipo de hogar,2,fa7c9888e9fa1aaf2d12db2ac5b7d7ddf6f8032654f53013229388c038008aa9
VP_o_VF_o_VS_HOGAR,Tipo de hogar,3,ce8aa6d7cae1e8a6586677d944d839157e48297ef8806ff0d302334905b046ef
VP_o_VF_o_VS_HOGAR,Área,1,1f2da9fa4bd2ae044165a1fa4bef74ed70edf2c06cdd8b17b595457f2adebeaf
VP_o_VF_o_VS_HOGAR,Área,2,fc0175746fb08a8be053de7721fe68919074b975c4721b0e56fc4ecd43544f87
VP_o_VF_o_VS_HOGAR,Área × sexo,Rural Hombre,66630118fd6028c0cc5c12edc6814afc5ac852b0c8de75a18f23db733e02557d
VP_o_VF_o_VS_HOGAR,Área × sexo,Rural Mujer,3b73c2aeb32541a28f0515ec09a359496133de3e0d627c6458f07de1b3e2d6d0
VP_o_VF_o_VS_HOGAR,Área × sexo,Urbano Hombre,8752b843d582e95db4d841ce874f5e4cdde2f71c9471d8d0385801630f2318df
VP_o_VF_o_VS_HOGAR,Área × sexo,Urbano Mujer,892d4f67eee36110c8a2366b33e93d0a5ae913f555c7b90a19af6af1f5c7e16c
VS_12M,Conductas de riesgo inducidas por adultos,0,bcdedb1a58a454ec017071aca4f7be9446372f7722a6c8b0093b578f70782445
VS_12M,Conductas de riesgo inducidas por adultos,1,393be9c97dff71ba5f376fb16d5b4844d1fbc8588ed13b319f8551fe5bc3f8e9
VS_12M,Conductas de riesgo personales,0,b4d40ba7f42ad7865453e1d914b4d2b859f268c574ae9235d70be7d4781c7832
VS_12M,Conductas de riesgo personales,1,42008eff131042e3cae188a09574c28a211e6234036398cb0926269fd38f939e
VS_12M,Creencia: VS ocurre en sitios oscuros,0,b3f86b954ddd377e0aa549355c5208db774f6abb337a9ffd5f90e452bb4d5074
VS_12M,Creencia: VS ocurre en sitios oscuros,1,30c11bcc1089ece959c446699a753470390ed048c447f5bec8d3f1d68acd0ca9
VS_12M,Creencia: VS ocurre fuera de la casa,0,01d19485e60db3dbb357de89d3176324b572c02ecf91dd53cd571c39e53ddd67
VS_12M,Creencia: VS ocurre fuera de la casa,1,4d19a04c5729d15e5cd8116b8dbc73c310bc45ac53680681819bdc6255e63431
VS_12M,Creencia: VS solo afecta a NNA pobres,0,8e1cf1b629a822caafdc3e1105a5235a9b341ee0fd916c55fca3f3e333fcde59
VS_12M,Creencia: VS solo afecta a NNA pobres,1,820b147e3ea8029d16a82601f8b97a01a84a2a9383a5d227f01e1697b7cdf25d
VS_12M,Creencia: VS solo la cometen personas locas,0,6c20a614179b4959c9c10c38f2a42171584393ca34141719f76db33144ef61bc
VS_12M,Creencia: VS solo la cometen personas locas,1,e349fdc83150ecf5f34dda80f262e2aef2ec49da3951d76298cb3c388fc8e08c
VS_12M,Departamento,Amazonas,442d450fb75b3fdee3166546482be6b1b8d2c420b8f86c91a0310564f72033ed
VS_12M,Departamento,Apurímac,a43a376518b33fc7129e11ee5550dc4a24bbdce39b41ce73f7092c4f672af1f2
VS_12M,Departamento,Arequipa,37b8cc80cd4d42c454b18b0293b5b936b0aa0226d2a146d3693d5119fc9ca117
VS_12M,Departamento,Ayacucho,79fd2deae22bf99e401837d01b18c4eac918d376bb98bb56e083bee3a9a0b917
VS_12M,Departamento,Cajamarca,8c93dbfa5ca3c33e289107ef2ef3b42c13422a0dc2ca37b606b1457fbc20217e
VS_12M,Departamento,Callao,02da8498f0579defaac4a34a74d074c995064e3a8503645083322b767de68887
VS_12M,Departamento,Cusco,e0a6af0dab50358d8a2a1f6471130a87176c68a81f83143e18763dc1ab464d3e
VS_12M,Departamento,Huancavelica,ce0fe5398a152dd0e4ad3d0322bf4752fc50a42eca2058ec49fac1c66e9aedfa
VS_12M,Departamento,Huánuco,fea9c639e8f98359f8bf5bdf99253b818fac8238c9c07ce5c5eb3e7078c671f3
VS_12M,Departamento,Ica,c1b6613b2d981ae4bc13130ec3ae619ff5bd5f2b6e41096cd9b4a6f0ddaa96ab
VS_12M,Departamento,Junín,e39796eb5206f5dcdf4625996625949082be7e75367222643618dc99ca26fcaf
VS_12M,Departamento,La Libertad,7171d463dbe735b262a7126b6a497855d6b06d43695453e5951bfa67fec1f06c
VS_12M,Departamento,Lambayeque,4798d2cacc09896129b30f31d46a6d53cd13e17582dadbc74e7c8ee0e599158d
VS_12M,Departamento,Lima Metropolitana,e5cccbc3603d4c22ff6847149ffaa7cb2ceb3e5a321a86d7adfec7801524d08e
VS_12M,Departamento,Loreto,06a3a38a654c3edb3beb0cb1601e300aebada3f9ce41eda1b79bc7800ca64639
VS_12M,Departamento,Madre de Dios,7b05e233936eee7b3ea6a91aa416ec7a782aecb5545bb6105fb52d9c46ccfc32
VS_12M,Departamento,Moquegua,52a11cb7c3a1c004eaa382e7cc2f98750db48cc6299dc3dd33fd574ef7073cbd
VS_12M,Departamento,Pasco,1d9fbba53bb87d8ca19132a8880b0dfc36921a0ce12803f9714c1acf1900b75e
VS_12M,Departamento,Piura,42eb7d91d56d61cbce6f6a45b96089dab36c271f708d56d41089f36e98c941ad
VS_12M,Departamento,Puno,546dbf2347816cc56a7d30e354b53c6d9fc28453dbfbeebba1ff79758d284bc4
VS_12M,Departamento,Región Lima,15829e4faf75df2ab79300955ce2c2e543d35e139396166814d2f8916f163871
VS_12M,Departamento,San Martín,002c997fd084e87106b95854d9a77e0030947e849bc520e303f8fdcf792a511b
VS_12M,Departamento,Tacna,2f1b4cac5b54ff639e30dfbfda73335c14082871d1524dfc608bdfae71889e20
VS_12M,Departamento,Tumbes,c807641264ea3a2fb8ca4a906ca501e302018a0b6c4a39ebc295bcc8d3a3598e
VS_12M,Departamento,Ucayali,c3cf330c58bc5d651e945782dfa38c2e1ff6444d0b8650c6896b3141b7f1325e
VS_12M,Departamento,Áncash,e65c774d1ebafc7d7925540a727c1fb5f327de64ccb40ec07779805ad17778f2
VS_12M,Desempeño escolar: expulsión de colegio,0,bada41d70462f23deb81c8b0e85a2031c9db0f45c4966d706268a3ef50f85809
VS_12M,Desempeño escolar: expulsión de colegio,1,ce63b3c6b4c5a189310e18a19a73f9e3ed7b802fdc28836d6b3f1f843e683cec
VS_12M,Desempeño escolar: repitencia de año,0,2429b66006af6c8710aba2bddb07c67b488b41882262012e4025911daeb5b137
VS_12M,Desempeño escolar: repitencia de año,1,a51678cc40818a3958ef5ffe077faf1bd1c7fe40e84be9aede7dbd3ca8bdfa9b
VS_12M,Discapacidad,0,ad92d3fc44965602f8256142e83d3ea3b2268b77df3ffa9be3af4b86b028f2fc
VS_12M,Discapacidad,1,b57163a470044f1aaef9c85170ccc877203d1265e884432840ae7dfd97d10308
VS_12M,Etnicidad,1,d5839224e0201f365911134ba9eb30b1b3d16021f66e2ba1957f98770da281a1
VS_12M,Etnicidad,3,d504786ff5bc96d1bfb29d7e34f8bbd6255b48caa0a17805144c239ac27f4535
VS_12M,Etnicidad,5,cb6772164394ace8f0ca850851fd1aa534b46b31d8555b41c1afa0982665cef0
VS_12M,Etnicidad,6,66197224c613814e94aee65a9f9161f80c2c3a66026110d84f7a1d3ed056a665
VS_12M,Etnicidad,9,70d53b717f2c46e251c4e53c4a7f189d25464e4fef06c8d60946ebf567658f52
VS_12M,Exposición a violencia entre cuidadores,0,490fd48cb34ace7564056baf0675b1305e8fb982493ce77606f9520f480af73e
VS_12M,Exposición a violencia entre cuidadores,1,e2a648a9120030b2fbb79c0d2f1f1b369b60f1beff7bf1729a70c11404fcbeb0
VS_12M,Idioma del hogar,1,3879d44b588f400ab9cd572d2e68003a0c3de6423ae4e4115fc3ad27560efdaf
VS_12M,Idioma del hogar,3,49aacb34f2e70b0f6b0808d4999fcbdb63f375695873df22a5007dd7a4c7310e
VS_12M,Idioma del hogar,4,20fb57ca0dc5d37ae524bae62ed995d5e515d8dc68d64273819a96f73f9d0ac5
VS_12M,Justificación del castigo físico docente,0,59cd389add84cb8dcfe38a5d6932f7e9bc330c2169629d6473b96c708284070a
VS_12M,Justificación del castigo físico docente,1,845a6cf565e4869d33490e1528b74e8781598c6c0dd6b0cc9e25eb8331cfc943
VS_12M,Justificación del castigo físico parental,0,c70bb4eb47ce5ff49ad108957c55a6adcc96c357289277668e543582d254bf2c
VS_12M,Justificación del castigo físico parental,1,810495f6051e4e1823bcfe548e7a1232c726bce609bfaf2ef7620f02572d0620
VS_12M,Nacional,Total,3e5062234773f189e2a2259a24d2e05bcfeb8c4f5e979b1818b6a2f16339e029
VS_12M,Participación en decisiones del hogar,0,5a49f4702415b6745348c08fc85d37f0c9a73bfd4d4233be8ff33c8947b61fe8
VS_12M,Participación en decisiones del hogar,1,35f4416ec28157a441be0537827ceb7de450fd396d9c7d6999f63894b944ac83
VS_12M,Sexo,1,b3e746a7e54542827daae7a568d1e294dcd716141ae1be582ab6d5cfdd5f0f59
VS_12M,Sexo,2,285aff246285bfcb0cc666e6b41d13386ec37e4018000a20d72ae60ddb5d3bb9
VS_12M,Te piden o te han ordenado no ir al colegio para ayudar a tu mamá o papá u otra persona en la casa u otro lugar,0,4faf637f629ae9dfa16189c4e4f1767cb4d1dddbe4c98add74d91395b3ca133d
VS_12M,Te piden o te han ordenado no ir al colegio para ayudar a tu mamá o papá u otra persona en la casa u otro lugar,1,6f35f0f32c624ed05a4c5d8113bfdb7fa2f656e0e18f8183b9175ff82f566b09
VS_12M,Tipo de hogar,1,c2f52e4310ce219bc19f99c298ba9f9d7a2e6f1cbafd2afadf099e71259c2e04
VS_12M,Tipo de hogar,2,8b3efee4c09ba91394a5197db1c06625c4d44f76ba7ea316b4b018b433b4d6d8
VS_12M,Tipo de hogar,3,2af5687d965bbb02d694ea157bb55aaab676084ae044162ead8ea916bdfc7149
VS_12M,Área,1,b1d9a51bf295f7c23a2fe8d056cc9e6d86f665d03323c91b978242a858bedd5d
VS_12M,Área,2,8bd20f049872841f8705f83dde5de583b111b97336636907a682d7c213db5d03
VS_12M,Área × sexo,Rural Hombre,7537165d35383e58f7c93c3fd15ecb8a9a6b97a35bf9ca52a15948685ae34ffe
VS_12M,Área × sexo,Rural Mujer,8e8f458f737e24ed27bf1f784e4f0328148ff36377702810e2c00f677f34a8a8
VS_12M,Área × sexo,Urbano Hombre,0323dc043671d99737c5bccf09f2f6f5e41b0207e53594a84b3cb836e42fabd6
VS_12M,Área × sexo,Urbano Mujer,3752a269d7d09861f31b6db2587063c0a60eddef8d91a87009ba64cc4086e637
VS_E,Departamento,Amazonas,d9e84895104d78023782b248852c0d5dbe45e73dbfda65f1a26bf9801e2e129b
VS_E,Departamento,Apurímac,80740db2778ed9f3e384bbaa2186aea93f9cb4e7af5da5dbae2ed7f1d31b0aa5
VS_E,Departamento,Arequipa,7f98944311ae396e619d547e4df11645eac9fc3dae44e6a7d53a511808f4b49e
VS_E,Departamento,Ayacucho,16490d4243b051479e65d3e6a64dad40e61997d4aaa480754ec40d0a396b15dc
VS_E,Departamento,Cajamarca,8675c253705bfb98820828a39b13938ccc7dec15ea1a52570dc191d32b0d7313
VS_E,Departamento,Callao,139783be5bcfedb2eceaefecb20df18492777b58cf71321d9bac163f4f58e42a
VS_E,Departamento,Cusco,60d92a3dd2f6c1d5e4406346ccdf043c20cac1fdbb93570d3aae951448b41572
VS_E,Departamento,Huancavelica,2d326f09fce8ef2d74d3539e320831edf613c3c9922f70e28b7156059c66c96b
VS_E,Departamento,Huánuco,77e093e37f69ffd21ee47f9107c9911953bc5bdbfcc9567bff2f5726f3fb523a
VS_E,Departamento,Ica,78a2d871614e03c7e1d4aa6dd0d6ac1b094c4c59523f20c3409b3afddb7dca84
VS_E,Departamento,Junín,3b331cce3caae3bc90c6da2773aeefb8204346bd163e6e590b68ebcfc836accd
VS_E,Departamento,La Libertad,406114966c8c5952e8494c5cae3739bb4d791e54aa77ed23ec1e682153315c45
VS_E,Departamento,Lambayeque,96e7a8a786234273b3d0e8fe20180f5a8769a93ca061085172a57162a7c783cc
VS_E,Departamento,Lima Metropolitana,97341dfba3f08f76af776053995f255a21cea108a79006b765801b42ce2f91aa
VS_E,Departamento,Loreto,2c14cca418998f9643fedac3139866a39fd9d35957342c4e863f21dce1ed0510
VS_E,Departamento,Madre de Dios,c0b7dc31fd277192e7ccce42848ea71ac0ea1d14cb8372dce5a75d57bc8ad38e
VS_E,Departamento,Moquegua,a777e6bcb2ec277f7b8080f07a40e25174a7fd61ef60c969939fe9b91f2534a1
VS_E,Departamento,Pasco,aa9db07c6d08b4db09d484bcb1baf1493f29b8a0ce89fa298eee688caa79dd97
VS_E,Departamento,Piura,e103a2a7421d038b262c35b4f9bcb80c5e71bc56e6a781f4fdc5d4c08dce8689
VS_E,Departamento,Puno,8e8f4055709ae921638fe06f3975ca2f70ffa82fc7826c9e49141e926a72685a
VS_E,Departamento,Región Lima,ae4835bf1be87cf34d002ebc23822e0c57b8c7f7c928aa798da74a2ed162637b
VS_E,Departamento,San Martín,1ad8936e08d7677c816279f54fe212d313ad5be6da4342e752d652c8d2e69fa7
VS_E,Departamento,Tacna,3b7e222177fd2dc06f17220949f1e8f329d8b2fe0c0d1357f611978ef3ef31ca
VS_E,Departamento,Tumbes,913441772ea7c89bb328860eec092120a15b1b8e8b1503bd8cba6a3abfe09c2c
VS_E,Departamento,Ucayali,d8cb1f8dcc6106b752b49e156edd9ee5ccc825e3d4b69bd04b513fe76f27fb37
VS_E,Departamento,Áncash,f048a4224ad0d89e8763d7d6f6db384fc6bf1155f3b2e09e538b1f003184afc6
VS_E,Discapacidad,0,8e91208d56b22c1eb261dc5422c0e4f919f7c5e872b870a8e78fd66367104f6e
VS_E,Discapacidad,1,7407184bbb7be73763d6db39e046c1e12b58845769dbfa0ff19987c0b7e7bce2
VS_E,Etnicidad,1,49b41d03d4a730d6a1b9247826315b442622b4703a537dce005824e1b93d462a
VS_E,Etnicidad,3,5119019ed1efe6a52274a262da5bb141dcdf23e3aaaf12b0dd1e262348b222f9
VS_E,Etnicidad,5,d4abd37acf784e61ace3155f50380afd8bd126abe8a4a7dcdbac94027f0c1548
VS_E,Etnicidad,6,5640f8bad93752a0ab3f87e2512156a14493ce7aafc449cd46e7fc9f552f27e1
VS_E,Etnicidad,9,1a8214f5bfa635736fde4a42f363a1c9a67ca9bbfd088a17ddfef1ac44084cec
VS_E,Idioma del hogar,1,80d8c5f8089e4c87d165e16113b2873b3cfa7d2d966d7f05e1b3c704ccc27909
VS_E,Idioma del hogar,3,81827fdd153a212955e449110002cc25289f4ba2182c1e288576a87aff7f4407
VS_E,Idioma del hogar,4,5068f033745a049f9a3f26701c4e331898be8fad839ed8f3b93829be3cddb1bd
VS_E,Nacional,Total,3a2d85d1b4b97f554ff786555813bb9271468fa2ac95a9b5933988e538518881
VS_E,Sexo,1,fd688fa92043ddd2da7930ef75bce04905bf4019fc535fc80d6eea9b0b59a054
VS_E,Sexo,2,b8d026dd46f0af00c0ff0ca93c757e731c9598e31839d328cee79e5fac4ed468
VS_E,Tipo de hogar,1,3a28abdf70049407a21237c6b0eb1a4de0a7f563e52e8577fccc1ee02730a41c
VS_E,Tipo de hogar,2,b007f0fd1caf75996d5f157cf965775a28edb7ee6292ec680706786658f7bde5
VS_E,Tipo de hogar,3,15cb7567bd3ae86cd6d47066698b22ed9a33d83e673122bb77421af8bbe77dd2
VS_E,Área,1,fe1f5566de1736ba4f0be9f9522746725eac4ac000d2090855d070f71176ee83
VS_E,Área,2,d61fd5ee401e2fbde9712e26ad01e216703003926703b753b14aa16cc4194e10
VS_E,Área × sexo,Rural Hombre,55bf0ec3700d4b2113678bf10d82a7b18fa8edc5fbe36e9fe8f26ecfbf3c3073
VS_E,Área × sexo,Rural Mujer,610d3b9368c402ed2da352c0c3c60531f486559d41d6db051ad5dda975acbba5
VS_E,Área × sexo,Urbano Hombre,1452d1ea692f1a3e37d58af399aa54d7dfda41a3035a775ce09254d31b56f10c
VS_E,Área × sexo,Urbano Mujer,3e3ea1f9aa572417dd67904ae3605cc731d9bfe1d3d08ba86a15582dcb931245
VS_E_1,Departamento,Amazonas,b249ad976c441d4c869d2ed7f8f046021025110f056ba6f92446a50b289e92e1
VS_E_1,Departamento,Apurímac,7031f67cea65288bbd022b825f5dadc576675f36f893d3cc158fe96865e29bb7
VS_E_1,Departamento,Arequipa,aca72e7c410236be235e6dbc3447a1feed9a2f81ff8acc7880249b6529c0954e
VS_E_1,Departamento,Ayacucho,85bb90f09aa4882b5a1b9a1e0a8d18738463824435a759a7ec03a1c8715b04f8
VS_E_1,Departamento,Cajamarca,cd52674ee4067c669ecd1bc8971218c64f0db501853210115ae3c3247bab357d
VS_E_1,Departamento,Callao,e960c1f4b57e500c6943a9f5f610c09e2a107b0f1935a90ddc815040626f0ed1
VS_E_1,Departamento,Cusco,8f6a7fdb728ac0c8e6170a26954efe304b1322cfcd0903ab2dfdd1b42084497d
VS_E_1,Departamento,Huancavelica,48585dd2331b5357e3abe0dc5cafb8df4e1bea55c602466ab57bbb3c01205cc6
VS_E_1,Departamento,Huánuco,9fafbdd138517feffaf7cf29c5c1b19dc3c0e1f9189873540c593ff26013ab4e
VS_E_1,Departamento,Ica,e0ecc595d24516e4035d320ba088a38584a73b7b2f97d0d0cc4d5aeb0488cb65
VS_E_1,Departamento,Junín,75a77ae0ba29012225af2658969ad1899d0e2ca8e00cf9fe1bc4ed05c6031ffa
VS_E_1,Departamento,La Libertad,f8f213b0dc5e747c9b560ba6e981fd0cb094f81d7846f103d3c74e8b3036e8d7
VS_E_1,Departamento,Lambayeque,843e9cd625ce6a6643a712573b1fe63928d7326f49c55fad8b9f2ccd9e6bbfaa
VS_E_1,Departamento,Lima Metropolitana,aa5c8764abaf09824cd12fa41cd9ce15375ade6c83ad771fa3ee6ae1a3eec415
VS_E_1,Departamento,Loreto,4d5c67a112407b20a0097dfa1817d89570984d59b74f44986a8c508da7483734
VS_E_1,Departamento,Madre de Dios,0dcffb4e36b60b067557d9a305fc47f34ea2e3406e11746e19e27f9b9f6222d1
VS_E_1,Departamento,Moquegua,533cad7853a3f26e505ad06d0e9d2975b2dcdb69f9ac15700e164cf57f6cb028
VS_E_1,Departamento,Pasco,0d991616927177c5a92c4789567821798190e012ce11465283ccc6cb71ebf611
VS_E_1,Departamento,Piura,dbe6ec1032ca15f9a41ffa4c88082207902ba0568a43a62b9e43852eb6083729
VS_E_1,Departamento,Puno,ed19cff5a1a369a03ae7ad507dbda3fcbc263ca9485890b5adbf636e23b4da22
VS_E_1,Departamento,Región Lima,28671de8e88472e96c38189e9a78f38be5f4d2fb5a7d525e0ceb14f6ca274be6
VS_E_1,Departamento,San Martín,bb806a32841e1cc60455a0dfe1211cc7cbf5653ac82f604501cf79235a3aea5e
VS_E_1,Departamento,Tacna,d2433df562784497beea439af8822fd57a04d62d6c1ec4521cfd0c610d6edbe2
VS_E_1,Departamento,Tumbes,6fbb7a640ec974bd1b30aa8e30d4c9b9c7f16775ca92c166b860e58c4f11d525
VS_E_1,Departamento,Ucayali,95c2621d486134872969f78e5b3dcaeb5bf3e7127ee2ffd0f9b16f75aa1c887e
VS_E_1,Departamento,Áncash,0a68337a465c3f2d8321300f59dd2aacabca90a5d90b2aec813f8f68e438754b
VS_E_1,Discapacidad,0,e27b4fc421ed84569581c512a821e0fd5f4a506b284d34d2eec1f4a03d62c436
VS_E_1,Discapacidad,1,41028fabec2846dc5e7b84ed38219a4f87ae34976046fc8b2ced3d3ef40bac4e
VS_E_1,Etnicidad,1,082bcd231c2f4a69c71657ce615833b7638259b8d42121fd54b59cac164e6055
VS_E_1,Etnicidad,3,9b1b032f897aa79946d0e973efa0c0ae2ce6b844d606467fb4d2cc938cfc9a1d
VS_E_1,Etnicidad,5,66514b4cbf8e7cffe815350123b9f7a2a998ddfd28e16e2b79b52c7ec6c17907
VS_E_1,Etnicidad,6,b7e79c0411b98fdb068bd2ea0f5ab8b6092e0a4881a17306c27f6384d79c9b58
VS_E_1,Etnicidad,9,a9d3d2614b92a5837c728ee78244f0829bef44ba2f8740fc3ba23df371aa6860
VS_E_1,Idioma del hogar,1,e9929f5b1681a9bcd16581820a9d2dfc83f290a385d4cde4c1d8c7c4a917505d
VS_E_1,Idioma del hogar,3,aacbc4bfc1771561d6ed4a50e4670514f097ae44cd08acb9679cb2efaf990ad7
VS_E_1,Idioma del hogar,4,6d369165d24789db9411b438bd4e0a41c945bd83ad9e81828cb6d75916829fd3
VS_E_1,Nacional,Total,adaefb6c8d3fcd487367b610cdcbfc042923080610c1d13cc717f55ba7fef857
VS_E_1,Sexo,1,39c698c49b347263d2ec873ec0ae1f244b2d4da29a9945511594ed70262d3c0e
VS_E_1,Sexo,2,e8a74ef0a890d53da3b9df8224c879372f202a2bbe65bcfb1b466cfb6d0535dc
VS_E_1,Tipo de hogar,1,5014b403fcd1714b0651a3c8949c0739e98e5dff29b91f5f9b1e6092d27aad07
VS_E_1,Tipo de hogar,2,c754e0ead815f07de9dbe78f7da9adacb9e3fd5b312ce20e9953f60afa759d1d
VS_E_1,Tipo de hogar,3,e40404c422fa50d490acfdd367aaf8b92d4669f5674b818bd076ff29ec417e1f
VS_E_1,Área,1,585f1d5e9342ccf5da780d88c98b220486cb0daee4529bd9522e1f31f50fd548
VS_E_1,Área,2,eafd69f205626461bc348118463a9feb498aa8ba673bf8ea2fdd2b4d4655f3ce
VS_E_1,Área × sexo,Rural Hombre,9924c1e0f60dfa10e6671c7a33f5d71f98cfa5d319ec9b886422a73aa9e020d3
VS_E_1,Área × sexo,Rural Mujer,fdb7f490df00823c42922adda72eebc72e4d219d423f96faa13f461163225a8f
VS_E_1,Área × sexo,Urbano Hombre,e119186eeee32ca504f7972812c2d062871f45ddc7cd225fd69a2ddfb370ef81
VS_E_1,Área × sexo,Urbano Mujer,e7b5618fc01f3c953d8cf7e88cbee849d6d7af9317cac2d67ea97d9d23140885
VS_H,Departamento,Amazonas,2798f0cbb0a4bea64122becdc6e1c3d22debaefaa43bc04e975c3d58e0badf16
VS_H,Departamento,Apurímac,58c31cadc72422edfa639ff11d8419aff37763cf78dcd66874d4e4330472c3ad
VS_H,Departamento,Arequipa,cc53e14f1dc23f3d7b636b44001fbf773a0d464e8d3fe02f0c3dd4324c892d59
VS_H,Departamento,Ayacucho,206f87f5a11353310a9fb48db63efc5bad75ffeb8c6408b20b6f249846e80ea7
VS_H,Departamento,Cajamarca,39f8d4cd3902f5df9ed362393512102219f9b38b7ff6b5dc42e6c2d9651dce36
VS_H,Departamento,Callao,6d51f28c8e33c5f6b432999dcef52c7b6c50b4517903c413f826c848c860cbd6
VS_H,Departamento,Cusco,85662fb4cac209c7a38661ed25975267392ef6f1166465db421c5beea5fde107
VS_H,Departamento,Huancavelica,fba17298731806605ea507d876649ac679b5ece28d49369f7c93c6795e754cbc
VS_H,Departamento,Huánuco,f0e27dae24941dbb6a1fe10e4a8f617981083068fecb9b362f336d3c785de7f9
VS_H,Departamento,Ica,1dd6cef35645366e36fbdc79a57620ffccb38a487f23f8139d95b59dc433415e
VS_H,Departamento,Junín,0c4353baadc6347e628e28dec0bb35c9e0555773f861cf71d488312f88b52e15
VS_H,Departamento,La Libertad,160be4c75e0add135a51bb5ba8d2277b7733fd1edc1e48ea8785e2cbf6e2e011
VS_H,Departamento,Lambayeque,3c656b419be00c88c7f0be085c37a0c9a5069bc473f0563cf7ecaceefd256d4f
VS_H,Departamento,Lima Metropolitana,450ee4d95274ce4db57be636d5c1e917e13746a70c08e0a59c38cb856889118b
VS_H,Departamento,Loreto,54df73742c759d594cd27b32b333eef296f87f60216d102858aff89eb0cbb3d5
VS_H,Departamento,Madre de Dios,89c3060802c960f28ee3de0abf3fe2978e17d7788a9e160e896c4a8896645dd6
VS_H,Departamento,Moquegua,feaefa6d6c792f0d29a132d359cd7320211c3a0992496fc4944f04bca68640f7
VS_H,Departamento,Pasco,79e07d14ec92e05fa696bd8c8489df00c95ddf5154e8b25784ca79724cfcbd5c
VS_H,Departamento,Piura,5017572063ca84d165e1af3577aa54efd06c34f861c43a9f4fb9a1368ec03a2b
VS_H,Departamento,Puno,a63cf520b1b7fa6d609aa6beb0e67e906266ec38dda2a6622b45a4a0428ddd33
VS_H,Departamento,Región Lima,6dc7bc9b964cb032175f938d56d740b95fa9b7e328085dcc2a991542bdb72fdd
VS_H,Departamento,San Martín,2ef56d6ed7486576734cb99d7485fc8ae8f37738034c80bd0fe2140cb38196a9
VS_H,Departamento,Tacna,fc40f629ede225eaaaed8177dd5a992382c2aa2f211f93fbb2b34fd7bb48de4b
VS_H,Departamento,Tumbes,5b97e1f521dd552a3a1927edcfaab57da5f542f0e484a9be4c6aa034dd59b902
VS_H,Departamento,Ucayali,29a136d36979c82e22810fa1f06ae0dd83f9afc5df45e8a7994b423fe5fd5a78
VS_H,Departamento,Áncash,55fd134a6706b3d5faa72115ac2d4eedffbee469458b67402a2ff7963e789084
VS_H,Discapacidad,0,b0b1c04f6386dffe1a1da83e021710a48143b69b0857a41d9a705f6d4ebd0a5e
VS_H,Discapacidad,1,b8216822d4ae7243a81493ed0a19f7a02db5e412f8f6385ba3ec9143cda751cd
VS_H,Etnicidad,1,bf9e40479ae2e150b665b580393952f3e2d953f99953dd73b5c379446ad29a66
VS_H,Etnicidad,3,e1d4b4cf5ab44e941186613f138540bb4bfedc128ece4b4eb10515ccfd83f262
VS_H,Etnicidad,5,8b4df829cf259996ae1f40a706dc1fffd1a794940f62dffdc794e41ca3808b3a
VS_H,Etnicidad,6,78a7696d5c2c1fbe9b4e6689b7296e6f6b7e0baedb1738c44a432fb0e4018db1
VS_H,Etnicidad,9,2d9969e5596243c87d551d587f7527f8c0572bea2155f1ed0320d47f5070bb9e
VS_H,Idioma del hogar,1,4f1c1950e681080432d0fffbdd761484ef68fdc9387b429330e1e61598759001
VS_H,Idioma del hogar,3,afac94eb62e7938ff932d5744200e23a2d29faf460d5fc9a772ce51d0f738e2f
VS_H,Idioma del hogar,4,5017e793de4006c3ae102a014dd05d9d13b1f05476431f75da28d1a2d63776a0
VS_H,Nacional,Total,2799f159e22f32415ba75c84d1d6bc255ae71dc955c45ff2f7b5ec8e5246bd0e
VS_H,Sexo,1,9b2ed672e0c15c8ccdb9d355b76b2a5cc3378c2cc68cc32698518897aef38030
VS_H,Sexo,2,e96c4c84321b49f3dbc4c7cbfaa46cf7d96f451d819af790cacf1bba9cb7d619
VS_H,Tipo de hogar,1,e44efcd1ffa0fecef5d5470e1dfff39ae1c809c7fa057d8d13889363cd14f949
VS_H,Tipo de hogar,2,8972af1c3d6d35a15f1cf4123618aa782dca4f21be18455cd86558f84bd72e55
VS_H,Tipo de hogar,3,0ecdd9907ea089c6f219d8fe7568363be2b7298d85fec9eed8252170240a5361
VS_H,Área,1,7c7f1ce6ce075936ff04505d0c0ef0afe7808a4e0aa1af35451a8354b2f3a6f0
VS_H,Área,2,e8873b2cd2ae4574410e36be603cb0aca0f1deebe02971b1ee62bfc342eea808
VS_H,Área × sexo,Rural Hombre,1f7c8d63df8ec0e3b316cc033164e169094431c803422c8abad56573321bb5b5
VS_H,Área × sexo,Rural Mujer,c517ecc3d06c1037bfd1e0abf6be3f83549210fa841bd83eecf3fbfe60b13d36
VS_H,Área × sexo,Urbano Hombre,4fea289c1b123ff25ce93316599f4076cbb73a6b52a5bb5d29b7526fb5d26b8f
VS_H,Área × sexo,Urbano Mujer,a93a8c7eb1b99630ad3ff0cb3dfa4064420360c224bc8a5e4b5aa882b54742f4
VS_H_1,Departamento,Amazonas,5708839d51f14c4e9d20e3ee7ff56949800532b7fdd2b5be49abc03923016111
VS_H_1,Departamento,Apurímac,90f4d713812f18d2c584f3e7f275de576b36522239524b630e4e9aa8b68bc1b1
VS_H_1,Departamento,Arequipa,927af6a652e6b739dd0a7d09275aca35dc91c1d87d28709d7f2ea61bcb02e7e8
VS_H_1,Departamento,Ayacucho,d7a2f84ebd676ac71cb5449fd2b0def065292ec9307e33b1e12f43bda7f93381
VS_H_1,Departamento,Cajamarca,481803d70f99edf1363d6d1a637b773af5642f4190950dd47108c820ebf70eaf
VS_H_1,Departamento,Callao,ef32e5ce4fb27b8fd1be2240c4ae6d3746475e7da7eafbe6324d8681c58705c3
VS_H_1,Departamento,Cusco,83153a69dc65b8a954c95261cd32e5e3c56bddb08556f97fd1d4927ec40aa3f5
VS_H_1,Departamento,Huancavelica,c2791f458ca6a9a430b75618c14ee2018a14af6c2dbe27c1045114f708630622
VS_H_1,Departamento,Huánuco,a5d69d11f0c3d0323671a82fc3aa3a8310e6ff808664e91151e28f6d24999c6e
VS_H_1,Departamento,Ica,362f1569ec176fe9993cb61ee77e115d1c1dae415c387ce7b617ad77a045bd9f
VS_H_1,Departamento,Junín,29291991640d84461f450f0306c8870fc64bee216bdedd9d30ff5bc7bf73d1eb
VS_H_1,Departamento,La Libertad,908c2fea59646b2fb52c419d76f2f0b3cd04b453db2f4394cadb4e545443ae50
VS_H_1,Departamento,Lambayeque,d2f5dd85420547a7a499afa2fc8212b44d23473d809e04f6f1e59052bbb8e14a
VS_H_1,Departamento,Lima Metropolitana,c0550a34510b13485eb2d382dab05cef593ef0a9bace92cb7fcb90ed8fe7f967
VS_H_1,Departamento,Loreto,1d11b960f6de4d3356384887a494f8547a5ae16be276dc829afb298b984557b5
VS_H_1,Departamento,Madre de Dios,e55756066a627d3d109b11ce98cb9f26c81e3d862f2ffa41b70ae19653f8e8d6
VS_H_1,Departamento,Moquegua,3765f414fffb4070ca3595658549d44367b113584b70664a5e6a87ef47bf153a
VS_H_1,Departamento,Pasco,0228c461eb2770fa19eb64d1940843ca55a429ac0a4dbf54bc965f6da090254a
VS_H_1,Departamento,Piura,08add85a84b813c642771024e709ac95a2bfd6243fa3d67242524628f7c0a2b6
VS_H_1,Departamento,Puno,3aa27a47cbf9d980ccdc453c66f8d821b0ba8aefbb67382a1670134d63e80345
VS_H_1,Departamento,Región Lima,67036aaa11aece0f76030e497bcca37399de2503302b66a38e602447ca86d91a
VS_H_1,Departamento,San Martín,33a07bd24059af94c87f4dad1a5b5fb8312f68444fe7e5d160725d4fd6955f96
VS_H_1,Departamento,Tacna,aa146336a97c049701fc4c01d0f7e6372ae3cd4f68aba583a37a5554de7dbb37
VS_H_1,Departamento,Tumbes,e152077e67e565617fe230b918a29a4922de65b4835df194b918883c14a0f3eb
VS_H_1,Departamento,Ucayali,69804cbe0fcc4a08f332ac89b87d1af1c5ceba833c0ee069e7832f0be970afea
VS_H_1,Departamento,Áncash,1a3eb2a7ec40309c5664dd923d96704ddee4bd9e711fa861eb176a606e1268d4
VS_H_1,Discapacidad,0,a00b5b9b3ee505db78dfe1604b2e846cdaf393cb490d8d4d0da3d7d6577df2ed
VS_H_1,Discapacidad,1,9940546263784b638f35d8c149f9b87d9ec6c64b1b76b39fb2719ce174c4485d
VS_H_1,Etnicidad,1,953b63d8617e2e051a70f76da9dea42787911aa4b7b2872db86d6ba522956a3d
VS_H_1,Etnicidad,3,3a47a007b573cfb447523f8db6db6f2a8d78d039ccf9127d815c0d2d9414e92a
VS_H_1,Etnicidad,5,3138023cb9b25dc56699709b20241fa81c98cb47f26041766ae73bdabebe117b
VS_H_1,Etnicidad,6,3032dc94b60479c3d4897d3e38300f619dbc25caf76edb0ff3ac6a98beef67d6
VS_H_1,Etnicidad,9,d452762d66732b21e430ad3eeb7e4fc3b8bd125a6fd6782b0515f44d2f98e057
VS_H_1,Idioma del hogar,1,acc7f3c28e7ceb7415068f00b7ae75f64748b55fb2271f1e3471a241393aafe9
VS_H_1,Idioma del hogar,3,b8ce816fbd704d73acf711b9c6ef06f4bb692a9f51209efea97b259e2b046a39
VS_H_1,Idioma del hogar,4,f12acd057bd1e954f2fe9630a03fcfc2df8743ee6cda061fe8401b394fcd6fe0
VS_H_1,Nacional,Total,014f0b5941f54f319022bae6c4a7a3dc61b5286f01acf8e52425dcb8e0ec6d29
VS_H_1,Sexo,1,58b2a272bdbdd6adcecc947095da8b3b01b2353a92a6db42efb510fbb6352335
VS_H_1,Sexo,2,6ad2e590c1fc29204f923f78da00d1381a5b64606cac4a9709a3ed74bea7731e
VS_H_1,Tipo de hogar,1,048ac27e105385f24b69de1e7d9bb6e4f73e1a1f542e5626511e099f48df8baa
VS_H_1,Tipo de hogar,2,97a4119049a530a8f5a30aff3a6bc4a4b3e77968d97e7218f9ad862b8a8d8a11
VS_H_1,Tipo de hogar,3,c94ffdc82d1eb2961c41395d5280125cc76744a515551a67d120d1c41e75e10b
VS_H_1,Área,1,a4d27f29460ee64a2fb5e0f5423c823006bcaef5ecc9561d063dc47ad8b175ef
VS_H_1,Área,2,0a4301d33060833d683c85c353e72f14613cfbc2dddad56d8d91d0e5f15364b7
VS_H_1,Área × sexo,Rural Hombre,269d9c65019735dedddba823686a478cfbcf487a51390c0241234d5328d4eef5
VS_H_1,Área × sexo,Rural Mujer,12ca11d6c0b67e6c25bd4f27d638d40d05bcac245da1beeb0ecdd58c0e94e73e
VS_H_1,Área × sexo,Urbano Hombre,eaa38b48cb87326e4b110065e6ec722af48433c5316a4df66d832c4fa5c1bfb3
VS_H_1,Área × sexo,Urbano Mujer,f4fcdb23b4407c043dbe4da729448b9e99be444f3543826fdb72c7082861c036
VS_OtraPersona_12M,Departamento,Amazonas,50c794a7560f17bce5d2c208dbe5b0768adf226c22ad315f48e7942db5816c6e
VS_OtraPersona_12M,Departamento,Apurímac,371b2d3a60f7a650a86ed7c18416aafb4aed9d6a5ddf125468c6fe2a51e2d020
VS_OtraPersona_12M,Departamento,Arequipa,53105d90830e7dcd58b0a2c77df8b33d15b6e39620ea63ccf968662ad11d6b46
VS_OtraPersona_12M,Departamento,Ayacucho,68b33864cdd45d0b204f5e8aa8b5546c6e54c1170fdd03aa7a05be5817c5c8bf
VS_OtraPersona_12M,Departamento,Cajamarca,fb52e5f88f14d77d52cabaa5418d332f242060fd085f266fa5b0237c75c5486d
VS_OtraPersona_12M,Departamento,Callao,bd7eac25ae80bde3da45f793c591e1ee844b3e381ab4ba7b3d1a090bb438e92d
VS_OtraPersona_12M,Departamento,Cusco,31a2828a2a3c008f2bcd0d2e4048b9a363675e7caf2a926b100e7265e2be9ed1
VS_OtraPersona_12M,Departamento,Huancavelica,58ac18dc87e29a7ad62eddd30612f9790d5beb0e448fbefea07b3ca329f78ab4
VS_OtraPersona_12M,Departamento,Huánuco,956e8cfbb6df44f21104beadb076152d1f0deecf6bb4320c4673fdc72836aa94
VS_OtraPersona_12M,Departamento,Ica,740041588ca7999f15427a289733e83f914039baddcbc61f7735e02daa1ea651
VS_OtraPersona_12M,Departamento,Junín,5de1dc870b7aa5003be0b0cfd7bbc63ad8f65dfa8039bc1547fdacb606584937
VS_OtraPersona_12M,Departamento,La Libertad,3addaf86694a75e2539f726249361327c28b787f66f9ea9e74338dbe92bc47a5
VS_OtraPersona_12M,Departamento,Lambayeque,4ca29b26c1f31de0b1ce7cca74cc2befa5f6574206f1cca1a1f95087b2c841ea
VS_OtraPersona_12M,Departamento,Lima Metropolitana,0739c42a01dbdea085386f008398b8cd0c071ca2ea69ffe9d944d8f7d8b366be
VS_OtraPersona_12M,Departamento,Loreto,391ecd84c30fd42f7a98c1bb9a4b69420d3a5abdacc55aa3102e2f68ff2fe7d8
VS_OtraPersona_12M,Departamento,Madre de Dios,e727292ae083a2f7c5793f28ed7d294c832e61f5246d975a34ee7ffa56f7e544
VS_OtraPersona_12M,Departamento,Moquegua,cf2f26134e62b0f5e57fa74e7c7e2282ab798d7085044430672d1369e041f8fb
VS_OtraPersona_12M,Departamento,Pasco,aa0e7b2f017b142eb670598020570493729aaf4a0de0cb9dccfd48c29ca02a5e
VS_OtraPersona_12M,Departamento,Piura,1d316e8aab09e19e4f71184c3b6f5c864f8bbf69bff63ae2c9a16055c17a4254
VS_OtraPersona_12M,Departamento,Puno,0466d53c1b76cfb06948e7d42a75aa07663f5ef3e0e448f0ac82e42649540f2f
VS_OtraPersona_12M,Departamento,San Martín,a31f5913e29a0f58f6c614f2c810b4291acd68b64a3230df7614a0cccbf0f9c1
VS_OtraPersona_12M,Departamento,Tacna,5cf75de54fb4c0d4a4108c52e4119165b1828f805c07506adae8a78080af6c9d
VS_OtraPersona_12M,Departamento,Áncash,d39784989b93efa4266181de54590c058be0c204def04df06063753e22fafdb8
VS_OtraPersona_12M,Discapacidad,0,537f3fa12e011cd237d7ea9a8457564369e1efba63a2a9a5aea6643e54d8dd20
VS_OtraPersona_12M,Discapacidad,1,3fb1a801fd963311e9ca71e91390b30f6189cb708e11ca3f911b89ad940e5507
VS_OtraPersona_12M,Etnicidad,1,882ec70c57be32c778b3de18d5d3a8ba7db586cd963e414ae3deefb312ff30e7
VS_OtraPersona_12M,Etnicidad,3,5812355f15abd9a6b0ed8255719d0022a1656115cee1d0870a39b5143362bc59
VS_OtraPersona_12M,Etnicidad,5,a259a77639002b1f9ea8ae53921fa2fa156f6f6a702294a12cd7dc4fb89535de
VS_OtraPersona_12M,Etnicidad,6,686115e2b73d8441a5673530051486a874c62ed584ffdd88af3ab806b1ea6b20
VS_OtraPersona_12M,Etnicidad,9,3072b8ae1da46c79e4111d5faaf66f36848fd04d7250e5873a27c926e3d2485d
VS_OtraPersona_12M,Idioma del hogar,1,d85918e6996e884fbed17478525b6c7e99bd54737f0637484bead13b8d14c7fd
VS_OtraPersona_12M,Idioma del hogar,3,5adaf16c38de636dc1c001a810125c602b24b0089aa8623fe05eeb40cab3fe0d
VS_OtraPersona_12M,Idioma del hogar,4,54cfe606ad097cb676b148b3540fb1f7766cf4083ac3c85c53cb7a67f25842bf
VS_OtraPersona_12M,Nacional,Total,e21b35031fca4a4b6cf94a7104008e716654cae6d1f639e81751ae16b33c1afc
VS_OtraPersona_12M,Sexo,1,2659771e5806940ee007c384307f9e7c151ef38478736016d3ce21823e5f4ebc
VS_OtraPersona_12M,Sexo,2,4d14ed3e6f945cc6dbf06bb12f73b48c87b4b7ab1a38b6ce3d0788bb6f8342ad
VS_OtraPersona_12M,Tipo de hogar,1,73de9a31e5aeafec2bb7a0b6d65c602570cbc073608b97cec0dea5564b569862
VS_OtraPersona_12M,Tipo de hogar,2,eca2357417fe6ac7ec20fd8c35f81077f19a173d7197617d60cb2fbd7cbfcd74
VS_OtraPersona_12M,Tipo de hogar,3,b42b13e699de9cbd39724b82f01a8a58bcc86c40c3aae4af6f88f62a61a871d3
VS_OtraPersona_12M,Área,1,44a6e4fa285a0fba0ce46bfe9068538dde021818ac5a821a672f7809555d22ed
VS_OtraPersona_12M,Área,2,3aaf8ffc5a9b0a92e376c70f554061c39da76613a8e1f03640f4bc8f93b3cf18
VS_OtraPersona_12M,Área × sexo,Rural Hombre,56fdc09c517a0656da0cc5c91824ec2b2569b6dd7c7496f263a0c72568bee1d5
VS_OtraPersona_12M,Área × sexo,Rural Mujer,eaca30ddedc79ddbfe721a26cc1f066046fc8ad413350768d1623b10a21e3390
VS_OtraPersona_12M,Área × sexo,Urbano Hombre,80b1f16774b62e383ba89693b504e9b37a3c65181b6f12b7c3d442e07b90e1fa
VS_OtraPersona_12M,Área × sexo,Urbano Mujer,8f8d2074ce5120974d5f9c5e0de23379839b64f6ade1ce2a5929e0cb3335d7c6
VS_OtraPersona_VIDA,Departamento,Amazonas,520a83e1e748fe2667358bad3db8ded4ad691d2e296eb245b25187dc0db9a0a4
VS_OtraPersona_VIDA,Departamento,Apurímac,49f32fd7839e70900ddfe8f9886e2716e2f356a1d55b0a86e7a525cf037d55f6
VS_OtraPersona_VIDA,Departamento,Arequipa,f7ca09ba2f9c14a659dd93a6c22d370d3b1d33df53a0229b2278af5c7a66cea9
VS_OtraPersona_VIDA,Departamento,Ayacucho,24e5d961ccd0530a3b8323bee780137d94316b055f34d150c19f5ba377752062
VS_OtraPersona_VIDA,Departamento,Cajamarca,1da53861a8f5f4c9449ef2338094b319ed98ed4eba3ee15418610b305bb6f125
VS_OtraPersona_VIDA,Departamento,Callao,e51dbf61fcb707760b9261ee5b4a9ae9566afc8d14235f408d582ee2d7157049
VS_OtraPersona_VIDA,Departamento,Cusco,5bb1a08cb6469e0b38504a8c465615e95753297936a52d298ba7d4570d69e1ac
VS_OtraPersona_VIDA,Departamento,Huancavelica,89bdb882b3bd7f269f6fd851db5435a675689c6672aa84cfeb14a94ad2a4214f
VS_OtraPersona_VIDA,Departamento,Huánuco,c4d08d4cbaf7805427778e93638e9427f8635302e2d2ac079bec25d04827eb1b
VS_OtraPersona_VIDA,Departamento,Ica,34d311a1728a35fa0576d12bef4a64f54684554dcba0fba57bed0e889b200a45
VS_OtraPersona_VIDA,Departamento,Junín,6714b4c456a9f7cf1aca0ed483fbda0d928532605f493ff93ae25096fe2450f2
VS_OtraPersona_VIDA,Departamento,La Libertad,156feac9d57fd4ae03ed48eecd60349e75b488b5d397cd5af814350b24a9c509
VS_OtraPersona_VIDA,Departamento,Lambayeque,c3962921dc06694d83d720b9f11e74364cc895fb6a16f3e516c483e96c27b350
VS_OtraPersona_VIDA,Departamento,Lima Metropolitana,9a87493a88db7423030e90c31e87f3cf7b9475d673ec9410bbc1a39745c46c38
VS_OtraPersona_VIDA,Departamento,Loreto,9c1492eb9c9c6b6aa025169ee86eb5ab2d4c8784d54e8761afce769e89294022
VS_OtraPersona_VIDA,Departamento,Madre de Dios,43b442e46b2adeef8ce63089c33d290941b4ed2bdb36fdccc8cad48994817110
VS_OtraPersona_VIDA,Departamento,Moquegua,129667d83ed862d830f1b264e8a4f135f32ab5f865b827941d749092f77c9932
VS_OtraPersona_VIDA,Departamento,Pasco,cb1bb0b00b790afe818f09d800d138c3616e4a8a0dfdb8de8d0273658415eb5e
VS_OtraPersona_VIDA,Departamento,Piura,70fd3779fe8d5d1d4d22d86f9bb341b1acea624a533c94491c7e0cf2da501032
VS_OtraPersona_VIDA,Departamento,Puno,b62d1fbada9aaef4ac93f08f634817a4e6f30cbae2e3a5672b62dacb9bcbd96d
VS_OtraPersona_VIDA,Departamento,San Martín,992cee21c68817fa9a52f0ecf3177e4b269263429cdef5679d9d8809c881fb15
VS_OtraPersona_VIDA,Departamento,Tacna,8399140df85465af64fd4102549db9ae3468e8e6ce1c0431e75a9051e72858c9
VS_OtraPersona_VIDA,Departamento,Áncash,14b406b9943b4ca56d03e6da44f9b540937fe4f2e3048a0a18c69cf753deb101
VS_OtraPersona_VIDA,Discapacidad,0,0fc19632f2a640102b85d90409025c1e5039dc5537a5d4e2ebdf1824c0f7e261
VS_OtraPersona_VIDA,Discapacidad,1,702c81a81de8bf6c542206e607272a6cc5d014d1f5db2d278374913e94e96e08
VS_OtraPersona_VIDA,Etnicidad,1,f1f45a7ae6354087a5b086bd762f44b5a2fdc945894e50e6432b9668d734472b
VS_OtraPersona_VIDA,Etnicidad,3,1ee9017633782b3ec4912cd0a0cfd9080511ebc56b3136fd6546f66ae8a495db
VS_OtraPersona_VIDA,Etnicidad,5,e144ca7722e6d382c51b6bdc0df6b0907c3f58a0fd5a09854a56ebf743144f64
VS_OtraPersona_VIDA,Etnicidad,6,ceceb67ca8cfdf3608f394924598ce2b0137f472e59f17e79390bb20002ae62a
VS_OtraPersona_VIDA,Etnicidad,9,a56e4d1e59f6267899235472181fa322fbc0fb5afecd67ba57b29b9e15c6a7f3
VS_OtraPersona_VIDA,Idioma del hogar,1,520f490bad6a7e7666b231c8654799650652a5198d6a46b5132a71ed3ebf3f11
VS_OtraPersona_VIDA,Idioma del hogar,3,86a27458d6d30db833952e597726ecfc060acfa58746a7a17b2bbfe2595f2c15
VS_OtraPersona_VIDA,Idioma del hogar,4,3d31cb1b4131bfc3c1ad8d777ac03a5b2f773a45c9ca4e6d55dad418d927ca5c
VS_OtraPersona_VIDA,Nacional,Total,c964a06eb60245fd5a25ba288827def08643874463297d6ae6daec1c27a8c635
VS_OtraPersona_VIDA,Sexo,1,3dd9b47a15e97ba484ffa8c879f71b5f580fb1c18e616f919174ac9294e90e7f
VS_OtraPersona_VIDA,Sexo,2,7a442e35a081ef8de253b6f3c819dbb3127888cce70216e92ce870de03b74d64
VS_OtraPersona_VIDA,Tipo de hogar,1,09d63eb94b8a0660dedb5c500092b31a6ca9f5f5be862364de653e42c8def14b
VS_OtraPersona_VIDA,Tipo de hogar,2,1f81e9e6b0b0309eb3a4ad0bd49ffbe877804e5e68a37fd3f7c90019254623a4
VS_OtraPersona_VIDA,Tipo de hogar,3,820d1ee8c5a9e746eb14c6afeb21283979628abe99d467d936dbb900c8beb6bb
VS_OtraPersona_VIDA,Área,1,fc7588ac0ae287bc52b8b4b1fd1a943192a19208a8654e0cc82b0941e9626029
VS_OtraPersona_VIDA,Área,2,5a0677df2446104805fb88e2ab0ddb71593c46c4abe4f50546fa8e918ec6f168
VS_OtraPersona_VIDA,Área × sexo,Rural Hombre,6a65867f48f720e3eafe841514feebd026ebfc41bf2b39c3fe37441377b6f2f2
VS_OtraPersona_VIDA,Área × sexo,Rural Mujer,f96e2df6c4173262ce39da112bbac156699695768b4eeaf2908613c2ba018417
VS_OtraPersona_VIDA,Área × sexo,Urbano Hombre,759d41aa04eb5089a7da2382dcbe477a512cc685f3eddfa5b6a4f7359b7aa962
VS_OtraPersona_VIDA,Área × sexo,Urbano Mujer,288709c1fcaad25fd5bd28484d0bb3aec9ad2ea29e58f051651da9122d04b1a3
VS_VIDA,Departamento,Amazonas,d396fb24361401d445ea4271e1db7d2aca878dec7f46de6a3e327669c7a4c68f
VS_VIDA,Departamento,Apurímac,2e2770a647a0d7ff7c2d4def6e4499f2e794e6a14fbfced4f534d94cb64474d3
VS_VIDA,Departamento,Arequipa,457b05792c4b61b2b9b5e6f926929ff00849a1c394b18aaabc22279312d1947f
VS_VIDA,Departamento,Ayacucho,ac3697ae24307ee7ef21e804f2df7f2f7e39f097b63cfb322613e06e5c95779d
VS_VIDA,Departamento,Cajamarca,1d8f3341e782d46cf179d09b96399482b74cac415fcff292997f6bf7a3ec8a40
VS_VIDA,Departamento,Callao,3d154f1114278003839625fc7d574a8ff432fa8a6a387447fe9e2d4b4bfeb644
VS_VIDA,Departamento,Cusco,93598ada6cacc26e736f771874ab66e74016182f63241700b98882c261154627
VS_VIDA,Departamento,Huancavelica,af1ea401e72676fcefe6a011e260aab1397ea472e4092651bd68632d32d086c8
VS_VIDA,Departamento,Huánuco,d1a9def8c1db9373f60f970fda3a7b22d64aaf5ea013df67b89c6c7b6017286e
VS_VIDA,Departamento,Ica,c6a2ab8c98500ed7f977d848669a1a0af6bbb3afcec1615398d5084c5dcb3622
VS_VIDA,Departamento,Junín,09e81de8250b536fa89435326fd91196112bc12c3f3a66eaaa6b7b398ec688a3
VS_VIDA,Departamento,La Libertad,5b76eca1851bb9dd6bfe1e2b9b8bc93b9657ac1472373ca5250e0b43f2ebcec4
VS_VIDA,Departamento,Lambayeque,9b39566ecc2e5d760d09214114cc36e30cf1b88839517636f81a75fab0883ddf
VS_VIDA,Departamento,Lima Metropolitana,b2de661873a2016d3e9f853f41d7f34683ac5c943b28943609a72a5f9cc4aece
VS_VIDA,Departamento,Loreto,62c1cd3fe0b21c5266b4d2e1942fee0e2b26b6db23b3a4a46bd625f14158ed00
VS_VIDA,Departamento,Madre de Dios,59ce677837a158b099b4ff6dde373e507a9ba0b440b7ec10f9383d043bf85131
VS_VIDA,Departamento,Moquegua,8586c6c7ae4dae01a14fc3d6c930e52ef629f50a906969ef9142aa624a67a921
VS_VIDA,Departamento,Pasco,f1b5d0eabf3369a5020e83421b5ae7f719f7475fb78aaa8259180a4b902d744b
VS_VIDA,Departamento,Piura,e8a467f474031fc04dcbcea357af06b4edf75e9980321a8b32de0a2441c257f0
VS_VIDA,Departamento,Puno,388545c28d6ba7fe4c0ec64ee23c693fba56761972d114424913011675f554c0
VS_VIDA,Departamento,Región Lima,df11a8a5086ee47dab717e7fbfe9b50d6062db0bb2a0e7977c322520a205ec65
VS_VIDA,Departamento,San Martín,96fb75171faae32a0fd593f824d6a1d84d19a3d284f86396f3859f288fb30404
VS_VIDA,Departamento,Tacna,1525882895e8dfc8b09ef09fea84683969268333fe66d26b646d6fa267eaf88d
VS_VIDA,Departamento,Tumbes,fa4d40d72a05aefb9ebcdc982dd23e2f0448016b5c5829ec43ca3144fd402bba
VS_VIDA,Departamento,Ucayali,0daea2ca8953dd88ca6c9c73d971f4a1deedbe067d3164e93f5c2f8b64b53396
VS_VIDA,Departamento,Áncash,e5840652cb2e9d92a980ada63faa0ba1c6930b52ef3ee1b10211dacf60383a67
VS_VIDA,Discapacidad,0,854155e0e3a78d82653e291695eeaeca3717821a1bab81d812312995b40fec9a
VS_VIDA,Discapacidad,1,c62719687843c206d87415b2e8b85909c53b4f6dcd1fe5f28c5d4f75be929a3d
VS_VIDA,Etnicidad,1,a20337f65e13f0892327cce0f2e048c6ffc2a2ee48afccd7287acd0bb56b63f9
VS_VIDA,Etnicidad,3,27def9054570fd9f8d224d26eb03ed0382434fd66fe86aa514eb218fe9e8e976
VS_VIDA,Etnicidad,5,f6e4152b60dbebfb11bca99e96ccf4e2e2b910b2503a9568d4f27824c2fec8fa
VS_VIDA,Etnicidad,6,98c276a6836265459a60bb0ae2c8d0873a78fc9bc922aa0242fb2889ab293f93
VS_VIDA,Etnicidad,9,eeb4bfb7211f3e54bec5bc79b85e79067609cdb053d2a3cb767b8d7ecc1a1192
VS_VIDA,Idioma del hogar,1,2177036cf68619cdee379e847bc37db63a0e7f1c90af3e31d0ef1dd70bf207df
VS_VIDA,Idioma del hogar,3,d57b68c43863ebfe4ea77b93966059b0a101eb59338c83fe19bcd9583ad88da2
VS_VIDA,Idioma del hogar,4,2decbfbf3341921b14c668823a78a6232b293b0036e59b8eab812ab7840e2c06
VS_VIDA,Nacional,Total,f04d4fdef014d41171d86de62e9751217e75bf29bcea4853a7f523c610e75f54
VS_VIDA,Sexo,1,f290282945ec0cd7344d233800316c0114d105ca5cc4d12eb681deb41929b570
VS_VIDA,Sexo,2,b9255083ffdec63f05e3eaef9d4bdd63c9dc2e09be15e9741083cb8919c632b8
VS_VIDA,Tipo de hogar,1,fc570717eb8eed6c722907c6e63ef0db553eb1fdc1fd516f282a7bb788b93ae8
VS_VIDA,Tipo de hogar,2,d8de0a8b4d7973bfa3fa21077805750535c4643f2d8c80c10e1da0b4584fb428
VS_VIDA,Tipo de hogar,3,865e565d267919336b260cfe3495573f9c07150031f87dd8410df25392a348c6
VS_VIDA,Área,1,bbae01044051181cb81d9ed0ffed20c1c3ed859a3cf80b6f048ded12206fa401
VS_VIDA,Área,2,5e687345c3bd70c6088f1d0873f8926bfd635c52a379b1d8f77867afb10c152c
VS_VIDA,Área × sexo,Rural Hombre,7ae4d0dee58bd9c0742741f27107c2ec98d77b59fabde68dec5da6c430ca5314
VS_VIDA,Área × sexo,Rural Mujer,85106c422874dba474ad6085d65baf7c083c02e59c5a447a3ad75b74f30279a1
VS_VIDA,Área × sexo,Urbano Hombre,013248124f816f461f557c4fc9dc7837346751d4aa6ce1a1a967779857c37932
VS_VIDA,Área × sexo,Urbano Mujer,0c7bc09822c38271471a1dd278876453ae29551bd235d0f77b828b4b5826028c
apoyo_institucional_escuela,Nacional,Total,36460bffd72e0840ea48f7b812a0c148d8e0f4db61e82c42bd63131fad21cf45
apoyo_institucional_hogar,Nacional,Total,efd346d770e37f68612a51829d348d81ea5809bf4e9f896ea8de4c5cb12188db
apoyo_institucional_vs,Nacional,Total,77cd7a27f7e6ccdf2afcd70562e51b2f4ae136ae93b4f81b30b73e5242313019
ayuda_escuela_abuela,Nacional,Total,46609e4962ec96883d38700931c7300ac91cbf4cc377eadcfafd652a6ba86b91
ayuda_escuela_abuelo,Nacional,Total,66672680419686ee4c0cfcf1695727df5562af09a1e0b8da15fb0b4b4ac1cf48
ayuda_escuela_aviso_docente,Nacional,Total,005dbd0d8f2a00ebadf35cb66c5a328fdabf22beec5a76c789efb6da2c0acef7
ayuda_escuela_car,Nacional,Total,b29d98b5f0d367e385af83b83b802ff7b5b9b7d92a1785fa443c271b9c10824b
ayuda_escuela_consejo,Nacional,Total,c18103ac3ab5b2047de1adac67e1ac16a4f8fb946de5a3d2d5458c0de92dac9e
ayuda_escuela_consuelo,Nacional,Total,4c2b79a16e35278d7b2df887d11bdf744703c4271c86dfb2c4d9ec9050e9f17d
ayuda_escuela_escolar_adulto,Nacional,Total,e28aba299c52ed7df88a3e08c9c420f7be6b562b839abbe12b8bd3260136d4af
ayuda_escuela_familiar,Nacional,Total,b0b0ebec00765b59ef26b897b7468a541c83a350b16f92b1e986f814b42ec58c
ayuda_escuela_hablo_agresor,Nacional,Total,d25c53f144f557bef4af41749923b09b9acc39519cab1adf59cdf0c8588995a3
ayuda_escuela_hablo_director,Nacional,Total,d451be56da789880810e7edf1e222fafe97f2ad580ca6db5a111e48aaaf5aca2
ayuda_escuela_hablo_padres_agresor,Nacional,Total,90893760830ecc6d6d4c0287ccb2a6f19b199490694f8f97649a13f701a7f55c
ayuda_escuela_hermana,Nacional,Total,8dec5a7e535686906903b9a530e8b9c75e2eb59ddc2083841ef7f36df4b5d770
ayuda_escuela_hermano,Nacional,Total,a1405d7d4c7a07cce7235ba5bc7d66df4aa389ccd51b7db98aa41e2d5b47eda5
ayuda_escuela_llamo_atencion,Nacional,Total,894e32657e9ac994b65bbf33472ae3de2e5385239315383e76c3f813916cc365
ayuda_escuela_madrastra,Nacional,Total,7b1fbb2bfacd96997d4396fee66ac491d23e358c3dd9e40322d7f64ab38d958c
ayuda_escuela_madre,Nacional,Total,66562358596537eb882ed27fff8708cfc306abc2c4fedeac095f499707542b0f
ayuda_escuela_otro,Nacional,Total,791b62229ab8a92602049c4de5d0f04d3caf00d52461e23d67b705d9ee2ac66e
ayuda_escuela_otro_pariente,Nacional,Total,1b04693a4d9d734601a613c3fbb05e2f64b52d45eb516c3485a4bef41438348d
ayuda_escuela_otro_tipo,Nacional,Total,8588876ee8ada7ca2fde86578c24a8298fe88cc14c7f317193602220b5c65610
ayuda_escuela_padrastro,Nacional,Total,754c057e82ee83fee514e3e670daf55acce0c98cbfbb718eb6204f95328bff25
ayuda_escuela_padre,Nacional,Total,02115adfcedec3b4357f96f105be05a25d1e0ca68fa1f3c54a9d58a8deccf441
ayuda_escuela_pares_amigos,Nacional,Total,ed94e752997c3b16e9d04b6a76b111b329c0698b5ae151e7215c6eab9d845e42
ayuda_escuela_tia,Nacional,Total,7443d213c4b3894be7601066a9c874fe4b09d15d755c38a7c2fea655adab9e8a
ayuda_escuela_tio,Nacional,Total,6337556393331931850ad18c8122c6c3f6e6f0f71f759fea7bc6723180aebe0d
ayuda_hogar_abuela,Nacional,Total,6a6b922fbfe35c4168e4e0606f402553badc134f3dce6eb57e7fc19ca6ec3d34
ayuda_hogar_abuelo,Nacional,Total,08ac74839456c0795be9c13f7012e25a27c2dab604d68379085a6aaebbf0d2fd
ayuda_hogar_car,Nacional,Total,3c9e6060c2975e45a9435ce8a799732e2fbca9c4ad3c113bc351e4367b3a0ffb
ayuda_hogar_consejo,Nacional,Total,a5824a4cf86f511f274f01ec6dd0c7a45f79c6774723efd1eb455d022e37ad1c
ayuda_hogar_consuelo,Nacional,Total,785ebf488082315c65ad6c9909220222d2a96eb9193a3bcae47d0d4738a247fa
ayuda_hogar_escolar_adulto,Nacional,Total,8b7533f9f9ba099d505c1a141e5ce0f6b1e1c2074dfe03d06567a5b36f59c7cf
ayuda_hogar_familiar,Nacional,Total,bfa40f992b0ddc3b03ffb49b7bfa4fcbf99ac34bc8eb1b5ee6a0f5ac3c6e5b05
ayuda_hogar_hablo_familia,Nacional,Total,e9c563efa619892b150f279a6ff34482c02c67af152615c050b7024c2ee77957
ayuda_hogar_hermana,Nacional,Total,24ea53628501c609c031108a3f1c5d4f9b39ce2bb45a2a94ec6f4af3673d83ad
ayuda_hogar_hermano,Nacional,Total,71817c3de0c8d005e3d2756880133958f077a3a18647f3acf383d5f953b7fb66
ayuda_hogar_llamo_atencion,Nacional,Total,9537e39d1a086e60933071cb966690a01fbc0ebf2f8be6eee01a33323f57a645
ayuda_hogar_madrastra,Nacional,Total,04caf8abb952ec50f39bb5292b5f2a52324d6acbf2b0e6e75774cc361d9e4531
ayuda_hogar_madre,Nacional,Total,c6d96e2129ab4a8e6d699e1fc1c02080255bded9fbb0e7c304611919914d5ccc
ayuda_hogar_otro,Nacional,Total,e3c75ff21201ec0cbc3d5cabcc9d74ffc9fc98d5f886370029c1aedc2c0c53ac
ayuda_hogar_otro_pariente,Nacional,Total,a9d1ecbded2992ea620843f1ea00b9d4f27285fc9c26ecf03990a77e4c96957d
ayuda_hogar_otro_tipo,Nacional,Total,370e3fd40febfab6dfb126fb425d73f8b8016d26783416c2d98ee3b192abf9a8
ayuda_hogar_padrastro,Nacional,Total,5d83fd08af5bd96dd65a7c87cd3850e93583f522209f906b48fadd1a01d43f7b
ayuda_hogar_padre,Nacional,Total,6c8862babc9a41d735d8be229f12576a35f80b14ee01c67b9cf1d65c38eae4e9
ayuda_hogar_pares_amigos,Nacional,Total,5fe6de3e3ad70bf2f60dae8612326de9c0f893e1b7a64d60314f46e3cc92dffd
ayuda_hogar_respuesta_agresion,Nacional,Total,dec145b59c134c0d8a0635f6bbafe50e8ab58e9f12a8b327a488ad64661ce741
ayuda_hogar_tia,Nacional,Total,2c6a55b8b46c68841c96423e5b5120dfda762792790b103c9f5d86d61dbc68b9
ayuda_hogar_tio,Nacional,Total,7458c826775238282c3da898d902d32812ae9259d570482ace2ef97885a946d4
ayuda_inst_vs_hablo_familia,Nacional,Total,ebc1b0b0a24d657430142106ee00e461ec779e929b10c53977aedcf9452bc6c0
ayuda_inst_vs_llamo_atencion,Nacional,Total,7663c918082ab3822ed976020fe31fa3d53a892458c403fd92c5450c59cd3811
ayuda_inst_vs_otro,Nacional,Total,46b8a2ff66aa43236e76e88c4cb9aec7472a71816ada6ff9ee40899687f3f1dd
ayuda_inst_vs_terapias,Nacional,Total,f6f01f4102a77b71d2495eced35f1d0bff5e74f6bc7316dda426f43af3be6546
ayuda_vs_abuela,Nacional,Total,5aa8528920f852cc0358217e94ea798fdacc95350dfc3d846d6661707b3ac20a
ayuda_vs_abuelo,Nacional,Total,24aa945421d00f4499e527621f63c9684c929e2de7e51e9e161f3d4a4cf2712c
ayuda_vs_aviso_autoridades,Nacional,Total,a2df435584f6ad0a3522da13337f144e151c893190473f0d58365fe9ed6ba632
ayuda_vs_car,Nacional,Total,a6e7166f5ea4559d957ad43019845b0686b59a20a303d6fb40d7305bdbd5c2ec
ayuda_vs_consejo,Nacional,Total,18258e459d7d8b16051bd21a02c9648088171c2614e177e0f3ed93294b569686
ayuda_vs_escolar_adulto,Nacional,Total,adffd6e6f3f1dedc6b2ebeb4f03fed41fe9df41404c5c900a5698eb9e20c1e0e
ayuda_vs_especialista,Nacional,Total,a0620ec0317d87e6374ec95c21a475635df93ef888ea45b2b217bd757ff7dcf9
ayuda_vs_familiar,Nacional,Total,93e2cfb241668091116bb5f1b7da6b158a461c1f61246e60373231aeec8f3f9d
ayuda_vs_hablo_madre_padre,Nacional,Total,6109380be3cb511bf80a5baaf29aec56f7cd77b581a66de4430fb0f85ceab2e0
ayuda_vs_hermana,Nacional,Total,30b08b65ddd214daef2767bc9f19f5983dbba52bdb7102e8d5991d13c565b593
ayuda_vs_hermano,Nacional,Total,1b1f7426863b4d7a48c2f903a65aea503e7fade759f855e8b0d29d8d76357ec7
ayuda_vs_madrastra,Nacional,Total,e179fb39ac6c5ce8aedbfa7b8ec622b97c2948205cd8e7a4e5f67e7c38cbd4e6
ayuda_vs_madre,Nacional,Total,87830ef687b4bdf5d1cdcd80481904c2f67feecdd8d6f18e0d85443ffaf86db2
ayuda_vs_otro,Nacional,Total,5b942f6bf7f1dc187b0541a61565c61dabd78c03790b5739018f1fbaaae05ab5
ayuda_vs_otro_pariente,Nacional,Total,9d0a9d3cda7c17baf12eccdde9fb56610edbeff4adde59d90a61ce4f82887a4a
ayuda_vs_otro_tipo,Nacional,Total,8a3183fc29968438f8bec1139f853f66d4f5fbeaad60bb48685dc55a52cd04f7
ayuda_vs_padrastro,Nacional,Total,92f403eb30727f4ea314493e077b830b75359002f93cf3f77b545fc8ee078389
ayuda_vs_padre,Nacional,Total,b94a9451108b76e9b38656569733a85acdc8082adde98f1130d7fbb583584570
ayuda_vs_pares_amigos,Nacional,Total,064c9741cd7ad69b32df6c50ef640c0b16876e812bb6bf959d8e103153e99147
ayuda_vs_reclamo_agresor,Nacional,Total,e0d279da26762edfb80b13fd320b84671ebd3365d74a07a4fe4318febb1eba28
ayuda_vs_refugio,Nacional,Total,c89e7c54ff0ced149c4315b38604ac3b5bd86fe5b4a83f35d9a670795f1ce665
ayuda_vs_tia,Nacional,Total,3a61285a325073ff29af2fc2c79976a7e912c3ae6a9a62acb1a4da7ec8506cf1
ayuda_vs_tio,Nacional,Total,18a916111cfb117a83945b2cbb63c2a7830efee5f988c16ace4069e80fa006bd
brecha_ayuda_escuela,Nacional,Total,8b1aa66faaae6f738274bfd9c9817d033b33ca7b286db89e2ba1652f9783c1ca
brecha_ayuda_hogar,Nacional,Total,c24e20ecfdc7cf2684cd8e6d15e90bc440d300d77b2e970d92afe9f8a8b19e40
brecha_ayuda_vs,Nacional,Total,66d1d085ff3f23c0ff1c36e5937fc26faa84108618bd8bf243de5357d2128b25
brecha_institucional_escuela,Nacional,Total,877eb77148c4c322bcc67e6424716e4ed765ec391e6de1aa1cf62b015169ca5c
brecha_institucional_hogar,Nacional,Total,1b80573e8c0915fccdd1b6fd9377a7128d1ad3dc48501bf4b1e8e5aa80ca6e17
brecha_institucional_vs,Nacional,Total,1f8fff2a8d396cbdaa5de674a6642d31ec4d110ce6fec4d03d60fa8c806ca584
busco_ayuda_escuela,Nacional,Total,38981656b46a1bb4f2b2c8e113ce828ba0aa13eeb6972a876b4a63f2b291a943
busco_ayuda_hogar,Nacional,Total,3830dbabbaf77371916ef5c46429519762155812c321217e9658ebcdd6946a2a
busco_ayuda_vs,Nacional,Total,ab59a74c970dd5713967779a5656f67920d012c761f3430293b8530752e4f740
conoce_demuna,Nacional,Total,28a2833e45d557c643b5ec8e61741b8d3d613d5c89f6a535fc60204bda6f5f5b
justifica_castigo_docente,Departamento,Amazonas,afaf96f558d51b36d27724a43a15bcc91c2427cbb599822f37e42d86a9d4054f
justifica_castigo_docente,Departamento,Apurímac,69b5f34f7f0a588bafcc9c7ea0d279bb4745063827f5429a10945d1f9ddcc86b
justifica_castigo_docente,Departamento,Arequipa,e1898df1481e33c7f0eb3ea28942e5fc2c8b480cbc686825f534268a79dae867
justifica_castigo_docente,Departamento,Ayacucho,4defcf5b88b41615c27ca65fcababe396afa933c8f531ba554739538f2d3ee4e
justifica_castigo_docente,Departamento,Cajamarca,85b8ce858e97c77fa46568a2d510bd889f4b7b21782046031bfc493431686447
justifica_castigo_docente,Departamento,Callao,96426f70914f15642bc4caa8bbd782df80eac0e9b987adba31c179032ae0644b
justifica_castigo_docente,Departamento,Cusco,a47e8594fe0055137f9ba4d868d6dd3ed41b1a599e0627e953b68e7a0f67f693
justifica_castigo_docente,Departamento,Huancavelica,9962701a67b80a2bc12fac7f55cf2d5c8f928c6aa924020166fd4362a0557df1
justifica_castigo_docente,Departamento,Huánuco,ed7081a51f8c8e3c81137cddb5758b83c56404bb59aa53167ce3f017657e4c76
justifica_castigo_docente,Departamento,Ica,67058131771e63ef27df1190fbbdebf1b859e335742442583075726d7c58566a
justifica_castigo_docente,Departamento,Junín,245be873e31839cefe82e3d0c4e4d042d19e98709d4f32b9fa523634d982344a
justifica_castigo_docente,Departamento,La Libertad,b5f3220b3987a955b4092aa93b86f3bac5be34c09ca9f67e01b51037a516a32b
justifica_castigo_docente,Departamento,Lambayeque,b7934420f9837cf6e7c415482c64298510c73c8d05425c3fe84b6a88e82a5647
justifica_castigo_docente,Departamento,Lima Metropolitana,2ff19cabc215a64b6b5fb7c5a12c77df2d2531291fe6f21fbd05d321bf725266
justifica_castigo_docente,Departamento,Loreto,efc68b08689552bb86295ffe031d32ad186388fdd5b4f97b53fb0195be14d92d
justifica_castigo_docente,Departamento,Madre de Dios,0d470f718ff67e909e4c6ff7142bee9e081d1d1c52e23470f629f0fb896013ec
justifica_castigo_docente,Departamento,Moquegua,68649478ecb8560a3fff9a571f993d2109821542d77fb9e4db21c7297784534d
justifica_castigo_docente,Departamento,Pasco,50911943d4c6dfd91573269de0fbd61e24bdf9bfd312b9cc7104358208c9d923
justifica_castigo_docente,Departamento,Piura,4cac38e7f681c00c0572c57f83a4d570b9c1f554974c6f65912a9695329afa32
justifica_castigo_docente,Departamento,Puno,da997b69e9ccae33be999ce08d0ad75768b8df79ad59a4f0dd228498f3a8e8f0
justifica_castigo_docente,Departamento,Región Lima,1b83190576d50faecadcc8720134b961ef4ff1442b7eafff575085fb94779f5a
justifica_castigo_docente,Departamento,San Martín,453fce0f8d6bc88616684bf9c6b79bbdf3d0c4461415cd09936d1d8e3dd8312b
justifica_castigo_docente,Departamento,Tacna,f977fe78cf0861775da7848814fb48b397131eb5dcba41f4ba5105317ac90a9f
justifica_castigo_docente,Departamento,Tumbes,12adda89d49cc2d50ec0becf0f0aa4d3e92365f73b2a61e8f362e460dec8778c
justifica_castigo_docente,Departamento,Ucayali,68c10241bb86aceaa8bdd96b28e4b41d9d7c719dc08e82f89eb2a501818153a8
justifica_castigo_docente,Departamento,Áncash,da3e9dfef25199349e51c28b6d6b8bfa2caa2a2809f19388121fbd0c5cc7ba32
justifica_castigo_docente,Discapacidad,0,508a5f85ff59d309b2df4a346a2baab2c333c65150a5104157bc99624eb1471a
justifica_castigo_docente,Discapacidad,1,e217f6c6a31220a6cec356b18b4894bb70429e2f9f88280ec5f03564e1bddcb1
justifica_castigo_docente,Etnicidad,1,48d61b20f29f599973b5042bd6cb898b50e9ad2d70d8d438b9823b4129c030eb
justifica_castigo_docente,Etnicidad,3,cae8a128d2202ea74e237ed8aea51dcbd94b132744a25a81286839d617702679
justifica_castigo_docente,Etnicidad,5,d6b1b4433b8f03392fa91e1ad43cd01c2942bfadd5f2e6ca1f7a09bd69eb2ff0
justifica_castigo_docente,Etnicidad,6,094408f7657523db1e3c213afbed7110813bd317a6614f50894c7dc33836b9e1
justifica_castigo_docente,Etnicidad,9,51dca465102751ef3abe5171b7e466826e2f390aa6fc1dc1c89771e36b7428cc
justifica_castigo_docente,Idioma del hogar,1,023d6c83cdc8584dc2ab47763f81f464566eaa04e6e8f46d104c0dd444e0ce44
justifica_castigo_docente,Idioma del hogar,3,58ad1568aa0d623d2d36b2ea0de984d0f8d07b0f3e0225b014e3dca3f642dd05
justifica_castigo_docente,Idioma del hogar,4,6c24140cfa834d4cc1d2695d0a1306d520a02fb1e45c52900acc9abbbeb52610
justifica_castigo_docente,Nacional,Total,40f43d4d410802b643014cae49716e10d79c8b953edbf1d6ef5e9e27b41bffd5
justifica_castigo_docente,Sexo,1,2cc0ecaf6db7ad57255fc5ba9658d3c3a65e5be94eb6aeefc911112382f25d62
justifica_castigo_docente,Sexo,2,e027d141fc2ba79a9f25a70294eb6ba42c6f2ae6993e177ae27079a16486e9af
justifica_castigo_docente,Tipo de hogar,1,23c6aa59bd9315ae69f755a486b70cd60ab59acc4476b9f9df760181a5388ff6
justifica_castigo_docente,Tipo de hogar,2,56002d621c935c3087afdc33d2cd48f8494b9788eebdbf53b67caadb1720a83d
justifica_castigo_docente,Tipo de hogar,3,c430ecf886254ed2f0ae60672389cc8c5073ff76a8512a77d5f4312f084ec31d
justifica_castigo_docente,Área,1,c48d5db19b9ab5fe71f7c4c100a5ebb1fb1c48835aaaceed09adbb3bbdc1e442
justifica_castigo_docente,Área,2,ad561d43f0616d2da6cb7d520048ce4f5e88060cb2f6054f10281eb50facc128
justifica_castigo_docente,Área × sexo,Rural Hombre,057faf4ce0bf153595a2bfa3d7be849113ecaf749beeba28bef28d127785e495
justifica_castigo_docente,Área × sexo,Rural Mujer,aeee225798dbaaec9483eb46c92aace0352e2dc6d35068f7d845669359c864c8
justifica_castigo_docente,Área × sexo,Urbano Hombre,b38541e582a9bc0dee61a4e996740c0bff3e1771f2e7157455f312e5219c4077
justifica_castigo_docente,Área × sexo,Urbano Mujer,881e6ab1ab66b93f101e1259c110c6f0c03379ae6677e1f7fb856c679932837c
justifica_castigo_parental,Departamento,Amazonas,365e34528af808d203e4571ff3dc31f10cbf0ef9fc530992fa12ebc1f209c7d2
justifica_castigo_parental,Departamento,Apurímac,1a858612537619cd3318476033b541505d035230e077667798bb9249984da871
justifica_castigo_parental,Departamento,Arequipa,f68291275f7ab964608722fc801988aaea1c9fe280b0961da6e4fdc61cf57efe
justifica_castigo_parental,Departamento,Ayacucho,386bd328f7a08ad615ae8cf66cdab8f79c608baa57fd6ef1b62a1f635a6e5bc9
justifica_castigo_parental,Departamento,Cajamarca,3f5b3903839c43ec5fda5578d10be337c19bf544bca02ac869231cdd08c134f0
justifica_castigo_parental,Departamento,Callao,5cfc24ffdcb73d37dcad0f0f2c45c85e3c3da2c5c80a5d8eb6c737f64e8f2fb3
justifica_castigo_parental,Departamento,Cusco,4a1a39174cb6e663ad974632a4546e0978883e136a10a70ef192e6e9583bcc19
justifica_castigo_parental,Departamento,Huancavelica,8cac2f0d36a7a661c409fd8418fc42d84d48588066d9a0315271204911f2e83f
justifica_castigo_parental,Departamento,Huánuco,2b1dc81d72051337d6a7406c735703563d05dbbffe6f0d2ea4d933330d6039a8
justifica_castigo_parental,Departamento,Ica,744be7e8d4bff30a4798865bdd9a489f5fcd2a5710ee7e102ec2754afa488010
justifica_castigo_parental,Departamento,Junín,667cf3a5b875675ce0e86081aef6998e090da62186d2e814ff9c44cd3fc5a399
justifica_castigo_parental,Departamento,La Libertad,0bd0967bd1dbd760618658635314d9be9afe369ff5219e25efb684f60aeaabc4
justifica_castigo_parental,Departamento,Lambayeque,2d83c39e5767dc83e793a2b0e404b63a1cfb982f908c6dfa73c8e90a0c7b9b77
justifica_castigo_parental,Departamento,Lima Metropolitana,c1b92fd3f1eebcbb4af5fe82e479ba501bfb3a58d6c54ef9644ceedb7e75ca78
justifica_castigo_parental,Departamento,Loreto,acb4faabcebd68a3af2839ea9a4b222e41781ae53e1b7d41d44af81af99b725a
justifica_castigo_parental,Departamento,Madre de Dios,438874ad1c16b08b72831cb4d27eaba365d3094612a6ded2b8ced99af90c5263
justifica_castigo_parental,Departamento,Moquegua,9eb881fbdd81247f35140290919825ced4ea4efca75c5b43d21fb8d6eca29a0d
justifica_castigo_parental,Departamento,Pasco,4c22db5eb69223e243d2e969de9bbda58d66af890ceee152ea2375e919c523ac
justifica_castigo_parental,Departamento,Piura,e143faa25b62227e83aa614532b76eab387d004fce41d43c1ba574a13b57ad9c
justifica_castigo_parental,Departamento,Puno,55e5eb551c6280f727676f1127f81c5fef104bf2b0433a89957741d12575110c
justifica_castigo_parental,Departamento,Región Lima,4b1a578e39dd8662dfcd3cc340de164f86a5b9c92ce3946e7144765accf9039f
justifica_castigo_parental,Departamento,San Martín,c893e827b4504c9cd0a7a9dacf8ae560caf78ee77aac052efdd790d561e23f94
justifica_castigo_parental,Departamento,Tacna,ecc136aabb3120edb7f6eae5eb4df56a0a2870c7bca66438bd286794307e24a8
justifica_castigo_parental,Departamento,Tumbes,cd052f11046c491fe4213e1068375948b11d9a4a75e060568a547997156b88fd
justifica_castigo_parental,Departamento,Ucayali,3d4a3d24ddd69012135e4fc1e67948d7b51d865dc6ba4dc0ee5e8bde26b49d40
justifica_castigo_parental,Departamento,Áncash,faa1a9a725802f9c57030d239f5a1f8005f502c7025418c34ad23d96b89a1131
justifica_castigo_parental,Discapacidad,0,be8da8714425ade365e6d058128468ed766f0b13289dc74da0c215073527a74b
justifica_castigo_parental,Discapacidad,1,6271f0d95947ff506640e2353692ae423f4fb611346a76cc69c1736bacf3ff5c
justifica_castigo_parental,Etnicidad,1,8d5515e78c6da9c39a39cf9dd9401e49179615c2aed394831a7bbd8cc070bc84
justifica_castigo_parental,Etnicidad,3,1d7466defa50065e2875f10303bc58cd74ff80be20e0d033efcee663503cfe16
justifica_castigo_parental,Etnicidad,5,2b2b8058ae4ed916e6952a94a2db00be2157715e7a81dfa96767bd216dec713d
justifica_castigo_parental,Etnicidad,6,dbccef1fc2494a6f922ad445a9207bdd2ad814593f01b3921f37d9e173db4ada
justifica_castigo_parental,Etnicidad,9,a8b06e5734ed923adcf5335bba5e7fef9c49040e7bfcbf73937581dae5f38dab
justifica_castigo_parental,Idioma del hogar,1,40ef9ffbf442c367e3ecd0b2d8f8ada9c5402c6a6b4982e0aaa0cf9d9f322346
justifica_castigo_parental,Idioma del hogar,3,deac3dd64078624bf9885552123ed2388b180a3cafdbbc73e6afcbf7c1beb9c1
justifica_castigo_parental,Idioma del hogar,4,1e326d45de2d8c37809018ff3dbc5d5b3ff9b60123fcd540798b28eeaff1fd6f
justifica_castigo_parental,Nacional,Total,06c687cae9a920f81644e866fb34e48e297094b4fbdbb7cf1c6f6e630678fe2f
justifica_castigo_parental,Sexo,1,bd81f10d5bbfa201ed731e152f3d81266848c13a04d7ec4821aac1a9ace30614
justifica_castigo_parental,Sexo,2,fe9b599783858ccd880dc9e8f0c2a286bff0724868feeedc9d308e9c3ed49960
justifica_castigo_parental,Tipo de hogar,1,471909664e181efc9f0b860ab84b12dae2a00d8338506cc39813f0bb36949fee
justifica_castigo_parental,Tipo de hogar,2,8aa9bd787d0040f626d92eebff7ff9c50f0d56e7761b4a8abf4d7a15b4f08e04
justifica_castigo_parental,Tipo de hogar,3,3bbabcbcdcdd446d86a2b42f90e92911a076d2fc8f77821ed5a2c43f73ae6c66
justifica_castigo_parental,Área,1,a7c550a2ce26465c571e11e714a626117ae0c5967033050158103b9f3d259dd5
justifica_castigo_parental,Área,2,22148f773eb28f78e1d8b08a7705991c5debafe7e11faea1ff71133739684cb2
justifica_castigo_parental,Área × sexo,Rural Hombre,b978c55294ea8ace8cedeb3f200e00284dc36e88c98b99fbc4d41f8f0e653b64
justifica_castigo_parental,Área × sexo,Rural Mujer,827fe911b9ac6421e340b9787594ca41d15acec9d47fe70565703ac73ba8ce93
justifica_castigo_parental,Área × sexo,Urbano Hombre,f838bcd8e18f100ded201d5b8229773ee7f14fbae405daf0016aae087672cfef
justifica_castigo_parental,Área × sexo,Urbano Mujer,84bd475148d1f6db37fcb71c6b3abd7c380d490fe291c2cfab12b548b65911a0
mito_fuera_casa,Departamento,Amazonas,c2b7c151807bbdb82b5f190d522ceb5f30aac43c0f743bc58988e8be0fb2800c
mito_fuera_casa,Departamento,Apurímac,ef36e21c6560366cf159668937774d1de0d31c294e38da248d299f07f8175693
mito_fuera_casa,Departamento,Arequipa,8f0b543e6a383501ab53c23ae496ef0ecdc31a81697cef5483c59809213c2f86
mito_fuera_casa,Departamento,Ayacucho,955ded088b0a86b00f3eb6c92d20034ebcd8c72789e6f1dd0fe341e0bb83f1a5
mito_fuera_casa,Departamento,Cajamarca,e4299192bbd7b0b725d64d22c7e14100553c7b1afa570f5ca22f4bb27e3a8a1b
mito_fuera_casa,Departamento,Callao,09a0ec6a343ce50643ff114a0fe3406c4e48824303da0c28cf95ca8c89160ec8
mito_fuera_casa,Departamento,Cusco,a1ff54d038d1298a9ac666847c2b1160cbb3f5c4a73dc088d1bff60f4d555bc0
mito_fuera_casa,Departamento,Huancavelica,18482df514d5b1eaec4b2f7d0efd38423295e91b2990e76a272e19fd524336df
mito_fuera_casa,Departamento,Huánuco,26ea08803a97c950f3140eb2688f9f4c932ba96b60a7f36342cd897e628c428c
mito_fuera_casa,Departamento,Ica,bc01888bcf3e8427dc03650ff68202535f5a372db5933ce190da5df9c51f124a
mito_fuera_casa,Departamento,Junín,5021fd4a658c0fb350d0f0585c140faf6bc077d6b70f73f92f597daecf07c87f
mito_fuera_casa,Departamento,La Libertad,1d14ecb76b393ffd3ee0609dcd2a92736a6427aea42c819b1ce2ec9d846f952c
mito_fuera_casa,Departamento,Lambayeque,205738ed1609e89139260d83f864da22ac2bdc41fbf56c2ec35f79bbd9888695
mito_fuera_casa,Departamento,Lima Metropolitana,203d8bb6c594a5f0c728c0f94fc7147a0d5cbd36ad0d441984b81e616e0a88e5
mito_fuera_casa,Departamento,Loreto,cf5a706e1509fbae3c97ad81edb15e08e98fabfda4060665614a673210baf42e
mito_fuera_casa,Departamento,Madre de Dios,b7e0e83ec5ab2c83dae7e72147b7019adf2c3976e2d2cc0773b2bee637efea43
mito_fuera_casa,Departamento,Moquegua,92fd8c4bc00e8a0565df9558419c12147a97a7f415d63eb1638e687fa2b8bcea
mito_fuera_casa,Departamento,Pasco,aa4d5b4b27e7011ca12e57e7ed342aadc455efe01dd88e8860c5ebb19ef2656c
mito_fuera_casa,Departamento,Piura,0e5bac0d7c97997fcfcff3cfe2ef69bf82f9c5fa64e7406ff4f438d9fee35985
mito_fuera_casa,Departamento,Puno,f886844085e3aa406271dbf44c8c082904fa07e3aedd63ec0d1bd6309e791dfc
mito_fuera_casa,Departamento,Región Lima,7413af2c323fadb910019a4134369e1537d4c99ca9531700d7dd7ef50da760de
mito_fuera_casa,Departamento,San Martín,7e8ba8fcd734c41c7c1cb8cbf93fc3405f2e29c762ee80927a2737e8d33cbbcb
mito_fuera_casa,Departamento,Tacna,dfe3236de382c62cb2006948c3eb884e95ce0223857ef9ddf2c95ba6cbc15d3d
mito_fuera_casa,Departamento,Tumbes,b5baac551cc1941ae351cb985c483ac163c118aef692268a23f1baf9a2dc049b
mito_fuera_casa,Departamento,Ucayali,2939c53b947aba91afbdb4006d6eba2e6cf3f23138250a50953e851e1254e559
mito_fuera_casa,Departamento,Áncash,bada68125c7b3fed6efbeaa96b8c3e82c29100d539e64627aa8f5f07fa41caac
mito_fuera_casa,Discapacidad,0,4af1dc423de4416a865f2fdfc9264f89d3a74b459cfc58a65949d80cafdb1651
mito_fuera_casa,Discapacidad,1,3ad7e823a4ac1c0e5b49068386f8ae646863357e5f383f73ad183dfc18fea021
mito_fuera_casa,Etnicidad,1,7b3eb3a5923e1afad6e8f57334d1a8aae850af166f67ab68f31bf051466c84d2
mito_fuera_casa,Etnicidad,3,1599f040229066bb772ce6c7f10d839a0be08735571b27aadd7eb66cf5085185
mito_fuera_casa,Etnicidad,5,9ece17ce7c3fa185669a604ee1aad31cfd0207e0cf8f13092c7199a0e67c6574
mito_fuera_casa,Etnicidad,6,b1e0f1c67260260d91f00c65fd60d206c9df97d61b6bd77ce48caa3c63c75a67
mito_fuera_casa,Etnicidad,9,ff84cfd8c83cb418e9d514dff47553e29dc2fcea4c7b2683706b7886506fa8d8
mito_fuera_casa,Idioma del hogar,1,1c0804089e33ba9cb63b44557fd05b41cc56b81b73fd7f7b2f07f606192d1a3c
mito_fuera_casa,Idioma del hogar,3,0c90e3fd3d2cd6ef9d2083bf2e619e1eabf55d63dcd82d5a671c2fe84ae6032f
mito_fuera_casa,Idioma del hogar,4,0964e6b2e748b0f9cf13f901dcaebab9df83df6ebe532117a3db127bb0b7c20a
mito_fuera_casa,Nacional,Total,cb1b98867c4437cf341d4fb66818c070c0ad6cb9c0968058b95f04cf5232460d
mito_fuera_casa,Sexo,1,bf97cbf96cb318adda7a23b402194ab7f260f948326e9950d24612cba4761673
mito_fuera_casa,Sexo,2,d417271b55d010eb3cc78a95e8bcc2b80b0e148056933a3c9f8d00352fe53d54
mito_fuera_casa,Tipo de hogar,1,fd7e50d80cbc0790a5d42bd9db9017c782375473c98d3337fd86e44009f135d5
mito_fuera_casa,Tipo de hogar,2,dc835c6de63ff1d13c0dcd868749ccd402219b3f6365df8f518ebdbae02cbbaf
mito_fuera_casa,Tipo de hogar,3,2293e7a9439f5413b171866d63d228ce70cec1d2e9e64ee15a00fe8bf82dfdeb
mito_fuera_casa,Área,1,de6e3f54b5f1d300a8abe66cdc16b0511c4d11e8b63fb7b8b855a36b0f714768
mito_fuera_casa,Área,2,356ddebeb0af27c47a6fe1a4de3c85ba63a01cd37da6b71454ac0470c908e9f3
mito_fuera_casa,Área × sexo,Rural Hombre,e9fa0a1681d9cd04a30931f7bba515a92c13a2f97e16da629e9c1aba377620d9
mito_fuera_casa,Área × sexo,Rural Mujer,ae655a06ceb6083e3ec9a3299fdb6d2e689e9ee15660c922c42d97b9ebc10d23
mito_fuera_casa,Área × sexo,Urbano Hombre,845cf7b500881ea05349553f94cac4033465876e40c5ec30cd0d0d0509d24f70
mito_fuera_casa,Área × sexo,Urbano Mujer,3ce882e3097b9bc26f884e07dd6ddf7f656d79ca8404a9fd0c60c5b78881f451
mito_locas,Departamento,Amazonas,b5b72bfb55d1bfa8eb61d263037d6b5cbe9c1ee35bf996c468415999071ed804
mito_locas,Departamento,Apurímac,c33a488fe9720f2fa1efce7b61145b99eed83424807b047549d38eff18b137ca
mito_locas,Departamento,Arequipa,70f50e15ce627e96c80b63475276194527632d4db74fd49e6087e2bcc60416a3
mito_locas,Departamento,Ayacucho,1d034cab879b4d1557f4833f33084b74bd2a2d811c29be6647be883b3a9ccfa6
mito_locas,Departamento,Cajamarca,1668573ec6391fa8d41e0c79653f2525cfcbda7efe31bb2e9f647ccc63c05a91
mito_locas,Departamento,Callao,092cc42eeb75fea61d62f572e3278ea935835a002fded07ac7ae71476b82705d
mito_locas,Departamento,Cusco,e6073cddb0d4c1fdb2371f8830fdd9e2cc672afc3f8510cf153958e2f8c60a60
mito_locas,Departamento,Huancavelica,d92c8d3413a0ad5d37f25b7f1f72d5a3ee5bb03286820f355a082d8e89374134
mito_locas,Departamento,Huánuco,321e5c5f3e06f85df02bf6f1c66e4ac99baed6f2ab01e56f5f3593447972dfd1
mito_locas,Departamento,Ica,aff60f8ba3730766e271d8d92316d97b1900fe9c3713d2cfb32e77df3d3d3748
mito_locas,Departamento,Junín,575e7f547f481c4cd79bf6bf2fd59872b393ebf030ff4ce31ff342378ba2e4bc
mito_locas,Departamento,La Libertad,1304da43d0aa9b29488510f6b675094543240a83ca32c7a839a28a3169eed281
mito_locas,Departamento,Lambayeque,fb8a1f4480db5b71acb9f41ad38adfd3ce88f2dc85dc27d4d18ff0ed53d8ed67
mito_locas,Departamento,Lima Metropolitana,b0e0b53a0554d8104b5835efa08cbd92a852ae1e28721396c062470f56bdb014
mito_locas,Departamento,Loreto,97c17ecb291209a1e93853076bc9f355ed8d85a39a04664bea5960d90050a420
mito_locas,Departamento,Madre de Dios,5cfec9f841cb28cb40bb7a57374e709906b4b94503f71bc95f12baba71c4272e
mito_locas,Departamento,Moquegua,a4a82ac00f7b565cd72b519eea88646e49854c3e32a8b0b073915feac38a47e5
mito_locas,Departamento,Pasco,e4bd373d126306a90e8379798b2c2091762bd448df4e567c257c7765f646435a
mito_locas,Departamento,Piura,94ccbf6a64830a358d6c406573024409bb2075aa7a9554a5a68921bc1fbfd031
mito_locas,Departamento,Puno,c7095a3d64f0ca958e14c60b446d0cf76c35c6ca5e1b66060327236043c43912
mito_locas,Departamento,Región Lima,283312a5006faa58312d1a321a093696eb1757c1cac953d9e430cedf2153469e
mito_locas,Departamento,San Martín,f24b52b613570df554cdeec28a6e5200d43de17e815322519447563421656f5b
mito_locas,Departamento,Tacna,09b2f982607e49c1fabd9fd45a59ef3aea05dc7d01a910f4ea6bd56ad2d7c4f7
mito_locas,Departamento,Tumbes,24221602977ffc4d8dc0a6559b96d26f4eb87f11562474ed5c2e83a9955246ff
mito_locas,Departamento,Ucayali,3f8daa6884be67d4fb87e526977f27544cc56c000faeed2f04dec2ad09be1aca
mito_locas,Departamento,Áncash,ce793b36779a0f1cb0fd41e99bdc3b049c432834a6db3d25a00b3784f2d4f491
mito_locas,Discapacidad,0,def686615b2dfbdd87e86bf36bbbd73524f8b5b53e1b179e096221e86d662fab
mito_locas,Discapacidad,1,40a79d3e531a19afdbae8834cc41160f05a735a48aedab05ec0d5003ac0d5ba4
mito_locas,Etnicidad,1,6cede335321e49c50ccd193f0d27eadb205c9c560daf1c46d1b3dc2cba348d5d
mito_locas,Etnicidad,3,94451f1327f48060ecf9209e7abba016bb5d274da329e9defcd45ba116cef134
mito_locas,Etnicidad,5,6170175098d04cb6722931c5ee09b39b6897b31728708a0bce8bc42b14cc7e9b
mito_locas,Etnicidad,6,812e61cee7a9f7ea3f1ac6f90365d1c06c51a0f168cf49a60f4deb046a3e9da3
mito_locas,Etnicidad,9,b693f33ca3dba8411e86db252b6e4a0bbfacc1b973ef1d2a39735e0a2d20d6e1
mito_locas,Idioma del hogar,1,2962aef9f2e584bb975686ea74b9af20d11f6f60fa7debd661644aa4ce93adb0
mito_locas,Idioma del hogar,3,6dbda71dd45d252eaac28936023b15b5ff2a73aa96208c0638d0d729905ee698
mito_locas,Idioma del hogar,4,ca5d253a76a6e3d046c73eccec9e8faf3bf5d340cd5fca413afb2e6d3310efda
mito_locas,Nacional,Total,93e2a3346e3030ebedf79d56516c6791497d87e6f479b208af0d3e801ea97c63
mito_locas,Sexo,1,f036c7dc20816ffe07c44986b5e15c02688bdf99214e2609e63f88635338e8f1
mito_locas,Sexo,2,2b7b85e425c5a1cf0e4c0d96bd1707c18a094338ea556bfdcf44404600033c2e
mito_locas,Tipo de hogar,1,4799e583886af2a42c464ce1aedca2a8d6c778d49b18b5b9da8b50a504676ad5
mito_locas,Tipo de hogar,2,105c9ad14f9002944a0a52fb1bd63b423456717cc9ff7fe1a22b5e90c11d34d9
mito_locas,Tipo de hogar,3,b6143d0f115f730dc7399fc171841777d6ac443ab7e73c6d8c660004732b0dc0
mito_locas,Área,1,ee92a73872124b78f155b2cdec8c0883e0fd764b7a427c7eb30e5871b23489df
mito_locas,Área,2,a7b3b71e2e563d40b6d6717f360a281405ba0bdf22bd3dce144cb050f3c96658
mito_locas,Área × sexo,Rural Hombre,d807e55b2923c341ad53c07a9856ba0feaf07d1559a9cc8f144bb31f946d438e
mito_locas,Área × sexo,Rural Mujer,3d250a313cf83a57829728a9f1848b372f82970cb0a452dd4697be5d60bd972a
mito_locas,Área × sexo,Urbano Hombre,fc4bf27a66dc2490eb31f1164c770b975db13612034a521089345f84aeb5006c
mito_locas,Área × sexo,Urbano Mujer,1253047ef456c88dff019ed1b16ca4466383a21e510e1744dd825045632097ee
mito_pobreza,Departamento,Amazonas,e6a3c6db7848006d269c5bc6b8d73e3a2a55516c9a8923c144f17eb315b0553a
mito_pobreza,Departamento,Apurímac,1f5043fc924604fbbd5017c7e6a6745c4e466cfcdf18dc0f3ba552ac9502f59f
mito_pobreza,Departamento,Arequipa,ba91a0f0447eb754987e727fcebdf76b1aad34af565000478559f07ba867f612
mito_pobreza,Departamento,Ayacucho,e0a6fbc0737c4484a9c8ab751fb0972fce22e83593189b363408d2a12844af33
mito_pobreza,Departamento,Cajamarca,66b45261e77c8e5b95e464b483701455cb0ba5332b1e16d26793faeec000cf10
mito_pobreza,Departamento,Callao,ea8a033edef251a33460f64fe146a0970a731caa466fc629ee2dfe27de275525
mito_pobreza,Departamento,Cusco,99d9171309280a1cbc5ad67811cd49079bd4821952da8a34cf522076023c078f
mito_pobreza,Departamento,Huancavelica,8a31a12134eb67d13fde57b0031d9c6768b22e1a239838f7bc54f970f73b3539
mito_pobreza,Departamento,Huánuco,7b6ea24d3f8d4eab56f6553916df200daff5917be378af36efac74b5f611789e
mito_pobreza,Departamento,Ica,81b163012af08082253fc73033024bb097c11001280a92beec6d030dd6d06bba
mito_pobreza,Departamento,Junín,a3f982a3bdb8b64cf135880ea38a676e62d27314fae75a9f3fdb637193955d82
mito_pobreza,Departamento,La Libertad,457cd6df33bbe8e7b5676f08c165612dba422fdc807f8e674a53eb40f1b3dadd
mito_pobreza,Departamento,Lambayeque,672e6e22e88668553820608da798d94050dc22c6b79c4e7d871bd3a92f7ec7f7
mito_pobreza,Departamento,Lima Metropolitana,91ebf1706dcd295c84494df6fa1dd3a0273f5d4712a60f2d360fa7508d3585d7
mito_pobreza,Departamento,Loreto,73510c72762e192dcdb1076cfe485e5dff6e236c8bc3f2891fb74fb4854e082c
mito_pobreza,Departamento,Madre de Dios,8f2d9fe617e78b131c0a5472de200a4bac8360ec78dffb7e8d84d7ae6b514a27
mito_pobreza,Departamento,Moquegua,9b98a9d4485487d5c23f68f60d1395a874d30bc0de64a60f210e201d25ff08d4
mito_pobreza,Departamento,Pasco,29979edd6f007311197827eda74adc0c7ccebf5548e9f197a437d11175df0d52
mito_pobreza,Departamento,Piura,72e8bed1d38c4cba1aeaa4e7a5d1bc42196e063ae0cccb521b9d248e234d3d61
mito_pobreza,Departamento,Puno,66e358420d9edc67c045bc8e9d9785ae25457ba358d78ed44883cc2be35de0ad
mito_pobreza,Departamento,Región Lima,3840dcd555354ee29f7da27ac323d292aa5f98511ac819fc1081a9e33f713d83
mito_pobreza,Departamento,San Martín,53f18005fcca95c5090a3e085d9010a75667d90dca432a43ee2159d2c60a23c6
mito_pobreza,Departamento,Tacna,7a7fd8eb009d1bccc1087ff2edb19a91151aec4e6dc0d780ef35e12fa8e5a899
mito_pobreza,Departamento,Tumbes,de186812ba717b0677b81786d3615f2f98cb24759f750d30a0f1b6faa3b45b5b
mito_pobreza,Departamento,Ucayali,6463c4d2804676d421818e0e8e270aec75c64116b6ca1b77494db6d7eef29fc7
mito_pobreza,Departamento,Áncash,98c8982f9c55725b20c89bcca111b1b806ff539a8df46c41c4503248f6286a4e
mito_pobreza,Discapacidad,0,24d75a1654deb8f14d77c4cc36d3b816af6f75ef97a0c17ea212f92fa5543d08
mito_pobreza,Discapacidad,1,baec1b5149e707426b50c696c079ef1cc1190167d2e8db00222a17e9bece3d9c
mito_pobreza,Etnicidad,1,55d094fa489fc10e297c1739115e38f3a00b859bfd818a2f0f0d33ccefa26b89
mito_pobreza,Etnicidad,3,a0bb08cf8d44aabc21f00b6c792a022689b5f726f22c99fb67530aa66bd45471
mito_pobreza,Etnicidad,5,3c83f6b221f67a3f1c567822622c30825bdddba20ad241cf97722e1e6572d274
mito_pobreza,Etnicidad,6,494a588fd56bc771aef8b946bc762aca462398f7bdd807f194f3c629e90b18fb
mito_pobreza,Etnicidad,9,6047cb415c68585db86142a7072ef63cc0857f38a3e1e42c82e5003c0cf5d21f
mito_pobreza,Idioma del hogar,1,ce3cb4dabec95df8e11d9b14762ddc6fa2e16aeb1ad1bf8f14aafb7dbf8b30d1
mito_pobreza,Idioma del hogar,3,a850d7002b8d8ac86f7b5d3241450186f865916c87790039ccae323808a64f13
mito_pobreza,Idioma del hogar,4,0487bcf6faeccafde66bf574246fe46701463bd47ab48bab01eeb8bebfae1f47
mito_pobreza,Nacional,Total,9ae0dcf0777d8c8d2fee6bbc9938634bd3962ed5bdf0becf36b50521d2a811e2
mito_pobreza,Sexo,1,0a17f66b01f861c3c63da3c2c568d0cc7f5f46f0e5a2567154daf1e8bef7a61c
mito_pobreza,Sexo,2,2972810869e65931de394c2d557ea8bd0005a9b8a548ddb6225c23ce84fa14d9
mito_pobreza,Tipo de hogar,1,8124da6cdaaf7e6dfade30b2eb7d6a02279a407044be823b1f0c37a363731c10
mito_pobreza,Tipo de hogar,2,e6c53682e97709a1fc54baf51fd9fc102669ca07bd16a99faf85a26505f84d2e
mito_pobreza,Tipo de hogar,3,c90ef299fdfb9ddfbdbe378361e14c496bdb506883cf2d8c9550ddad58e95c22
mito_pobreza,Área,1,c086b903d7a34b2d9a17eca5c61190f65d856be3e18b5ce7f61ea0bcd687c6e9
mito_pobreza,Área,2,dc8244009cb8e12e1563cc7d1da6335199b3cd6125d4f9f147df974d669212fe
mito_pobreza,Área × sexo,Rural Hombre,16252bfb5ec6a3a9e8c2b6f79c3063dd8bc1f2cc6b743bf589a24e20055520ea
mito_pobreza,Área × sexo,Rural Mujer,2d3c1929e41f1d98e85e29b1ca18bf175862bc7b1434e11f24a19e14c331a9bf
mito_pobreza,Área × sexo,Urbano Hombre,821679dca0390faf77faec51e014f8615f8982f50f3790eb90bc8b9fd9eb417f
mito_pobreza,Área × sexo,Urbano Mujer,ee3cdabe6cca1e3e47077153e2f8da3b66cabef3c7007a529ca6eab5e425b092
mito_sitios_oscuros,Departamento,Amazonas,973a48606c9bc401fa7cb9e401257e22035fdfdaa378cc3554b7d324a7185d04
mito_sitios_oscuros,Departamento,Apurímac,806a169cd9d6509ccdb1432e28920571bfbe4475a4cee8ef2f27ff305d010b2d
mito_sitios_oscuros,Departamento,Arequipa,a6553d340742b00e30f369de80d33405817dcb4394c1cdbf252bc95a7c12d09a
mito_sitios_oscuros,Departamento,Ayacucho,1ab18b0f6c32e73f13563e06778d212929a0fa96f6f4c9f1c08557bfcd886056
mito_sitios_oscuros,Departamento,Cajamarca,28f04870a9c302698de7bbc15894e5262c3c57077ac3c598951dabf8ab3056d2
mito_sitios_oscuros,Departamento,Callao,58c15f0d12adb286d33a4003222779dd7eb509f9c8887b9ed5dd8491a8872c23
mito_sitios_oscuros,Departamento,Cusco,a126c9d8edd8b3b73777c16b3adb9ac1c2ee312a59087f55f7180d7f01baebca
mito_sitios_oscuros,Departamento,Huancavelica,75645226082b84122c1d15df2713308fb6fe5136e0eda3244b5a8d8ac6577660
mito_sitios_oscuros,Departamento,Huánuco,5a98a1fb7095a4598086ff3d07ede913ce4182ec7ba02246c27b2a3f333f2728
mito_sitios_oscuros,Departamento,Ica,dddcfe41eeed2ac981f44954c3120178c59c311b63a84220f4ab02164538d40e
mito_sitios_oscuros,Departamento,Junín,1ef8c9a7083f0723162bcaf03597853c83a602a757ec1256436450589c10aa15
mito_sitios_oscuros,Departamento,La Libertad,74053aa095223a90174ed0ee2379d7b670b900fe98a16d63555fcbcce270587a
mito_sitios_oscuros,Departamento,Lambayeque,70257fbbd95c586009bfa1c639f1813d28e89df22feb54f8d965cf884f240ab8
mito_sitios_oscuros,Departamento,Lima Metropolitana,f5d20aa7414a244e0d75a75828935458e77bdd070640e03f1bcd845e929c1202
mito_sitios_oscuros,Departamento,Loreto,547ccee1050b82fc5e2fd3fa6cec6e99f8fdcb8ac5b86333eba050f7559bc339
mito_sitios_oscuros,Departamento,Madre de Dios,0292ca04b309b8620840c516c1b05cef271e8fc4327320e9b0c5760a32e62a96
mito_sitios_oscuros,Departamento,Moquegua,e8bd42e9430440b11edf46aec621633d041277d799708c272372451aaf44f8ef
mito_sitios_oscuros,Departamento,Pasco,bae93a7499781434d9f5ef1adc55ba6e93b865afb8d76f39ddb7802cd47b4377
mito_sitios_oscuros,Departamento,Piura,079f454411f151a9e58a616ec836b530a85fa3242766b0cdd737b1c6ef40f73a
mito_sitios_oscuros,Departamento,Puno,bb97b7115ccbd6ac88d1358e31f1b2931b0bb8dffefae5c1392a9789620550b8
mito_sitios_oscuros,Departamento,Región Lima,8801d927c6d75f7c01e0fa8de8d041ba490f69caa710e2fa3182c6f52dd58454
mito_sitios_oscuros,Departamento,San Martín,4b384c47d3dba7a36c42e42649f1d994bc4e002608ae0ebbdcbefb5ddf1c8917
mito_sitios_oscuros,Departamento,Tacna,58c54050e5acf6cb0df68109a51cae025925537e2fc572e63552052328ed0f18
mito_sitios_oscuros,Departamento,Tumbes,dcd0d540791e25081f04f83425c7f83a8e69a1ad15823afcbd90d37aef904567
mito_sitios_oscuros,Departamento,Ucayali,075e49a3e49f2c599bad89f6ac9789c4918512b02a319d687b244151c219e1ae
mito_sitios_oscuros,Departamento,Áncash,3a2838b56e39967098fd7c214460845ae37c138c72338e0d8a87ea53319dcb4b
mito_sitios_oscuros,Discapacidad,0,04e5f12c263d639f816ea6d0e50995a5b28b58cdb6d66008c8e22e285feebe5c
mito_sitios_oscuros,Discapacidad,1,473929aef461f9731d6e520ca66474b8d2d9e144ad9851c0d5acdc629a8894ab
mito_sitios_oscuros,Etnicidad,1,a007622fb55d43b3df1ae45fe5a30d156c91b479a6efbda88de6fb1f2381be51
mito_sitios_oscuros,Etnicidad,3,8082f70a6fc65d91d4ba0e87fbae79369331f92e8b5d44d3722f8cf9543321fd
mito_sitios_oscuros,Etnicidad,5,ed4676adfda72e72e03c2879cca4fa8db445f792198d27d3474bf97b8723c6c6
mito_sitios_oscuros,Etnicidad,6,4ddbc97c50caa789f2bab66e55c95a6dd715dbbc3d739819b71edf1f0011e3f5
mito_sitios_oscuros,Etnicidad,9,ceab23ac46564c61b67b63391f5510fe6a4eaec24f5482b1c3eb502006ce0c30
mito_sitios_oscuros,Idioma del hogar,1,44dfd69931d7e7deeede7ded829546a23c4a15d93ab2d5d3e49c72d2088f312f
mito_sitios_oscuros,Idioma del hogar,3,2a26488af2f16ff3ffedfa35dd2b397aff471c6af288e834eab1d8bad13ebfad
mito_sitios_oscuros,Idioma del hogar,4,90f9dc919de48c3c205abc6402c119d92d31872d8c16f2e2082af4685168ab8d
mito_sitios_oscuros,Nacional,Total,afbd7acbec19ab08947c272e20b314c103b872b97e4f93ca3118de599aa077b0
mito_sitios_oscuros,Sexo,1,f205bcf111e0299ea6df58f2ad0e35060e6bcfacf51305e06e61373c540b9a30
mito_sitios_oscuros,Sexo,2,74cf0724139f2369f4855cf3d8c6bed956dfd99520315269c86692094df10237
mito_sitios_oscuros,Tipo de hogar,1,5d6ebc4c2a24fddac0b96f888fe4d2c2515909d48c6e495c8cca3cd33cd13aa0
mito_sitios_oscuros,Tipo de hogar,2,bfde4ff7e3101b856bbf1f0e852d557d7689f63dee7ffe66ef921e86fef7c2a6
mito_sitios_oscuros,Tipo de hogar,3,638b27d0055f4485e82e509912f274479a91fb00bcba24b0142858c827a13068
mito_sitios_oscuros,Área,1,886cd8246d155d39a09fc1ecacbd76790ecc5bc7d785f48381c0473718759e73
mito_sitios_oscuros,Área,2,f3d8c760b4f70a01b8ab8110be1f248f754b26d46448ca62aa4eda20cd1fbf32
mito_sitios_oscuros,Área × sexo,Rural Hombre,5056456de9b000a471789752a9459153d8256f6e8d8dede695867c434bc880d2
mito_sitios_oscuros,Área × sexo,Rural Mujer,262cd3d462ac82ef960bf05fe2ae458a5c523897f19ac9cf016f3c1e823468f9
mito_sitios_oscuros,Área × sexo,Urbano Hombre,7e32385384517d7a291f775267a24bb37d8e8cdde54d1266133d597d2b8a4e70
mito_sitios_oscuros,Área × sexo,Urbano Mujer,4a87cd1a3250e1dbd2a82a9e7ddc70b8c50a19ab2d51b6f2ee63d13a476a1862
num_consecuencias_fisicas,Nacional,Cinco consecuencias,b3171cb7d221a11c0bc7fb7dc032ccd5e9221686335f3fcbbea4599a4793015d
num_consecuencias_fisicas,Nacional,Cuatro consecuencias,73edf18556b48228b537ff0071c150a42be665791d9e4f08f457adfa1b862c36
num_consecuencias_fisicas,Nacional,Dos consecuencias,292070d5456821ad157437583fe935d8805d101867520cbd1d73ced10bf0237c
num_consecuencias_fisicas,Nacional,Ninguna,e45615bf9d07368e56c3f20ea70c9d5e2106c47614876b537ae676eb28a12074
num_consecuencias_fisicas,Nacional,Total,c70ed6bf5b2e62fa31d8fe1910d2dcf037f9700f5f8d7d3acdc646498aca32a9
num_consecuencias_fisicas,Nacional,Tres consecuencias,6583c79fef503b36eebbab241ddea64ffee0cc70dd6d3bd5a898787476216b1a
num_consecuencias_fisicas,Nacional,Una consecuencia,b175e0bb910cacdf3e7eee675483d6a5ecce930eb351e1db05a8693789f88aaf
predominio_femenino_tareas,Departamento,Amazonas,b11f57500d33ec1295f1e1bf407179c121b1f2aa3d64ef6582fbf3eb7b0a8b2c
predominio_femenino_tareas,Departamento,Apurímac,f35c0dcd3ae2b2ddd524d416adb56f30aa1158e7c881062232f91af2f39547df
predominio_femenino_tareas,Departamento,Arequipa,a5f99b297f117ba1d2d29c813ed8aeb7e4beb9377bc2f490dd2823497721ae9e
predominio_femenino_tareas,Departamento,Ayacucho,1ef8f98296724c12ad7b902e4a277f51e23eb8ae97442ab0e1dfa90c8ff3af8d
predominio_femenino_tareas,Departamento,Cajamarca,0298bd269cbf5469650df10cacc4e4585da82bebfd696e3882da85a380ae0a2c
predominio_femenino_tareas,Departamento,Callao,0dc6e925c47a441a7343aa6ac0923083836cb0c19eac47c8a87d92bf2e761f32
predominio_femenino_tareas,Departamento,Cusco,eb10ab1737381e61937cc4d4939cf74903c7974c3a651c3a9f4645290591347c
predominio_femenino_tareas,Departamento,Huancavelica,e896e530a20303f11df750594ff9d076fe6f93d2973f5be26d229e9a3d1818ee
predominio_femenino_tareas,Departamento,Huánuco,86f8ed2b63b9765b1e62c85e05a71fcaa687cda46f610bdb276488f4d0ff7abc
predominio_femenino_tareas,Departamento,Ica,d2007617c95139670441f43ac948ca17d2d921c74502d2563830b6ad621a0a2e
predominio_femenino_tareas,Departamento,Junín,399ceee90bcd98b228fc470d21ea9d206954f4a4aa2435e2455f7dc1009cdce1
predominio_femenino_tareas,Departamento,La Libertad,c62a70bfb93f8f153c1eb6d63ec1bf362a551ad02b55a703a709d7ddd738ad92
predominio_femenino_tareas,Departamento,Lambayeque,83ed4cb6e11ed7707fa019d7de0b1a9bb240d37f182cbe34ae4436f88835a7c6
predominio_femenino_tareas,Departamento,Lima Metropolitana,13c87fb3e22f8518ebe18c5b7c3fa419cc139d8df68cb61351401ec8777fc3a6
predominio_femenino_tareas,Departamento,Loreto,4df1224be9c3e1d547f909426c9b4be0edba2fa39f90e2923821c0941fc01a97
predominio_femenino_tareas,Departamento,Madre de Dios,41a3030e38e05c07677729b863545288c91fa9d5ad760c8473d24d04d87729bb
predominio_femenino_tareas,Departamento,Moquegua,a507615637b194abb7df5027d8e21fdb771f6d90979ff46d58c259482eac9f7b
predominio_femenino_tareas,Departamento,Pasco,ec2c69ec82706149f2c8c7bb84b69d92d6ec28f4e93290c81e66a43460c8cdc3
predominio_femenino_tareas,Departamento,Piura,d867d2fc4134e9f80adae12d20a3ba604ba0760b6c08d0eaadd7194e9b717315
predominio_femenino_tareas,Departamento,Puno,fac96b19ed4cb6141b9328b9685a61a9bb3e379101fdbfa06cd920c233d7ab98
predominio_femenino_tareas,Departamento,Región Lima,4de3df70c2f0eb99a65a3dc3a2e217b99edb448059664a37b8dec531b718568b
predominio_femenino_tareas,Departamento,San Martín,112e23871b9ef86c1c30f49bf89bd2bc4d04daa84a5a78658a10d7a75209d684
predominio_femenino_tareas,Departamento,Tacna,88bbca0a850b03df508104d379ee2762a8d7fcf616f590c697a9b9136bb68d4c
predominio_femenino_tareas,Departamento,Tumbes,d0e9fe6417333b7185352d974937d829d7ccb031964006533342b0cf343ef168
predominio_femenino_tareas,Departamento,Ucayali,7aab7787afdb26b3cd17e936bb26a0b8e8a1d634625e8971c493ab7bf136ba16
predominio_femenino_tareas,Departamento,Áncash,1a6148ed826becef539562fe8162f4e73433513a374147f658e6893a0d4195da
predominio_femenino_tareas,Discapacidad,0,14f5602fc50fa045bdba31212e978563cf72314974f34b45ec41d6140bd6b16c
predominio_femenino_tareas,Discapacidad,1,c38bb07cc8015fd87deda76b8c695b77a42e4a6f6a915d85fb05c3bf46b785ed
predominio_femenino_tareas,Etnicidad,1,59bc18156d84e97c0905e173ee1e7b492dc4357ad3f534b45de3ae8846d57853
predominio_femenino_tareas,Etnicidad,3,ca38d5e72dbecc443b271f1f46d07b61d9c07567e01dd6c146d9fa5480652dfa
predominio_femenino_tareas,Etnicidad,5,32843153d9bb51d161d586f7690579c0a13a34d83a3c6752415576a333e86652
predominio_femenino_tareas,Etnicidad,6,d18be4f907b6a58c0422660eeb374c0d190d689ba67c7c84fd18c5464462c656
predominio_femenino_tareas,Etnicidad,9,528e62eec2027cc8a3a1edec2e873d39e2041f296f87caf978e26914b0c626ef
predominio_femenino_tareas,Idioma del hogar,1,228846caca66be25b035783b9935eafa587cb24ab57ca3aec57102a956b70eca
predominio_femenino_tareas,Idioma del hogar,3,ed1b6b0f8db519028c19a92702ef50c3fa914c2b06131934e23f44164b2339b0
predominio_femenino_tareas,Idioma del hogar,4,42c1d7f316affdcfe8b4a289462c76c63a4cba600a3f2e95dd6794665a1adb3a
predominio_femenino_tareas,Nacional,Total,7040b01e0613034bf56bfc995b8db32d7eba840ab53109a2394b8bacd23191fc
predominio_femenino_tareas,Sexo,1,a12fb002fd386f6244f3af38ae9dcda0b2ee8db879bb525af7801a77d1595f2d
predominio_femenino_tareas,Sexo,2,558cc28f7f808866cefb87f97f8d15d08c059068ce212e35075807b705754bf5
predominio_femenino_tareas,Tipo de hogar,1,43d9eda8cb832178750181829ff6d547885d720fdf3080b3ab4f5ecefbe029d8
predominio_femenino_tareas,Tipo de hogar,2,750a8de7069c34ad9c203b3e2887d1dc4f32f26605d2d2d2c5e668a64cca89f1
predominio_femenino_tareas,Tipo de hogar,3,4e22947f1e1735390555cf95c7d655819b15368ac3fabb42bdba47b909bc3d29
predominio_femenino_tareas,Área,1,e533e30736336b28f6d6d3a487718ce41134187c1e96cd0b092aa1da8b92b3d6
predominio_femenino_tareas,Área,2,46f5cb20759291761b6d49a5fb45a4293b0b895e7f59d696148323eee7ed1e7b
predominio_femenino_tareas,Área × sexo,Rural Hombre,92c6a8801da90afa6f928999fb93e9081ee726435a8e74cfac54eff5043c6696
predominio_femenino_tareas,Área × sexo,Rural Mujer,2ebb1468ff53bf195f1e8a103202c4fe2d07df0d11fe31ab5aa889fc506a9844
predominio_femenino_tareas,Área × sexo,Urbano Hombre,f79c53b1ca8db1bb2e84580e9811bd4d31288c8025566311d47e9e579d3791c6
predominio_femenino_tareas,Área × sexo,Urbano Mujer,26152bd658544cf7efdf12363345dde7683ed3e12c8a4c165f81fdf4f46ba320
rechaza_dejar_estudiar,Departamento,Amazonas,afdff55252caf3eb46e12e1e9a2635906967e7b14f1102828cc7f79755a903b5
rechaza_dejar_estudiar,Departamento,Apurímac,25d22837cb5c1c0529f373b5900ad41289321a050cd94971a680c22f7c7fb006
rechaza_dejar_estudiar,Departamento,Arequipa,cc12a2fcff601d423b612a309ebccf43ef99ae9b085250fd819d061a8fc8b731
rechaza_dejar_estudiar,Departamento,Ayacucho,4d1f58ed006a059a3f8c93b190ec37a5043bb68ef416c40f0707d8a7b19bf034
rechaza_dejar_estudiar,Departamento,Cajamarca,d987342d7e6bb4aad04a4f1c5569e75c4ea13d239854ecfa55c440ea3d571a98
rechaza_dejar_estudiar,Departamento,Callao,b5894408f4f21edacebc976de29b11cf4944260154daa8c8fb3031c8705e101b
rechaza_dejar_estudiar,Departamento,Cusco,61f5b6ceb52aaf8e041c72c40882d75e2a5fd5ffc1c368d6d3bfb7b9ff5b2d1f
rechaza_dejar_estudiar,Departamento,Huancavelica,4ecb7407acbd89c9a05b9b36a715a946f9072bae1463a6bcb9bab70745708ada
rechaza_dejar_estudiar,Departamento,Huánuco,e1968df68fd7cc4c2c48b7175fb6441829d3fb792f02fef1ea1fa91e39bfe778
rechaza_dejar_estudiar,Departamento,Ica,a0fddd17589f9382522e2ebb4c2ee4e51dcb11d314f891720b9447de41b287d6
rechaza_dejar_estudiar,Departamento,Junín,ca2c12fdbfbdbcad0c8c26c97524ba6273fb925ee60a13f45e288718ff9f4f1f
rechaza_dejar_estudiar,Departamento,La Libertad,fbe0f34e7269e1cbc5e1c166bfd4ce5005546e8ef15f3acacd9e5a0157d350b4
rechaza_dejar_estudiar,Departamento,Lambayeque,c147b504322702f9c3678faa49d0fc35f02c914a49af5d3d16b4d8824c1badd6
rechaza_dejar_estudiar,Departamento,Lima Metropolitana,06f28f29b62628f7df9245e48ccccf5b10c3af5f105190e83ee655044824ca8b
rechaza_dejar_estudiar,Departamento,Loreto,46d0f9c3e86d260534f757f94598254d85feb6a5cbc5c1dbc4bd4affd8468138
rechaza_dejar_estudiar,Departamento,Madre de Dios,7f8a0838c1961426f963285400398adb25e83ea9b70b301cd8b54b3efcde9d38
rechaza_dejar_estudiar,Departamento,Moquegua,9d7f56d9da053c0b990365f46e1d4fcd70a4c41e7bc0918e3aa571356ed169dd
rechaza_dejar_estudiar,Departamento,Pasco,c8527d32b3a1c80fa13f39229d5f756c66ba77808783137c793595ac3a43f945
rechaza_dejar_estudiar,Departamento,Piura,0c3c72ae02f451ad1a775841baa9af668cda5dd9e63bdb57a2dd21da012159cc
rechaza_dejar_estudiar,Departamento,Puno,8202ce393de333d365c4dec8155e421a94d754ca4d33f4de6933a0e244f360e5
rechaza_dejar_estudiar,Departamento,Región Lima,ec428c7795cf7bb7b91e20e96b846aed9c2a6416d86de9b36a34460e50b6e597
rechaza_dejar_estudiar,Departamento,San Martín,bfa9d5daa609be232300546b7f6b11947911b102608d394115e263486585673c
rechaza_dejar_estudiar,Departamento,Tacna,5751fa3fd874a568524d6808acce1081299eea4a6e625bed37f685fa7b834cf0
rechaza_dejar_estudiar,Departamento,Tumbes,4e8507bb975b852f3d4233dc5f40f4e527b03ac425bbee233ec7dc20055612f8
rechaza_dejar_estudiar,Departamento,Ucayali,296bd9d1dbf20727721798eda15312a95a347630f004615454309e52021082a6
rechaza_dejar_estudiar,Departamento,Áncash,9c1ef875144d9d19b5c862f16c250b2bc6422784282460be633df6e0ae5a5ab5
rechaza_dejar_estudiar,Discapacidad,0,e69a7f7d479801ba290d7dc6aed01f5220f49521e1617b8b40f41bd89847bc63
rechaza_dejar_estudiar,Discapacidad,1,64d34d96868a9d35364d96a8855f3273b29b5995e75d764dd11620720a0c4d04
rechaza_dejar_estudiar,Etnicidad,1,409520751f3dda633950f496b55b723b47962d190ed7823d9617c78aa22bc7e4
rechaza_dejar_estudiar,Etnicidad,3,d7fc5f55e2e35a9a2fa9d4c81740a241c20ed2d265b7a6bd4ee490f855e22ca7
rechaza_dejar_estudiar,Etnicidad,5,76ea026ae46a32620f4520c78ddaca3c796da120b9f0db008e5fe5d41d8bdf41
rechaza_dejar_estudiar,Etnicidad,6,a059ef84555a550b140c7415a64210637f50991a12e7b620c8b7b2efb37df30a
rechaza_dejar_estudiar,Etnicidad,9,ac0d57f1923705b921a7e0a0581e45bb1134b20bfda3c2b2b34a67b2a9c42341
rechaza_dejar_estudiar,Idioma del hogar,1,b03e895a522c9b3885d8b9b64d8990e63ead28748557c8ff60032e9ed15d29a0
rechaza_dejar_estudiar,Idioma del hogar,3,78ec800a6dc5434abc854ed2d9c3bf061294df58d008e7dad8c5ae4dffd97ad7
rechaza_dejar_estudiar,Idioma del hogar,4,ccd4cac67b192cb2d461ea8cc4e75126c3a9a567ebb230d948e368287a314e3c
rechaza_dejar_estudiar,Nacional,Total,18ac2a43e8b5e5c6a03a2a63e29b801bca2b2d52f93f3a35beb6ec146457daaa
rechaza_dejar_estudiar,Sexo,1,386693804263a8ba558f735fec194e20850431fd7e86b7b37a70d302405a6a75
rechaza_dejar_estudiar,Sexo,2,55da2a602f99fc30b53f130c4ef9fd9bac31df6a425c2878240c7aa456d45929
rechaza_dejar_estudiar,Tipo de hogar,1,28473b77158c7c8475c8927d927a3e64ff0ded12444ac7f63ebe7d58bb4d836c
rechaza_dejar_estudiar,Tipo de hogar,2,f7abeed2b28b2d17562d861e25e5b8a981a8bfd9a4ed7ab1fff43a4814cc2e02
rechaza_dejar_estudiar,Tipo de hogar,3,98b9e0b58dab62e871645aed57bcf13c86afb6ae42068425a65d4ea969e99327
rechaza_dejar_estudiar,Área,1,8c1c95e94908285d24288267819d86abfb25e9e4fac6103f367bd83e1c3400c2
rechaza_dejar_estudiar,Área,2,ac7144405b1bfde522d782fe67bd636d02fc0a9940d5841bcf127407063620fb
rechaza_dejar_estudiar,Área × sexo,Rural Hombre,748e13e1ca42a40e905d96e2ef2bb2557f3ad2e46547b832c5e8ac1fccedfc3e
rechaza_dejar_estudiar,Área × sexo,Rural Mujer,1ff7377d076e049581d71b1733bbfbe40b22a46e77ba042c2dcb76c0bfe4d26c
rechaza_dejar_estudiar,Área × sexo,Urbano Hombre,342286936778f7757a180df468d884fd4e2957b5cdc306d8db8b9e01db5e39f8
rechaza_dejar_estudiar,Área × sexo,Urbano Mujer,baedc6ce388b732c472e258c873cae083cf40ccc7c370e473791f7db7856c44a
rechaza_trabajo_infantil_necesidad,Departamento,Amazonas,ba415afda5afd7afc43d3e50d16fa1e24c374577dd4f935538c6dfa2e6afc080
rechaza_trabajo_infantil_necesidad,Departamento,Apurímac,bb4339bde008b33f5c30de38665ace9f673a0e34c46c0d62f7a4fd072bd96d8d
rechaza_trabajo_infantil_necesidad,Departamento,Arequipa,12fa74d702b6289e304c20056203ae8cbe6015df2fc02c8b0963555a68d8c3e2
rechaza_trabajo_infantil_necesidad,Departamento,Ayacucho,625e8568cc4f79153b88d7f294139ceb3663e6e6f7f62c16f6c1323c56d98889
rechaza_trabajo_infantil_necesidad,Departamento,Cajamarca,1a565d9ec34317150464dee74dda74742f84a9b632d9b16eefc3844a78e66802
rechaza_trabajo_infantil_necesidad,Departamento,Callao,9108dda1f3e0459f3582f014eea8144cdbee8c8ebb5b343194c3b2016c9cf5f7
rechaza_trabajo_infantil_necesidad,Departamento,Cusco,788b9f39d2e2b131fec239a24f5bf174358a484dffaabbf2942d073357a7aad6
rechaza_trabajo_infantil_necesidad,Departamento,Huancavelica,c0adbeda05edea9fc6412cb8001ca108da55c8001350d91fa0374f6f3af15a0b
rechaza_trabajo_infantil_necesidad,Departamento,Huánuco,c69291129cff22fb21e4338003d04b21cbe0813520ce2ca840b6a2b368739403
rechaza_trabajo_infantil_necesidad,Departamento,Ica,30fb04295707aaa967298509c6888dd0151243b686da9fd59d8dc81b12ebd9de
rechaza_trabajo_infantil_necesidad,Departamento,Junín,35d9711e3fe8c4aca4d6d6766632e40ac45cf84e3e95c8b20070da99a373c576
rechaza_trabajo_infantil_necesidad,Departamento,La Libertad,77ac987355adaa051ade4222f676eb85d860d10ce8df2767995d527e4366b75d
rechaza_trabajo_infantil_necesidad,Departamento,Lambayeque,f4c4d051ad76c5b9eb8818c552cf18d9809374414dab2d84a1cba5c7b6227940
rechaza_trabajo_infantil_necesidad,Departamento,Lima Metropolitana,5a8e3330ef803e0278f19dde05a73c2762bcb64db7ac29f36a9d2bdfb5617241
rechaza_trabajo_infantil_necesidad,Departamento,Loreto,9c78f1c9863377b958704050ec89dbd9f563f077e08afb31c031c20264016276
rechaza_trabajo_infantil_necesidad,Departamento,Madre de Dios,0cfad7b2c789d6ac0dc7747d7099dab6c73d8111ec8549f813d4e85d67c8a4c2
rechaza_trabajo_infantil_necesidad,Departamento,Moquegua,17aa32d6312adc23e87f0f881579cd0bb9eba76625b87da445a8181bf419e6d8
rechaza_trabajo_infantil_necesidad,Departamento,Pasco,8470d0ea595bc55b368331b39a74ff27a22647451150b1e2796b4972dced2ed8
rechaza_trabajo_infantil_necesidad,Departamento,Piura,cf40643e825335fa19a59e32da016668b96f7af4efd3d3eeefadde71c2591732
rechaza_trabajo_infantil_necesidad,Departamento,Puno,dfa837841902cf98c8018b955faea8a6515bf0d6505f77ceb99d6c67be153874
rechaza_trabajo_infantil_necesidad,Departamento,Región Lima,014598274293bc7bd7e12c2c4c2f65d7dfd72d01603148426eac58a74410fbfb
rechaza_trabajo_infantil_necesidad,Departamento,San Martín,50e00605e24969eaf04aece684a03ff6b849d2e132a6f9ee0d1642663a76e294
rechaza_trabajo_infantil_necesidad,Departamento,Tacna,1de02f322255da66002a89be8f64cab16477d1fc05b60204042f0a76274dff1f
rechaza_trabajo_infantil_necesidad,Departamento,Tumbes,bf22910ef9ce4489362bc649438e25e7de896dbdbcd06e0c9050ca7afb0e8a5e
rechaza_trabajo_infantil_necesidad,Departamento,Ucayali,f0bd23afd9d2dc002a82675e819d4479eb0f8912deea24184bafe678eca11b12
rechaza_trabajo_infantil_necesidad,Departamento,Áncash,7826dfb4af1b364bed519bc11354343433ca8162463ac79b2909d3f3a941216a
rechaza_trabajo_infantil_necesidad,Discapacidad,0,c45b1a0073eb6a483badc5137c86cabfea2f1aaef2c7f7383dfeb9f749cce57a
rechaza_trabajo_infantil_necesidad,Discapacidad,1,38e87933bc4435d74aaf9aea0a4d6684ec8d9563e3e7208032210af63e730f53
rechaza_trabajo_infantil_necesidad,Etnicidad,1,38f08903676cb8eca26e6725422532763ac606c92f527bcdf1fd8fd44f6c3c4c
rechaza_trabajo_infantil_necesidad,Etnicidad,3,2bf1dda35ea9d4df54e5d8a863476a64e66728449c5318f96ad5179b66294c11
rechaza_trabajo_infantil_necesidad,Etnicidad,5,ea3875d3cc3ff81f6faf9c2e899e85c0f3818688c896e1e66f4891c4e12f1dc2
rechaza_trabajo_infantil_necesidad,Etnicidad,6,c3a43479a972a35cc81c6bcc8bf1fd2c7a164a9901187c9ccfa8fdd805f7a74d
rechaza_trabajo_infantil_necesidad,Etnicidad,9,8a24cde88930a2303ec131ad321c21d7e1e166114ae361bf8ae1fd0e8a3dbf72
rechaza_trabajo_infantil_necesidad,Idioma del hogar,1,7e4bda63bfcc78826d47673de58480d77cf1f8478003f7335a6071c961b7a7ad
rechaza_trabajo_infantil_necesidad,Idioma del hogar,3,b7e9ed926dec3c4a5cba2df8c2d40c2d6afc25425ce01f0893386a8af84fadf4
rechaza_trabajo_infantil_necesidad,Idioma del hogar,4,be605729d9c196cb733a8bdf0f21e286f78b279a92f066edcc1d7cf32507cb8f
rechaza_trabajo_infantil_necesidad,Nacional,Total,9d680faa139e3fd8aaaaaf3a446cee70808f262f561b3a31504784537d88e800
rechaza_trabajo_infantil_necesidad,Sexo,1,e64c77f556a00ffa2b4df079ede5191357efcb17f015452aaf5a87a77fe1d1c5
rechaza_trabajo_infantil_necesidad,Sexo,2,19c98e3fdd0fdf239cfe89e88274dd5ad6d6d3f2993aea4eef377fb8844dd251
rechaza_trabajo_infantil_necesidad,Tipo de hogar,1,ef1e9927b65aedc9661e8d77005a57c35820a4246af440cb9666e0e01f066257
rechaza_trabajo_infantil_necesidad,Tipo de hogar,2,dedd508997678f4cd40360c0ef40c290a8b88f870fabf53af90735a67514d108
rechaza_trabajo_infantil_necesidad,Tipo de hogar,3,8248135aa4e474b6d7d5719f9c1b6e8404e9ff0412ea8dbd519e2253077bb7b2
rechaza_trabajo_infantil_necesidad,Área,1,911c293fef76accc3d81b2351f5058d399b470ec66d10629274ac3834c8fb00a
rechaza_trabajo_infantil_necesidad,Área,2,8bcb03d2ee3d27997d0160f134a7f0064d8cf60d86f4625d128536361a8a1d14
rechaza_trabajo_infantil_necesidad,Área × sexo,Rural Hombre,5770b15f7b23bfa8128bbed6bcf12f70a81980c38b2210a859ea48683d4cc7f0
rechaza_trabajo_infantil_necesidad,Área × sexo,Rural Mujer,d8d6368def4797e33c0d1a61b4d9b74e0c43038f8fe27006cb0fd887640926c0
rechaza_trabajo_infantil_necesidad,Área × sexo,Urbano Hombre,b5a943def576ba3bc19ba045a77a8be711d23d65a4c6c1f11f6bd7b1f6eaff8b
rechaza_trabajo_infantil_necesidad,Área × sexo,Urbano Mujer,46fc6cf00b75aeaf0d3302d8463142c1c4b88bfdc1197df4a12929697580d93c
recibio_ayuda_escuela,Nacional,Total,fdef1e909df2f460c2dac6974627bdff4d3e2e6526e4abad4bbf6aaba2af1825
recibio_ayuda_escuela_victimas,Nacional,Total,305acf6717b839bb4da722875b2b51d0a5ceb9d3bfecb3a5208d59009a64ae5c
recibio_ayuda_hogar,Nacional,Total,df66631c06e2bf9fd2e978ec115c4456cda86b87609312bb3ff57b97a63b5c08
recibio_ayuda_hogar_victimas,Nacional,Total,e1705c87511008ec5bc0f154f5ae79bd67296d1b24bb05e11a04906a5f98291a
recibio_ayuda_institucional_vs,Nacional,Total,39a9258892c67e2429d5988be98cb874ac2c4a3bce5a8a1da2359a542a94b6df
recibio_ayuda_vs,Nacional,Total,e249110f0621542510301e46c88ec22f570d9b8ae74e44a63a8d1446d99ac911
recibio_ayuda_vs_victimas,Nacional,Total,14978f92ea5279954d7a7b6c0541e48db3a9ffabf0b06db2c0a0c052e3f320ad
reconoce_derecho_denunciar,Departamento,Amazonas,89a80375ceb3ce0bbea92802ff2e11d87ac43872cae8fb7dec6eec33beef49e5
reconoce_derecho_denunciar,Departamento,Apurímac,7bb35ef30dd28fe47079899b076758af79b6bd7fb0c8d13ba825b658f4b2f564
reconoce_derecho_denunciar,Departamento,Arequipa,f80433fca19997bbbffda7527a89b5d3bfbb150e6635137c31fd0db390868464
reconoce_derecho_denunciar,Departamento,Ayacucho,e194a60d59f063c549b740846578a7f98c007b05862953d263373def490c6540
reconoce_derecho_denunciar,Departamento,Cajamarca,a1fc62565f89434e833626a7bec3531cd07648acb6d4e37c5ff2976a1df5d3f3
reconoce_derecho_denunciar,Departamento,Callao,43d93146396f1201c1265da00b9248dfe73ba5d33d6a93305d521f840edd6851
reconoce_derecho_denunciar,Departamento,Cusco,bb2b35ba110a92ddfe2dcdb50ce3b0012150fb0190bb9192d0419c370537c9a4
reconoce_derecho_denunciar,Departamento,Huancavelica,40069ff82227b7595861b4a3a25584a2da5e1266a3a3170379911fd4e55ad7d9
reconoce_derecho_denunciar,Departamento,Huánuco,1911196d2d17beedd964c5b71c5aecf21ea71a1896765a3133b4597ccb5ca590
reconoce_derecho_denunciar,Departamento,Ica,b32bdb54721c5d3f3fe41f5a9816acc059b912c7f21ef06b6ca905eff5857c0a
reconoce_derecho_denunciar,Departamento,Junín,eac089c292310dc36731984df52c8fd42da1ca05c5ae0891e9f4e97aae04f41f
reconoce_derecho_denunciar,Departamento,La Libertad,ccf7f25d8efc4af8a9a2429b0b3b31475458f79d9e70fce77f4498ae7d44dd77
reconoce_derecho_denunciar,Departamento,Lambayeque,9a9e4716d1d7525dc75be0e676b5f399bb7d5f7cf95d59d1d5f684fcc98a0457
reconoce_derecho_denunciar,Departamento,Lima Metropolitana,c6adc5b2640df4c69c9545d69c66d81a49e018b28b6e368845f4dc390d90570b
reconoce_derecho_denunciar,Departamento,Loreto,17fa7ec6a611bd68588319ae7ef1ee0d0299b997d3b81d605941aaa9c189e8c5
reconoce_derecho_denunciar,Departamento,Madre de Dios,aed4b48dcc860f86e9a65f1a08e0d4ef7e08152a1093a2fec80d059ea49e7fd5
reconoce_derecho_denunciar,Departamento,Moquegua,bfcbf040fd9d51c2d4f46e9aa3934d15b9c0744eacf28f139e7ac97e94472b91
reconoce_derecho_denunciar,Departamento,Pasco,27de3896ab8a4d31100fa2ee0a0c458d892b8ac4194d977efbdec903a90617e5
reconoce_derecho_denunciar,Departamento,Piura,5afe9db4485db69f3d77f6660c639d0316a9244f1bf3bc1ef929570fc6ac97fc
reconoce_derecho_denunciar,Departamento,Puno,a8ad5987dab656cbafdba17f40ec1fbf4fd33732356ab4b40b1aa213ce9439f1
reconoce_derecho_denunciar,Departamento,Región Lima,d99ba758429890ef825caa26cfa63bbd5237d2410941863dab7f42fa181dbf41
reconoce_derecho_denunciar,Departamento,San Martín,2bde7f8b52d6064dabd9f88f4a15502124ed7daad686d37675ae6d319ddd846d
reconoce_derecho_denunciar,Departamento,Tacna,1d0d7d9b662c307cb76033996a6709a766213bf0e549faf401e21a2880296bc7
reconoce_derecho_denunciar,Departamento,Tumbes,d7710655710d3296da1534ebdf1f4d1a204fdf019c2b5a076686c9af0b087dff
reconoce_derecho_denunciar,Departamento,Ucayali,3db7f5939dc828e3a921f23a01eacdf8253dd284b7086c02ddf8694ceb9371ee
reconoce_derecho_denunciar,Departamento,Áncash,b96a8201e43c824106e7ad5a57c54008ff8885b7c8433f023f2ee3f2dc4c4b95
reconoce_derecho_denunciar,Discapacidad,0,b19d3ded7d508cec272e2d751a7a6e22e17dc3b2e14f74139a3c8bed53cce154
reconoce_derecho_denunciar,Discapacidad,1,82cb56773a5afc2f8a18aa555fa6a237959381a356e557b3098d9296b251fe50
reconoce_derecho_denunciar,Etnicidad,1,57d7606cf7479e66728db32334f8068e05019228230f6ab68f6141813d5cc62c
reconoce_derecho_denunciar,Etnicidad,3,7bfea23639010cb86bf5c98d6e8ec2f582c13eb4439f1c61c78abc657c04353c
reconoce_derecho_denunciar,Etnicidad,5,9b92844ab3977c84eafd76ec95a83cbf468454611213b975b98538e0de8c4b61
reconoce_derecho_denunciar,Etnicidad,6,3f09c9255c7ea30c436e4c44afb2a943b399b1c228bf8b703c4efb30a3ac78c2
reconoce_derecho_denunciar,Etnicidad,9,2d2f8c04426dc108246c45a182416c253ca4f34b386d995fc3e2ee35beb3b71c
reconoce_derecho_denunciar,Idioma del hogar,1,c5b490ec5e6adbd0b3ecbbb1bc4288d625b7d7b2bd96fee197ecb6aa0c3db15e
reconoce_derecho_denunciar,Idioma del hogar,3,80ae354c8ec2ae2e5478fc826564dd960a3642759a470b8ea369dd9e5452fa9a
reconoce_derecho_denunciar,Idioma del hogar,4,c3a8aa8a86009d8481639472260ff3135b6921eccd93381fd77c110130a9da3a
reconoce_derecho_denunciar,Nacional,Total,e8036de0b463389a951e7f0548d36559c97697990eb69cdc7e61ba14eda5fa64
reconoce_derecho_denunciar,Sexo,1,db4ee63c3f39c5d38002fc389f88405d8e927865e026616f065fc5bf6eb2c157
reconoce_derecho_denunciar,Sexo,2,b3cba222cc728d1ff2a545749a6add80a2d394ccdbd7c4afb8418663943f0238
reconoce_derecho_denunciar,Tipo de hogar,1,169b60e57e66741c76d1de0a5f32458072e4315df135a80f7f4a4eae0cbdb1bf
reconoce_derecho_denunciar,Tipo de hogar,2,07e0e00411702cf7da6cafdfa237aa8718000ab46f438be17e09508d3320c532
reconoce_derecho_denunciar,Tipo de hogar,3,25b5bdb0937e2dbb120dda6b7d0212e6e40bcc84e5d0b8cd425ba9aebf1995e5
reconoce_derecho_denunciar,Área,1,4c005517a670e60406f7a2033b1d415712fe55b9ccf9420f96d3f6a268b7f104
reconoce_derecho_denunciar,Área,2,796a87eadc4c12c0e2784b24ab141fd41340cd29d9edb5509dea08ef1194247d
reconoce_derecho_denunciar,Área × sexo,Rural Hombre,e50818cda68b3211a706deaf8020bf66bf10a9757ba12d7390defccde4ea7171
reconoce_derecho_denunciar,Área × sexo,Rural Mujer,f8a6fddaa4d54167c414b676a4d09dbe5721c7bbf5acbde65eb085367021115d
reconoce_derecho_denunciar,Área × sexo,Urbano Hombre,be1e565234ec0f02f2d66021d0af620eeaa4564a4bc8400c3eacbab5d4b930a5
reconoce_derecho_denunciar,Área × sexo,Urbano Mujer,391c6a36249e433fbfd97c56b1ca66d7027e05f949dca6f237d8406961007b99
reconoce_derecho_opinar,Departamento,Amazonas,6db8026505c607bc3afd948f81754f8b8d7fc824b0cd5de757252d7c3c058c46
reconoce_derecho_opinar,Departamento,Apurímac,82bbc14738cfa5b6e8ed9e5381d01a1e8dc06b798771ddd610caba709046b2d1
reconoce_derecho_opinar,Departamento,Arequipa,4a0dc1d66e01cb8fecf1bd36abd9364324eba993ef254e89a503cab5d5f27f4a
reconoce_derecho_opinar,Departamento,Ayacucho,76d6fb87672cbe62d7686942e5407f0604af5b3e5cc05325c8c0b54d304ecfb9
reconoce_derecho_opinar,Departamento,Cajamarca,521eb0db8d8367fd9b3cf76c339107781d17e75249a62e9e6fef8e7d9fc18143
reconoce_derecho_opinar,Departamento,Callao,9effb195418cdf59b0a2775c87a8a6f64afbcdcf85846d2ed24c4da977846a98
reconoce_derecho_opinar,Departamento,Cusco,69f632a596083b2f15e9242df667cf67028aa5d791cc9a6ad61cd04bd6985e95
reconoce_derecho_opinar,Departamento,Huancavelica,827ac31caf99146abfc07d482d9a240062a16fd0817000f052755dd6fdce62cb
reconoce_derecho_opinar,Departamento,Huánuco,845481d9b9d09d62f4460d6e00c6390b541e5a13210714353a8c300f0ad3a857
reconoce_derecho_opinar,Departamento,Ica,02f19f8b7d95c3e6ec302bad253a5f7e89328ed150498f44f68005c7f4a3a25c
reconoce_derecho_opinar,Departamento,Junín,5962864723015a650dce2fc570fe1ef869c28ec67d14066dc15cd02dc37be88f
reconoce_derecho_opinar,Departamento,La Libertad,a96c49df283a8582344bf5f9361a72425cd6fbdca8b26015a383aacb8e592128
reconoce_derecho_opinar,Departamento,Lambayeque,6150c31330184a4ad4a53602c9a8e7ac33e1d1b4bdda0432b15c6e16444996cb
reconoce_derecho_opinar,Departamento,Lima Metropolitana,91ccf61822025cac34b92fbc28d9f141f25c661e4e93570cfec82fa69bc2ce9a
reconoce_derecho_opinar,Departamento,Loreto,9c6f7ab12678ed433d79b3aa9b899112b75beaa0684327911dabe4ec2d2fc2b0
reconoce_derecho_opinar,Departamento,Madre de Dios,9a9dfd3f3989b60024c930258603ca5e1024ab72a67c76e0c99264640bcd33cd
reconoce_derecho_opinar,Departamento,Moquegua,dae3a8aa55d9db228be36153ad3dcf03dabf2bc4666bcfadb0db1c825ec2467f
reconoce_derecho_opinar,Departamento,Pasco,e98b9d35fad4fb197527d336c35d203e0c0373cb7917081349e5b8b2ee97c16f
reconoce_derecho_opinar,Departamento,Piura,48044636daa7838d7c2b9503b859877595480bcbc3a6e1b0c59a4f9ff7ed90c4
reconoce_derecho_opinar,Departamento,Puno,e8a61bf6e7258b27a2ba17583aadad8584d6bef5fc8daa2b6a1f4927255cd9b5
reconoce_derecho_opinar,Departamento,Región Lima,ccb06b9e29a993a8c9cc65de290e6bd200243c59e348416b6791018aa53d97f0
reconoce_derecho_opinar,Departamento,San Martín,c9f950c363f8c8ed40f71b07ec986d78ab3cf6e738b4c68de086f381f24ea5fb
reconoce_derecho_opinar,Departamento,Tacna,ab800159c06b3f0ea27f495a3ad535914407bfeae831f6016f7afa3d1abd0558
reconoce_derecho_opinar,Departamento,Tumbes,dba1cba32a7056c8a7c7951477aa5639193240cd7e9426c33e013e22d0840982
reconoce_derecho_opinar,Departamento,Ucayali,a0819b31e061f78f6cc9ca192bfac647bc5fc3786b493a9e1133e33432e8cedd
reconoce_derecho_opinar,Departamento,Áncash,67c26490943d8a48cbc955a354bceef92c7dd7fc4c8137ab0e3f395b8820b23c
reconoce_derecho_opinar,Discapacidad,0,edd874e7c912587f558f74870b181bd62b6ddaa551b4080f194b47ee598029fd
reconoce_derecho_opinar,Discapacidad,1,a363ce2ceed9bc2ecb6c45e2b24ac7bbabb053d026b1c1f0e5b182a4665cc6eb
reconoce_derecho_opinar,Etnicidad,1,8ea5acc912ce435a000c08d7bb8271bceeb384416f0e7b83cd7968edc6a3951d
reconoce_derecho_opinar,Etnicidad,3,a2f3d567f766cea6db0a7d87f9b17517c0360f0f5903b99ea2ae799619bf071d
reconoce_derecho_opinar,Etnicidad,5,3d5c84cacb76ea3282397cc1d315080a87a689cacb60fec11d034b0f79065fb2
reconoce_derecho_opinar,Etnicidad,6,b63a878bfa3f8dcc5f55c3624e448ab753da7640045eb3bf2737641e87179a0b
reconoce_derecho_opinar,Etnicidad,9,8b43ae4e473ee4e0b16e318bbc89083b9247f5349700abf082e123241bde50bc
reconoce_derecho_opinar,Idioma del hogar,1,771a89fba5002bddb10c8010c7cd693489e15e16e3732234d6f3b6a0b8fa30e7
reconoce_derecho_opinar,Idioma del hogar,3,bf6f3de66d08e33b91d216ceea3e30688fcfbd0457f515a50149628cfec5bd34
reconoce_derecho_opinar,Idioma del hogar,4,1b78f67d239a4b44afeb54fd29089166115accad892f33928f150483c58be71d
reconoce_derecho_opinar,Nacional,Total,bd7284e51e078716098a106d45e23138d490119fea66120e4a7837eb13c571d3
reconoce_derecho_opinar,Sexo,1,3e6510c263d398e04be5e18957bc17165cc3da03028994313ac8deb330d37675
reconoce_derecho_opinar,Sexo,2,78b6133e5696f7f135451eb7544065554fa07636e1e26fb1b817f52485848f3f
reconoce_derecho_opinar,Tipo de hogar,1,458cb3aa2914a9c85b947ad75de5cd721c0d4602e4467d563d5683479fc1266f
reconoce_derecho_opinar,Tipo de hogar,2,2fe4869c7086311c95950a9f7612c8ee115b159939d66ee66db2c6b21c8d3904
reconoce_derecho_opinar,Tipo de hogar,3,475c6282ee93c1926742a603ca8ddb4117812fb440622b3225efadbc5599700d
reconoce_derecho_opinar,Área,1,f428810349270723a265a26ec34dc7e9a792b1f1cde2a125458dca25f8f2d5dd
reconoce_derecho_opinar,Área,2,19472c6ad9d33127f29c066e9c13796caddfab43092018aa4f8d792552a54076
reconoce_derecho_opinar,Área × sexo,Rural Hombre,d6799c187648fdb1850f09f6ad6efd928c0093a93c0984c3caeea7fa0ed22f64
reconoce_derecho_opinar,Área × sexo,Rural Mujer,339e60f873b0b95ee6ac92ee31e2f2f51c6e53fb36d014b84dda57ff1e18f3cd
reconoce_derecho_opinar,Área × sexo,Urbano Hombre,7eb2d282fb03cf6bcb2cca99088330fe1b8f58ae32d9268601c8aecc3bc001b0
reconoce_derecho_opinar,Área × sexo,Urbano Mujer,22fb83d287c1e5fbe948ae8f5121eee20854b230c6f439b6e54edf63ab58b984
uso_demuna,Nacional,Total,9f04ce5c8fd771ee687c99a36e32903f06afd5be070413dba25c430f3f427a45
