indicator_id,dimension,category_key,category_occurrence,categoria_spss,pct_spss,es_spss,ci_low_spss,ci_high_spss,cv_spss,n_unw_spss,categoria_r,pct_r,es_r,ci_low_r,ci_high_r,cv_r,n_unw_r,target_unw_r,base_unw_r,local_critical_r,cell_critical_r,pct_igual,es_igual,ci_low_igual,ci_high_igual,cv_igual,n_unw_igual,IGUAL,EXCEPCION_DOCUMENTADA,VALIDADO,estado_fila
AG_VF_09,Nacional,national_single,1,Alumno/a de otro colegio,10.0,1.2,7.9,12.7,0.122,199.0,Total,10.018131407979164,1.2210670979721885,7.84931715661657,12.703590727000178,0.1218857138367782,199.0,199,2431,1.9626330247715025,1.976931488634245,True,True,True,True,True,True,True,False,True,EN_AMBOS
AG_VP_09,Nacional,national_single,1,Alumno/a de otro colegio,16.0,1.1,14.0,18.2,0.067,1101.0,Total,15.96874005675388,1.0682902538234775,13.980573051452124,18.17988767041995,0.0668988442436102,1101.0,1101,7522,1.962167038069028,1.9638863208199449,True,True,True,True,True,True,True,False,True,EN_AMBOS
Agresor_VF_E__AG_VF_01,Nacional,national_single,1,Compañero/a de salón,91.8,0.9,89.8,93.5,0.01,2228.0,Total,91.84206868593886,0.9311136957770332,89.81801120889581,93.4929175919241,0.0101382047366664,2228.0,2228,2431,1.9626330247715025,1.962713453796264,True,True,True,True,True,True,True,False,True,EN_AMBOS
Agresor_VF_E__AG_VF_02,Nacional,national_single,1,Compañero/a de salón mayor,27.3,2.1,23.4,31.5,0.076,646.0,Total,27.28023157788319,2.0730321204431323,23.40665582919763,31.530951973771,0.0759902684302648,646.0,646,2431,1.9626330247715025,1.9654833203397435,True,True,True,True,True,True,True,False,True,EN_AMBOS
Agresor_VF_E__AG_VF_03,Nacional,national_single,1,Compañero/a de salón de igual edad,65.2,2.0,61.3,68.9,0.03,1621.0,Total,65.21441940720088,1.9552689911607544,61.28618507603548,68.94602989410444,0.0299821574574174,1621.0,1621,2431,1.9626330247715025,1.9631705768868173,True,True,True,True,True,True,True,False,True,EN_AMBOS
Agresor_VF_E__AG_VF_04,Nacional,national_single,1,Compañero/a de salón menor,8.2,1.0,6.4,10.5,0.126,164.0,Total,8.24048131004304,1.0353694644956757,6.423690956308538,10.513378237199031,0.1256442949799333,164.0,164,2431,1.9626330247715025,1.979124109423783,True,True,True,True,True,True,True,False,True,EN_AMBOS
Agresor_VF_E__AG_VF_05,Nacional,national_single,1,"Otro/a alumno/a del colegio, pero no del salón,",18.5,1.3,16.1,21.3,0.072,456.0,Total,18.53913014014392,1.3362092373264385,16.05898401643674,21.30509174004917,0.0720750772676794,456.0,456,2431,1.9626330247715025,1.9671786747533688,True,True,True,True,True,True,True,False,True,EN_AMBOS
Agresor_VF_E__AG_VF_06,Nacional,national_single,1,"Otro/a alumno/a del colegio, pero no del salón, mayor",8.2,0.9,6.6,10.2,0.109,230.0,Total,8.22843850572418,0.8944559483729337,6.627041318125047,10.174639361535714,0.1087029996943768,230.0,230,2431,1.9626330247715025,1.973305433841471,True,True,True,True,True,True,True,False,True,EN_AMBOS
Agresor_VF_E__AG_VF_07,Nacional,national_single,1,"Otro/a alumno/a del colegio, pero no del salón, de igual edad",7.7,1.1,5.8,10.0,0.139,173.0,Total,7.659018565454184,1.0650838257828414,5.813484380212881,10.028052818075812,0.1390627032276532,173.0,173,2431,1.9626330247715025,1.97928011660484,True,True,True,True,True,True,True,False,True,EN_AMBOS
Agresor_VF_E__AG_VF_08,Nacional,national_single,1,"Otro/a alumno/a del colegio, pero no del salón, menor",3.4,0.7,2.3,5.1,0.205,73.0,Total,3.441289535550988,0.7059731274249569,2.29508901296766,5.129864499384727,0.2051478436009956,73.0,73,2431,1.9626330247715025,2.0180817028184443,True,True,True,True,True,True,True,False,True,EN_AMBOS
Agresor_VF_H__AG_VF_01,Nacional,national_single,1,Madre,75.6,1.6,72.4,78.6,0.021,2393.0,Total,75.64413269865989,1.588352540622607,72.39432849025654,78.62432409991447,0.0209976965027817,2393.0,2393,3134,1.9624253304941577,1.962657266433365,True,True,True,True,True,True,True,False,True,EN_AMBOS
Agresor_VF_H__AG_VF_02,Nacional,national_single,1,Padre,36.5,1.8,33.0,40.1,0.049,1177.0,Total,36.46852434206573,1.798802898846206,33.01444512875605,40.06782071044637,0.0493248062897714,1177.0,1177,3134,1.9624253304941577,1.9635377008920107,True,True,True,True,True,True,True,False,True,EN_AMBOS
Agresor_VF_H__AG_VF_03,Nacional,national_single,1,Madrastra,0.2,0.1,0.1,0.4,0.4479999999999999,10.0,Total,0.186185190003987,0.0834532543673933,0.077223724450037,0.4481999683993384,0.4482271353892662,10.0,10,3134,1.9624253304941577,3.182446305283708,True,True,True,True,True,True,True,False,True,EN_AMBOS
Agresor_VF_H__AG_VF_04,Nacional,national_single,1,Padrastro,1.3,0.3,0.9,2.0,0.215,45.0,Total,1.3131579612884403,0.2825349633351931,0.8600453094485467,2.000175578604209,0.2151568750022855,45.0,45,3134,1.9624253304941577,2.063898561628025,True,True,True,True,True,True,True,False,True,EN_AMBOS
Agresor_VF_H__AG_VF_05,Nacional,national_single,1,Hermano(a)/ Hermanastro(a),4.3,0.6,3.3,5.6,0.135,141.0,Total,4.320146877983259,0.5827616810351487,3.3106764448907025,5.619529383601969,0.1348939509452963,141.0,141,3134,1.9624253304941577,1.9834952585628791,True,True,True,True,True,True,True,False,True,EN_AMBOS
Agresor_VF_H__AG_VF_06,Nacional,national_single,1,Tío(a) (hermano(a) de la madre o padre),1.3,0.4,0.8,2.3,0.287,34.0,Total,1.3201238437173892,0.3784478893274459,0.7508521532014287,2.310949231150212,0.2866760502270449,34.0,34,3134,1.9624253304941577,2.119905299221254,True,True,True,True,True,True,True,False,True,EN_AMBOS
Agresor_VF_H__AG_VF_07,Nacional,national_single,1,Cuidador/a CAR,0.1,0.1,0.0,1.0,0.961,2.0,Total,0.1468024453485079,0.1411180804378006,0.0222229007395582,0.9630363354980312,0.9612788131886174,2.0,2,3134,1.9624253304941577,,True,True,True,True,True,True,True,False,True,EN_AMBOS
Agresor_VF_H__AG_VF_08,Nacional,national_single,1,"Otros familiares (Bisabuela/o, tatarabuela/o, tía/o abuela/o, Abuelo(a)/ Abuelastro(a), Sobrina/o, Prima/o, Cuñada/o)",0.6,0.4,0.2,1.9,0.568,10.0,Total,0.6212939669701742,0.3528305029353002,0.2032792260923414,1.8826801621527305,0.5678962322069968,10.0,10,3134,1.9624253304941577,4.302652729749462,True,True,True,True,True,True,True,False,True,EN_AMBOS
Agresor_VP_E__AG_VP_01,Nacional,national_single,1,Compañero/a del salón,92.0,0.5,90.8,93.0,0.006,6932.0,Total,91.9530561505972,0.5499328447378378,90.80583503837806,92.9682153064276,0.0059805825685356,6932.0,6932,7522,1.962167038069028,1.9621773153187216,True,True,True,True,True,True,True,False,True,EN_AMBOS
Agresor_VP_E__AG_VP_02,Nacional,national_single,1,Compañero/a del salón mayor,26.4,1.2,24.2,28.8,0.044,2192.0,Total,26.417251268363444,1.1632762969413737,24.19813129651989,28.762658588268497,0.0440347212934481,2192.0,2192,7522,1.962167038069028,1.962678842007058,True,True,True,True,True,True,True,False,True,EN_AMBOS
Agresor_VP_E__AG_VP_03,Nacional,national_single,1,Compañero/a del salón de igual edad,73.3,1.1,71.1,75.4,0.015,5499.0,Total,73.32322590264954,1.099676714202497,71.11071666782163,75.42484744573466,0.0149976586636071,5499.0,5499,7522,1.962167038069028,1.962236687437444,True,True,True,True,True,True,True,False,True,EN_AMBOS
Agresor_VP_E__AG_VP_04,Nacional,national_single,1,Compañero/a del salón menor,10.8,0.6,9.7,12.1,0.057,707.0,Total,10.808121994299034,0.6176271564216878,9.652966937362532,12.083024960320584,0.0571447247493568,707.0,707,7522,1.962167038069028,1.965067718187376,True,True,True,True,True,True,True,False,True,EN_AMBOS
Agresor_VP_E__AG_VP_05,Nacional,national_single,1,Otro/a alumno/a del colegio no del salón,42.1,1.0,40.1,44.1,0.024,2994.0,Total,42.07008980880211,1.017871937332159,40.08662692601222,44.07948924862173,0.0241946699414745,2994.0,2994,7522,1.962167038069028,1.9623925733892695,True,True,True,True,True,True,True,False,True,EN_AMBOS
Agresor_VP_E__AG_VP_06,Nacional,national_single,1,Otro/a alumno/a del colegio mayor,20.6,1.0,18.7,22.7,0.05,1607.0,Total,20.61510514852539,1.025461482683401,18.67549733075157,22.699928795395618,0.0497432089380709,1607.0,1607,7522,1.962167038069028,1.962944933926012,True,True,True,True,True,True,True,False,True,EN_AMBOS
Agresor_VP_E__AG_VP_07,Nacional,national_single,1,Otro/a alumno/a del colegio de igual edad,20.0,1.0,18.2,22.0,0.049,1372.0,Total,20.0380609009888,0.9818943767295462,18.180599845318493,22.03418754942911,0.0490014668375967,1372.0,1372,7522,1.962167038069028,1.963423060363903,True,True,True,True,True,True,True,False,True,EN_AMBOS
Agresor_VP_E__AG_VP_08,Nacional,national_single,1,Otro/a alumno/a del colegio menor,9.6,0.7,8.3,11.1,0.072,620.0,Total,9.609581699704988,0.6921159550311728,8.332669413253337,11.058564188631289,0.0720235257537194,620.0,620,7522,1.962167038069028,1.9654073333726645,True,True,True,True,True,True,True,False,True,EN_AMBOS
Agresor_VP_H__AG_VP_01,Nacional,national_single,1,Madre,70.6,1.3,67.9,73.1,0.019,3735.0,Total,70.56245928072133,1.314878504395151,67.91801415224069,73.07534062429434,0.018634249965185,3735.0,3735,5269,1.9622454301924284,1.9623851374988108,True,True,True,True,True,True,True,False,True,EN_AMBOS
Agresor_VP_H__AG_VP_02,Nacional,national_single,1,Padre,40.7,1.3,38.2,43.3,0.032,2150.0,Total,40.720131923097405,1.2914985696112142,38.21208730892438,43.2774919327759,0.0317164632975721,2150.0,2150,5269,1.9622454301924284,1.9626726423646383,True,True,True,True,True,True,True,False,True,EN_AMBOS
Agresor_VP_H__AG_VP_03,Nacional,national_single,1,Madrastra,0.7,0.2,0.4,1.3,0.278,40.0,Total,0.7495860562400549,0.2081389861324751,0.4342921138342934,1.2908142670556344,0.277671902244962,40.0,40,5269,1.9622454301924284,2.085963447265865,True,True,True,True,True,True,True,False,True,EN_AMBOS
Agresor_VP_H__AG_VP_04,Nacional,national_single,1,Padrastro,3.0,0.4,2.3,3.9,0.128,176.0,Total,3.020320951022301,0.3865026501322916,2.3427967218878027,3.885984829518356,0.1279674102189273,176.0,176,5269,1.9622454301924284,1.977825758087115,True,True,True,True,True,True,True,False,True,EN_AMBOS
Agresor_VP_H__AG_VP_05,Nacional,national_single,1,Hermano(a)/ Hermanastro(a),10.5,0.7,9.2,12.0,0.068,549.0,Total,10.496238543006738,0.7184527874085004,9.165446183540716,11.994741875342484,0.0684485956054399,549.0,549,5269,1.9622454301924284,1.9657953681093212,True,True,True,True,True,True,True,False,True,EN_AMBOS
Agresor_VP_H__AG_VP_06,Nacional,national_single,1,Tío(a) (hermano(a) de la madre o padre),4.4,0.5,3.5,5.4,0.107,205.0,Total,4.370239575217254,0.4670483506973656,3.5349082684501667,5.39193383456825,0.1068701938781348,205.0,205,5269,1.9622454301924284,1.976013177689186,True,True,True,True,True,True,True,False,True,EN_AMBOS
Agresor_VP_H__AG_VP_07,Nacional,national_single,1,Cuidador/a CAR,0.1,0.1,0.0,0.5,0.884,3.0,Total,0.0948452010678879,0.0838430154078058,0.0167240836067921,0.5359276912374745,0.883998499278767,3.0,3,5269,1.9622454301924284,,True,True,True,True,True,True,True,False,True,EN_AMBOS
Agresor_VP_H__AG_VP_08,Nacional,national_single,1,"Otros familiares (Bisabuela/o, tatarabuela/o, tía/o abuela/o, Abuelo(a)/ Abuelastro(a), Sobrina/o, Prima/o, Cuñada/o)",0.7,0.2,0.4,1.2,0.288,44.0,Total,0.6795168557921119,0.1956853170611104,0.3858261053016439,1.1940851396683672,0.2879771346260431,44.0,44,5269,1.9622454301924284,2.093024054408309,True,True,True,True,True,True,True,False,True,EN_AMBOS
Agresor_VS_12M__AG_01,Nacional,national_single,1,Familiares,9.3,0.9,7.6,11.2,0.0969999999999999,293.0,Total,9.26404413676402,0.8997053725070872,7.636798125951056,11.19599316286115,0.0971179928792264,293.0,293,3429,1.9624304486435091,1.9707562704894732,True,True,True,True,True,True,True,False,True,EN_AMBOS
Agresor_VS_12M__AG_02,Nacional,national_single,1,Familiares femeninos,1.1,0.4,0.6,2.1,0.3339999999999999,37.0,Total,1.1157437276816446,0.3722014913791037,0.5786832745011229,2.14050456179526,0.3335904851129972,37.0,37,3429,1.9624304486435091,2.119905299221254,True,True,True,True,True,True,True,False,True,EN_AMBOS
Agresor_VS_12M__AG_03,Nacional,national_single,1,Familiares masculinos,8.2,0.8,6.7,10.0,0.102,257.0,Total,8.20027388098421,0.8343874657362993,6.697855050441813,10.003571952770322,0.1017511704909244,257.0,257,3429,1.9624304486435091,1.972331675795748,True,True,True,True,True,True,True,False,True,EN_AMBOS
Agresor_VS_12M__AG_04,Nacional,national_single,1,Otros ascendientes familiares,0.2,0.1,0.1,0.5,0.531,6.0,Total,0.1708272104873597,0.0907097819318811,0.0602149179058674,0.4836463568698222,0.5310031210665536,6.0,6,3429,1.9624304486435091,,True,True,True,True,True,True,True,False,True,EN_AMBOS
Agresor_VS_12M__AG_05,Nacional,national_single,1,Pares escolares (compañeros/as),62.2,1.8,58.6,65.7,0.0289999999999999,2150.0,Total,62.23359673228812,1.8188337225927311,58.603132909025,65.73184974765465,0.0292259136237433,2150.0,2150,3429,1.9624304486435091,1.962785394248052,True,True,True,True,True,True,True,False,True,EN_AMBOS
Agresor_VS_12M__AG_06,Nacional,national_single,1,Otra persona,38.6,1.6,35.5,41.8,0.0409999999999999,1283.0,Total,38.58423176230845,1.5984910735585345,35.49666386681643,41.76646565317845,0.0414286095782796,1283.0,1283,3429,1.9624304486435091,1.9635812953430185,True,True,True,True,True,True,True,False,True,EN_AMBOS
Agresor_VS_12M__AG_07,Nacional,national_single,1,Pareja / expareja,3.4,0.6,2.4,4.8,0.18,123.0,Total,3.398667461286871,0.6117860595177181,2.3826633000101274,4.826490715403233,0.1800076254845102,123.0,123,3429,1.9624304486435091,1.9863771544186173,True,True,True,True,True,True,True,False,True,EN_AMBOS
Agresor_VS_12M__AG_08,Nacional,national_single,1,Adultos del colegio,0.3,0.1,0.2,0.5,0.263,25.0,Total,0.31707132970209,0.0834838923599612,0.1890744073631469,0.5312565975921096,0.2632968816146195,25.0,25,3429,1.9624304486435091,2.262157162798205,True,True,True,True,True,True,True,False,True,EN_AMBOS
Agresor_VS_12M__AG_09,Nacional,national_single,1,Personal de CAR,0.1,0.1,0.0,0.7,0.877,3.0,Total,0.1204114705441973,0.1055771122501059,0.0215239340173666,0.6705714040518557,0.876802781105091,3.0,3,3429,1.9624304486435091,,True,True,True,True,True,True,True,False,True,EN_AMBOS
Agresor_VS_VIDA__AG_01,Nacional,national_single,1,Familiares,18.7,1.0,16.8,20.7,0.053,1034.0,Total,18.70039945088373,0.9956446131262126,16.82481721981175,20.73294802424696,0.053241890139366,1034.0,1034,5793,1.9622476264013184,1.9638605503645368,True,True,True,True,True,True,True,False,True,EN_AMBOS
Agresor_VS_VIDA__AG_02,Nacional,national_single,1,Familiares femeninos,2.4,0.6,1.4,3.9,0.258,104.0,Total,2.3679915585709934,0.611397710128444,1.4230131294172763,3.9155744233045326,0.2581925209638006,104.0,104,5793,1.9622476264013184,1.994437111771186,True,True,True,True,True,True,True,False,True,EN_AMBOS
Agresor_VS_VIDA__AG_03,Nacional,national_single,1,Familiares masculinos,16.7,0.8,15.1,18.4,0.05,940.0,Total,16.695620672918125,0.8385418112451165,15.114423307475183,18.40636658047753,0.0502252553332929,940.0,940,5793,1.9622476264013184,1.9640483976635408,True,True,True,True,True,True,True,False,True,EN_AMBOS
Agresor_VS_VIDA__AG_04,Nacional,national_single,1,Otros ascendientes familiares,0.4,0.1,0.2,0.6,0.252,27.0,Total,0.3589102510749054,0.0904298396157849,0.2188299516348039,0.5881320546513923,0.2519566920837598,27.0,27,5793,1.9622476264013184,2.228138851986274,True,True,True,True,True,True,True,False,True,EN_AMBOS
Agresor_VS_VIDA__AG_05,Nacional,national_single,1,Pares escolares (compañeros/as),53.3,1.5,50.3,56.3,0.0279999999999999,3100.0,Total,53.311784096346535,1.5115898130246634,50.34527005361038,56.27829813908269,0.0283537652818535,3100.0,3100,5793,1.9622476264013184,1.96251259248712,True,True,True,True,True,True,True,False,True,EN_AMBOS
Agresor_VS_VIDA__AG_06,Nacional,national_single,1,Otra persona,44.4,1.3,41.9,46.9,0.0279999999999999,2549.0,Total,44.38753514385241,1.255604483919409,41.923244317661,46.85182597004383,0.0282873216512295,2549.0,2549,5793,1.9622476264013184,1.9626330247715025,True,True,True,True,True,True,True,False,True,EN_AMBOS
Agresor_VS_VIDA__AG_07,Nacional,national_single,1,Pareja / expareja,4.1,0.5,3.2,5.1,0.1169999999999999,225.0,Total,4.072366618254373,0.4750784446667362,3.2358374185665726,5.113726734907983,0.1166590558269479,225.0,225,5793,1.9622476264013184,1.9732308230715432,True,True,True,True,True,True,True,False,True,EN_AMBOS
Agresor_VS_VIDA__AG_08,Nacional,national_single,1,Adultos del colegio,1.4,0.3,0.9,2.0,0.208,89.0,Total,1.3574615561630596,0.282920317574771,0.900918192927911,2.0405958860812348,0.2084186592911411,89.0,89,5793,1.9622476264013184,2.003240718847872,True,True,True,True,True,True,True,False,True,EN_AMBOS
Agresor_VS_VIDA__AG_09,Nacional,national_single,1,Personal de CAR,0.1,0.1,0.0,0.7,0.919,4.0,Total,0.1112756137290795,0.1022314208072943,0.0183232501504759,0.6725956498365485,0.9187225968143846,4.0,4,5793,1.9622476264013184,,True,True,True,True,True,True,True,False,True,EN_AMBOS
C3P201_10_1,Nacional,national_single,1,Las personas con quienes vives te prohíben jugar con niñas/os de tu edad,25.2,1.1,23.0,27.5,0.045,1344.0,Total,25.19508808644878,1.12845294284303,23.044651494472085,27.474551801118423,0.0447886087546552,1344.0,1344,5269,1.9622454301924284,1.9634130021507092,True,True,True,True,True,True,True,False,True,EN_AMBOS
C3P201_11_1,Nacional,national_single,1,Alguna otra situación parecida,1.9,0.6,1.0,3.7,0.341,65.0,Total,1.8995517243341251,0.6470609346784477,0.9701425723233004,3.686203906082184,0.3406387551280134,65.0,65,5269,1.9622454301924284,2.0226909200367604,True,True,True,True,True,True,True,False,True,EN_AMBOS
C3P201_1_1,Nacional,national_single,1,Te insultan o te han insultado o te han dicho lisuras que te hacen sentir mal,66.0,1.1,63.9,68.1,0.016,3459.0,Total,66.04809654013496,1.075126788406829,63.907520602874754,68.1250392078975,0.0162779375141191,3459.0,3459,5269,1.9622454301924284,1.9624050685610863,True,True,True,True,True,True,True,False,True,EN_AMBOS
C3P201_2_1,Nacional,national_single,1,Te ponen o te han puesto apodos que te hacen sentir mal,16.7,1.1,14.7,19.0,0.064,843.0,Total,16.74053968012914,1.076505774733506,14.731013534177997,18.963230299264225,0.0643053208141974,843.0,843,5269,1.9622454301924284,1.9644928544487328,True,True,True,True,True,True,True,False,True,EN_AMBOS
C3P201_3_1,Nacional,national_single,1,Te dicen o te han dicho que todo lo que haces o dices está mal,49.7,1.7,46.3,53.0,0.034,2768.0,Total,49.68139701979528,1.7127060443406903,46.32011349662111,53.04268054296944,0.0344737899310333,2768.0,2768,5269,1.9622454301924284,1.962557167519132,True,True,True,True,True,True,True,False,True,EN_AMBOS
C3P201_4_1,Nacional,national_single,1,Se burlan o se han burlado de ti,13.7,1.1,11.7,16.1,0.08,637.0,Total,13.748285433045805,1.1005815217516846,11.72439869532719,16.05798668900009,0.0800522746717414,637.0,637,5269,1.9622454301924284,1.965641841541636,True,True,True,True,True,True,True,False,True,EN_AMBOS
C3P201_5_1,Nacional,national_single,1,Te dicen o te han dicho cosas que te han hecho sentir avergonzada/o o humillada/o,48.6,1.3,46.1,51.2,0.027,2409.0,Total,48.61588014635386,1.3027975723520355,46.0646950724892,51.17429808049015,0.0267977781833852,2409.0,2409,5269,1.9622454301924284,1.96271984188672,True,True,True,True,True,True,True,False,True,EN_AMBOS
C3P201_6_1,Nacional,national_single,1,Te amenazan o te han amenazado con golpearte o abandonarte,30.6,1.2,28.2,33.0,0.04,1564.0,Total,30.560602205878077,1.2224563923962393,28.215981065856436,33.01045784015952,0.040001057052505,1564.0,1564,5269,1.9622454301924284,1.9632056306564256,True,True,True,True,True,True,True,False,True,EN_AMBOS
C3P201_7_1,Nacional,national_single,1,Te amenazan o te han amenazado con matarte,2.9,0.4,2.2,3.8,0.138,145.0,Total,2.918662699222112,0.4023189958703937,2.224756668952261,3.82054242789004,0.1378436076144121,145.0,145,5269,1.9622454301924284,1.9823833701756908,True,True,True,True,True,True,True,False,True,EN_AMBOS
C3P201_8_1,Nacional,national_single,1,Te encierran o han encerrado en algún lugar,4.6,0.5,3.7,5.8,0.115,254.0,Total,4.609018358903634,0.5304150458839583,3.668840955506294,5.775680362427219,0.1150819989378671,254.0,254,5269,1.9622454301924284,1.972331675795748,True,True,True,True,True,True,True,False,True,EN_AMBOS
C3P201_9_1,Nacional,national_single,1,Te han botado o te han amenazado con botarte de tu casa/albergue,18.5,1.0,16.7,20.6,0.053,1081.0,Total,18.54717424350821,0.9901110324308074,16.681003444329445,20.57057647528686,0.0533833898054503,1081.0,1081,5269,1.9622454301924284,1.96370685454752,True,True,True,True,True,True,True,False,True,EN_AMBOS
"C3P205_1_1,",Nacional,national_single,1,Te jalan o te han jalado los cabellos u orejas,62.4,1.5,59.3,65.3,0.025,1875.0,Total,62.36063217058806,1.5448436806275443,59.28460073604222,65.34013577727491,0.0247727392564207,1875.0,1875,3134,1.9624253304941577,1.9629115987173988,True,True,True,True,True,True,True,False,True,EN_AMBOS
"C3P205_2_1,",Nacional,national_single,1,"Te empujan o te han empujado, tirado cachetadas o puñetes",41.5,1.3,39.0,44.1,0.032,1260.0,Total,41.505394776710006,1.313792818306749,38.952964778564464,44.1042428975939,0.0316535434821104,1260.0,1260,3134,1.9624253304941577,1.9636544506280569,True,True,True,True,True,True,True,False,True,EN_AMBOS
"C3P205_3_1,",Nacional,national_single,1,Te patean o te han pateado,15.6,1.5,13.0,18.7,0.093,483.0,Total,15.627473101794887,1.4544720708714045,12.980467739240495,18.69827597276233,0.0930714813199295,483.0,483,3134,1.9624253304941577,1.967049383958904,True,True,True,True,True,True,True,False,True,EN_AMBOS
"C3P205_4_1,",Nacional,national_single,1,"Te golpean o te han golpeado con correa, soga, palo u otro objeto",83.7,1.2,81.2,85.9,0.0139999999999999,2666.0,Total,83.66718082979538,1.2038983453414045,81.16559861944633,85.89424664380783,0.014389134824448,2666.0,2666,3134,1.9624253304941577,1.9625430712367316,True,True,True,True,True,True,True,False,True,EN_AMBOS
"C3P205_5_1,",Nacional,national_single,1,Te queman o te han quemado,2.1,0.4,1.4,3.1,0.193,63.0,Total,2.1156574615956525,0.4088689397205891,1.426980903581057,3.126156249246301,0.1932585719297941,63.0,63,3134,1.9624253304941577,2.0301079282503425,True,True,True,True,True,True,True,False,True,EN_AMBOS
"C3P205_6_1,",Nacional,national_single,1,"Te atacan o te han atacado con cuchillo, navaja u otra arma",2.5,0.7,1.5,4.2,0.263,54.0,Total,2.489879128452232,0.655839575108497,1.4805678553348012,4.158202855385323,0.2634021738702563,54.0,54,3134,1.9624253304941577,2.039513446396408,True,True,True,True,True,True,True,False,True,EN_AMBOS
C3P205_7_1,Nacional,national_single,1,Alguna otra situación parecida,2.0,0.6,1.1,3.5,0.287,53.0,Total,2.0148522038202947,0.5786111361941386,1.1437763798493372,3.525661295728016,0.2871729921912154,53.0,53,3134,1.9624253304941577,2.0345152974493383,True,True,True,True,True,True,True,False,True,EN_AMBOS
C3P213,Nacional,national_single,1,Total,20.2,6.0,10.8,34.6,0.296,33.0,Total,20.190170454168506,5.972795576611972,10.771461641845972,34.64680378188833,0.2958269020150256,33.0,33,99,1.9960083540252969,2.160368656462792,True,True,True,True,True,True,True,False,True,EN_AMBOS
C3P215_1,Nacional,national_single,1,Total,17.5,6.1,8.4,32.9,0.35,30.0,Total,17.530096540414615,6.137276870899974,8.427191867083907,32.92989164328,0.3500994336654587,30.0,30,268,1.9720174778363129,2.200985160091639,True,True,True,True,True,True,True,False,True,EN_AMBOS
C3P215_10,Nacional,national_single,1,Total,36.6,6.7,24.6,50.6,0.184,105.0,Total,36.61640933914196,6.721915471359928,24.603727505527395,50.56104733236221,0.1835765874556788,105.0,105,268,1.9720174778363129,1.9949454151072377,True,True,True,True,True,True,True,False,True,EN_AMBOS
C3P215_11,Nacional,national_single,1,Total,0.6,0.4,0.1,2.5,0.723,3.0,Total,0.6151074125719522,0.4449869261060069,0.1481502341840335,2.5167775158973966,0.7234296271042816,3.0,3,268,1.9720174778363129,,True,True,True,True,True,True,True,False,True,EN_AMBOS
C3P215_2,Nacional,national_single,1,Total,4.1,3.3,0.8,18.5,0.816,4.0,Total,4.055495888176336,3.3107087006911518,0.7832555125772007,18.455434050814752,0.8163511422470956,4.0,4,268,1.9720174778363129,,True,True,True,True,True,True,True,False,True,EN_AMBOS
C3P215_3,Nacional,national_single,1,Total,4.5,3.3,1.0,17.9,0.735,7.0,Total,4.549584305279727,3.343222399155861,1.033569567000408,17.867068514186094,0.7348412898462173,7.0,7,268,1.9720174778363129,12.706204736174694,True,True,True,True,True,True,True,False,True,EN_AMBOS
C3P215_4,Nacional,national_single,1,Total,3.7,1.2,1.9,7.0,0.3339999999999999,19.0,Total,3.667848158963934,1.2267482559335792,1.8901303867705284,6.998291605534128,0.3344599347537063,19.0,19,268,1.9720174778363129,2.5705818356363137,True,True,True,True,True,True,True,False,True,EN_AMBOS
C3P215_5,Nacional,national_single,1,Total,0.0,0.0,0.0,0.2,1.005,1.0,Total,0.0224754553280962,0.0225920620381927,0.0030954193366267,0.1629937133399191,1.005188180101102,1.0,1,268,1.9720174778363129,,True,True,True,True,True,True,True,False,True,EN_AMBOS
C3P215_6,Nacional,national_single,1,Total,6.0,3.4,1.9,17.4,0.5660000000000001,13.0,Total,6.013567481121044,3.406455597571893,1.912068556782932,17.356259293825648,0.5664616898814387,13.0,13,268,1.9720174778363129,4.302652729749462,True,True,True,True,True,True,True,False,True,EN_AMBOS
C3P215_7,Nacional,national_single,1,Total,0.2,0.2,0.0,1.3,0.924,2.0,Total,0.2145814903764896,0.1982323430275746,0.0349509180830925,1.3053695239878786,0.9238091443943746,2.0,2,268,1.9720174778363129,,True,True,True,True,True,True,True,False,True,EN_AMBOS
C3P215_8,Nacional,national_single,1,Total,41.8,6.2,30.2,54.3,0.149,107.0,Total,41.761712574254055,6.209557635695963,30.23682550431089,54.26261849440252,0.1486902057633559,107.0,107,268,1.9720174778363129,1.994437111771186,True,True,True,True,True,True,True,False,True,EN_AMBOS
C3P215_9,Nacional,national_single,1,Total,4.2,4.0,0.6,24.1,0.96,1.0,Total,4.206601947920151,4.039421962439377,0.6045725369666999,24.071977069791014,0.9602577121509126,1.0,1,268,1.9720174778363129,,True,True,True,True,True,True,True,False,True,EN_AMBOS
C3P223_10_1,Nacional,national_single,1,Has recibido mensajes de texto que te hacen sentir mal en forma virtual o escritos,11.5,0.6,10.3,12.8,0.0559999999999999,873.0,Total,11.491487144711208,0.6443836065164715,10.286356622710985,12.817636201388272,0.056074866412137,873.0,873,7522,1.962167038069028,1.96431828714957,True,True,True,True,True,True,True,False,True,EN_AMBOS
C3P223_11_1,Nacional,national_single,1,"Te encierran o te han encerrado en algún lugar, como baño, salones de clase, entre otros",3.0,0.3,2.4,3.7,0.1119999999999999,243.0,Total,3.0049622986803923,0.3367548565185405,2.4101203840654284,3.74098927547501,0.1120662501045101,243.0,243,7522,1.962167038069028,1.973157042159157,True,True,True,True,True,True,True,False,True,EN_AMBOS
C3P223_12_1,Nacional,national_single,1,Te amenazan o te han amenazado con pegarte o hacerte algún daño físico,14.3,0.7,13.0,15.6,0.046,1145.0,Total,14.27078178760164,0.6630118006721893,13.018610829454175,15.62176000529175,0.0464593888786253,1145.0,1145,7522,1.962167038069028,1.9636090861258468,True,True,True,True,True,True,True,False,True,EN_AMBOS
C3P223_13_1,Nacional,national_single,1,Te amenazan o te han amenazado con matarte,1.8,0.2,1.4,2.3,0.134,163.0,Total,1.798667034486069,0.2405216151039162,1.3827639539930152,2.3366999857779853,0.1337221456180411,163.0,163,7522,1.962167038069028,1.9789706019906144,True,True,True,True,True,True,True,False,True,EN_AMBOS
C3P223_14_1,Nacional,national_single,1,"Alguna otra situación parecida, especifique",0.4,0.1,0.2,0.8,0.315,35.0,Total,0.4439821616839368,0.1398065144674879,0.2391809918544439,0.8227002556065298,0.3148921883195248,35.0,35,7522,1.962167038069028,2.119905299221254,True,True,True,True,True,True,True,False,True,EN_AMBOS
C3P223_1_1,Nacional,national_single,1,"Te tratan o te han tratado con insultos, burlas o desprecio",50.1,1.3,47.6,52.6,0.026,3803.0,Total,50.11540183314599,1.2823587101295573,47.60089564162654,52.62932443227618,0.0255881158929751,3803.0,3803,7522,1.962167038069028,1.9622720667543931,True,True,True,True,True,True,True,False,True,EN_AMBOS
C3P223_2_1,Nacional,national_single,1,Te ponen o te han puesto apodos o chapas que te hacen sentir mal,43.8,1.2,41.4,46.2,0.0279999999999999,3283.0,Total,43.82267176599739,1.221918550708044,41.42482980763674,46.22051372435804,0.0278832508714392,3283.0,3283,7522,1.962167038069028,1.9623582578161307,True,True,True,True,True,True,True,False,True,EN_AMBOS
C3P223_3_1,Nacional,national_single,1,"Te dicen o te han dicho que tus amigas/os, hermanas/os u otras/os niñas/os son mejores que tú",31.4,1.0,29.6,33.4,0.031,2425.0,Total,31.449214124926232,0.976038417688696,29.565960198092935,33.39554874569608,0.0310353833902355,2425.0,2425,7522,1.962167038069028,1.962560005286588,True,True,True,True,True,True,True,False,True,EN_AMBOS
C3P223_4_1,Nacional,national_single,1,Te dicen o te han dicho que todo lo que tú haces o dices está mal,26.0,1.1,23.8,28.4,0.044,1954.0,Total,26.039267606376765,1.148906107090452,23.84821274233217,28.35666632772843,0.0441220592091114,1954.0,1954,7522,1.962167038069028,1.962762099117821,True,True,True,True,True,True,True,False,True,EN_AMBOS
C3P223_5_1,Nacional,national_single,1,"Te dejan o te han dejado de hablar, te rechazan o no te dejan jugar con ellos o ser parte de su grupo haciéndote sentir mal",34.0,1.0,32.0,36.0,0.03,2494.0,Total,33.98287993693408,1.029524128524926,31.992851799395726,36.03110976154931,0.0302953760963029,2494.0,2494,7522,1.962167038069028,1.9625656994948844,True,True,True,True,True,True,True,False,True,EN_AMBOS
C3P223_6_1,Nacional,national_single,1,Han roto o han tratado de romper tus cosas,16.7,0.8,15.2,18.2,0.046,1263.0,Total,16.683322182773537,0.7632151739996422,15.184780685860892,18.181863679686185,0.0457471938525352,1263.0,1263,7522,1.962167038069028,1.96345873085766,True,True,True,True,True,True,True,False,True,EN_AMBOS
C3P223_7_1,Nacional,national_single,1,Te han escondido o te esconden tus cosas haciéndote sentir mal,22.8,1.1,20.7,25.0,0.049,1734.0,Total,22.77670949297103,1.114226004796098,20.664626375766503,25.036539411314507,0.0489195335761713,1734.0,1734,7522,1.962167038069028,1.9629599928183288,True,True,True,True,True,True,True,False,True,EN_AMBOS
C3P223_8_1,Nacional,national_single,1,Hablan o han hablado chismes sobre ti que te han hecho sentir mal,58.1,1.0,56.1,60.0,0.017,4197.0,Total,58.064084167173135,0.9733471521334722,56.14295178583269,59.96107781368608,0.0167633256615413,4197.0,4197,7522,1.962167038069028,1.9622653494730276,True,True,True,True,True,True,True,False,True,EN_AMBOS
C3P223_9_1,Nacional,national_single,1,Han colgado en internet o Facebook fotos o videos tuyos que te avergüenzan,9.6,0.6,8.4,10.9,0.067,703.0,Total,9.563676833771504,0.6398962623547227,8.37791057248995,10.897309371569191,0.066909021862293,703.0,703,7522,1.962167038069028,1.965273324277872,True,True,True,True,True,True,True,False,True,EN_AMBOS
C3P227_10_1,Nacional,national_single,1,Alguna otra situación parecida,2.7,0.6,1.8,4.1,0.214,65.0,Total,2.6973244664238054,0.5773908785885632,1.7682576269928385,4.0941904592361285,0.2140605944060135,65.0,65,2431,1.9626330247715025,2.0280940009804507,True,True,True,True,True,True,True,False,True,EN_AMBOS
C3P227_1_1,Nacional,national_single,1,Te jalan o te han jalado el cabello u orejas,34.0,1.9,30.4,37.7,0.055,896.0,Total,33.99119155855599,1.8673961817823812,30.42815743632704,37.74508929358804,0.05493764990749,896.0,896,2431,1.9626330247715025,1.9642865509120813,True,True,True,True,True,True,True,False,True,EN_AMBOS
C3P227_2_1,Nacional,national_single,1,"Te dan o te han dado cachetadas, cocachos, pellizcos o nalgadas",44.4,2.0,40.4,48.4,0.046,1046.0,Total,44.37611351041378,2.0246506847943797,40.399876855195,48.352350165632565,0.045624786053408,1046.0,1046,2431,1.9626330247715025,1.9639124344171035,True,True,True,True,True,True,True,False,True,EN_AMBOS
C3P227_3_1,Nacional,national_single,1,"Te dan o te han dado patadas, puñetazos, codazos o rodillazos",34.8,1.9,31.3,38.5,0.053,804.0,Total,34.80005938796505,1.8520147794096329,31.259887541252795,38.516508896974,0.0532187246798238,804.0,804,2431,1.9626330247715025,1.964572028725432,True,True,True,True,True,True,True,False,True,EN_AMBOS
C3P227_4_1,Nacional,national_single,1,"Te golpean o te han golpeado con correas, sogas, palos, leñas, maderas, bastones, piedras u otros objetos",8.4,1.0,6.6,10.6,0.122,230.0,Total,8.38514727354321,1.0212992743082518,6.586639029379056,10.618919952723497,0.1217986090155687,230.0,230,2431,1.9626330247715025,1.974185191143322,True,True,True,True,True,True,True,False,True,EN_AMBOS
C3P227_5_1,Nacional,national_single,1,Te han ahorcado o han intentado asfixiarte,11.8,1.4,9.4,14.8,0.115,268.0,Total,11.847511923970016,1.3637308460826827,9.41185741116911,14.810428080947691,0.115106940160454,268.0,268,2431,1.9626330247715025,1.9712706460485931,True,True,True,True,True,True,True,False,True,EN_AMBOS
C3P227_6_1,Nacional,national_single,1,"Te han hecho o te hacen daño con el lápiz, lapicero o regla",24.7,2.0,21.1,28.7,0.079,644.0,Total,24.683566359836,1.9506300183446077,21.057920220484544,28.706457623273145,0.079025453206737,644.0,644,2431,1.9626330247715025,1.965641841541636,True,True,True,True,True,True,True,False,True,EN_AMBOS
C3P227_7_1,Nacional,national_single,1,Te han quemado o te queman en alguna parte de tu cuerpo,0.6,0.2,0.3,1.2,0.379,20.0,Total,0.5937148784720622,0.2249707161673463,0.2819118107251784,1.2460722569070737,0.378920462202856,20.0,20,2431,1.9626330247715025,2.306004135204166,True,True,True,True,True,True,True,False,True,EN_AMBOS
C3P227_8_1,Nacional,national_single,1,"Te han atacado con cuchillo, navaja, verduguillo u otros objetos filudos",2.4,0.4,1.8,3.4,0.165,70.0,Total,2.443901760085325,0.4034543166112931,1.7504085938088336,3.4026340506730577,0.1650861434778815,70.0,70,2431,1.9626330247715025,2.0141033888808466,True,True,True,True,True,True,True,False,True,EN_AMBOS
C3P227_9_1,Nacional,national_single,1,Te han atacado con una pistola,0.6,0.3,0.3,1.4,0.447,13.0,Total,0.6041034975400126,0.2698689920160749,0.2509925874119232,1.446785906273699,0.4467264187593952,13.0,13,2431,1.9626330247715025,3.182446305283708,True,True,True,True,True,True,True,False,True,EN_AMBOS
C3P233_1A_1,Nacional,national_single,1,"Golpeó a algún alumno/a de otro colegio, últimos 12 meses",2.0,0.2,1.7,2.5,0.107,396.0,Total,2.037327603073308,0.2171793074363872,1.652102984714749,2.5100833989766658,0.1066000907800848,396.0,396,18807,1.962142757779508,1.9685339746407768,True,True,True,True,True,True,True,False,True,EN_AMBOS
C3P233_1_1,Nacional,national_single,1,"Golpeó a algún compañero/a de su salón u otro/a alumno/a de su colegio, últimos 12 meses",6.7,0.3,6.1,7.4,0.05,1288.0,Total,6.688545952989509,0.3372743956810882,6.055953925865567,7.382024758273503,0.0504256677088897,1288.0,1288,18807,1.962142757779508,1.963559365975427,True,True,True,True,True,True,True,False,True,EN_AMBOS
C3P233_2A_1,Nacional,national_single,1,"Insultó o amenazó a algún alumno/a de otro colegio, últimos 12 meses",1.8,0.2,1.5,2.2,0.099,382.0,Total,1.8100390650684848,0.1794299999250438,1.4886378416094763,2.1992825681595254,0.0991304571198605,382.0,382,18807,1.962142757779508,1.9686916197952944,True,True,True,True,True,True,True,False,True,EN_AMBOS
C3P233_2_1,Nacional,national_single,1,"Insultó o amenazó a alguna compañera/o de su salón u otra/o alumna/o de su colegio, últimos 12 meses",5.8,0.3,5.2,6.5,0.054,1255.0,Total,5.816552545844856,0.3153619632082793,5.227373061687957,6.467606887394186,0.0542180201627445,1255.0,1255,18807,1.962142757779508,1.963559365975427,True,True,True,True,True,True,True,False,True,EN_AMBOS
C3P233_3_1,Nacional,national_single,1,"Sacó de su grupo o ignoró a alguna compañera/o de su salón u otra/o alumna/o de su colegio, últimos 12 meses",8.8,0.5,7.8,9.9,0.061,1602.0,Total,8.832620133405769,0.5364350309720106,7.780058022364811,9.885182244446725,0.0607333976634141,1602.0,1602,18807,1.962142757779508,1.963278088787524,True,True,True,True,True,True,True,False,True,EN_AMBOS
C3P240,Nacional,national_single,1,Total,15.6,4.7,8.4,27.3,0.3,24.0,Total,15.64106357109317,4.695319488361785,8.400081460427478,27.265908791699587,0.3001918294763138,24.0,24,169,1.97838040544701,2.262157162798205,True,True,True,True,True,True,True,False,True,EN_AMBOS
C3P242_1,Nacional,national_single,1,Total,12.5,7.4,3.6,35.1,0.589,16.0,Total,12.493822068577618,7.363537999969654,3.6358440989761127,35.07697946546487,0.5893743291325718,16.0,16,200,1.9759053308966144,4.302652729749462,True,True,True,True,True,True,True,False,True,EN_AMBOS
C3P242_10,Nacional,national_single,1,Total,0.0,0.0,0.0,0.0,,0.0,Total,0.0,0.0,0.0,0.0,,0.0,0,200,1.9759053308966144,,True,True,True,True,True,True,True,False,True,EN_AMBOS
C3P242_11,Nacional,national_single,1,Total,36.7,6.3,25.3,49.8,0.172,69.0,Total,36.72414831753172,6.322130948601991,25.31947935889461,49.83767019305364,0.1721518738552712,69.0,69,200,1.9759053308966144,2.019540970441376,True,True,True,True,True,True,True,False,True,EN_AMBOS
C3P242_12,Nacional,national_single,1,Total,2.2,1.1,0.8,5.7,0.493,5.0,Total,2.1792498792793222,1.0754260287071196,0.8154823431332845,5.692804097700448,0.493484496171115,5.0,5,200,1.9759053308966144,,True,True,True,True,True,True,True,False,True,EN_AMBOS
C3P242_2,Nacional,national_single,1,Total,0.2,0.2,0.0,1.6,1.026,1.0,Total,0.214822718367341,0.2203466209572288,0.0286383738432645,1.5921549238256487,1.0257137728815169,1.0,1,200,1.9759053308966144,,True,True,True,True,True,True,True,False,True,EN_AMBOS
C3P242_3,Nacional,national_single,1,Total,0.2,0.2,0.0,1.2,1.005,1.0,Total,0.1695269919699294,0.1703890968789852,0.023547118675672,1.209556999331075,1.0050853548395924,1.0,1,200,1.9759053308966144,,True,True,True,True,True,True,True,False,True,EN_AMBOS
C3P242_4,Nacional,national_single,1,Total,0.0,0.0,0.0,0.2,1.006,1.0,Total,0.0255547239754509,0.0257122696076932,0.0034988969279216,0.1863836569503212,1.006165029698371,1.0,1,200,1.9759053308966144,,True,True,True,True,True,True,True,False,True,EN_AMBOS
C3P242_5,Nacional,national_single,1,Total,0.0,0.0,0.0,0.0,,0.0,Total,0.0,0.0,0.0,0.0,,0.0,0,200,1.9759053308966144,,True,True,True,True,True,True,True,False,True,EN_AMBOS
C3P242_6,Nacional,national_single,1,Total,0.5,0.4,0.1,2.8,0.883,2.0,Total,0.4992563787803784,0.4407152611793093,0.0868590506120811,2.814514776083923,0.8827433757700247,2.0,2,200,1.9759053308966144,,True,True,True,True,True,True,True,False,True,EN_AMBOS
C3P242_7,Nacional,national_single,1,Total,6.8,5.5,1.3,28.8,0.807,4.0,Total,6.798030412847865,5.486298305822556,1.3008145045185078,28.75760598007029,0.8070423302981677,4.0,4,200,1.9759053308966144,12.706204736174694,True,True,True,True,True,True,True,False,True,EN_AMBOS
C3P242_8,Nacional,national_single,1,Total,20.2,3.7,13.9,28.4,0.181,55.0,Total,20.20161261113177,3.665579055598928,13.907036569182203,28.40522513335964,0.1814498241382507,55.0,55,200,1.9759053308966144,2.039513446396408,True,True,True,True,True,True,True,False,True,EN_AMBOS
C3P242_9,Nacional,national_single,1,Total,27.0,4.7,18.8,37.2,0.173,60.0,Total,27.01307979633296,4.679922816032484,18.801304416997304,37.16966102297625,0.1732465476471803,60.0,60,200,1.9759053308966144,2.026192463029109,True,True,True,True,True,True,True,False,True,EN_AMBOS
C3P243_1,Nacional,national_single,1,Moretones o hinchazones,30.9,0.9,29.1,32.8,0.03,10583.0,Total,30.901018540554094,0.9311842322034398,29.10404784002818,32.757674657915445,0.0301344187403196,10583.0,3254,10583,1.962142757779508,1.962490874734582,True,True,True,True,True,True,True,False,True,EN_AMBOS
C3P243_2,Nacional,national_single,1,Heridas o cicatrices,13.1,0.7,11.8,14.6,0.054,10583.0,Total,13.12012370133867,0.7114723870300584,11.785176383510333,14.581290455694646,0.0542275669975173,10583.0,1259,10583,1.962142757779508,1.963469057951154,True,True,True,True,True,True,True,False,True,EN_AMBOS
C3P243_3,Nacional,national_single,1,"Fracturas, huesos o dientes rotos",1.1,0.2,0.7,1.7,0.2339999999999999,10583.0,Total,1.0609055564463907,0.2486653705149469,0.6646967813483351,1.6892680243125822,0.2343897333782249,10583.0,112,10583,1.962142757779508,1.9904502102301285,True,True,True,True,True,True,True,False,True,EN_AMBOS
C3P243_4,Nacional,national_single,1,Sangrado,10.7,0.6,9.7,11.9,0.053,10583.0,Total,10.735095552863438,0.5703954477699626,9.666134580302437,11.906689483023143,0.0531337094263513,10583.0,1085,10583,1.962142757779508,1.963791396699176,True,True,True,True,True,True,True,False,True,EN_AMBOS
C3P243_5,Nacional,national_single,1,Quemaduras,1.3,0.2,1.0,1.7,0.127,10583.0,Total,1.337058643602484,0.1704573112750667,0.9991826811571156,1.6749346060478527,0.1274867875770935,10583.0,154,10583,1.962142757779508,1.9821734833077267,True,True,True,True,True,True,True,False,True,EN_AMBOS
C3P243_6,Nacional,national_single,1,Otra consecuencia,1.4,0.2,1.0,1.8,0.148,10583.0,Total,1.377715427476322,0.203359424868011,0.978695204745348,1.7767356502072955,0.1476062623763469,10583.0,180,10583,1.962142757779508,1.98793420623902,True,True,True,True,True,True,True,False,True,EN_AMBOS
C3P243_T1,Nacional,national_single,1,Moretones o hinchazones,7.0,1.0,5.2,9.3,0.149,3254.0,Total,6.972139809793822,1.0356461306419742,5.19424601951633,9.298885805942271,0.1485406430300198,3254.0,179,3254,1.962142757779508,1.9774312123081657,True,True,True,True,True,True,True,False,True,EN_AMBOS
C3P243_T2,Nacional,national_single,1,Heridas o cicatrices,11.9,1.6,9.1,15.3,0.131,1259.0,Total,11.8815268603278,1.5604372712514556,9.144331668033429,15.30007814305566,0.1313330592603992,1259.0,160,1259,1.962142757779508,1.979438685093288,True,True,True,True,True,True,True,False,True,EN_AMBOS
C3P243_T3,Nacional,national_single,1,"Fracturas, huesos o dientes rotos",36.0,9.4,20.2,55.6,0.261,112.0,Total,36.007145921033924,9.39977251665202,20.173395912043333,55.6108713322002,0.2610529736865662,112.0,56,112,1.962142757779508,2.0345152974493383,True,True,True,True,True,True,True,False,True,EN_AMBOS
C3P243_T4,Nacional,national_single,1,Sangrado,10.3,1.5,7.7,13.5,0.143,1085.0,Total,10.277661309187003,1.4689861547623633,7.732059754271428,13.538372605665796,0.1429300023196196,1085.0,128,1085,1.962142757779508,1.9847231860139845,True,True,True,True,True,True,True,False,True,EN_AMBOS
C3P243_T5,Nacional,national_single,1,Quemaduras,12.1,3.1,7.3,19.5,0.252,154.0,Total,12.147836965413363,3.0619283858501647,7.300230891812766,19.536036902093716,0.2520554395459796,154.0,23,154,1.962142757779508,2.228138851986274,True,True,True,True,True,True,True,False,True,EN_AMBOS
C3P243_T6,Nacional,national_single,1,Otra consecuencia,7.5,2.3,4.0,13.6,0.315,180.0,Total,7.457085421496585,2.3490075082083206,3.9680947611481887,13.579997079653484,0.3150034330352207,180.0,13,180,1.962142757779508,2.5705818356363137,True,True,True,True,True,True,True,False,True,EN_AMBOS
C4P256,Nacional,national_single,1,Total,18.6,5.2,10.4,31.1,0.2769999999999999,25.0,Total,18.63686433014908,5.16772848699308,10.39203409805316,31.149125024882395,0.2772852983982495,25.0,25,94,1.997137908392004,2.200985160091639,True,True,True,True,True,True,True,False,True,EN_AMBOS
C4P258_1,Nacional,national_single,1,Total,31.4,6.2,20.5,44.7,0.1989999999999999,63.0,Total,31.355378863674467,6.2271607396152575,20.48743043384908,44.74422850331418,0.1985994417955985,63.0,63,167,1.9789706019906144,2.0243941639119694,True,True,True,True,True,True,True,False,True,EN_AMBOS
C4P258_10,Nacional,national_single,1,Total,0.8,0.6,0.2,3.4,0.755,2.0,Total,0.7659560609234487,0.5786032481471243,0.1708269159879398,3.364527497885578,0.7554000518640078,2.0,2,167,1.9789706019906144,,True,True,True,True,True,True,True,False,True,EN_AMBOS
C4P258_11,Nacional,national_single,1,Total,14.9,4.7,7.7,26.8,0.318,22.0,Total,14.893225671008658,4.740013485073922,7.705440019538921,26.83634345633702,0.3182664111711469,22.0,22,167,1.9789706019906144,2.228138851986274,True,True,True,True,True,True,True,False,True,EN_AMBOS
C4P258_12,Nacional,national_single,1,Total,6.1,1.8,3.4,10.7,0.291,10.0,Total,6.078821229402998,1.7677126153014848,3.388293130233783,10.669854449968192,0.2907985855466738,10.0,10,167,1.9789706019906144,2.7764451051977934,True,True,True,True,True,True,True,False,True,EN_AMBOS
C4P258_2,Nacional,national_single,1,Total,0.2,0.1,0.0,1.0,0.914,2.0,Total,0.1593699298856278,0.1456836200361968,0.0260665638340708,0.9677822144577196,0.9141223826900532,2.0,2,167,1.9789706019906144,,True,True,True,True,True,True,True,False,True,EN_AMBOS
C4P258_3,Nacional,national_single,1,Total,3.0,1.5,1.2,7.7,0.481,9.0,Total,3.016152955728381,1.451292506280612,1.15163527452875,7.665271075326423,0.4811733780026863,9.0,9,167,1.9789706019906144,4.302652729749462,True,True,True,True,True,True,True,False,True,EN_AMBOS
C4P258_4,Nacional,national_single,1,Total,7.8,2.3,4.2,13.8,0.3,20.0,Total,7.773541065614651,2.334870328849601,4.236969945797314,13.83557508862335,0.3003612265171694,20.0,20,167,1.9789706019906144,2.3646242515927844,True,True,True,True,True,True,True,False,True,EN_AMBOS
C4P258_5,Nacional,national_single,1,Total,0.6,0.6,0.1,4.2,1.01,1.0,Total,0.5901732602402185,0.5960954037131018,0.0807961533951405,4.176668150727414,1.0100345845395855,1.0,1,167,1.9789706019906144,,True,True,True,True,True,True,True,False,True,EN_AMBOS
C4P258_6,Nacional,national_single,1,Total,6.3,2.2,3.1,12.4,0.349,14.0,Total,6.344015346625592,2.21107118630652,3.1414572608582243,12.393662889908532,0.3485286629204953,14.0,14,167,1.9789706019906144,3.182446305283708,True,True,True,True,True,True,True,False,True,EN_AMBOS
C4P258_7,Nacional,national_single,1,Total,0.0,0.0,0.0,0.0,,0.0,Total,0.0,0.0,0.0,0.0,,0.0,0,167,1.9789706019906144,,True,True,True,True,True,True,True,False,True,EN_AMBOS
C4P258_8,Nacional,national_single,1,Total,20.9,8.2,9.0,41.4,0.3929999999999999,21.0,Total,20.91308447789058,8.22569848840136,8.993849684276094,41.43627569029869,0.3933278468366352,21.0,21,167,1.9789706019906144,2.3646242515927844,True,True,True,True,True,True,True,False,True,EN_AMBOS
C4P258_9,Nacional,national_single,1,Total,25.7,6.3,15.2,40.1,0.246,44.0,Total,25.733807348998145,6.342313590399844,15.23111989527773,40.05647111618055,0.2464584235199366,44.0,44,167,1.9789706019906144,2.063898561628025,True,True,True,True,True,True,True,False,True,EN_AMBOS
CONS_ALGUNA,Departamento,amazonas,1,Amazonas,39.0,3.2,32.7,45.3,0.0819999999999999,516.0,Amazonas,39.03307611981751,3.205778082541957,32.74288187210953,45.323270367525495,0.0821297832817831,516.0,191,516,2.000995378088267,2.0057459953178687,True,True,True,True,True,True,True,False,True,EN_AMBOS
CONS_ALGUNA,Departamento,ancash,1,Áncash,40.1,3.2,33.7,46.4,0.081,388.0,Áncash,40.059772213509525,3.231608767443276,33.71889447449394,46.40064995252511,0.0806696740615381,388.0,137,388,2.016692199227824,2.026192463029109,True,True,True,True,True,True,True,False,True,EN_AMBOS
CONS_ALGUNA,Departamento,apurimac,1,Apurímac,40.3,3.2,34.0,46.5,0.079,493.0,Apurímac,40.275215324453846,3.1819351053940355,34.03180440168057,46.518626247227125,0.0790047943818704,493.0,189,493,2.016692199227824,2.016692199227824,True,True,True,True,True,True,True,False,True,EN_AMBOS
CONS_ALGUNA,Departamento,arequipa,1,Arequipa,40.7,2.5,35.8,45.6,0.061,510.0,Arequipa,40.70235812750568,2.491918661571795,35.81285797272697,45.59185828228438,0.0612229555291494,510.0,214,510,2.0226909200367604,2.0243941639119694,True,True,True,True,True,True,True,False,True,EN_AMBOS
CONS_ALGUNA,Departamento,ayacucho,1,Ayacucho,31.1,4.2,22.9,39.4,0.135,358.0,Ayacucho,31.12731714530884,4.203206827129186,22.88002531000792,39.37460898060976,0.135032736920684,358.0,125,358,2.0210753903062733,2.0301079282503425,True,True,True,True,True,True,True,False,True,EN_AMBOS
CONS_ALGUNA,Departamento,cajamarca,1,Cajamarca,27.5,2.7,22.2,32.8,0.098,337.0,Cajamarca,27.523915902643832,2.703975753420796,22.218329460857827,32.829502344429834,0.0982409539029678,337.0,101,337,2.004044783289145,2.019540970441376,True,True,True,True,True,True,True,False,True,EN_AMBOS
CONS_ALGUNA,Departamento,callao,1,Callao,35.1,3.1,29.0,41.1,0.088,350.0,Callao,35.080064064982395,3.075715480142948,29.045071210629587,41.1150569193352,0.0876770200432212,350.0,127,350,2.0422724563012378,2.0422724563012378,True,True,True,True,True,True,True,False,True,EN_AMBOS
CONS_ALGUNA,Departamento,cusco,1,Cusco,35.2,3.8,27.8,42.6,0.107,401.0,Cusco,35.20032641911684,3.760624534723014,27.821444223582148,42.579208614651535,0.1068349335726803,401.0,134,401,2.016692199227824,2.0243941639119694,True,True,True,True,True,True,True,False,True,EN_AMBOS
CONS_ALGUNA,Departamento,huancavelica,1,Huancavelica,35.7,3.9,28.1,43.3,0.108,270.0,Huancavelica,35.74060217779357,3.873802526215365,28.139648605912125,43.34155574967501,0.1083866048743365,270.0,97,270,2.0057459953178687,2.0301079282503425,True,True,True,True,True,True,True,False,True,EN_AMBOS
CONS_ALGUNA,Departamento,huanuco,1,Huánuco,31.8,4.3,23.4,40.3,0.136,325.0,Huánuco,31.84781517502884,4.318716687956363,23.37387650285376,40.32175384720392,0.1356048025342276,325.0,108,325,2.016692199227824,2.026192463029109,True,True,True,True,True,True,True,False,True,EN_AMBOS
CONS_ALGUNA,Departamento,ica,1,Ica,37.1,3.1,31.0,43.2,0.084,297.0,Ica,37.093535307723776,3.117946035011961,30.975680075977728,43.21139053946983,0.0840563189554684,297.0,111,297,2.026192463029109,2.0280940009804507,True,True,True,True,True,True,True,False,True,EN_AMBOS
CONS_ALGUNA,Departamento,junin,1,Junín,41.6,3.3,35.2,48.0,0.078,482.0,Junín,41.64408102666983,3.2609161185981868,35.24569808083594,48.042463972503725,0.0783044321835273,482.0,210,482,2.0226909200367604,2.0243941639119694,True,True,True,True,True,True,True,False,True,EN_AMBOS
CONS_ALGUNA,Departamento,la libertad,1,La Libertad,38.5,2.4,33.9,43.1,0.061,451.0,La Libertad,38.52398933530578,2.3499499813176272,33.91305199831931,43.13492667229225,0.0609996529919082,451.0,169,451,2.0226909200367604,2.026192463029109,True,True,True,True,True,True,True,False,True,EN_AMBOS
CONS_ALGUNA,Departamento,lambayeque,1,Lambayeque,37.8,2.7,32.5,43.1,0.071,321.0,Lambayeque,37.81899185731179,2.695979534122136,32.52909513931227,43.10888857531131,0.0712863934684949,321.0,123,321,2.0301079282503425,2.032244509317718,True,True,True,True,True,True,True,False,True,EN_AMBOS
CONS_ALGUNA,Departamento,lima metropolitana,1,Lima Metropolitana,40.7,3.2,34.5,46.9,0.078,490.0,Lima Metropolitana,40.73512237222685,3.1589393433736763,34.53683241736143,46.93341232709226,0.0775482963941563,490.0,176,490,2.0210753903062733,2.026192463029109,True,True,True,True,True,True,True,False,True,EN_AMBOS
CONS_ALGUNA,Departamento,loreto,1,Loreto,35.4,2.7,30.1,40.7,0.076,443.0,Loreto,35.405667632442736,2.684636284376172,30.13802798978194,40.673307275103525,0.0758250433870141,443.0,160,443,2.019540970441376,2.0243941639119694,True,True,True,True,True,True,True,False,True,EN_AMBOS
CONS_ALGUNA,Departamento,madre de dios,1,Madre de Dios,44.4,3.6,37.3,51.4,0.081,361.0,Madre de Dios,44.37668558276152,3.595861746136281,37.32109149960384,51.43227966591919,0.0810304262004894,361.0,147,361,2.0301079282503425,2.032244509317718,True,True,True,True,True,True,True,False,True,EN_AMBOS
CONS_ALGUNA,Departamento,moquegua,1,Moquegua,38.1,3.8,30.8,45.5,0.098,402.0,Moquegua,38.1300956358608,3.752667814514228,30.76682566125945,45.49336561046214,0.0984174771118302,402.0,160,402,2.0301079282503425,2.0301079282503425,True,True,True,True,True,True,True,False,True,EN_AMBOS
CONS_ALGUNA,Departamento,pasco,1,Pasco,34.6,2.7,29.2,39.9,0.079,629.0,Pasco,34.5697049005807,2.716085012196836,29.240358364385216,39.8990514367762,0.078568359782302,629.0,232,629,1.999623584994939,2.002465459291007,True,True,True,True,True,True,True,False,True,EN_AMBOS
CONS_ALGUNA,Departamento,piura,1,Piura,36.3,3.3,29.9,42.7,0.09,355.0,Piura,36.33761899323504,3.2626069404128635,29.93591841362278,42.73931957284729,0.0897859306912833,355.0,133,355,2.026192463029109,2.0345152974493383,True,True,True,True,True,True,True,False,True,EN_AMBOS
CONS_ALGUNA,Departamento,puno,1,Puno,36.6,2.4,31.9,41.3,0.065,629.0,Puno,36.640663488652834,2.3919784108951823,31.94726037294992,41.33406660435575,0.0652820714241691,629.0,227,629,2.000995378088267,2.002465459291007,True,True,True,True,True,True,True,False,True,EN_AMBOS
CONS_ALGUNA,Departamento,region lima,1,Región Lima,35.7,2.8,30.3,41.1,0.077,401.0,Región Lima,35.700856414992444,2.7578839366292542,30.28949442193891,41.112218408045976,0.0772497977239305,401.0,146,401,2.026192463029109,2.0280940009804507,True,True,True,True,True,True,True,False,True,EN_AMBOS
CONS_ALGUNA,Departamento,san martin,1,San Martín,41.2,5.6,30.2,52.2,0.136,231.0,San Martín,41.20251183122246,5.615297976479526,30.184495573899238,52.22052808854569,0.1362853313283769,231.0,97,231,2.0226909200367604,2.0345152974493383,True,True,True,True,True,True,True,False,True,EN_AMBOS
CONS_ALGUNA,Departamento,tacna,1,Tacna,36.9,3.4,30.2,43.6,0.092,406.0,Tacna,36.89721581360709,3.403447934020672,30.2191650983888,43.57526652882538,0.0922413211667189,406.0,167,406,2.0345152974493383,2.039513446396408,True,True,True,True,True,True,True,False,True,EN_AMBOS
CONS_ALGUNA,Departamento,tumbes,1,Tumbes,38.3,3.1,32.2,44.5,0.081,347.0,Tumbes,38.338891593649166,3.1174709655718256,32.22196851596452,44.45581467133381,0.0813135392283545,347.0,129,347,2.0301079282503425,2.0369333434601016,True,True,True,True,True,True,True,False,True,EN_AMBOS
CONS_ALGUNA,Departamento,ucayali,1,Ucayali,34.7,3.9,27.1,42.3,0.111,390.0,Ucayali,34.74389288800289,3.873921371287699,27.14270612512347,42.34507965088231,0.1114993470586414,390.0,125,390,2.0226909200367604,2.0369333434601016,True,True,True,True,True,True,True,False,True,EN_AMBOS
CONS_ALGUNA,Discapacidad,bin_0,1,No,37.4,1.1,35.2,39.5,0.03,9300.0,0,37.36599479336893,1.1072467777646513,35.193418547303324,39.53857103943454,0.029632471553016,9300.0,3374,9300,1.962142757779508,1.9624828256980584,True,True,True,True,True,True,True,False,True,EN_AMBOS
CONS_ALGUNA,Discapacidad,bin_1,1,Sí,41.8,2.8,36.4,47.3,0.066,1283.0,1,41.82564044485486,2.773223332379772,36.38418036752074,47.26710052218898,0.0663043841740125,1283.0,561,1283,1.9640483976635408,1.9676708853560143,True,True,True,True,True,True,True,False,True,EN_AMBOS
CONS_ALGUNA,Etnicidad,etnicidad_1,1,Indígena andino,39.2,1.9,35.5,42.8,0.047,3010.0,1,39.18625232134576,1.8544905667315223,35.54747708646308,42.82502755622843,0.0473250300009254,3010.0,1111,3010,1.9628366422266053,1.9647486136388712,True,True,True,True,True,True,True,False,True,EN_AMBOS
CONS_ALGUNA,Etnicidad,etnicidad_3,1,Indígena amazónico/nativo,36.2,4.8,26.8,45.7,0.133,252.0,3,36.237620466536,4.821676745401133,26.776802360193297,45.6984385728787,0.1330572119064429,252.0,99,252,1.978524491479245,2.004044783289145,True,True,True,True,True,True,True,False,True,EN_AMBOS
CONS_ALGUNA,Etnicidad,etnicidad_5,1,Afrodescendiente,36.0,2.7,30.6,41.4,0.076,1051.0,5,36.03085809078691,2.747735864209078,30.63940806453805,41.42230811703577,0.0762606279674386,1051.0,376,1051,1.96362596651301,1.9698562125960988,True,True,True,True,True,True,True,False,True,EN_AMBOS
CONS_ALGUNA,Etnicidad,etnicidad_6,1,No indígena ni afrodescendiente,38.2,1.4,35.4,41.1,0.037,4865.0,6,38.2374702146296,1.433904206973141,35.42394545956768,41.05099496969152,0.037499975780943,4865.0,1829,4865,1.962322551204167,1.9632324280912372,True,True,True,True,True,True,True,False,True,EN_AMBOS
CONS_ALGUNA,Etnicidad,etnicidad_9,1,No sabe,36.3,3.0,30.5,42.2,0.0819999999999999,1405.0,9,36.34254818650068,2.984624304124467,30.486289223470152,42.198807149531206,0.0821247945743412,1405.0,520,1405,1.9629115987173988,1.96735858532268,True,True,True,True,True,True,True,False,True,EN_AMBOS
CONS_ALGUNA,Lengua materna,idioma_1,1,Castellano,38.2,1.1,36.2,40.3,0.0279999999999999,9907.0,1,38.24154142735627,1.0521417566364837,36.17708909941458,40.30599375529796,0.0275130582441383,9907.0,3705,9907,1.9621649940614452,1.962461610181696,True,True,True,True,True,True,True,False,True,EN_AMBOS
CONS_ALGUNA,Lengua materna,idioma_3,1,Quechua/Aymara,30.9,3.2,24.6,37.2,0.104,487.0,3,30.879539794268013,3.2100651753653224,24.58093365842474,37.178145930111285,0.1039544370399324,487.0,161,487,1.967404973747932,1.983731002955606,True,True,True,True,True,True,True,False,True,EN_AMBOS
CONS_ALGUNA,Lengua materna,idioma_4,1,Otra lengua nativa,39.1,5.4,28.6,49.7,0.1369999999999999,153.0,4,39.14334739289131,5.360511177494778,28.62525920797383,49.66143557780879,0.1369456506539929,153.0,54,153,2.00957523712924,2.068657610419048,True,True,True,True,True,True,True,False,True,EN_AMBOS
CONS_ALGUNA,Nacional,national_single,1,Total,37.9,1.0,35.9,39.9,0.027,10583.0,Total,37.93331375126577,1.020396607062822,35.93092014010287,39.935707362428666,0.0268997486946094,10583.0,3935,10583,1.962142757779508,1.962367962910737,True,True,True,True,True,True,True,False,True,EN_AMBOS
CONS_ALGUNA,Sexo,sexo_1,1,Mujer,42.4,1.3,39.7,45.0,0.032,5380.0,1,42.352558492290896,1.3449612159837605,39.71282738689014,44.992289597691645,0.0317563156480516,5380.0,2286,5380,1.962202376365632,1.962681952482876,True,True,True,True,True,True,True,False,True,EN_AMBOS
CONS_ALGUNA,Sexo,sexo_2,1,Hombre,33.5,1.5,30.6,36.4,0.044,5203.0,2,33.499279625108414,1.4763093217213177,30.601108162611297,36.39745108760553,0.0440698826435298,5203.0,1649,5203,1.9622476264013184,1.9631193950045407,True,True,True,True,True,True,True,False,True,EN_AMBOS
CONS_ALGUNA,Tipo de hogar,hogar_1,1,Biparental,37.0,1.2,34.7,39.2,0.031,7659.0,1,36.97506733786934,1.1532681887816718,34.71219051347389,39.2379441622648,0.0311904283565837,7659.0,2816,7659,1.962142757779508,1.962504404722836,True,True,True,True,True,True,True,False,True,EN_AMBOS
CONS_ALGUNA,Tipo de hogar,hogar_2,1,Monoparental,41.8,1.9,38.1,45.4,0.045,2460.0,2,41.77400457249173,1.864350414814811,38.11588290809962,45.43212623688383,0.0446294396214647,2460.0,940,2460,1.962322551204167,1.9643423968425169,True,True,True,True,True,True,True,False,True,EN_AMBOS
CONS_ALGUNA,Tipo de hogar,hogar_3,1,Sin figuras parentales,32.6,3.7,25.3,39.9,0.114,454.0,3,32.60463305775907,3.724343084609424,25.2969402468065,39.91232586871164,0.1142274190913835,454.0,173,454,1.9642398045825584,1.978524491479245,True,True,True,True,True,True,True,False,True,EN_AMBOS
CONS_ALGUNA,Área,area_1,1,Urbano,39.1,1.2,36.8,41.4,0.03,8879.0,1,39.078080979501415,1.1739094143060305,36.77470312393166,41.38145883507118,0.0300400988196377,8879.0,3367,8879,1.9630738928941311,1.963192396047012,True,True,True,True,True,True,True,False,True,EN_AMBOS
CONS_ALGUNA,Área,area_2,1,Rural,33.1,1.8,29.7,36.6,0.053,1704.0,2,33.115190879809745,1.7624869338765254,29.65693990682291,36.57344185279658,0.0532229133231754,1704.0,568,1704,1.967850227366019,1.9704231946745223,True,True,True,True,True,True,True,False,True,EN_AMBOS
CONS_ALGUNA,Área y sexo,area_1_sexo_1,1,Urbano · Mujer,43.5,1.6,40.4,46.5,0.036,4513.0,Urbano Mujer,43.46923567080083,1.5678780898933948,40.39283503163533,46.54563630996632,0.036068683189352,4513.0,1964,4513,1.9631967955598617,1.9635323253565296,True,True,True,True,True,True,True,False,True,EN_AMBOS
CONS_ALGUNA,Área y sexo,area_1_sexo_2,1,Urbano · Hombre,34.7,1.7,31.3,38.1,0.05,4366.0,Urbano Hombre,34.69758942272109,1.7275581328290526,31.30787374374747,38.0873051016947,0.049788995765158,4366.0,1403,4366,1.9632873744486168,1.964041377496348,True,True,True,True,True,True,True,False,True,EN_AMBOS
CONS_ALGUNA,Área y sexo,area_2_sexo_1,1,Rural · Mujer,37.7,2.3,33.2,42.2,0.061,867.0,Rural Mujer,37.72235395080873,2.2985688953083767,33.21223363962215,42.23247426199531,0.0609338669136552,867.0,322,867,1.967850227366019,1.972940542389358,True,True,True,True,True,True,True,False,True,EN_AMBOS
CONS_ALGUNA,Área y sexo,area_2_sexo_2,1,Rural · Hombre,28.4,2.2,24.1,32.7,0.077,837.0,Rural Hombre,28.378922812198137,2.193376506421791,24.0752049850389,32.68264063935737,0.0772889274528422,837.0,246,837,1.9678765312856947,1.9763456545938063,True,True,True,True,True,True,True,False,True,EN_AMBOS
CONS_ATENCION_SALUD,Discapacidad,bin_0,1,No,9.5,0.9,7.6,11.4,0.1,3374.0,0,9.50755580815276,0.9469773373188078,7.649451083951336,11.36566053235418,0.0996026062247009,3374.0,304,3374,1.962142757779508,1.9701975989725256,True,True,True,True,True,True,True,False,True,EN_AMBOS
CONS_ATENCION_SALUD,Discapacidad,bin_1,1,Sí,13.0,2.7,7.7,18.3,0.207,561.0,1,13.00363521684639,2.69217059928921,7.716081865075522,18.291188568617255,0.2070321532706074,561.0,75,561,1.9640483976635408,2.011740513729765,True,True,True,True,True,True,True,False,True,EN_AMBOS
CONS_ATENCION_SALUD,Etnicidad,etnicidad_1,1,Indígena andino,7.0,1.0,5.0,8.9,0.142,1111.0,1,6.99055165219689,0.991757521823342,5.044581813277866,8.936521491115913,0.1418711385261944,1111.0,110,1111,1.9628366422266053,1.991672609644664,True,True,True,True,True,True,True,False,True,EN_AMBOS
CONS_ATENCION_SALUD,Etnicidad,etnicidad_3,1,Indígena amazónico/nativo,13.5,5.5,2.8,24.2,0.405,99.0,3,13.494262485115494,5.457601397877864,2.7856694274221243,24.202855542808862,0.4044386570883539,99.0,11,99,1.978524491479245,3.182446305283708,True,True,True,True,True,True,True,False,True,EN_AMBOS
CONS_ATENCION_SALUD,Etnicidad,etnicidad_5,1,Afrodescendiente,16.2,3.3,9.7,22.7,0.204,376.0,5,16.209337650935602,3.305931893656483,9.722627328085238,22.69604797378597,0.2039523122319353,376.0,42,376,1.96362596651301,2.0595385527532977,True,True,True,True,True,True,True,False,True,EN_AMBOS
CONS_ATENCION_SALUD,Etnicidad,etnicidad_6,1,No indígena ni afrodescendiente,10.2,1.4,7.4,13.1,0.142,1829.0,6,10.218819588458974,1.4472046365672526,7.379197491793614,13.058441685124333,0.1416215076545348,1829.0,173,1829,1.962322551204167,1.9779612641677156,True,True,True,True,True,True,True,False,True,EN_AMBOS
CONS_ATENCION_SALUD,Etnicidad,etnicidad_9,1,No sabe,9.3,2.7,4.0,14.7,0.291,520.0,9,9.3488357952157,2.719198635475605,4.013379885653322,14.68429170477808,0.2908595995307955,520.0,43,520,1.9629115987173988,2.085963447265865,True,True,True,True,True,True,True,False,True,EN_AMBOS
CONS_ATENCION_SALUD,Lengua materna,idioma_1,1,Castellano,9.9,0.9,8.1,11.7,0.093,3705.0,1,9.888070535433496,0.921115687168191,8.080710060779337,11.69543101008766,0.0931542391275841,3705.0,347,3705,1.9621649940614452,1.9688551733802384,True,True,True,True,True,True,True,False,True,EN_AMBOS
CONS_ATENCION_SALUD,Lengua materna,idioma_3,1,Quechua/Aymara,8.6,2.2,4.2,12.9,0.259,161.0,3,8.582635657102863,2.225372150499507,4.216137808636046,12.949133505569682,0.2592877339093175,161.0,18,161,1.967404973747932,2.200985160091639,True,True,True,True,True,True,True,False,True,EN_AMBOS
CONS_ATENCION_SALUD,Lengua materna,idioma_4,1,Otra lengua nativa,23.5,7.7,8.4,38.6,0.327,54.0,4,23.47401712650105,7.684710758922958,8.395517565250099,38.55251668775199,0.3273709275029575,54.0,12,54,2.00957523712924,2.446911851144969,True,True,True,True,True,True,True,False,True,EN_AMBOS
CONS_ATENCION_SALUD,Nacional,national_single,1,Total,10.0,0.9,8.3,11.7,0.089,3935.0,Total,9.997932759166336,0.8864632368424764,8.258565338958093,11.737300179374584,0.0886646528033254,3935.0,379,3935,1.962142757779508,1.968264112821808,True,True,True,True,True,True,True,False,True,EN_AMBOS
CONS_ATENCION_SALUD,Sexo,sexo_1,1,Mujer,8.7,1.0,6.7,10.7,0.118,2286.0,1,8.734577684207883,1.0262776992132647,6.720813144000562,10.748342224415202,0.1174959724805899,2286.0,195,2286,1.962202376365632,1.976013177689186,True,True,True,True,True,True,True,False,True,EN_AMBOS
CONS_ATENCION_SALUD,Sexo,sexo_2,1,Hombre,11.6,2.0,7.6,15.6,0.174,1649.0,2,11.600515974114382,2.0140452979540884,7.648460368739235,15.552571579489529,0.1736168720812305,1649.0,184,1649,1.9622476264013184,1.9764595626329111,True,True,True,True,True,True,True,False,True,EN_AMBOS
CONS_ATENCION_SALUD,Tipo de hogar,hogar_1,1,Biparental,8.5,0.9,6.8,10.1,0.1009999999999999,2816.0,1,8.455828542389163,0.8516855312122299,6.784699945415494,10.126957139362831,0.1007217124782888,2816.0,269,2816,1.962142757779508,1.971490391867332,True,True,True,True,True,True,True,False,True,EN_AMBOS
CONS_ATENCION_SALUD,Tipo de hogar,hogar_2,1,Monoparental,12.8,3.1,6.7,18.9,0.243,940.0,2,12.782692439219476,3.1114399126198835,6.677043731968754,18.8883411464702,0.2434103712824581,940.0,83,940,1.962322551204167,2.003240718847872,True,True,True,True,True,True,True,False,True,EN_AMBOS
CONS_ATENCION_SALUD,Tipo de hogar,hogar_3,1,Sin figuras parentales,21.5,6.9,7.9,35.0,0.322,173.0,3,21.45393576508214,6.898963204967858,7.902717627533814,35.00515390263047,0.321570982616459,173.0,26,173,1.9642398045825584,2.228138851986274,True,True,True,True,True,True,True,False,True,EN_AMBOS
CONS_ATENCION_SALUD,Área,area_1,1,Urbano,9.9,1.0,7.9,11.9,0.103,3367.0,1,9.933859225414224,1.019443112788597,7.933566304687881,11.934152146140567,0.1026230682009778,3367.0,311,3367,1.9630738928941311,1.9704231946745223,True,True,True,True,True,True,True,False,True,EN_AMBOS
CONS_ATENCION_SALUD,Área,area_2,1,Rural,10.3,1.6,7.2,13.4,0.153,568.0,2,10.316165841588669,1.574859594918688,7.226066492899394,13.40626519027794,0.15265939100841,568.0,68,568,1.967850227366019,2.0243941639119694,True,True,True,True,True,True,True,False,True,EN_AMBOS
CONS_ATENCION_SALUD,Área y sexo,area_1_sexo_1,1,Urbano · Mujer,8.6,1.2,6.2,10.9,0.1369999999999999,1964.0,Urbano Mujer,8.554548993560829,1.174303074345978,6.249160960988711,10.859937026132949,0.1372723536015631,1964.0,158,1964,1.9631967955598617,1.9806260024590892,True,True,True,True,True,True,True,False,True,EN_AMBOS
CONS_ATENCION_SALUD,Área y sexo,area_1_sexo_2,1,Urbano · Hombre,11.7,2.4,7.0,16.3,0.2019999999999999,1403.0,Urbano Hombre,11.65766673775862,2.354374502539979,7.035353002198136,16.279980473319103,0.2019593247518625,1403.0,153,1403,1.9632873744486168,1.9808075411039092,True,True,True,True,True,True,True,False,True,EN_AMBOS
CONS_ATENCION_SALUD,Área y sexo,area_2_sexo_1,1,Rural · Mujer,9.6,1.9,5.8,13.4,0.2,322.0,Rural Mujer,9.594773799866658,1.9188647797283809,5.818735306793518,13.3708122929398,0.1999906219524475,322.0,37,322,1.967850227366019,2.1098155778333165,True,True,True,True,True,True,True,False,True,EN_AMBOS
CONS_ATENCION_SALUD,Área y sexo,area_2_sexo_2,1,Rural · Hombre,11.3,2.5,6.5,16.1,0.217,246.0,Rural Hombre,11.30193883638967,2.4553125398520352,6.470186912243378,16.133690760535963,0.2172470206568883,246.0,31,246,1.9678765312856947,2.119905299221254,True,True,True,True,True,True,True,False,True,EN_AMBOS
Componentes,Tareas del hogar,aconsejar y escuchar,1,Aconsejar y escuchar,65.04052574,0.665101334,63.7,66.3,0.01022595261,12336.0,Aconsejar y escuchar,65.04052573559717,0.6651013340376322,63.72450274952824,66.33402838522628,0.0102259526120899,12336.0,12336,18807,1.962142757779508,1.962142757779508,True,True,True,True,True,True,True,False,True,EN_AMBOS
Componentes,Tareas del hogar,ayudar con tareas escolares,1,Ayudar con tareas escolares,23.8990745,0.6417329683,22.7,25.2,0.02685179162,4471.0,Ayudar con tareas escolares,23.8990744966832,0.6417329682615799,22.66269305217096,25.18094549552706,0.0268517916185684,4471.0,4471,18807,1.962142757779508,1.9622151209211915,True,True,True,True,True,True,True,False,True,EN_AMBOS
Componentes,Tareas del hogar,cocinar,1,Cocinar,91.10757761,0.4198637414,90.2,91.9,0.0046084393019999,17138.0,Cocinar,91.10757760978876,0.4198637413540312,90.24857806083408,91.89770154938827,0.004608439301858,17138.0,17138,18807,1.962142757779508,1.962142757779508,True,True,True,True,True,True,True,False,True,EN_AMBOS
Componentes,Tareas del hogar,compras mercado,1,Compras mercado,76.63379128,0.6299310727,75.4,77.8,0.008220017073,14743.0,Compras mercado,76.63379128267943,0.629931072722796,75.3751367702984,77.8470198885237,0.0082200170731363,14743.0,14743,18807,1.962142757779508,1.962142757779508,True,True,True,True,True,True,True,False,True,EN_AMBOS
Componentes,Tareas del hogar,cuidar hermanas os,1,Cuidar hermanas/os,78.81844487,0.8220561798,77.2,80.4,0.01042974371,10019.0,Cuidar hermanas/os,78.81844487434543,0.8220561798435949,77.16058101894198,80.3865573944945,0.0104297437123269,10019.0,10019,12430,1.962142757779508,1.9621447606766775,True,True,True,True,True,True,True,False,True,EN_AMBOS
Componentes,Tareas del hogar,dar dinero gastos,1,Dar dinero/gastos,26.93088834,0.7744740979,25.4,28.5,0.02875783703,5234.0,Dar dinero/gastos,26.93088833888983,0.7744740978525088,25.43850973739123,28.477380111801164,0.0287578370273854,5234.0,5234,18807,1.962142757779508,1.9622454301924284,True,True,True,True,True,True,True,False,True,EN_AMBOS
Componentes,Tareas del hogar,jugar contigo,1,Jugar contigo,27.25523861,0.6233332757,26.0,28.5,0.02287021899,4876.0,Jugar contigo,27.25523860931053,0.6233332756763103,26.04945644069928,28.495327672100508,0.0228702189920794,4876.0,4876,18807,1.962142757779508,1.9621649940614452,True,True,True,True,True,True,True,False,True,EN_AMBOS
Componentes,Tareas del hogar,lavar planchar ropa,1,Lavar/planchar ropa,82.82100204,0.631776578,81.5,84.0,0.0076282170279999,15262.0,Lavar/planchar ropa,82.82100204021626,0.6317765780430715,81.54570424247014,84.02543392650001,0.0076282170280467,15262.0,15262,18807,1.962142757779508,1.962142757779508,True,True,True,True,True,True,True,False,True,EN_AMBOS
Componentes,Tareas del hogar,lavar platos utensilios,1,Lavar platos/utensilios,52.73934424,0.8385909321,51.1,54.4,0.01590067044,9849.0,Lavar platos/utensilios,52.73934423752444,0.8385909321201688,51.09152760866152,54.38121397895108,0.0159006704433671,9849.0,9849,18807,1.962142757779508,1.962142757779508,True,True,True,True,True,True,True,False,True,EN_AMBOS
Componentes,Tareas del hogar,limpieza,1,Limpieza,69.22696977,0.8175312938,67.6,70.8,0.0118094334699999,12606.0,Limpieza,69.22696977187049,0.8175312938142422,67.600071512314,70.80745436102409,0.0118094334694747,12606.0,12606,18807,1.962142757779508,1.962142757779508,True,True,True,True,True,True,True,False,True,EN_AMBOS
Formas_Agresor_VS_H_1__C4P248_1,Nacional,national_single,1,Miradas a partes íntimas,24.2,3.0,18.8,30.6,0.124,216.0,Total,24.24930528940593,3.008082844552353,18.840963780543767,30.6243164417746,0.1240482070992164,216.0,216,1034,1.9638605503645368,1.9744456300923792,True,True,True,True,True,True,True,False,True,EN_AMBOS
Formas_Agresor_VS_H_1__C4P248_10,Nacional,national_single,1,Amenaza para tener relaciones sexuales,5.8,1.0,4.1,8.0,0.171,85.0,Total,5.768732629519293,0.985464900773051,4.113031082275708,8.035085920948665,0.170828666201361,85.0,85,1034,1.9638605503645368,2.004879288188057,True,True,True,True,True,True,True,False,True,EN_AMBOS
Formas_Agresor_VS_H_1__C4P248_11,Nacional,national_single,1,Obligación a tener relaciones sexuales,9.8,1.7,6.9,13.7,0.177,99.0,Total,9.768269070472932,1.7254257179513313,6.866708229726632,13.715340640209856,0.1766357688863084,99.0,99,1034,1.9638605503645368,1.993943367845625,True,True,True,True,True,True,True,False,True,EN_AMBOS
Formas_Agresor_VS_H_1__C4P248_13,Nacional,national_single,1,Abuso de confianza con intento de aprovechamiento sexual,15.8,1.9,12.3,19.9,0.122,200.0,Total,15.76025868518289,1.9194950172632643,12.348210702305726,19.901058113152896,0.1217933699951188,200.0,200,1034,1.9638605503645368,1.9759053308966144,True,True,True,True,True,True,True,False,True,EN_AMBOS
Formas_Agresor_VS_H_1__C4P248_14,Nacional,national_single,1,Llamadas o mensajes privados sexuales,6.6,2.7,3.0,14.1,0.3989999999999999,43.0,Total,6.640576393270019,2.650126764977252,2.9828470978853527,14.130337097065167,0.3990808339563804,43.0,43,1034,1.9638605503645368,2.073873067904026,True,True,True,True,True,True,True,False,True,EN_AMBOS
Formas_Agresor_VS_H_1__C4P248_15,Nacional,national_single,1,Amenaza de publicar fotos o videos íntimos,0.6,0.2,0.3,1.2,0.352,13.0,Total,0.5916388427827133,0.20851546090115,0.2957787150851231,1.1799382464946444,0.3524370711030715,13.0,13,1034,1.9638605503645368,3.182446305283708,True,True,True,True,True,True,True,False,True,EN_AMBOS
Formas_Agresor_VS_H_1__C4P248_16,Nacional,national_single,1,Difusión de fotos o videos íntimos,0.9,0.4,0.4,2.0,0.406,10.0,Total,0.9041329971858714,0.3674456808392915,0.4060928136975879,2.0007091350681736,0.4064066702387504,10.0,10,1034,1.9638605503645368,4.302652729749462,True,True,True,True,True,True,True,False,True,EN_AMBOS
Formas_Agresor_VS_H_1__C4P248_2,Nacional,national_single,1,Comentarios o bromas sexuales,15.9,2.0,12.3,20.3,0.127,157.0,Total,15.92216934065022,2.019990788323085,12.342798962984384,20.299169591557348,0.126866556001633,157.0,157,1034,1.9638605503645368,1.98009987645692,True,True,True,True,True,True,True,False,True,EN_AMBOS
Formas_Agresor_VS_H_1__C4P248_3,Nacional,national_single,1,Obligación de ver desnudos o relaciones sexuales,5.6,0.9,4.0,7.8,0.1689999999999999,71.0,Total,5.59223805236202,0.9442441477145552,4.002197173215735,7.762905879903263,0.168849061658906,71.0,71,1034,1.9638605503645368,2.0128955989194286,True,True,True,True,True,True,True,False,True,EN_AMBOS
Formas_Agresor_VS_H_1__C4P248_4,Nacional,national_single,1,Intento o retiro de ropa contra voluntad,17.4,2.7,12.7,23.4,0.156,167.0,Total,17.418985394239385,2.7149436848892283,12.71330877552193,23.39948943763317,0.1558611838429513,167.0,167,1034,1.9638605503645368,1.97838040544701,True,True,True,True,True,True,True,False,True,EN_AMBOS
Formas_Agresor_VS_H_1__C4P248_5,Nacional,national_single,1,Obligación a tocar o manosear a otra persona,11.2,1.8,8.0,15.4,0.165,107.0,Total,11.180190712928017,1.8428582307262529,8.000759456121976,15.411445756588336,0.1648324503619867,107.0,107,1034,1.9638605503645368,1.992543495180932,True,True,True,True,True,True,True,False,True,EN_AMBOS
Formas_Agresor_VS_H_1__C4P248_6,Nacional,national_single,1,Tocamientos incómodos,58.5,3.0,52.6,64.3,0.051,595.0,Total,58.54006192030962,2.9866191850962616,52.58601389791314,64.2546639819368,0.0510183810389872,595.0,595,1034,1.9638605503645368,1.965710612062246,True,True,True,True,True,True,True,False,True,EN_AMBOS
Formas_Agresor_VS_H_1__C4P248_7,Nacional,national_single,1,Masturbación delante de la/el adolescente,9.7,2.0,6.5,14.4,0.205,70.0,Total,9.73197379425432,1.9922244835955396,6.462537827844485,14.400786952739312,0.2047091911377456,70.0,70,1034,1.9638605503645368,2.010634757624232,True,True,True,True,True,True,True,False,True,EN_AMBOS
Formas_Agresor_VS_H_1__C4P248_8,Nacional,national_single,1,Obligación a masturbarse,1.5,0.5,0.8,2.9,0.342,16.0,Total,1.4753157641855303,0.5043622110582868,0.7518303487139607,2.8748437582433186,0.3418672960067822,16.0,16,1034,1.9638605503645368,2.7764451051977934,True,True,True,True,True,True,True,False,True,EN_AMBOS
Formas_Agresor_VS_H_1__C4P248_9,Nacional,national_single,1,Exhibición de genitales,13.2,2.3,9.3,18.5,0.175,94.0,Total,13.234365192393415,2.3199291377778057,9.30323239029546,18.48801000512143,0.175295838073987,94.0,94,1034,1.9638605503645368,1.997729654317693,True,True,True,True,True,True,True,False,True,EN_AMBOS
Formas_Agresor_VS_H_1__ICVAC_301,Nacional,national_single,1,"ICVAC 301 - Violación infantil por familiar, alguna vez en la vida",9.8,1.7,6.9,13.7,0.177,99.0,Total,9.768269070472932,1.7254257179513313,6.866708229726632,13.715340640209856,0.1766357688863084,99.0,99,1034,1.9638605503645368,1.993943367845625,True,True,True,True,True,True,True,False,True,EN_AMBOS
Formas_Agresor_VS_H_1__ICVAC_302,Nacional,national_single,1,"ICVAC 302 - Agresión sexual por familiar, alguna vez en la vida",67.2,2.8,61.4,72.4,0.042,684.0,Total,67.16195005875083,2.8152382775531257,61.41208263647301,72.43954777622076,0.0419171610575699,684.0,684,1034,1.9638605503645368,1.965179934602657,True,True,True,True,True,True,True,False,True,EN_AMBOS
Formas_Agresor_VS_H_1__ICVAC_303,Nacional,national_single,1,"ICVAC 303 - Violencia sexual no física por familiar, alguna vez en la vida",58.2,3.4,51.5,64.7,0.0579999999999999,603.0,Total,58.23914892388272,3.3660786190702487,51.51350510269577,64.67167416320324,0.0577975241957886,603.0,603,1034,1.9638605503645368,1.965587998982224,True,True,True,True,True,True,True,False,True,EN_AMBOS
Formas_Agresor_VS_H_1__VSH_AG01,Nacional,national_single,1,"Víctima de violencia sexual por familiares femeninos, alguna vez en la vida",12.7,2.9,7.9,19.6,0.2319999999999999,104.0,Total,12.662785973050909,2.934294903475206,7.931350904416769,19.61540569920549,0.2317258547779301,104.0,104,1034,1.9638605503645368,1.994437111771186,True,True,True,True,True,True,True,False,True,EN_AMBOS
Formas_Agresor_VS_H_1__VSH_AG02,Nacional,national_single,1,"Víctima de violencia sexual por familiares masculinos, alguna vez en la vida",89.3,2.9,82.0,93.8,0.033,940.0,Total,89.27948687282795,2.9245091103285072,82.04638101281535,93.81810189789218,0.0327567867240798,940.0,940,1034,1.9638605503645368,1.9640483976635408,True,True,True,True,True,True,True,False,True,EN_AMBOS
Formas_Agresor_VS_H_1__VSH_AG03,Nacional,national_single,1,"Víctima de violencia sexual por otros ascendientes familiares no especificados por sexo, alguna vez en la vida",1.9,0.5,1.2,3.2,0.256,27.0,Total,1.91926515803888,0.491443399594229,1.1583172344847747,3.164109464068848,0.2560581051220612,27.0,27,1034,1.9638605503645368,2.228138851986274,True,True,True,True,True,True,True,False,True,EN_AMBOS
Formas_Agresor_VS_H_1__VSH_CP01,Nacional,national_single,1,VS hogar familiar alguna vez - Acoso sexual presencial/verbal,32.1,3.0,26.5,38.2,0.093,324.0,Total,32.06033923734897,2.9831461637601304,26.487882879557013,38.19599244268609,0.093047866451921,324.0,324,1034,1.9638605503645368,1.9696939205435453,True,True,True,True,True,True,True,False,True,EN_AMBOS
Formas_Agresor_VS_H_1__VSH_CP02,Nacional,national_single,1,VS hogar familiar alguna vez - Actos de connotación sexual/exhibicionismo,21.8,2.4,17.4,27.0,0.1119999999999999,182.0,Total,21.776815053824414,2.443949429059298,17.357834006430966,26.953869037587197,0.112227128853266,182.0,182,1034,1.9638605503645368,1.9763456545938063,True,True,True,True,True,True,True,False,True,EN_AMBOS
Formas_Agresor_VS_H_1__VSH_CP03,Nacional,national_single,1,VS hogar familiar alguna vez - Tocamientos o imposición corporal,67.8,2.8,62.1,73.1,0.0409999999999999,690.0,Total,67.80281442339054,2.81038537365922,62.06071625483347,73.05319636668233,0.0414493911139136,690.0,690,1034,1.9638605503645368,1.9651457549378355,True,True,True,True,True,True,True,False,True,EN_AMBOS
Formas_Agresor_VS_H_1__VSH_CP04,Nacional,national_single,1,VS hogar familiar alguna vez - Tentativa de violación mediante coacción,5.8,1.0,4.1,8.0,0.171,85.0,Total,5.768732629519293,0.985464900773051,4.113031082275708,8.035085920948665,0.170828666201361,85.0,85,1034,1.9638605503645368,2.004879288188057,True,True,True,True,True,True,True,False,True,EN_AMBOS
Formas_Agresor_VS_H_1__VSH_CP05,Nacional,national_single,1,VS hogar familiar alguna vez - Violación sexual consumada,9.8,1.7,6.9,13.7,0.177,99.0,Total,9.768269070472932,1.7254257179513313,6.866708229726632,13.715340640209856,0.1766357688863084,99.0,99,1034,1.9638605503645368,1.993943367845625,True,True,True,True,True,True,True,False,True,EN_AMBOS
Formas_Agresor_VS_H_1__VSH_CP06,Nacional,national_single,1,VS hogar familiar alguna vez - Grooming/proposiciones sexuales,15.8,1.9,12.3,19.9,0.122,200.0,Total,15.76025868518289,1.9194950172632643,12.348210702305726,19.901058113152896,0.1217933699951188,200.0,200,1034,1.9638605503645368,1.9759053308966144,True,True,True,True,True,True,True,False,True,EN_AMBOS
Formas_Agresor_VS_H_1__VSH_CP07,Nacional,national_single,1,VS hogar familiar alguna vez - Acoso virtual/ciberviolencia,6.6,2.7,3.0,14.1,0.3989999999999999,43.0,Total,6.640576393270019,2.650126764977252,2.9828470978853527,14.130337097065167,0.3990808339563804,43.0,43,1034,1.9638605503645368,2.073873067904026,True,True,True,True,True,True,True,False,True,EN_AMBOS
Formas_Agresor_VS_H_1__VSH_CP08,Nacional,national_single,1,VS hogar familiar alguna vez - Intimidad/difusión de pornografía,1.4,0.4,0.8,2.5,0.294,21.0,Total,1.435579410688464,0.421616175350498,0.8051618898064571,2.546921278216228,0.2936905978250987,21.0,21,1034,1.9638605503645368,2.3646242515927844,True,True,True,True,True,True,True,False,True,EN_AMBOS
Formas_Agresor_VS_H__C4P248_1,Nacional,national_single,1,Miradas a partes íntimas,29.5,5.9,19.2,42.3,0.2019999999999999,76.0,Total,29.45764541515729,5.943663721695915,19.20183653593172,42.32193751156032,0.2017698168991344,76.0,76,293,1.9707562704894732,2.00957523712924,True,True,True,True,True,True,True,False,True,EN_AMBOS
Formas_Agresor_VS_H__C4P248_10,Nacional,national_single,1,Amenaza para tener relaciones sexuales,2.8,1.0,1.4,5.8,0.368,14.0,Total,2.823350098833768,1.0383378323094212,1.3593925960932551,5.771625707233056,0.3677680046616691,14.0,14,293,1.9707562704894732,2.446911851144969,True,True,True,True,True,True,True,False,True,EN_AMBOS
Formas_Agresor_VS_H__C4P248_11,Nacional,national_single,1,Obligación a tener relaciones sexuales,9.2,3.2,4.5,17.8,0.352,29.0,Total,9.170157788911284,3.2287888955035107,4.491676512479203,17.8128418468319,0.3520974196766623,29.0,29,293,1.9707562704894732,2.144786687917804,True,True,True,True,True,True,True,False,True,EN_AMBOS
Formas_Agresor_VS_H__C4P248_13,Nacional,national_single,1,Abuso de confianza con intento de aprovechamiento sexual,13.5,3.6,7.8,22.1,0.265,45.0,Total,13.461939900553071,3.5622028537412067,7.846931102911653,22.12998840390669,0.264612892351039,45.0,45,293,1.9707562704894732,2.0595385527532977,True,True,True,True,True,True,True,False,True,EN_AMBOS
Formas_Agresor_VS_H__C4P248_14,Nacional,national_single,1,Llamadas o mensajes privados sexuales,3.9,1.3,2.0,7.3,0.326,14.0,Total,3.860816544277945,1.2598050460778796,2.015758149476311,7.269396714970782,0.3263053376480725,14.0,14,293,1.9707562704894732,2.7764451051977934,True,True,True,True,True,True,True,False,True,EN_AMBOS
Formas_Agresor_VS_H__C4P248_15,Nacional,national_single,1,Amenaza de publicar fotos o videos íntimos,1.0,0.5,0.4,2.6,0.494,6.0,Total,0.9772407368985322,0.48288516450748,0.3677658425526376,2.570698506722461,0.4941312271119725,6.0,6,293,1.9707562704894732,12.706204736174694,True,True,True,True,True,True,True,False,True,EN_AMBOS
Formas_Agresor_VS_H__C4P248_16,Nacional,national_single,1,Difusión de fotos o videos íntimos,1.3,0.7,0.5,3.6,0.516,5.0,Total,1.2975255451097651,0.6691772231558137,0.4672409702514217,3.5505894327215453,0.5157333708595342,5.0,5,293,1.9707562704894732,12.706204736174694,True,True,True,True,True,True,True,False,True,EN_AMBOS
Formas_Agresor_VS_H__C4P248_2,Nacional,national_single,1,Comentarios o bromas sexuales,23.0,4.8,15.0,33.6,0.207,65.0,Total,22.994000278480872,4.75872353990188,14.982434481344638,33.59666181719887,0.2069550092314894,65.0,65,293,1.9707562704894732,2.019540970441376,True,True,True,True,True,True,True,False,True,EN_AMBOS
Formas_Agresor_VS_H__C4P248_3,Nacional,national_single,1,Obligación de ver desnudos o relaciones sexuales,8.0,2.3,4.4,13.8,0.289,21.0,Total,7.951637827025353,2.296684501505336,4.447537074931797,13.817307367002996,0.2888316283344243,21.0,21,293,1.9707562704894732,2.446911851144969,True,True,True,True,True,True,True,False,True,EN_AMBOS
Formas_Agresor_VS_H__C4P248_4,Nacional,national_single,1,Intento o retiro de ropa contra voluntad,7.9,2.1,4.6,13.3,0.268,30.0,Total,7.940222651832503,2.126698775230132,4.63591450845568,13.271944586414143,0.267838682677156,30.0,30,293,1.9707562704894732,2.200985160091639,True,True,True,True,True,True,True,False,True,EN_AMBOS
Formas_Agresor_VS_H__C4P248_5,Nacional,national_single,1,Obligación a tocar o manosear a otra persona,3.9,1.2,2.1,7.2,0.312,17.0,Total,3.9042865622605145,1.218858074721594,2.0969248810689654,7.155576442118774,0.3121845836069717,17.0,17,293,1.9707562704894732,2.5705818356363137,True,True,True,True,True,True,True,False,True,EN_AMBOS
Formas_Agresor_VS_H__C4P248_6,Nacional,national_single,1,Tocamientos incómodos,34.8,5.1,25.5,45.4,0.147,107.0,Total,34.83415973148245,5.111959860415099,25.537555062420747,45.44940183843065,0.1467513469485244,107.0,107,293,1.9707562704894732,1.991672609644664,True,True,True,True,True,True,True,False,True,EN_AMBOS
Formas_Agresor_VS_H__C4P248_7,Nacional,national_single,1,Masturbación delante de la/el adolescente,7.0,3.6,2.5,18.2,0.507,15.0,Total,7.049430100267375,3.572570587395129,2.5243372971796068,18.17377789734081,0.5067885682361225,15.0,15,293,1.9707562704894732,2.3646242515927844,True,True,True,True,True,True,True,False,True,EN_AMBOS
Formas_Agresor_VS_H__C4P248_8,Nacional,national_single,1,Obligación a masturbarse,1.6,0.8,0.6,4.4,0.507,5.0,Total,1.6420610385615129,0.8331428839715833,0.600422558340036,4.410593726575976,0.5073763181796443,5.0,5,293,1.9707562704894732,,True,True,True,True,True,True,True,False,True,EN_AMBOS
Formas_Agresor_VS_H__C4P248_9,Nacional,national_single,1,Exhibición de genitales,7.5,3.7,2.7,18.9,0.497,15.0,Total,7.493891730032709,3.726270469940912,2.731798287506614,18.9408092098794,0.4972410336551055,15.0,15,293,1.9707562704894732,3.182446305283708,True,True,True,True,True,True,True,False,True,EN_AMBOS
Formas_Agresor_VS_H__ICVAC_301,Nacional,national_single,1,"ICVAC 301 - Violación infantil por familiar, últimos 12 meses",9.2,3.2,4.5,17.8,0.352,29.0,Total,9.170157788911284,3.2287888955035107,4.491676512479203,17.8128418468319,0.3520974196766623,29.0,29,293,1.9707562704894732,2.144786687917804,True,True,True,True,True,True,True,False,True,EN_AMBOS
Formas_Agresor_VS_H__ICVAC_302,Nacional,national_single,1,"ICVAC 302 - Agresión sexual por familiar, últimos 12 meses",42.5,5.4,32.3,53.5,0.128,136.0,Total,42.541632186941605,5.443904572143761,32.31161170168379,53.45282181512362,0.1279665187320856,136.0,136,293,1.9707562704894732,1.9842169515864168,True,True,True,True,True,True,True,False,True,EN_AMBOS
Formas_Agresor_VS_H__ICVAC_303,Nacional,national_single,1,"ICVAC 303 - Violencia sexual no física por familiar, últimos 12 meses",71.8,4.7,61.8,80.0,0.065,210.0,Total,71.79347165308376,4.667942048603566,61.82071541033138,80.00384612528958,0.065019032247942,210.0,210,293,1.9707562704894732,1.9746246209663572,True,True,True,True,True,True,True,False,True,EN_AMBOS
Formas_Agresor_VS_H__VSH_AG01,Nacional,national_single,1,"Víctima de violencia sexual por familiares femeninos, últimos 12 meses",12.0,3.7,6.4,21.5,0.309,37.0,Total,12.043808418980396,3.720201167418265,6.414054961330312,21.480730551159677,0.3088891020182144,37.0,37,293,1.9707562704894732,2.119905299221254,True,True,True,True,True,True,True,False,True,EN_AMBOS
Formas_Agresor_VS_H__VSH_AG02,Nacional,national_single,1,"Víctima de violencia sexual por familiares masculinos, últimos 12 meses",88.5,3.6,79.2,94.0,0.0409999999999999,257.0,Total,88.51721515921676,3.632569417263456,79.20722720817554,93.9756954224792,0.041037999339784,257.0,257,293,1.9707562704894732,1.972331675795748,True,True,True,True,True,True,True,False,True,EN_AMBOS
Formas_Agresor_VS_H__VSH_AG03,Nacional,national_single,1,"Víctima de violencia sexual por otros ascendientes familiares no especificados por sexo, últimos 12 meses",1.8,1.0,0.6,5.1,0.528,6.0,Total,1.8439809651752224,0.9740086805194516,0.6492946018477249,5.123500810015112,0.5282097260840746,6.0,6,293,1.9707562704894732,,True,True,True,True,True,True,True,False,True,EN_AMBOS
Formas_Agresor_VS_H__VSH_CP01,Nacional,national_single,1,VS hogar familiar 12m - Acoso sexual presencial/verbal,43.2,5.8,32.3,54.7,0.134,125.0,Total,43.163055432423846,5.788169867982689,32.29651309216376,54.73019171902228,0.1341000957878123,125.0,125,293,1.9707562704894732,1.9863771544186173,True,True,True,True,True,True,True,False,True,EN_AMBOS
Formas_Agresor_VS_H__VSH_CP02,Nacional,national_single,1,VS hogar familiar 12m - Actos de connotación sexual/exhibicionismo,19.8,5.0,11.7,31.6,0.254,45.0,Total,19.80023905508636,5.038140001427927,11.66972455345388,31.57077885865919,0.2544484431430999,45.0,45,293,1.9707562704894732,2.063898561628025,True,True,True,True,True,True,True,False,True,EN_AMBOS
Formas_Agresor_VS_H__VSH_CP03,Nacional,national_single,1,VS hogar familiar 12m - Tocamientos o imposición corporal,43.2,5.5,32.9,54.1,0.126,138.0,Total,43.18908541975302,5.462310660884388,32.89634600301556,54.105625195257225,0.1264743304424348,138.0,138,293,1.9707562704894732,1.983731002955606,True,True,True,True,True,True,True,False,True,EN_AMBOS
Formas_Agresor_VS_H__VSH_CP04,Nacional,national_single,1,VS hogar familiar 12m - Tentativa de violación mediante coacción,2.8,1.0,1.4,5.8,0.368,14.0,Total,2.823350098833768,1.0383378323094212,1.3593925960932551,5.771625707233056,0.3677680046616691,14.0,14,293,1.9707562704894732,2.446911851144969,True,True,True,True,True,True,True,False,True,EN_AMBOS
Formas_Agresor_VS_H__VSH_CP05,Nacional,national_single,1,VS hogar familiar 12m - Violación sexual consumada,9.2,3.2,4.5,17.8,0.352,29.0,Total,9.170157788911284,3.2287888955035107,4.491676512479203,17.8128418468319,0.3520974196766623,29.0,29,293,1.9707562704894732,2.144786687917804,True,True,True,True,True,True,True,False,True,EN_AMBOS
Formas_Agresor_VS_H__VSH_CP06,Nacional,national_single,1,VS hogar familiar 12m - Grooming/proposiciones sexuales,13.5,3.6,7.8,22.1,0.265,45.0,Total,13.461939900553071,3.5622028537412067,7.846931102911653,22.12998840390669,0.264612892351039,45.0,45,293,1.9707562704894732,2.0595385527532977,True,True,True,True,True,True,True,False,True,EN_AMBOS
Formas_Agresor_VS_H__VSH_CP07,Nacional,national_single,1,VS hogar familiar 12m - Acoso virtual/ciberviolencia,3.9,1.3,2.0,7.3,0.326,14.0,Total,3.860816544277945,1.2598050460778796,2.015758149476311,7.269396714970782,0.3263053376480725,14.0,14,293,1.9707562704894732,2.7764451051977934,True,True,True,True,True,True,True,False,True,EN_AMBOS
Formas_Agresor_VS_H__VSH_CP08,Nacional,national_single,1,VS hogar familiar 12m - Intimidad/difusión de pornografía,2.2,0.8,1.0,4.5,0.374,10.0,Total,2.190325214754635,0.8202106369957546,1.0454732507535542,4.531444525000723,0.3744697962980974,10.0,10,293,1.9707562704894732,3.182446305283708,True,True,True,True,True,True,True,False,True,EN_AMBOS
Formas_VS_12M__C4P248_1,Nacional,national_single,1,"Miradas a partes íntimas que hacen sentir mal o incómoda/o, últimos 12 meses",19.9,1.3,17.6,22.5,0.063,634.0,Total,19.9484467281398,1.2592011001663468,17.591979211849875,22.53425187687783,0.0631227642596395,634.0,634,3429,1.9624304486435091,1.965574697522104,True,True,True,True,True,True,True,False,True,EN_AMBOS
Formas_VS_12M__C4P248_10,Nacional,national_single,1,"Amenaza para tener relaciones sexuales, últimos 12 meses",1.8,0.3,1.3,2.5,0.1639999999999999,85.0,Total,1.8162528008607544,0.2984093875485649,1.3145958444393495,2.504486460641986,0.1642994782483712,85.0,85,3429,1.9624304486435091,2.003240718847872,True,True,True,True,True,True,True,False,True,EN_AMBOS
Formas_VS_12M__C4P248_11,Nacional,national_single,1,"Obligación a tener relaciones sexuales, últimos 12 meses",2.9,0.5,2.1,4.1,0.168,112.0,Total,2.9447791340007603,0.4934994991662083,2.106983123468809,4.101748196610637,0.1675845544639345,112.0,112,3429,1.9624304486435091,1.9886096669757083,True,True,True,True,True,True,True,False,True,EN_AMBOS
Formas_VS_12M__C4P248_12,Nacional,national_single,1,"Otra situación parecida de violencia sexual, últimos 12 meses",0.0,0.0,0.0,0.1,1.001,1.0,Total,0.0137240897298078,0.0137323933755459,0.0019258806199227,0.0977291103268225,1.0006050416385737,1.0,1,3429,1.9624304486435091,,True,True,True,True,True,True,True,False,True,EN_AMBOS
Formas_VS_12M__C4P248_13,Nacional,national_single,1,"Abuso de confianza con intento de aprovechamiento sexual, últimos 12 meses",11.0,1.1,8.9,13.4,0.105,377.0,Total,10.97646522936401,1.1496925842106704,8.91542662711697,13.443644068905488,0.104741604896177,377.0,377,3429,1.9624304486435091,1.9681495542478025,True,True,True,True,True,True,True,False,True,EN_AMBOS
Formas_VS_12M__C4P248_14,Nacional,national_single,1,"Llamadas o mensajes privados de contenido sexual, últimos 12 meses",24.9,1.5,22.0,28.0,0.062,885.0,Total,24.868729666434632,1.547167000567473,21.958211478086277,28.026488198651872,0.0622133507147205,885.0,885,3429,1.9624304486435091,1.964310309481455,True,True,True,True,True,True,True,False,True,EN_AMBOS
Formas_VS_12M__C4P248_15,Nacional,national_single,1,"Amenaza de publicar fotos o videos íntimos, últimos 12 meses",2.2,0.4,1.5,3.2,0.1889999999999999,71.0,Total,2.1956903710522857,0.4153633248130685,1.4978643239636864,3.208032065932752,0.1891720846842378,71.0,71,3429,1.9624304486435091,2.0141033888808466,True,True,True,True,True,True,True,False,True,EN_AMBOS
Formas_VS_12M__C4P248_16,Nacional,national_single,1,"Difusión de fotos o videos íntimos, últimos 12 meses",1.9,0.6,1.1,3.4,0.289,47.0,Total,1.9255237920339896,0.5562542505336336,1.089414833963504,3.3813959553250568,0.2888846415894167,47.0,47,3429,1.9624304486435091,2.0484071417952445,True,True,True,True,True,True,True,False,True,EN_AMBOS
Formas_VS_12M__C4P248_2,Nacional,national_single,1,"Comentarios o bromas de tipo sexual, últimos 12 meses",54.1,1.9,50.4,57.8,0.035,1756.0,Total,54.10214210778432,1.8763351064881404,50.41888485482057,57.78539936074808,0.0346813459391318,1756.0,1756,3429,1.9624304486435091,1.963006096420356,True,True,True,True,True,True,True,False,True,EN_AMBOS
Formas_VS_12M__C4P248_3,Nacional,national_single,1,"Obligación de ver personas desnudas o teniendo relaciones sexuales, últimos 12 meses",6.3,0.7,5.1,7.7,0.104,232.0,Total,6.300417852577128,0.6545193883206223,5.131852643015279,7.713439881799989,0.1038850761387035,232.0,232,3429,1.9624304486435091,1.9735343877061016,True,True,True,True,True,True,True,False,True,EN_AMBOS
Formas_VS_12M__C4P248_4,Nacional,national_single,1,"Intento o retiro de ropa contra voluntad, últimos 12 meses",4.6,0.5,3.6,5.7,0.119,180.0,Total,4.553575275411755,0.5415325361805544,3.601527873728545,5.742300512282404,0.1189246917921185,180.0,180,3429,1.9624304486435091,1.976931488634245,True,True,True,True,True,True,True,False,True,EN_AMBOS
Formas_VS_12M__C4P248_5,Nacional,national_single,1,"Obligación a tocar o manosear a otra persona, últimos 12 meses",3.3,0.5,2.4,4.5,0.163,129.0,Total,3.281425576570122,0.5354270891755754,2.3786786991194253,4.51094803273325,0.1631690485375034,129.0,129,3429,1.9624304486435091,1.98608631695113,True,True,True,True,True,True,True,False,True,EN_AMBOS
Formas_VS_12M__C4P248_6,Nacional,national_single,1,"Tocamientos incómodos o no deseados, últimos 12 meses",16.1,0.9,14.3,18.0,0.0579999999999999,610.0,Total,16.085007393392488,0.9262779545040112,14.346549467514684,17.989879740317093,0.0575864177025193,610.0,610,3429,1.9624304486435091,1.9655221149743796,True,True,True,True,True,True,True,False,True,EN_AMBOS
Formas_VS_12M__C4P248_7,Nacional,national_single,1,"Masturbación delante de la/el adolescente, últimos 12 meses",6.4,0.8,5.0,8.1,0.125,207.0,Total,6.379958592103997,0.7969436217347737,4.983661504485286,8.133973414056744,0.1249136040978529,207.0,207,3429,1.9624304486435091,1.9746246209663572,True,True,True,True,True,True,True,False,True,EN_AMBOS
Formas_VS_12M__C4P248_8,Nacional,national_single,1,"Obligación a masturbarse, últimos 12 meses",0.8,0.2,0.5,1.4,0.266,31.0,Total,0.8030568962691258,0.2136042854061114,0.4550448123375545,1.4134447396949616,0.2659889808536392,31.0,31,3429,1.9624304486435091,2.131449545559775,True,True,True,True,True,True,True,False,True,EN_AMBOS
Formas_VS_12M__C4P248_9,Nacional,national_single,1,"Exhibición de genitales, últimos 12 meses",5.9,0.8,4.5,7.6,0.133,184.0,Total,5.854415605338984,0.7758224244018718,4.4958031710423,7.590961797395707,0.132519191786513,184.0,184,3429,1.9624304486435091,1.9776922772392431,True,True,True,True,True,True,True,False,True,EN_AMBOS
Formas_VS_12M__ICVAC_301,Nacional,national_single,1,"ICVAC 301 - Violación infantil, últimos 12 meses",2.9,0.5,2.1,4.1,0.168,112.0,Total,2.9447791340007603,0.4934994991662083,2.106983123468809,4.101748196610637,0.1675845544639345,112.0,112,3429,1.9624304486435091,1.9886096669757083,True,True,True,True,True,True,True,False,True,EN_AMBOS
Formas_VS_12M__ICVAC_302,Nacional,national_single,1,"ICVAC 302 - Agresión sexual a menores, últimos 12 meses",20.8,1.0,18.8,22.8,0.049,783.0,Total,20.757303814836423,1.0186395304209928,18.82946216753524,22.827018217068524,0.0490737881715116,783.0,783,3429,1.9624304486435091,1.9645809970804735,True,True,True,True,True,True,True,False,True,EN_AMBOS
Formas_VS_12M__ICVAC_303,Nacional,national_single,1,"ICVAC 303 - Violencia sexual no física, últimos 12 meses",91.1,0.9,89.1,92.7,0.01,3105.0,Total,91.07352358770817,0.9160602070977611,89.10498554262449,92.715459027163,0.010058468927202,3105.0,3105,3429,1.9624304486435091,1.9624855030066195,True,True,True,True,True,True,True,False,True,EN_AMBOS
Formas_VS_12M__ICVAC_309,Nacional,national_single,1,"ICVAC 309 - Otros actos de violencia sexual, últimos 12 meses",0.0,0.0,0.0,0.1,1.001,1.0,Total,0.0137240897298078,0.0137323933755459,0.0019258806199227,0.0977291103268225,1.0006050416385737,1.0,1,3429,1.9624304486435091,,True,True,True,True,True,True,True,False,True,EN_AMBOS
Formas_VS_12M__VS_CP01,Nacional,national_single,1,Acoso sexual presencial/verbal (Art. 176-B CP),63.5,1.7,60.2,66.8,0.027,2087.0,Total,63.54435479548668,1.691251934794881,60.16610597915674,66.79422172170749,0.0266152979322563,2087.0,2087,3429,1.9624304486435091,1.9628124967684568,True,True,True,True,True,True,True,False,True,EN_AMBOS
Formas_VS_12M__VS_CP02,Nacional,national_single,1,Actos de connotación sexual/exhibicionismo (Art. 183 CP),16.1,1.1,14.0,18.4,0.069,549.0,Total,16.074039949155726,1.1153002894860893,14.000210482213555,18.38937530517916,0.0693851883542612,549.0,549,3429,1.9624304486435091,1.9660653313011045,True,True,True,True,True,True,True,False,True,EN_AMBOS
Formas_VS_12M__VS_CP03,Nacional,national_single,1,Tocamientos/actos libidinosos (Art. 176/176-A CP),21.3,1.0,19.3,23.4,0.049,801.0,Total,21.265743858570872,1.0376186200747088,19.29857653152541,23.375349993202686,0.0487929614395553,801.0,801,3429,1.9624304486435091,1.9645102127088403,True,True,True,True,True,True,True,False,True,EN_AMBOS
Formas_VS_12M__VS_CP04,Nacional,national_single,1,Tentativa de violación/amenaza para acceso carnal (Art. 173/170 c/ Art. 16 CP),1.8,0.3,1.3,2.5,0.1639999999999999,85.0,Total,1.8162528008607544,0.2984093875485649,1.3145958444393495,2.504486460641986,0.1642994782483712,85.0,85,3429,1.9624304486435091,2.003240718847872,True,True,True,True,True,True,True,False,True,EN_AMBOS
Formas_VS_12M__VS_CP05,Nacional,national_single,1,Violación sexual consumada (Art. 173/170 CP),2.9,0.5,2.1,4.1,0.168,112.0,Total,2.9447791340007603,0.4934994991662083,2.106983123468809,4.101748196610637,0.1675845544639345,112.0,112,3429,1.9624304486435091,1.9886096669757083,True,True,True,True,True,True,True,False,True,EN_AMBOS
Formas_VS_12M__VS_CP06,Nacional,national_single,1,Grooming/proposiciones sexuales a NNA (Art. 183-B CP),11.0,1.1,8.9,13.4,0.105,377.0,Total,10.97646522936401,1.1496925842106704,8.91542662711697,13.443644068905488,0.104741604896177,377.0,377,3429,1.9624304486435091,1.9681495542478025,True,True,True,True,True,True,True,False,True,EN_AMBOS
Formas_VS_12M__VS_CP07,Nacional,national_single,1,Acoso sexual virtual/ciberviolencia (Art. 176-B CP),24.9,1.5,22.0,28.0,0.062,885.0,Total,24.868729666434632,1.547167000567473,21.958211478086277,28.026488198651872,0.0622133507147205,885.0,885,3429,1.9624304486435091,1.964310309481455,True,True,True,True,True,True,True,False,True,EN_AMBOS
Formas_VS_12M__VS_CP08,Nacional,national_single,1,Violación de la intimidad/difusión de material sexual (Art. 154-B/183-A CP),3.9,0.7,2.8,5.5,0.174,104.0,Total,3.9045894978452336,0.6802278639193438,2.768039936551453,5.481494777457835,0.1742123888554048,104.0,104,3429,1.9624304486435091,1.991672609644664,True,True,True,True,True,True,True,False,True,EN_AMBOS
Formas_VS_12M__VS_CP09,Nacional,national_single,1,Otros actos de violencia sexual,0.0,0.0,0.0,0.1,1.001,1.0,Total,0.0137240897298078,0.0137323933755459,0.0019258806199227,0.0977291103268225,1.0006050416385737,1.0,1,3429,1.9624304486435091,,True,True,True,True,True,True,True,False,True,EN_AMBOS
Formas_VS_E_1__C4P248_1,Nacional,national_single,1,"Miradas a partes íntimas por compañero/a u otro/a alumno/a, alguna vez en la vida",15.5,1.2,13.2,18.1,0.08,463.0,Total,15.481127073690764,1.2387297905806778,13.19773697298426,18.077300951711788,0.0800154785038761,463.0,463,3100,1.96251259248712,1.967156799610866,True,True,True,True,True,True,True,False,True,EN_AMBOS
Formas_VS_E_1__C4P248_10,Nacional,national_single,1,"Amenaza para tener relaciones sexuales por compañero/a u otro/a alumno/a, alguna vez en la vida",1.5,0.4,1.0,2.4,0.233,47.0,Total,1.5165165245035912,0.3535744397357087,0.9583556708707832,2.3919078254345307,0.2331490847760106,47.0,47,3100,1.96251259248712,2.0595385527532977,True,True,True,True,True,True,True,False,True,EN_AMBOS
Formas_VS_E_1__C4P248_11,Nacional,national_single,1,"Obligación a tener relaciones sexuales por compañero/a u otro/a alumno/a, alguna vez en la vida",1.4,0.4,0.8,2.4,0.284,50.0,Total,1.3728243230152493,0.3898018229395722,0.7849134797581347,2.390478535959373,0.2839415185210426,50.0,50,3100,1.96251259248712,2.0484071417952445,True,True,True,True,True,True,True,False,True,EN_AMBOS
Formas_VS_E_1__C4P248_12,Nacional,national_single,1,"Otra situación parecida por compañero/a u otro/a alumno/a, alguna vez en la vida",0.0,0.0,0.0,0.1,1.0,1.0,Total,0.0153652026416907,0.0153728531327826,0.0021572107400444,0.1093535625832139,1.000497910198147,1.0,1,3100,1.96251259248712,,True,True,True,True,True,True,True,False,True,EN_AMBOS
Formas_VS_E_1__C4P248_13,Nacional,national_single,1,"Abuso de confianza con intento de aprovechamiento sexual por compañero/a u otro/a alumno/a, alguna vez en la vida",8.4,0.8,6.9,10.2,0.1,259.0,Total,8.427848354621691,0.8464958723054068,6.90868178110277,10.24430695932825,0.1004403302820704,259.0,259,3100,1.96251259248712,1.971777384669988,True,True,True,True,True,True,True,False,True,EN_AMBOS
Formas_VS_E_1__C4P248_14,Nacional,national_single,1,"Llamadas o mensajes privados sexuales por compañero/a u otro/a alumno/a, alguna vez en la vida",14.1,1.3,11.6,16.9,0.095,420.0,Total,14.069117959241993,1.338821997078946,11.641255464186504,16.906443802880354,0.0951603363449998,420.0,420,3100,1.96251259248712,1.967645928777824,True,True,True,True,True,True,True,False,True,EN_AMBOS
Formas_VS_E_1__C4P248_15,Nacional,national_single,1,"Amenaza de publicar fotos o videos íntimos por compañero/a u otro/a alumno/a, alguna vez en la vida",1.4,0.4,0.9,2.3,0.251,41.0,Total,1.3974514222110346,0.3506101060091479,0.8528261142442941,2.281876455557418,0.2508925179341231,41.0,41,3100,1.96251259248712,2.085963447265865,True,True,True,True,True,True,True,False,True,EN_AMBOS
Formas_VS_E_1__C4P248_16,Nacional,national_single,1,"Difusión de fotos o videos íntimos por compañero/a u otro/a alumno/a, alguna vez en la vida",1.9,0.5,1.1,3.1,0.259,47.0,Total,1.864441509608712,0.4833264390410506,1.1186438978757685,3.0919132848450848,0.2592338974165436,47.0,47,3100,1.96251259248712,2.0595385527532977,True,True,True,True,True,True,True,False,True,EN_AMBOS
Formas_VS_E_1__C4P248_2,Nacional,national_single,1,"Comentarios o bromas sexuales por compañero/a u otro/a alumno/a, alguna vez en la vida",64.4,1.8,60.9,67.7,0.027,1893.0,Total,64.35996975184518,1.7508301089799794,60.85577504899603,67.71687978134503,0.0272037124276271,1893.0,1893,3100,1.96251259248712,1.9629983142029728,True,True,True,True,True,True,True,False,True,EN_AMBOS
Formas_VS_E_1__C4P248_3,Nacional,national_single,1,"Obligación de ver desnudos o relaciones sexuales por compañero/a u otro/a alumno/a, alguna vez en la vida",9.3,0.8,7.8,11.0,0.088,307.0,Total,9.255824460626917,0.81875198494084,7.763848864366316,11.000318342032564,0.0884580286093049,307.0,307,3100,1.96251259248712,1.970469512651475,True,True,True,True,True,True,True,False,True,EN_AMBOS
Formas_VS_E_1__C4P248_4,Nacional,national_single,1,"Intento o retiro de ropa contra voluntad por compañero/a u otro/a alumno/a, alguna vez en la vida",5.9,0.7,4.7,7.4,0.114,196.0,Total,5.891987487858395,0.6715238802747335,4.696894113247044,7.367656424366223,0.113972387358008,196.0,196,3100,1.96251259248712,1.976013177689186,True,True,True,True,True,True,True,False,True,EN_AMBOS
Formas_VS_E_1__C4P248_5,Nacional,national_single,1,"Obligación a tocar o manosear a otra persona por compañero/a u otro/a alumno/a, alguna vez en la vida",4.8,0.9,3.3,7.1,0.195,133.0,Total,4.838934438199633,0.9449147775103276,3.2731208726725165,7.098836418944297,0.1952733167969705,133.0,133,3100,1.96251259248712,1.9847231860139845,True,True,True,True,True,True,True,False,True,EN_AMBOS
Formas_VS_E_1__C4P248_6,Nacional,national_single,1,"Tocamientos incómodos por compañero/a u otro/a alumno/a, alguna vez en la vida",14.3,1.1,12.3,16.5,0.074,500.0,Total,14.28629071981926,1.0521909032962455,12.339347097315455,16.482668288110656,0.0736503914089154,500.0,500,3100,1.96251259248712,1.966431267062808,True,True,True,True,True,True,True,False,True,EN_AMBOS
Formas_VS_E_1__C4P248_7,Nacional,national_single,1,"Masturbación delante de la/el adolescente por compañero/a u otro/a alumno/a, alguna vez en la vida",6.9,0.9,5.3,8.9,0.132,202.0,Total,6.867675067930838,0.907594426160528,5.277264481271439,8.892392099542024,0.1321545380617398,202.0,202,3100,1.96251259248712,1.9756939278152648,True,True,True,True,True,True,True,False,True,EN_AMBOS
Formas_VS_E_1__C4P248_8,Nacional,national_single,1,"Obligación a masturbarse por compañero/a u otro/a alumno/a, alguna vez en la vida",1.0,0.3,0.5,1.8,0.31,28.0,Total,0.989131172984136,0.3064675267378224,0.5377327176782675,1.8125496490483883,0.3098350705227826,28.0,28,3100,1.96251259248712,2.200985160091639,True,True,True,True,True,True,True,False,True,EN_AMBOS
Formas_VS_E_1__C4P248_9,Nacional,national_single,1,"Exhibición de genitales por compañero/a u otro/a alumno/a, alguna vez en la vida",6.1,0.9,4.6,8.2,0.152,172.0,Total,6.143486484692079,0.9310718398118426,4.551149307526789,8.244820214647945,0.1515543074981647,172.0,172,3100,1.96251259248712,1.9795998784866224,True,True,True,True,True,True,True,False,True,EN_AMBOS
Formas_VS_E_1__ICVAC_301,Nacional,national_single,1,"ICVAC 301 - Violación infantil (escuela), alguna vez en la vida",1.4,0.4,0.8,2.4,0.284,50.0,Total,1.3728243230152493,0.3898018229395722,0.7849134797581347,2.390478535959373,0.2839415185210426,50.0,50,3100,1.96251259248712,2.0484071417952445,True,True,True,True,True,True,True,False,True,EN_AMBOS
Formas_VS_E_1__ICVAC_302,Nacional,national_single,1,"ICVAC 302 - Agresión sexual a menores (escuela), alguna vez en la vida",20.9,1.4,18.4,23.7,0.066,705.0,Total,20.914486671224736,1.3713588743246363,18.350648968352804,23.73241140604239,0.0655698079461555,705.0,705,3100,1.96251259248712,1.9648774427291853,True,True,True,True,True,True,True,False,True,EN_AMBOS
Formas_VS_E_1__ICVAC_303,Nacional,national_single,1,"ICVAC 303 - Violencia sexual no física (escuela), alguna vez en la vida",91.3,0.9,89.2,93.0,0.01,2799.0,Total,91.28692442173796,0.9469927054189832,89.24021150123869,92.97496200567726,0.0103738044787658,2799.0,2799,3100,1.96251259248712,1.9625945493877848,True,True,True,True,True,True,True,False,True,EN_AMBOS
Formas_VS_E_1__ICVAC_309,Nacional,national_single,1,"ICVAC 309 - Otros actos de violencia sexual (escuela), alguna vez en la vida",0.0,0.0,0.0,0.1,1.0,1.0,Total,0.0153652026416907,0.0153728531327826,0.0021572107400444,0.1093535625832139,1.000497910198147,1.0,1,3100,1.96251259248712,,True,True,True,True,True,True,True,False,True,EN_AMBOS
Formas_VS_E_1__VSE_CP01,Nacional,national_single,1,VS escolar (vida) - Acoso sexual presencial/verbal (Art. 176-B CP),72.0,1.6,68.8,75.0,0.022,2113.0,Total,71.99669102911503,1.5775099215423791,68.79970433274657,74.98519946414794,0.0219108669994909,2113.0,2113,3100,1.96251259248712,1.962843616296084,True,True,True,True,True,True,True,False,True,EN_AMBOS
Formas_VS_E_1__VSE_CP02,Nacional,national_single,1,VS escolar (vida) - Actos de connotación sexual/exhibicionismo (Art. 183 CP),19.0,1.3,16.6,21.7,0.069,600.0,Total,19.025411538574023,1.312004680238772,16.583160674703077,21.73362861945716,0.0689606465320701,600.0,600,3100,1.96251259248712,1.965882661682192,True,True,True,True,True,True,True,False,True,EN_AMBOS
Formas_VS_E_1__VSE_CP03,Nacional,national_single,1,VS escolar (vida) - Tocamientos/actos libidinosos (Art. 176/176-A CP),21.4,1.4,18.8,24.2,0.065,723.0,Total,21.394116683563816,1.385143432200884,18.80175445604441,24.237219218151317,0.0647441281492603,723.0,723,3100,1.96251259248712,1.9648072234709044,True,True,True,True,True,True,True,False,True,EN_AMBOS
Formas_VS_E_1__VSE_CP04,Nacional,national_single,1,VS escolar (vida) - Tentativa de violación/amenaza para acceso carnal (Art. 173/170 c/ Art. 16 CP),1.5,0.4,1.0,2.4,0.233,47.0,Total,1.5165165245035912,0.3535744397357087,0.9583556708707832,2.3919078254345307,0.2331490847760106,47.0,47,3100,1.96251259248712,2.0595385527532977,True,True,True,True,True,True,True,False,True,EN_AMBOS
Formas_VS_E_1__VSE_CP05,Nacional,national_single,1,VS escolar (vida) - Violación sexual consumada (Art. 173/170 CP),1.4,0.4,0.8,2.4,0.284,50.0,Total,1.3728243230152493,0.3898018229395722,0.7849134797581347,2.390478535959373,0.2839415185210426,50.0,50,3100,1.96251259248712,2.0484071417952445,True,True,True,True,True,True,True,False,True,EN_AMBOS
Formas_VS_E_1__VSE_CP06,Nacional,national_single,1,VS escolar (vida) - Grooming/proposiciones sexuales por abuso de confianza (Art. 183-B CP),8.4,0.8,6.9,10.2,0.1,259.0,Total,8.427848354621691,0.8464958723054068,6.90868178110277,10.24430695932825,0.1004403302820704,259.0,259,3100,1.96251259248712,1.971777384669988,True,True,True,True,True,True,True,False,True,EN_AMBOS
Formas_VS_E_1__VSE_CP07,Nacional,national_single,1,VS escolar (vida) - Acoso sexual virtual/ciberviolencia (Art. 176-B CP),14.1,1.3,11.6,16.9,0.095,420.0,Total,14.069117959241993,1.338821997078946,11.641255464186504,16.906443802880354,0.0951603363449998,420.0,420,3100,1.96251259248712,1.967645928777824,True,True,True,True,True,True,True,False,True,EN_AMBOS
Formas_VS_E_1__VSE_CP08,Nacional,national_single,1,VS escolar (vida) - Violación de la intimidad/difusión de material sexual (Art. 154-B/183-A CP),3.0,0.6,2.1,4.4,0.191,78.0,Total,3.007917424941501,0.5735592960339144,2.064937213252896,4.362340341656762,0.1906831920577305,78.0,78,3100,1.96251259248712,2.006646805061688,True,True,True,True,True,True,True,False,True,EN_AMBOS
Formas_VS_E_1__VSE_CP09,Nacional,national_single,1,VS escolar (vida) - Otros actos de violencia sexual (no tipificado específicamente),0.0,0.0,0.0,0.1,1.0,1.0,Total,0.0153652026416907,0.0153728531327826,0.0021572107400444,0.1093535625832139,1.000497910198147,1.0,1,3100,1.96251259248712,,True,True,True,True,True,True,True,False,True,EN_AMBOS
Formas_VS_E__C4P248_1,Nacional,national_single,1,"Miradas a partes íntimas por compañero/a u otro/a alumno/a, últimos 12 meses",14.0,1.4,11.6,16.9,0.096,304.0,Total,14.024610459131209,1.3521198411737982,11.574572208617266,16.894175250353015,0.09641050959055,304.0,304,2150,1.962785394248052,1.9703772833261533,True,True,True,True,True,True,True,False,True,EN_AMBOS
Formas_VS_E__C4P248_10,Nacional,national_single,1,"Amenaza para tener relaciones sexuales por compañero/a u otro/a alumno/a, últimos 12 meses",1.3,0.3,0.8,2.2,0.25,29.0,Total,1.3385397597869153,0.3342833249456675,0.8187332184146094,2.1811093859659727,0.2497373144887998,29.0,29,2150,1.962785394248052,2.144786687917804,True,True,True,True,True,True,True,False,True,EN_AMBOS
Formas_VS_E__C4P248_11,Nacional,national_single,1,"Obligación a tener relaciones sexuales por compañero/a u otro/a alumno/a, últimos 12 meses",0.8,0.2,0.4,1.4,0.295,28.0,Total,0.7971425207876492,0.2350319442083733,0.4464775747017165,1.4192944037182378,0.2948430651725119,28.0,28,2150,1.962785394248052,2.160368656462792,True,True,True,True,True,True,True,False,True,EN_AMBOS
Formas_VS_E__C4P248_12,Nacional,national_single,1,"Otra situación parecida por compañero/a u otro/a alumno/a, últimos 12 meses",0.0,0.0,0.0,0.2,1.0,1.0,Total,0.0220525414734506,0.0220585733518145,0.0030952297392055,0.1569352247228095,1.0002735230481798,1.0,1,2150,1.962785394248052,,True,True,True,True,True,True,True,False,True,EN_AMBOS
Formas_VS_E__C4P248_13,Nacional,national_single,1,"Abuso de confianza con intento de aprovechamiento sexual por compañero/a u otro/a alumno/a, últimos 12 meses",6.4,0.9,4.9,8.4,0.141,148.0,Total,6.418798506962539,0.9032878814140408,4.85838055182761,8.435954604703614,0.1407253834863697,148.0,148,2150,1.962785394248052,1.9811803594146613,True,True,True,True,True,True,True,False,True,EN_AMBOS
Formas_VS_E__C4P248_14,Nacional,national_single,1,"Llamadas o mensajes privados sexuales por compañero/a u otro/a alumno/a, últimos 12 meses",11.0,1.1,9.0,13.4,0.103,260.0,Total,11.007443701819527,1.1378243544542148,8.965193861502636,13.44619842825598,0.1033686281099155,260.0,260,2150,1.962785394248052,1.9721412216620404,True,True,True,True,True,True,True,False,True,EN_AMBOS
Formas_VS_E__C4P248_15,Nacional,national_single,1,"Amenaza de publicar fotos o videos íntimos por compañero/a u otro/a alumno/a, últimos 12 meses",1.2,0.4,0.6,2.2,0.307,26.0,Total,1.189346903464685,0.3652147492147174,0.6497806850400529,2.167185727885822,0.3070716778685939,26.0,26,2150,1.962785394248052,2.200985160091639,True,True,True,True,True,True,True,False,True,EN_AMBOS
Formas_VS_E__C4P248_16,Nacional,national_single,1,"Difusión de fotos o videos íntimos por compañero/a u otro/a alumno/a, últimos 12 meses",1.4,0.5,0.7,2.6,0.33,26.0,Total,1.3909080928261182,0.4587357908500828,0.7264466052771342,2.646930077775087,0.3298102823731509,26.0,26,2150,1.962785394248052,2.228138851986274,True,True,True,True,True,True,True,False,True,EN_AMBOS
Formas_VS_E__C4P248_2,Nacional,national_single,1,"Comentarios o bromas sexuales por compañero/a u otro/a alumno/a, últimos 12 meses",66.9,1.8,63.3,70.3,0.027,1371.0,Total,66.8891691035595,1.7884199523518085,63.29127883494208,70.29990155702704,0.0267370633589861,1371.0,1371,2150,1.962785394248052,1.963448464439348,True,True,True,True,True,True,True,False,True,EN_AMBOS
Formas_VS_E__C4P248_3,Nacional,national_single,1,"Obligación de ver desnudos o relaciones sexuales por compañero/a u otro/a alumno/a, últimos 12 meses",7.8,0.9,6.2,9.7,0.1169999999999999,176.0,Total,7.762295751780308,0.9104828257372392,6.153670661257828,9.747751983730774,0.1172955598256375,176.0,176,2150,1.962785394248052,1.9780988419241197,True,True,True,True,True,True,True,False,True,EN_AMBOS
Formas_VS_E__C4P248_4,Nacional,national_single,1,"Intento o retiro de ropa contra voluntad por compañero/a u otro/a alumno/a, últimos 12 meses",4.9,0.8,3.6,6.6,0.153,111.0,Total,4.926924330432372,0.7515624859202041,3.644761440633688,6.62909849801987,0.1525419177392256,111.0,111,2150,1.962785394248052,1.9893185571365724,True,True,True,True,True,True,True,False,True,EN_AMBOS
Formas_VS_E__C4P248_5,Nacional,national_single,1,"Obligación a tocar o manosear a otra persona por compañero/a u otro/a alumno/a, últimos 12 meses",4.0,0.8,2.7,6.0,0.203,89.0,Total,4.016243919914333,0.8151144977659265,2.668027459479625,6.0037219094268535,0.2029544305624029,89.0,89,2150,1.962785394248052,2.0002978220142595,True,True,True,True,True,True,True,False,True,EN_AMBOS
Formas_VS_E__C4P248_6,Nacional,national_single,1,"Tocamientos incómodos por compañero/a u otro/a alumno/a, últimos 12 meses",13.6,1.0,11.6,15.7,0.077,340.0,Total,13.553179739539948,1.045208264978413,11.629937855563034,15.737827093375124,0.0771190440224982,340.0,340,2150,1.962785394248052,1.9691655563584016,True,True,True,True,True,True,True,False,True,EN_AMBOS
Formas_VS_E__C4P248_7,Nacional,national_single,1,"Masturbación delante de la/el adolescente por compañero/a u otro/a alumno/a, últimos 12 meses",6.3,1.0,4.6,8.5,0.155,134.0,Total,6.270859647400407,0.971893122408592,4.596928714893069,8.500029527114902,0.154985628296033,134.0,134,2150,1.962785394248052,1.984984311522457,True,True,True,True,True,True,True,False,True,EN_AMBOS
Formas_VS_E__C4P248_8,Nacional,national_single,1,"Obligación a masturbarse por compañero/a u otro/a alumno/a, últimos 12 meses",0.5,0.2,0.2,1.1,0.385,15.0,Total,0.5062152938680546,0.1949146542675038,0.2374738503155715,1.0758031159617805,0.3850429977690647,15.0,15,2150,1.962785394248052,2.7764451051977934,True,True,True,True,True,True,True,False,True,EN_AMBOS
Formas_VS_E__C4P248_9,Nacional,national_single,1,"Exhibición de genitales por compañero/a u otro/a alumno/a, últimos 12 meses",4.1,0.7,2.9,5.8,0.178,94.0,Total,4.086722988976272,0.7284912459270371,2.873478249160544,5.781732304258269,0.1782580438880015,94.0,94,2150,1.962785394248052,1.997137908392004,True,True,True,True,True,True,True,False,True,EN_AMBOS
Formas_VS_E__ICVAC_301,Nacional,national_single,1,"ICVAC 301 - Violación infantil (escuela), últimos 12 meses",0.8,0.2,0.4,1.4,0.295,28.0,Total,0.7971425207876492,0.2350319442083733,0.4464775747017165,1.4192944037182378,0.2948430651725119,28.0,28,2150,1.962785394248052,2.160368656462792,True,True,True,True,True,True,True,False,True,EN_AMBOS
Formas_VS_E__ICVAC_302,Nacional,national_single,1,"ICVAC 302 - Agresión sexual a menores (escuela), últimos 12 meses",19.1,1.2,16.9,21.5,0.062,458.0,Total,19.11066166283185,1.1847434653247728,16.893206416499442,21.54373307225908,0.0619938485766282,458.0,458,2150,1.962785394248052,1.9669864608404417,True,True,True,True,True,True,True,False,True,EN_AMBOS
Formas_VS_E__ICVAC_303,Nacional,national_single,1,"ICVAC 303 - Violencia sexual no física (escuela), últimos 12 meses",92.0,1.0,89.8,93.7,0.011,1950.0,Total,91.97767318365018,0.9778903944965688,89.8363973154916,93.6994623622794,0.0106318235790117,1950.0,1950,2150,1.962785394248052,1.962907940770326,True,True,True,True,True,True,True,False,True,EN_AMBOS
Formas_VS_E__ICVAC_309,Nacional,national_single,1,"ICVAC 309 - Otros actos de violencia sexual (escuela), últimos 12 meses",0.0,0.0,0.0,0.2,1.0,1.0,Total,0.0220525414734506,0.0220585733518145,0.0030952297392055,0.1569352247228095,1.0002735230481798,1.0,1,2150,1.962785394248052,,True,True,True,True,True,True,True,False,True,EN_AMBOS
Formas_VS_E__VSE_CP01,Nacional,national_single,1,VS escolar 12m - Acoso sexual presencial/verbal (Art. 176-B CP),73.1,1.7,69.6,76.4,0.024,1510.0,Total,73.10093574507405,1.74008291276112,69.55325026351069,76.3756493566745,0.0238038391030907,1510.0,1510,2150,1.962785394248052,1.9632642571814312,True,True,True,True,True,True,True,False,True,EN_AMBOS
Formas_VS_E__VSE_CP02,Nacional,national_single,1,VS escolar 12m - Actos de connotación sexual/exhibicionismo (Art. 183 CP),16.0,1.4,13.4,19.1,0.09,363.0,Total,16.02079078135697,1.447860050729146,13.370681869209958,19.080468573327696,0.0903738192757618,363.0,363,2150,1.962785394248052,1.9689904969297167,True,True,True,True,True,True,True,False,True,EN_AMBOS
Formas_VS_E__VSE_CP03,Nacional,national_single,1,VS escolar 12m - Tocamientos/actos libidinosos (Art. 176/176-A CP),19.4,1.2,17.2,21.8,0.061,467.0,Total,19.389051348069103,1.1908381189548294,17.15867683108119,21.832933950304824,0.0614180703107695,467.0,467,2150,1.962785394248052,1.9668639088811688,True,True,True,True,True,True,True,False,True,EN_AMBOS
Formas_VS_E__VSE_CP04,Nacional,national_single,1,VS escolar 12m - Tentativa de violación/amenaza para acceso carnal (Art. 173/170 c/ Art. 16 CP),1.3,0.3,0.8,2.2,0.25,29.0,Total,1.3385397597869153,0.3342833249456675,0.8187332184146094,2.1811093859659727,0.2497373144887998,29.0,29,2150,1.962785394248052,2.144786687917804,True,True,True,True,True,True,True,False,True,EN_AMBOS
Formas_VS_E__VSE_CP05,Nacional,national_single,1,VS escolar 12m - Violación sexual consumada (Art. 173/170 CP),0.8,0.2,0.4,1.4,0.295,28.0,Total,0.7971425207876492,0.2350319442083733,0.4464775747017165,1.4192944037182378,0.2948430651725119,28.0,28,2150,1.962785394248052,2.160368656462792,True,True,True,True,True,True,True,False,True,EN_AMBOS
Formas_VS_E__VSE_CP06,Nacional,national_single,1,VS escolar 12m - Grooming/proposiciones sexuales por abuso de confianza (Art. 183-B CP),6.4,0.9,4.9,8.4,0.141,148.0,Total,6.418798506962539,0.9032878814140408,4.85838055182761,8.435954604703614,0.1407253834863697,148.0,148,2150,1.962785394248052,1.9811803594146613,True,True,True,True,True,True,True,False,True,EN_AMBOS
Formas_VS_E__VSE_CP07,Nacional,national_single,1,VS escolar 12m - Acoso sexual virtual/ciberviolencia (Art. 176-B CP),11.0,1.1,9.0,13.4,0.103,260.0,Total,11.007443701819527,1.1378243544542148,8.965193861502636,13.44619842825598,0.1033686281099155,260.0,260,2150,1.962785394248052,1.9721412216620404,True,True,True,True,True,True,True,False,True,EN_AMBOS
Formas_VS_E__VSE_CP08,Nacional,national_single,1,VS escolar 12m - Violación de la intimidad/difusión de material sexual (Art. 154-B/183-A CP),2.4,0.6,1.5,4.0,0.249,47.0,Total,2.4455202739497808,0.6091474644108207,1.495983420764846,3.97343975239508,0.249087063762911,47.0,47,2150,1.962785394248052,2.0595385527532977,True,True,True,True,True,True,True,False,True,EN_AMBOS
Formas_VS_E__VSE_CP09,Nacional,national_single,1,VS escolar 12m - Otros actos de violencia sexual (no tipificado específicamente),0.0,0.0,0.0,0.2,1.0,1.0,Total,0.0220525414734506,0.0220585733518145,0.0030952297392055,0.1569352247228095,1.0002735230481798,1.0,1,2150,1.962785394248052,,True,True,True,True,True,True,True,False,True,EN_AMBOS
Formas_VS_VIDA__C4P248_1,Nacional,national_single,1,¿Te miran o te han mirado tus partes íntimas que te han hecho sentir mal o incomoda|o?,22.0,1.0,20.1,24.1,0.046,1141.0,Total,22.014340061108328,1.0192877121659445,20.07806206772213,24.081084750954645,0.0463010796297578,1141.0,1141,5793,1.9622476264013184,1.9637729605589156,True,True,True,True,True,True,True,False,True,EN_AMBOS
Formas_VS_VIDA__C4P248_10,Nacional,national_single,1,¿Te amenazan o has sido amenazada|o para tener relaciones sexuales?,3.7,0.4,3.0,4.6,0.1119999999999999,241.0,Total,3.7070478587872735,0.4167179545714329,2.9706874001044348,4.617248304891024,0.1124123481663812,241.0,241,5793,1.9622476264013184,1.972731033408908,True,True,True,True,True,True,True,False,True,EN_AMBOS
Formas_VS_VIDA__C4P248_11,Nacional,national_single,1,¿Te han obligado o te obligan a tener relaciones sexuales?,5.0,0.5,4.1,6.1,0.1009999999999999,286.0,Total,5.026353966616348,0.5099443360400684,4.115012974655317,6.126631028453652,0.1014541234912975,286.0,286,5793,1.9622476264013184,1.9703772833261533,True,True,True,True,True,True,True,False,True,EN_AMBOS
Formas_VS_VIDA__C4P248_12,Nacional,national_single,1,¿Otra situación parecida?,0.0,0.0,0.0,0.1,1.001,1.0,Total,0.0081914636583043,0.0081972238109544,0.0011495547522624,0.0583453235620167,1.0007031896728658,1.0,1,5793,1.9622476264013184,,True,True,True,True,True,True,True,False,True,EN_AMBOS
Formas_VS_VIDA__C4P248_13,Nacional,national_single,1,¿Alguien se ha ganado tu confianza y luegoha intentado aprovecharse sexualmente de ti?,15.2,1.0,13.4,17.2,0.063,882.0,Total,15.171415065967851,0.9628849540996138,13.375135218172248,17.161143379876176,0.0634670497058335,882.0,882,5793,1.9622476264013184,1.964366775011548,True,True,True,True,True,True,True,False,True,EN_AMBOS
Formas_VS_VIDA__C4P248_14,Nacional,national_single,1,¿Te han llamado o enviado mensajes privados de tipo sexual o subidos de tono?,29.9,1.2,27.6,32.4,0.0409999999999999,1712.0,Total,29.907557894230717,1.2240472579569412,27.56138833353738,32.364215317636834,0.0409276899934736,1712.0,1712,5793,1.9622476264013184,1.962971387213268,True,True,True,True,True,True,True,False,True,EN_AMBOS
Formas_VS_VIDA__C4P248_15,Nacional,national_single,1,¿Alguién te ha amenazado con publicar fotos y|o videos tuyos mostrando tus partes íntimas?,2.4,0.3,1.8,3.1,0.147,136.0,Total,2.3535536276797617,0.3467632107310376,1.7610558461679011,3.1390245175893243,0.1473360142096665,136.0,136,5793,1.9622476264013184,1.983731002955606,True,True,True,True,True,True,True,False,True,EN_AMBOS
Formas_VS_VIDA__C4P248_16,Nacional,national_single,1,¿Han compartido fotos y|o videos mostrando tus partes íntimas sin tu permiso o sin que tú quieras?,2.1,0.4,1.5,3.1,0.186,97.0,Total,2.146320840538853,0.3989004215436849,1.479417038189767,3.1043841056826094,0.1858531185130445,97.0,97,5793,1.9622476264013184,1.9949454151072377,True,True,True,True,True,True,True,False,True,EN_AMBOS
Formas_VS_VIDA__C4P248_2,Nacional,national_single,1,¿Alguien te hace o te hizo comentarios o bromas de tipo sexual?,47.9,1.5,44.9,50.9,0.032,2603.0,Total,47.915779299344216,1.5431884361507668,44.89915130563284,50.94768387732188,0.0322062681378926,2603.0,2603,5793,1.9622476264013184,1.9626210668528932,True,True,True,True,True,True,True,False,True,EN_AMBOS
Formas_VS_VIDA__C4P248_3,Nacional,national_single,1,"¿Te han obligado a ver personas desnudas o teniendo relaciones sexuales en revistas, fotos, figuras o por internet?",7.8,0.6,6.8,9.0,0.071,489.0,Total,7.835696023077418,0.5537829812164017,6.8134473314470245,8.9965097665706,0.0706743829246846,489.0,489,5793,1.9622476264013184,1.9668240032621516,True,True,True,True,True,True,True,False,True,EN_AMBOS
Formas_VS_VIDA__C4P248_4,Nacional,national_single,1,¿Alguien ha tratado o te ha quitado la ropa en contra de tu voluntad?,8.9,0.6,7.8,10.2,0.067,494.0,Total,8.925876796169295,0.5974843928133426,7.818632598152562,10.172620622286196,0.0669384539421117,494.0,494,5793,1.9622476264013184,1.966413683945216,True,True,True,True,True,True,True,False,True,EN_AMBOS
Formas_VS_VIDA__C4P248_5,Nacional,national_single,1,¿Te obligan o te han obligado a realizar tocamientos o manoseos al cuerpo de otra persona?,7.1,0.8,5.6,8.9,0.118,348.0,Total,7.103848617794005,0.8401236308440524,5.621898035447514,8.939444309416103,0.1182631663545978,348.0,348,5793,1.9622476264013184,1.9696541761789217,True,True,True,True,True,True,True,False,True,EN_AMBOS
Formas_VS_VIDA__C4P248_6,Nacional,national_single,1,¿Eres o has sido víctima de tocamientos incómodos en alguna parte de tu cuerpo?,30.3,1.2,28.0,32.7,0.04,1733.0,Total,30.30854460366689,1.21118105140057,27.98594146351545,32.736280903281354,0.0399617027883956,1733.0,1733,5793,1.9622476264013184,1.9630178448825863,True,True,True,True,True,True,True,False,True,EN_AMBOS
Formas_VS_VIDA__C4P248_7,Nacional,national_single,1,¿Alguien se ha masturbado delante de ti?,7.8,0.7,6.5,9.4,0.091,410.0,Total,7.844242371818592,0.716909160466775,6.544616027931049,9.376055634349854,0.0913930404601417,410.0,410,5793,1.9622476264013184,1.9676960046166052,True,True,True,True,True,True,True,False,True,EN_AMBOS
Formas_VS_VIDA__C4P248_8,Nacional,national_single,1,¿Alguien te obliga o te ha obligado a masturbarte?,1.4,0.3,1.0,2.0,0.186,70.0,Total,1.3737470925263042,0.2560112916573411,0.9522091156132036,1.978170713310408,0.1863598423975839,70.0,70,5793,1.9622476264013184,2.0180817028184443,True,True,True,True,True,True,True,False,True,EN_AMBOS
Formas_VS_VIDA__C4P248_9,Nacional,national_single,1,¿Alguien te muestra o te ha mostrado sus genitales?,10.5,0.9,8.8,12.4,0.088,479.0,Total,10.470327437914836,0.918013841467704,8.800987009303906,12.413205004097424,0.0876776630827628,479.0,479,5793,1.9622476264013184,1.9672006833568587,True,True,True,True,True,True,True,False,True,EN_AMBOS
Formas_VS_VIDA__ICVAC_301,Nacional,national_single,1,"ICVAC 301 - Violación infantil, alguna vez en la vida",5.0,0.5,4.1,6.1,0.1009999999999999,286.0,Total,5.026353966616348,0.5099443360400684,4.115012974655317,6.126631028453652,0.1014541234912975,286.0,286,5793,1.9622476264013184,1.9703772833261533,True,True,True,True,True,True,True,False,True,EN_AMBOS
Formas_VS_VIDA__ICVAC_302,Nacional,national_single,1,"ICVAC 302 - Agresión sexual a menores, alguna vez en la vida",36.8,1.2,34.4,39.2,0.033,2090.0,Total,36.75694327134397,1.219084261134763,34.39836735336994,39.18065145467949,0.033166094692242,2090.0,2090,5793,1.9622476264013184,1.9627921214122173,True,True,True,True,True,True,True,False,True,EN_AMBOS
Formas_VS_VIDA__ICVAC_303,Nacional,national_single,1,"ICVAC 303 - Violencia sexual no física, alguna vez en la vida",86.9,0.8,85.3,88.4,0.009,4982.0,Total,86.93460371955275,0.79676006193315,85.29024848987025,88.42009877702714,0.0091650508295116,4982.0,4982,5793,1.9622476264013184,1.9622720667543931,True,True,True,True,True,True,True,False,True,EN_AMBOS
Formas_VS_VIDA__ICVAC_309,Nacional,national_single,1,"ICVAC 309 - Otros actos de violencia sexual, alguna vez en la vida",0.0,0.0,0.0,0.1,1.001,1.0,Total,0.0081914636583043,0.0081972238109544,0.0011495547522624,0.0583453235620167,1.0007031896728658,1.0,1,5793,1.9622476264013184,,True,True,True,True,True,True,True,False,True,EN_AMBOS
Formas_VS_VIDA__VS_CP01,Nacional,national_single,1,Acoso sexual presencial/verbal (Art. 176-B CP),57.9,1.4,55.1,60.7,0.025,3166.0,Total,57.91299674601223,1.429795336428714,55.0848975571101,60.69010022515404,0.024688678133845,3166.0,3166,5793,1.9622476264013184,1.962477488101132,True,True,True,True,True,True,True,False,True,EN_AMBOS
Formas_VS_VIDA__VS_CP02,Nacional,national_single,1,Actos de connotación sexual/exhibicionismo (Art. 183 CP),21.2,0.9,19.4,23.0,0.043,1149.0,Total,21.15083882509764,0.9083464903325692,19.42215624938011,22.98948580343231,0.0429461213261538,1149.0,1149,5793,1.9622476264013184,1.963643003972867,True,True,True,True,True,True,True,False,True,EN_AMBOS
Formas_VS_VIDA__VS_CP03,Nacional,national_single,1,Tocamientos/actos libidinosos (Art. 176/176-A CP),37.3,1.2,34.9,39.7,0.033,2127.0,Total,37.29298003646203,1.2184282881999575,34.90149114584194,39.684468927082136,0.032671786674293,2127.0,2127,5793,1.9622476264013184,1.962765403414228,True,True,True,True,True,True,True,False,True,EN_AMBOS
Formas_VS_VIDA__VS_CP04,Nacional,national_single,1,Tentativa de violación/amenaza para acceso carnal (Art. 173/170 c/ Art. 16 CP),3.7,0.4,3.0,4.6,0.1119999999999999,241.0,Total,3.7070478587872735,0.4167179545714329,2.9706874001044348,4.617248304891024,0.1124123481663812,241.0,241,5793,1.9622476264013184,1.972731033408908,True,True,True,True,True,True,True,False,True,EN_AMBOS
Formas_VS_VIDA__VS_CP05,Nacional,national_single,1,Violación sexual consumada (Art. 173/170 CP),5.0,0.5,4.1,6.1,0.1009999999999999,286.0,Total,5.026353966616348,0.5099443360400684,4.115012974655317,6.126631028453652,0.1014541234912975,286.0,286,5793,1.9622476264013184,1.9703772833261533,True,True,True,True,True,True,True,False,True,EN_AMBOS
Formas_VS_VIDA__VS_CP06,Nacional,national_single,1,Grooming/proposiciones sexuales a NNA (Art. 183-B CP),15.2,1.0,13.4,17.2,0.063,882.0,Total,15.171415065967851,0.9628849540996138,13.375135218172248,17.161143379876176,0.0634670497058335,882.0,882,5793,1.9622476264013184,1.964366775011548,True,True,True,True,True,True,True,False,True,EN_AMBOS
Formas_VS_VIDA__VS_CP07,Nacional,national_single,1,Acoso sexual virtual/ciberviolencia (Art. 176-B CP),29.9,1.2,27.6,32.4,0.0409999999999999,1712.0,Total,29.907557894230717,1.2240472579569412,27.56138833353738,32.364215317636834,0.0409276899934736,1712.0,1712,5793,1.9622476264013184,1.962971387213268,True,True,True,True,True,True,True,False,True,EN_AMBOS
Formas_VS_VIDA__VS_CP08,Nacional,national_single,1,Violación de la intimidad/difusión de material sexual (Art. 154-B/183-A CP),4.1,0.5,3.3,5.2,0.1159999999999999,203.0,Total,4.126120869154318,0.4795267410381366,3.2765017513012773,5.1842435710041,0.1162173276655415,203.0,203,5793,1.9622476264013184,1.9748080917517836,True,True,True,True,True,True,True,False,True,EN_AMBOS
Formas_VS_VIDA__VS_CP09,Nacional,national_single,1,Otros actos de violencia sexual,0.0,0.0,0.0,0.1,1.001,1.0,Total,0.0081914636583043,0.0081972238109544,0.0011495547522624,0.0583453235620167,1.0007031896728658,1.0,1,5793,1.9622476264013184,,True,True,True,True,True,True,True,False,True,EN_AMBOS
Hogar__VP_o_VF_HOGAR,Nacional,national_single,1,Total,100.0,0.0,100.0,100.0,0.0,6189.0,Total,100.0,0.0,100.0,100.0,0.0,6189.0,6189,6189,1.9622044904276708,1.9622044904276708,True,True,True,True,True,True,True,False,True,EN_AMBOS
HoraClase_ViolEsc,Nacional,national_single,1,Hora de clase,31.7,0.8,30.2,33.2,0.024,5869.0,Total,31.67441256210157,0.7639864554091447,30.194662807327603,33.19219830499223,0.0241199881422032,5869.0,5869,18807,1.962142757779508,1.962241050423056,True,True,True,True,True,True,True,False,True,EN_AMBOS
HoraEntrada_ViolEsc,Nacional,national_single,1,Hora de entrada,4.5,0.3,4.0,5.1,0.066,862.0,Total,4.518428160864968,0.2985083970616797,3.967571627749913,5.141670605269469,0.0660646548831122,862.0,862,18807,1.962142757779508,1.96444156598154,True,True,True,True,True,True,True,False,True,EN_AMBOS
HoraRecreo_ViolEsc,Nacional,national_single,1,Recreo,31.6,0.9,30.0,33.3,0.027,6250.0,Total,31.63957568784344,0.858646650170997,29.979371753239835,33.347931939397675,0.0271383743777861,6250.0,6250,18807,1.962142757779508,1.9622044904276708,True,True,True,True,True,True,True,False,True,EN_AMBOS
HoraSalida_ViolEsc,Nacional,national_single,1,Hora de salida,5.5,0.3,4.8,6.1,0.06,1045.0,Total,5.4505567400100885,0.3262036099850067,4.809904032643929,6.091209447376247,0.0598477596959027,1045.0,1045,18807,1.962142757779508,1.9639657188208488,True,True,True,True,True,True,True,False,True,EN_AMBOS
INDICADOR_8_2_13,Departamento,amazonas,1,Amazonas,22.5,2.7,17.3,27.8,0.119,459.0,Amazonas,22.549591856747345,2.693424428957361,17.264708619842253,27.834475093652436,0.1194444868921841,459.0,111,459,2.001717484145236,2.010634757624232,True,True,True,True,True,True,True,False,True,EN_AMBOS
INDICADOR_8_2_13,Departamento,ancash,1,Áncash,23.3,2.7,18.0,28.5,0.115,351.0,Áncash,23.258077328495705,2.6638518719727453,18.031219670107,28.484934986884408,0.114534483411877,351.0,86,351,2.016692199227824,2.032244509317718,True,True,True,True,True,True,True,False,True,EN_AMBOS
INDICADOR_8_2_13,Departamento,apurimac,1,Apurímac,19.1,2.8,13.6,24.5,0.145,380.0,Apurímac,19.09578074855184,2.777649076920821,13.645636728618712,24.54592476848497,0.1454587855556243,380.0,65,380,2.0210753903062733,2.039513446396408,True,True,True,True,True,True,True,False,True,EN_AMBOS
INDICADOR_8_2_13,Departamento,arequipa,1,Arequipa,28.3,3.1,22.2,34.5,0.111,381.0,Arequipa,28.328706149495776,3.1434182597836284,22.160870776389466,34.49654152260209,0.1109622953902389,381.0,100,381,2.0280940009804507,2.0301079282503425,True,True,True,True,True,True,True,False,True,EN_AMBOS
INDICADOR_8_2_13,Departamento,ayacucho,1,Ayacucho,17.1,2.6,12.0,22.3,0.154,329.0,Ayacucho,17.11437073846572,2.631841542833428,11.950321915571864,22.278419561359577,0.1537796266688429,329.0,62,329,2.0226909200367604,2.051830516480285,True,True,True,True,True,True,True,False,True,EN_AMBOS
INDICADOR_8_2_13,Departamento,cajamarca,1,Cajamarca,18.1,2.8,12.7,23.6,0.154,390.0,Cajamarca,18.125061381816284,2.782311481583626,12.6657690583402,23.58435370529237,0.1535063205013441,390.0,62,390,2.0057459953178687,2.026192463029109,True,True,True,True,True,True,True,False,True,EN_AMBOS
INDICADOR_8_2_13,Departamento,callao,1,Callao,22.7,2.4,18.0,27.3,0.105,307.0,Callao,22.66668780350093,2.3709429893661875,18.01455918780797,27.318816419193897,0.1046003284608697,307.0,66,307,2.0422724563012378,2.0484071417952445,True,True,True,True,True,True,True,False,True,EN_AMBOS
INDICADOR_8_2_13,Departamento,cusco,1,Cusco,15.9,2.6,10.8,21.0,0.162,347.0,Cusco,15.896515307673203,2.5755894965021278,10.842841030098583,20.950189585247823,0.1620222700794618,347.0,63,347,2.0210753903062733,2.0452296421327034,True,True,True,True,True,True,True,False,True,EN_AMBOS
INDICADOR_8_2_13,Departamento,huancavelica,1,Huancavelica,10.8,2.5,5.8,15.7,0.236,379.0,Huancavelica,10.764686020523197,2.5366244114885035,5.787466802314324,15.741905238732071,0.235643139674706,379.0,45,379,2.00957523712924,2.085963447265865,True,True,True,True,True,True,True,False,True,EN_AMBOS
INDICADOR_8_2_13,Departamento,huanuco,1,Huánuco,12.0,2.6,6.9,17.1,0.217,345.0,Huánuco,12.007411246911396,2.6064055720383794,6.893271429900135,17.12155106392266,0.2170664032772935,345.0,48,345,2.016692199227824,2.0595385527532977,True,True,True,True,True,True,True,False,True,EN_AMBOS
INDICADOR_8_2_13,Departamento,ica,1,Ica,16.7,2.3,12.2,21.3,0.138,366.0,Ica,16.720507643325394,2.313091154143624,12.18189258713864,21.25912269951215,0.1383385722183488,366.0,63,366,2.0301079282503425,2.0452296421327034,True,True,True,True,True,True,True,False,True,EN_AMBOS
INDICADOR_8_2_13,Departamento,junin,1,Junín,25.6,2.9,20.0,31.2,0.111,388.0,Junín,25.591967957163117,2.852888906983276,19.994192649576384,31.189743264749847,0.1114759486944715,388.0,99,388,2.026192463029109,2.032244509317718,True,True,True,True,True,True,True,False,True,EN_AMBOS
INDICADOR_8_2_13,Departamento,la libertad,1,La Libertad,24.8,3.1,18.6,30.9,0.127,342.0,La Libertad,24.76494819197931,3.146569459603338,18.59092971496844,30.93896666899018,0.1270573810698471,342.0,77,342,2.026192463029109,2.039513446396408,True,True,True,True,True,True,True,False,True,EN_AMBOS
INDICADOR_8_2_13,Departamento,lambayeque,1,Lambayeque,17.6,2.2,13.2,22.0,0.128,344.0,Lambayeque,17.569114084552087,2.2459371751967003,13.162264721812116,21.975963447292056,0.1278344010055393,344.0,67,344,2.032244509317718,2.0452296421327034,True,True,True,True,True,True,True,False,True,EN_AMBOS
INDICADOR_8_2_13,Departamento,lima metropolitana,1,Lima Metropolitana,25.4,3.3,18.9,31.9,0.131,417.0,Lima Metropolitana,25.35205056019716,3.3118034774482017,18.85381935173318,31.850281768661137,0.1306325683433177,417.0,114,417,2.0210753903062733,2.0243941639119694,True,True,True,True,True,True,True,False,True,EN_AMBOS
INDICADOR_8_2_13,Departamento,loreto,1,Loreto,23.9,3.0,17.9,29.8,0.127,354.0,Loreto,23.88154662961867,3.034382214904421,17.92765554230902,29.83543771692832,0.1270597027053968,354.0,85,354,2.019540970441376,2.0345152974493383,True,True,True,True,True,True,True,False,True,EN_AMBOS
INDICADOR_8_2_13,Departamento,madre de dios,1,Madre de Dios,25.7,3.8,18.3,33.1,0.147,334.0,Madre de Dios,25.678746799031003,3.773259811861815,18.27507238596588,33.082421212096136,0.1469409641129449,334.0,78,334,2.0301079282503425,2.039513446396408,True,True,True,True,True,True,True,False,True,EN_AMBOS
INDICADOR_8_2_13,Departamento,moquegua,1,Moquegua,21.4,2.7,16.0,26.8,0.129,335.0,Moquegua,21.394267865504982,2.7493684241969505,15.99961452349928,26.78892120751069,0.1285095821684971,335.0,80,335,2.0301079282503425,2.0422724563012378,True,True,True,True,True,True,True,False,True,EN_AMBOS
INDICADOR_8_2_13,Departamento,pasco,1,Pasco,22.8,2.3,18.3,27.2,0.1,496.0,Pasco,22.758760090914123,2.276230388960085,18.29247111817846,27.225049063649788,0.1000155711412773,496.0,116,496,2.0002978220142595,2.010634757624232,True,True,True,True,True,True,True,False,True,EN_AMBOS
INDICADOR_8_2_13,Departamento,piura,1,Piura,18.8,2.6,13.7,23.8,0.1369999999999999,362.0,Piura,18.772772309101768,2.580884116710473,13.708709230830152,23.836835387373384,0.1374801800296251,362.0,71,362,2.026192463029109,2.0555294386428726,True,True,True,True,True,True,True,False,True,EN_AMBOS
INDICADOR_8_2_13,Departamento,puno,1,Puno,17.1,1.9,13.4,20.8,0.11,489.0,Puno,17.086694224863457,1.8787466271664843,13.400325136666064,20.77306331306085,0.1099537805523934,489.0,94,489,2.001717484145236,2.016692199227824,True,True,True,True,True,True,True,False,True,EN_AMBOS
INDICADOR_8_2_13,Departamento,region lima,1,Región Lima,21.2,2.5,16.3,26.2,0.119,338.0,Región Lima,21.23721594920691,2.526652226239616,16.27956358206338,26.19486831635044,0.1189728555891042,338.0,68,338,2.0280940009804507,2.0345152974493383,True,True,True,True,True,True,True,False,True,EN_AMBOS
INDICADOR_8_2_13,Departamento,san martin,1,San Martín,19.0,2.6,14.0,24.0,0.135,329.0,San Martín,19.00753421820769,2.565556802022159,13.973545519447958,24.041522916967427,0.1349757823697384,329.0,58,329,2.0226909200367604,2.0422724563012378,True,True,True,True,True,True,True,False,True,EN_AMBOS
INDICADOR_8_2_13,Departamento,tacna,1,Tacna,22.3,2.5,17.3,27.3,0.114,359.0,Tacna,22.28285040155663,2.532932297317429,17.312875638429425,27.252825164683838,0.1136718261654929,359.0,84,359,2.039513446396408,2.0484071417952445,True,True,True,True,True,True,True,False,True,EN_AMBOS
INDICADOR_8_2_13,Departamento,tumbes,1,Tumbes,19.0,2.3,14.6,23.4,0.119,341.0,Tumbes,19.001893049874838,2.253886361730053,14.579446248348203,23.424339851401463,0.1186137799962462,341.0,68,341,2.0301079282503425,2.0452296421327034,True,True,True,True,True,True,True,False,True,EN_AMBOS
INDICADOR_8_2_13,Departamento,ucayali,1,Ucayali,17.8,2.4,13.1,22.4,0.134,346.0,Ucayali,17.76519860338648,2.3756060437217634,13.103920409360592,22.426476797412363,0.1337224591043364,346.0,71,346,2.0226909200367604,2.039513446396408,True,True,True,True,True,True,True,False,True,EN_AMBOS
INDICADOR_8_2_13,Discapacidad,bin_0,1,No,21.3,1.1,19.2,23.3,0.05,8515.0,0,21.261758746451083,1.053392207477588,19.19389333804148,23.32962415486069,0.0495439826986756,8515.0,1729,8515,1.962202376365632,1.96305364111363,True,True,True,True,True,True,True,False,True,EN_AMBOS
INDICADOR_8_2_13,Discapacidad,bin_1,1,Sí,24.7,2.4,20.0,29.4,0.096,1093.0,1,24.70012612685221,2.3814579259240163,20.002946869544004,29.397305384160425,0.0964148083169124,1093.0,272,1093,1.9649813627244024,1.9723964913155796,True,True,True,True,True,True,True,False,True,EN_AMBOS
INDICADOR_8_2_13,Etnicidad,etnicidad_1,1,Indígena andino,19.2,1.3,16.6,21.8,0.069,2729.0,1,19.236550294031797,1.330212990875704,16.626482507680812,21.846618080382772,0.0691502878917124,2729.0,513,2729,1.9633202880902727,1.9672675222597704,True,True,True,True,True,True,True,False,True,EN_AMBOS
INDICADOR_8_2_13,Etnicidad,etnicidad_3,1,Indígena amazónico/nativo,24.7,5.4,14.1,35.3,0.218,226.0,3,24.73213360866521,5.399858618317883,14.136840127699523,35.32742708963091,0.2183337153097852,226.0,69,226,1.9852510035054975,2.019540970441376,True,True,True,True,True,True,True,False,True,EN_AMBOS
INDICADOR_8_2_13,Etnicidad,etnicidad_5,1,Afrodescendiente,21.2,2.5,16.3,26.0,0.1169999999999999,771.0,5,21.1525316846574,2.48183865438108,16.282809942986326,26.022253426328472,0.1173305725943545,771.0,157,771,1.965752679860951,1.9815667570749007,True,True,True,True,True,True,True,False,True,EN_AMBOS
INDICADOR_8_2_13,Etnicidad,etnicidad_6,1,No indígena ni afrodescendiente,23.0,1.3,20.5,25.6,0.057,4538.0,6,23.011370871180176,1.3023072114610288,20.45605820780789,25.56668353455246,0.0565940733714417,4538.0,1019,4538,1.9625291273776653,1.964062510769409,True,True,True,True,True,True,True,False,True,EN_AMBOS
INDICADOR_8_2_13,Etnicidad,etnicidad_9,1,No sabe,20.6,2.5,15.6,25.5,0.123,1344.0,9,20.56438001254685,2.5310526974815515,15.598093292625132,25.53066673246856,0.1230794556382099,1344.0,243,1344,1.9637790861729585,1.9730119151362648,True,True,True,True,True,True,True,False,True,EN_AMBOS
INDICADOR_8_2_13,Lengua materna,idioma_1,1,Castellano,21.9,1.0,19.9,24.0,0.047,8931.0,1,21.92742902840328,1.0315461767411147,19.90338816839557,23.951469888411,0.0470436445332884,8931.0,1872,8931,1.9622498268425952,1.9629675794638035,True,True,True,True,True,True,True,False,True,EN_AMBOS
INDICADOR_8_2_13,Lengua materna,idioma_3,1,Quechua/Aymara,16.3,2.2,12.0,20.6,0.134,497.0,3,16.270143931468432,2.181860823627131,11.989021517905629,20.55126634503124,0.1341021218261718,497.0,83,497,1.9702419362015688,2.0002978220142595,True,True,True,True,True,True,True,False,True,EN_AMBOS
INDICADOR_8_2_13,Lengua materna,idioma_4,1,Otra lengua nativa,23.3,5.3,12.9,33.7,0.228,143.0,4,23.283852033166298,5.3106206916488,12.863656103733604,33.70404796259899,0.2280817059000449,143.0,38,143,2.0180817028184443,2.085963447265865,True,True,True,True,True,True,True,False,True,EN_AMBOS
INDICADOR_8_2_13,Nacional,national_single,1,Total,21.7,1.0,19.8,23.6,0.045,9608.0,Total,21.687264174200383,0.9794773578553816,19.76538977007544,23.60913857832533,0.045163712213207,9608.0,2001,9608,1.962202376365632,1.9627988807325605,True,True,True,True,True,True,True,False,True,EN_AMBOS
INDICADOR_8_2_13,Sexo,sexo_1,1,Mujer,21.7,1.0,19.8,23.6,0.045,9608.0,1,21.687264174200383,0.9794773578553816,19.76538977007544,23.60913857832533,0.045163712213207,9608.0,2001,9608,1.962202376365632,1.9627988807325605,True,True,True,True,True,True,True,False,True,EN_AMBOS
INDICADOR_8_2_13,Tipo de hogar,hogar_1,1,Biparental,20.9,1.0,18.9,23.0,0.05,6749.0,1,20.938325344120425,1.0369842153521007,18.903614276035636,22.97303641220521,0.049525652042812,6749.0,1354,6749,1.9622044904276708,1.9633108178569971,True,True,True,True,True,True,True,False,True,EN_AMBOS
INDICADOR_8_2_13,Tipo de hogar,hogar_2,1,Monoparental,23.8,1.9,20.1,27.6,0.081,2346.0,2,23.84006695753831,1.9259271459427192,20.061122956115845,27.61901095896077,0.0807853077498901,2346.0,523,2346,1.962700766051066,1.966484596376788,True,True,True,True,True,True,True,False,True,EN_AMBOS
INDICADOR_8_2_13,Tipo de hogar,hogar_3,1,Sin figuras parentales,22.1,3.3,15.6,28.5,0.149,509.0,3,22.065238539998717,3.282465410406474,15.624572807307914,28.505904272689516,0.1487618366081196,509.0,123,509,1.966726229870818,1.9876082815890703,True,True,True,True,True,True,True,False,True,EN_AMBOS
INDICADOR_8_2_13,Área,area_1,1,Urbana,22.7,1.2,20.4,25.0,0.052,7990.0,1,22.713706042251587,1.171516914365296,20.415022613113525,25.01238947138965,0.0515775326222001,7990.0,1726,7990,1.9631967955598617,1.96362596651301,True,True,True,True,True,True,True,False,True,EN_AMBOS
INDICADOR_8_2_13,Área,area_2,1,Rural,17.6,1.5,14.8,20.5,0.083,1618.0,2,17.622196674357042,1.4565173585822482,14.764301687634743,20.480091661079346,0.0826524289506824,1618.0,275,1618,1.967850227366019,1.9744456300923792,True,True,True,True,True,True,True,False,True,EN_AMBOS
INDICADOR_8_2_13,Área y sexo,area_1_sexo_1,1,Urbana - Mujer,22.7,1.2,20.4,25.0,0.052,7990.0,Urbano Mujer,22.713706042251587,1.171516914365296,20.415022613113525,25.01238947138965,0.0515775326222001,7990.0,1726,7990,1.9631967955598617,1.96362596651301,True,True,True,True,True,True,True,False,True,EN_AMBOS
INDICADOR_8_2_13,Área y sexo,area_2_sexo_1,1,Rural - Mujer,17.6,1.5,14.8,20.5,0.083,1618.0,Rural Mujer,17.622196674357042,1.4565173585822482,14.764301687634743,20.480091661079346,0.0826524289506824,1618.0,275,1618,1.967850227366019,1.9744456300923792,True,True,True,True,True,True,True,False,True,EN_AMBOS
INDICADOR_8_2_7,Departamento,amazonas,1,Amazonas,23.4,2.7,18.0,28.8,0.1169999999999999,459.0,Amazonas,23.404925428802837,2.7328612435382054,18.042661531778045,28.767189325827623,0.1167643644860778,459.0,116,459,2.001717484145236,2.010634757624232,True,True,True,True,True,True,True,False,True,EN_AMBOS
INDICADOR_8_2_7,Departamento,ancash,1,Áncash,24.6,2.9,18.9,30.3,0.118,351.0,Áncash,24.62628603205939,2.9050931141918404,18.926078617372752,30.32649344674602,0.1179671636400992,351.0,91,351,2.016692199227824,2.032244509317718,True,True,True,True,True,True,True,False,True,EN_AMBOS
INDICADOR_8_2_7,Departamento,apurimac,1,Apurímac,19.7,2.7,14.3,25.0,0.139,380.0,Apurímac,19.665516433955204,2.73451681650396,14.300004066425684,25.031028801484723,0.1390513605725829,380.0,67,380,2.0210753903062733,2.0369333434601016,True,True,True,True,True,True,True,False,True,EN_AMBOS
INDICADOR_8_2_7,Departamento,arequipa,1,Arequipa,28.7,3.2,22.5,34.9,0.11,381.0,Arequipa,28.65956010717772,3.1576891569140786,22.46372319661988,34.855397017735555,0.110179261129805,381.0,101,381,2.0280940009804507,2.0301079282503425,True,True,True,True,True,True,True,False,True,EN_AMBOS
INDICADOR_8_2_7,Departamento,ayacucho,1,Ayacucho,17.6,2.7,12.3,23.0,0.155,329.0,Ayacucho,17.649292522255575,2.740308588069783,12.27241587209346,23.02616917241769,0.1552645005239888,329.0,64,329,2.0226909200367604,2.051830516480285,True,True,True,True,True,True,True,False,True,EN_AMBOS
INDICADOR_8_2_7,Departamento,cajamarca,1,Cajamarca,18.9,2.7,13.6,24.3,0.144,390.0,Cajamarca,18.90090947332653,2.7269059462604264,13.550330719725755,24.251488226927297,0.1442737954016821,390.0,64,390,2.0057459953178687,2.0226909200367604,True,True,True,True,True,True,True,False,True,EN_AMBOS
INDICADOR_8_2_7,Departamento,callao,1,Callao,23.0,2.4,18.4,27.7,0.103,307.0,Callao,23.03445267034917,2.3789481041924647,18.36661687657464,27.702288464123704,0.1032778220623725,307.0,67,307,2.0422724563012378,2.0484071417952445,True,True,True,True,True,True,True,False,True,EN_AMBOS
INDICADOR_8_2_7,Departamento,cusco,1,Cusco,15.9,2.6,10.8,21.0,0.162,347.0,Cusco,15.896515307673203,2.5755894965021278,10.842841030098583,20.950189585247823,0.1620222700794618,347.0,63,347,2.0210753903062733,2.0452296421327034,True,True,True,True,True,True,True,False,True,EN_AMBOS
INDICADOR_8_2_7,Departamento,huancavelica,1,Huancavelica,11.0,2.5,6.1,16.0,0.2289999999999999,379.0,Huancavelica,11.028050166001073,2.5243104121552005,6.07499277240334,15.981107559598804,0.2288990686619764,379.0,47,379,2.00957523712924,2.07961384472768,True,True,True,True,True,True,True,False,True,EN_AMBOS
INDICADOR_8_2_7,Departamento,huanuco,1,Huánuco,12.5,2.6,7.3,17.6,0.211,345.0,Huánuco,12.477302602449384,2.6314951017181443,7.313933546480877,17.64067165841789,0.2109025632833143,345.0,51,345,2.016692199227824,2.0555294386428726,True,True,True,True,True,True,True,False,True,EN_AMBOS
INDICADOR_8_2_7,Departamento,ica,1,Ica,17.0,2.3,12.5,21.6,0.136,366.0,Ica,17.048089410526803,2.316855084821648,12.50208898501938,21.59408983603423,0.1359011575450233,366.0,65,366,2.0301079282503425,2.0452296421327034,True,True,True,True,True,True,True,False,True,EN_AMBOS
INDICADOR_8_2_7,Departamento,junin,1,Junín,26.6,2.8,21.2,32.0,0.104,388.0,Junín,26.59376208903766,2.764699126416017,21.169027720701138,32.01849645737418,0.1039604369310224,388.0,103,388,2.026192463029109,2.0280940009804507,True,True,True,True,True,True,True,False,True,EN_AMBOS
INDICADOR_8_2_7,Departamento,la libertad,1,La Libertad,26.2,3.0,20.3,32.1,0.115,342.0,La Libertad,26.15778740750309,3.0062779476951564,20.2590409045608,32.05653391044538,0.1149286023646188,342.0,80,342,2.026192463029109,2.0369333434601016,True,True,True,True,True,True,True,False,True,EN_AMBOS
INDICADOR_8_2_7,Departamento,lambayeque,1,Lambayeque,17.6,2.2,13.2,22.0,0.128,344.0,Lambayeque,17.569114084552087,2.2459371751967003,13.162264721812116,21.975963447292056,0.1278344010055393,344.0,67,344,2.032244509317718,2.0452296421327034,True,True,True,True,True,True,True,False,True,EN_AMBOS
INDICADOR_8_2_7,Departamento,lima metropolitana,1,Lima Metropolitana,26.1,3.3,19.6,32.6,0.127,417.0,Lima Metropolitana,26.061604872597687,3.316483607160318,19.554190581513613,32.569019163681766,0.1272555402237493,417.0,116,417,2.0210753903062733,2.0243941639119694,True,True,True,True,True,True,True,False,True,EN_AMBOS
INDICADOR_8_2_7,Departamento,loreto,1,Loreto,26.2,2.8,20.6,31.7,0.108,354.0,Loreto,26.170963980039712,2.836354888212099,20.605630777641835,31.73629718243759,0.1083779294631773,354.0,90,354,2.019540970441376,2.0301079282503425,True,True,True,True,True,True,True,False,True,EN_AMBOS
INDICADOR_8_2_7,Departamento,madre de dios,1,Madre de Dios,26.1,3.8,18.6,33.6,0.146,334.0,Madre de Dios,26.101605635248408,3.8079803116635,18.62980464495092,33.5734066255459,0.1458906538117749,334.0,80,334,2.0301079282503425,2.039513446396408,True,True,True,True,True,True,True,False,True,EN_AMBOS
INDICADOR_8_2_7,Departamento,moquegua,1,Moquegua,21.4,2.7,16.0,26.8,0.129,335.0,Moquegua,21.394267865504982,2.7493684241969505,15.99961452349928,26.78892120751069,0.1285095821684971,335.0,80,335,2.0301079282503425,2.0422724563012378,True,True,True,True,True,True,True,False,True,EN_AMBOS
INDICADOR_8_2_7,Departamento,pasco,1,Pasco,23.1,2.3,18.5,27.7,0.1009999999999999,496.0,Pasco,23.10961482051789,2.3292419244462668,18.53930964734925,27.679919993686543,0.1007910318945795,496.0,118,496,2.0002978220142595,2.00957523712924,True,True,True,True,True,True,True,False,True,EN_AMBOS
INDICADOR_8_2_7,Departamento,piura,1,Piura,19.0,2.6,13.8,24.1,0.138,362.0,Piura,18.98016090246513,2.625046903736392,13.829444131467246,24.13087767346301,0.1383047760883551,362.0,73,362,2.026192463029109,2.0555294386428726,True,True,True,True,True,True,True,False,True,EN_AMBOS
INDICADOR_8_2_7,Departamento,puno,1,Puno,17.6,1.9,13.9,21.3,0.107,489.0,Puno,17.58554884560884,1.8795217403309763,13.89765887472928,21.273438816488405,0.1068787648786007,489.0,97,489,2.001717484145236,2.015367574443764,True,True,True,True,True,True,True,False,True,EN_AMBOS
INDICADOR_8_2_7,Departamento,region lima,1,Región Lima,21.2,2.5,16.3,26.2,0.119,338.0,Región Lima,21.23721594920691,2.526652226239616,16.27956358206338,26.19486831635044,0.1189728555891042,338.0,68,338,2.0280940009804507,2.0345152974493383,True,True,True,True,True,True,True,False,True,EN_AMBOS
INDICADOR_8_2_7,Departamento,san martin,1,San Martín,19.8,2.6,14.7,24.9,0.132,329.0,San Martín,19.809409987732888,2.616160420694768,14.676129765077258,24.94269021038852,0.1320665492972705,329.0,60,329,2.0226909200367604,2.039513446396408,True,True,True,True,True,True,True,False,True,EN_AMBOS
INDICADOR_8_2_7,Departamento,tacna,1,Tacna,22.6,2.6,17.6,27.7,0.115,359.0,Tacna,22.64472601965698,2.5952388212541786,17.552496961824865,27.736955077489096,0.1146067662289822,359.0,85,359,2.039513446396408,2.0484071417952445,True,True,True,True,True,True,True,False,True,EN_AMBOS
INDICADOR_8_2_7,Departamento,tumbes,1,Tumbes,19.4,2.3,14.9,24.0,0.119,341.0,Tumbes,19.438580188832734,2.3115054896838205,14.903076432682056,23.97408394498342,0.1189132882766693,341.0,70,341,2.0301079282503425,2.0452296421327034,True,True,True,True,True,True,True,False,True,EN_AMBOS
INDICADOR_8_2_7,Departamento,ucayali,1,Ucayali,19.5,2.5,14.5,24.5,0.13,346.0,Ucayali,19.513221040082563,2.543527128389699,14.522457705897008,24.50398437426812,0.1303489118052309,346.0,75,346,2.0226909200367604,2.039513446396408,True,True,True,True,True,True,True,False,True,EN_AMBOS
INDICADOR_8_2_7,Discapacidad,bin_0,1,No,22.0,1.1,19.9,24.0,0.048,8515.0,0,21.97849819721248,1.0550820832153645,19.908276528768532,24.048719865656427,0.0480051946110303,8515.0,1778,8515,1.962202376365632,1.9629905717003289,True,True,True,True,True,True,True,False,True,EN_AMBOS
INDICADOR_8_2_7,Discapacidad,bin_1,1,Sí,25.2,2.4,20.5,29.9,0.095,1093.0,1,25.19198650824666,2.395031556402752,20.492592685197614,29.891380331295704,0.0950711670006147,1093.0,280,1093,1.9649813627244024,1.9721412216620404,True,True,True,True,True,True,True,False,True,EN_AMBOS
INDICADOR_8_2_7,Etnicidad,etnicidad_1,1,Indígena andino,19.6,1.3,17.0,22.2,0.068,2729.0,1,19.600289987661963,1.3374458939048577,16.97603021301461,22.22454976230932,0.0682360258315951,2729.0,527,2729,1.9633202880902727,1.9671350567190555,True,True,True,True,True,True,True,False,True,EN_AMBOS
INDICADOR_8_2_7,Etnicidad,etnicidad_3,1,Indígena amazónico/nativo,25.6,5.5,14.7,36.5,0.217,226.0,3,25.587390813335688,5.545114724355525,14.707084115884983,36.46769751078639,0.2167127850122768,226.0,72,226,1.9852510035054975,2.016692199227824,True,True,True,True,True,True,True,False,True,EN_AMBOS
INDICADOR_8_2_7,Etnicidad,etnicidad_5,1,Afrodescendiente,21.6,2.5,16.7,26.5,0.1169999999999999,771.0,5,21.60008393076245,2.518105706303577,16.65920105581564,26.540966805709274,0.1165785148972192,771.0,165,771,1.965752679860951,1.9804475986834025,True,True,True,True,True,True,True,False,True,EN_AMBOS
INDICADOR_8_2_7,Etnicidad,etnicidad_6,1,No indígena ni afrodescendiente,23.7,1.3,21.2,26.3,0.055,4538.0,6,23.749543732536864,1.3023171641130846,21.194211540640424,26.304875924433297,0.054835460368399,4538.0,1044,4538,1.9625291273776653,1.964006635557325,True,True,True,True,True,True,True,False,True,EN_AMBOS
INDICADOR_8_2_7,Etnicidad,etnicidad_9,1,No sabe,21.7,2.5,16.8,26.6,0.114,1344.0,9,21.710318935777455,2.479843769181821,16.84451144365271,26.576126427902206,0.1142241980192732,1344.0,250,1344,1.9637790861729585,1.9725281820013163,True,True,True,True,True,True,True,False,True,EN_AMBOS
INDICADOR_8_2_7,Lengua materna,idioma_1,1,Castellano,22.6,1.0,20.6,24.6,0.046,8931.0,1,22.61045516977744,1.0321387746092685,20.58525154815445,24.63565879140043,0.0456487393490817,8931.0,1922,8931,1.9622498268425952,1.9629226273038616,True,True,True,True,True,True,True,False,True,EN_AMBOS
INDICADOR_8_2_7,Lengua materna,idioma_3,1,Quechua/Aymara,16.4,2.2,12.1,20.7,0.133,497.0,3,16.433156994481674,2.1842669496277263,12.147313418212494,20.71900057075085,0.13291827920595,497.0,84,497,1.9702419362015688,1.999623584994939,True,True,True,True,True,True,True,False,True,EN_AMBOS
INDICADOR_8_2_7,Lengua materna,idioma_4,1,Otra lengua nativa,26.4,5.6,15.4,37.4,0.212,143.0,4,26.37821489039165,5.597081309466105,15.395942334319686,37.36048744646361,0.2121857499729771,143.0,44,143,2.0180817028184443,2.073873067904026,True,True,True,True,True,True,True,False,True,EN_AMBOS
INDICADOR_8_2_7,Nacional,national_single,1,Total,22.4,1.0,20.5,24.3,0.044,9608.0,Total,22.37617435193288,0.9790009235285968,20.454634891208357,24.29771381265741,0.0437519348987388,9608.0,2058,9608,1.962202376365632,1.9627555138546289,True,True,True,True,True,True,True,False,True,EN_AMBOS
INDICADOR_8_2_7,Sexo,sexo_1,1,Mujer,22.4,1.0,20.5,24.3,0.044,9608.0,1,22.37617435193288,0.9790009235285968,20.454634891208357,24.29771381265741,0.0437519348987388,9608.0,2058,9608,1.962202376365632,1.9627555138546289,True,True,True,True,True,True,True,False,True,EN_AMBOS
INDICADOR_8_2_7,Tipo de hogar,hogar_1,1,Biparental,21.8,1.0,19.7,23.8,0.048,6749.0,1,21.769991640864664,1.034269242930979,19.740607736253548,23.79937554547578,0.0475089407471127,6749.0,1401,6749,1.9622044904276708,1.9632369374638905,True,True,True,True,True,True,True,False,True,EN_AMBOS
INDICADOR_8_2_7,Tipo de hogar,hogar_2,1,Monoparental,24.2,1.9,20.4,27.9,0.079,2346.0,2,24.17177022162513,1.920090653645912,20.40427825129368,27.939262191956576,0.0794352517850808,2346.0,530,2346,1.962700766051066,1.9663961961774057,True,True,True,True,True,True,True,False,True,EN_AMBOS
INDICADOR_8_2_7,Tipo de hogar,hogar_3,1,Sin figuras parentales,22.4,3.3,16.0,28.9,0.147,509.0,3,22.424910202473463,3.2949798429274137,15.959689366643978,28.890131038302947,0.1469339147036574,509.0,126,509,1.966726229870818,1.986674540703768,True,True,True,True,True,True,True,False,True,EN_AMBOS
INDICADOR_8_2_7,Área,area_1,1,Urbana,23.3,1.2,21.0,25.6,0.05,7990.0,1,23.299436080285133,1.1745450178153605,20.99481107989272,25.604061080677543,0.0504108774894,7990.0,1767,7990,1.9631967955598617,1.9636034938603135,True,True,True,True,True,True,True,False,True,EN_AMBOS
INDICADOR_8_2_7,Área,area_2,1,Rural,18.7,1.4,15.9,21.5,0.076,1618.0,2,18.719736162306425,1.4221574759496856,15.92926017044976,21.51021215416308,0.0759710213658515,1618.0,291,1618,1.967850227366019,1.9736914397560712,True,True,True,True,True,True,True,False,True,EN_AMBOS
INDICADOR_8_2_7,Área y sexo,area_1_sexo_1,1,Urbana - Mujer,23.3,1.2,21.0,25.6,0.05,7990.0,Urbano Mujer,23.299436080285133,1.1745450178153605,20.99481107989272,25.604061080677543,0.0504108774894,7990.0,1767,7990,1.9631967955598617,1.9636034938603135,True,True,True,True,True,True,True,False,True,EN_AMBOS
INDICADOR_8_2_7,Área y sexo,area_2_sexo_1,1,Rural - Mujer,18.7,1.4,15.9,21.5,0.076,1618.0,Rural Mujer,18.719736162306425,1.4221574759496856,15.92926017044976,21.51021215416308,0.0759710213658515,1618.0,291,1618,1.967850227366019,1.9736914397560712,True,True,True,True,True,True,True,False,True,EN_AMBOS
INDICADOR_8_2_8,Departamento,amazonas,1,Amazonas,11.4,2.1,7.3,15.5,0.183,459.0,Amazonas,11.381385631088277,2.083736303924895,7.292797533219803,15.469973728956749,0.1830828311654044,459.0,57,459,2.001717484145236,2.0345152974493383,True,True,True,True,True,True,True,False,True,EN_AMBOS
INDICADOR_8_2_8,Departamento,ancash,1,Áncash,13.1,2.2,8.8,17.4,0.168,351.0,Áncash,13.08834467605958,2.196525396873356,8.778448276305765,17.39824107581339,0.1678230098028446,351.0,51,351,2.016692199227824,2.073873067904026,True,True,True,True,True,True,True,False,True,EN_AMBOS
INDICADOR_8_2_8,Departamento,apurimac,1,Apurímac,8.9,1.7,5.6,12.2,0.19,380.0,Apurímac,8.886252069661278,1.6871553577775926,5.57581240314908,12.196691736173475,0.1898612986162908,380.0,39,380,2.0210753903062733,2.085963447265865,True,True,True,True,True,True,True,False,True,EN_AMBOS
INDICADOR_8_2_8,Departamento,arequipa,1,Arequipa,19.7,2.1,15.6,23.9,0.107,381.0,Arequipa,19.73701667213927,2.11519880699494,15.586694651730292,23.887338692548248,0.1071691250066556,381.0,72,381,2.0280940009804507,2.0422724563012378,True,True,True,True,True,True,True,False,True,EN_AMBOS
INDICADOR_8_2_8,Departamento,ayacucho,1,Ayacucho,6.5,1.3,4.0,9.1,0.201,329.0,Ayacucho,6.535920025640871,1.315241009109887,3.955229404881294,9.116610646400447,0.2012327268311277,329.0,32,329,2.0226909200367604,2.085963447265865,True,True,True,True,True,True,True,False,True,EN_AMBOS
INDICADOR_8_2_8,Departamento,cajamarca,1,Cajamarca,9.7,2.6,4.6,14.9,0.27,390.0,Cajamarca,9.749637667441728,2.6300864526889023,4.589032581964203,14.910242752919252,0.2697624816840017,390.0,29,390,2.0057459953178687,2.07961384472768,True,True,True,True,True,True,True,False,True,EN_AMBOS
INDICADOR_8_2_8,Departamento,callao,1,Callao,20.3,3.2,13.9,26.7,0.16,307.0,Callao,20.310404953167684,3.24573983945237,13.941800033549796,26.67900987278557,0.1598067516101471,307.0,63,307,2.0422724563012378,2.0595385527532977,True,True,True,True,True,True,True,False,True,EN_AMBOS
INDICADOR_8_2_8,Departamento,cusco,1,Cusco,7.0,2.0,3.1,10.9,0.285,347.0,Cusco,6.999410415423545,1.9969206398906707,3.0811670440016448,10.917653786845444,0.2852984067758561,347.0,32,347,2.0210753903062733,2.1009220402410382,True,True,True,True,True,True,True,False,True,EN_AMBOS
INDICADOR_8_2_8,Departamento,huancavelica,1,Huancavelica,3.5,1.5,0.5,6.4,0.431,379.0,Huancavelica,3.488405169293109,1.5027717711210669,0.5397524219924239,6.437057916593794,0.4307904896911927,379.0,18,379,2.00957523712924,2.200985160091639,True,True,True,True,True,True,True,False,True,EN_AMBOS
INDICADOR_8_2_8,Departamento,huanuco,1,Huánuco,7.9,1.8,4.4,11.4,0.225,345.0,Huánuco,7.900545257634964,1.7787172335952512,4.41044811959844,11.390642395671488,0.2251385411502233,345.0,37,345,2.016692199227824,2.073873067904026,True,True,True,True,True,True,True,False,True,EN_AMBOS
INDICADOR_8_2_8,Departamento,ica,1,Ica,17.1,1.9,13.4,20.9,0.1119999999999999,366.0,Ica,17.10682834233642,1.9137546089858108,13.35176859614776,20.861888088525085,0.1118708021550436,366.0,60,366,2.0301079282503425,2.0452296421327034,True,True,True,True,True,True,True,False,True,EN_AMBOS
INDICADOR_8_2_8,Departamento,junin,1,Junín,13.7,1.9,10.1,17.3,0.135,388.0,Junín,13.691770729990893,1.8501597758946724,10.061493124984205,17.322048334997582,0.1351293278554557,388.0,57,388,2.026192463029109,2.0555294386428726,True,True,True,True,True,True,True,False,True,EN_AMBOS
INDICADOR_8_2_8,Departamento,la libertad,1,La Libertad,14.0,1.9,10.4,17.7,0.132,342.0,La Libertad,14.046363276940005,1.8506095212443123,10.415203207352675,17.677523346527334,0.1317500825485888,342.0,50,342,2.026192463029109,2.0595385527532977,True,True,True,True,True,True,True,False,True,EN_AMBOS
INDICADOR_8_2_8,Departamento,lambayeque,1,Lambayeque,12.5,3.0,6.7,18.3,0.236,344.0,Lambayeque,12.52949619138663,2.953049263278285,6.735191966079032,18.323800416694223,0.2356877896900876,344.0,44,344,2.032244509317718,2.085963447265865,True,True,True,True,True,True,True,False,True,EN_AMBOS
INDICADOR_8_2_8,Departamento,lima metropolitana,1,Lima Metropolitana,22.2,2.7,17.0,27.5,0.12,417.0,Lima Metropolitana,22.23561801549897,2.677791348294275,16.98140911459874,27.489826916399213,0.1204280153772997,417.0,90,417,2.0210753903062733,2.0280940009804507,True,True,True,True,True,True,True,False,True,EN_AMBOS
INDICADOR_8_2_8,Departamento,loreto,1,Loreto,17.5,2.2,13.2,21.8,0.124,354.0,Loreto,17.49909378521426,2.167976241958745,13.245214903016873,21.752972667411647,0.1238907722061905,354.0,60,354,2.019540970441376,2.0484071417952445,True,True,True,True,True,True,True,False,True,EN_AMBOS
INDICADOR_8_2_8,Departamento,madre de dios,1,Madre de Dios,14.0,2.4,9.3,18.7,0.172,334.0,Madre de Dios,13.965501413502846,2.3975051943828904,9.261253959605703,18.669748867399985,0.1716734060164006,334.0,53,334,2.0301079282503425,2.0452296421327034,True,True,True,True,True,True,True,False,True,EN_AMBOS
INDICADOR_8_2_8,Departamento,moquegua,1,Moquegua,13.7,2.8,8.3,19.2,0.203,335.0,Moquegua,13.733677786352338,2.7863420336895675,8.266476944251727,19.20087862845295,0.2028838943970608,335.0,55,335,2.0301079282503425,2.0595385527532977,True,True,True,True,True,True,True,False,True,EN_AMBOS
INDICADOR_8_2_8,Departamento,pasco,1,Pasco,10.4,1.7,7.1,13.8,0.1639999999999999,496.0,Pasco,10.422648291142387,1.7108346604069993,7.065746452466631,13.779550129818146,0.1641458689401368,496.0,51,496,2.0002978220142595,2.0280940009804507,True,True,True,True,True,True,True,False,True,EN_AMBOS
INDICADOR_8_2_8,Departamento,piura,1,Piura,13.9,2.0,10.0,17.8,0.142,362.0,Piura,13.928925348243936,1.984122304472655,10.03579413797413,17.822056558513744,0.1424461869718326,362.0,55,362,2.026192463029109,2.051830516480285,True,True,True,True,True,True,True,False,True,EN_AMBOS
INDICADOR_8_2_8,Departamento,puno,1,Puno,9.3,1.3,6.8,11.8,0.138,489.0,Puno,9.301221386345947,1.2819244746478518,6.785902562395364,11.816540210296528,0.137823240776711,489.0,46,489,2.001717484145236,2.0345152974493383,True,True,True,True,True,True,True,False,True,EN_AMBOS
INDICADOR_8_2_8,Departamento,region lima,1,Región Lima,12.7,1.7,9.3,16.1,0.1369999999999999,338.0,Región Lima,12.69323356110516,1.7411699248158736,9.276809603064205,16.10965751914612,0.1371730785882014,338.0,43,338,2.0280940009804507,2.0555294386428726,True,True,True,True,True,True,True,False,True,EN_AMBOS
INDICADOR_8_2_8,Departamento,san martin,1,San Martín,7.8,1.8,4.3,11.4,0.2319999999999999,329.0,San Martín,7.82460238444248,1.8151607120117643,4.262997939162702,11.38620682972226,0.2319812078401347,329.0,27,329,2.0226909200367604,2.085963447265865,True,True,True,True,True,True,True,False,True,EN_AMBOS
INDICADOR_8_2_8,Departamento,tacna,1,Tacna,13.8,2.9,8.1,19.5,0.211,359.0,Tacna,13.788433853604154,2.9071619888950724,8.084167011401817,19.49270069580649,0.2108406233631218,359.0,49,359,2.039513446396408,2.073873067904026,True,True,True,True,True,True,True,False,True,EN_AMBOS
INDICADOR_8_2_8,Departamento,tumbes,1,Tumbes,13.7,2.6,8.6,18.9,0.19,341.0,Tumbes,13.738540287666556,2.607168760914858,8.622902985128494,18.854177590204618,0.1897704345821499,341.0,51,341,2.0301079282503425,2.073873067904026,True,True,True,True,True,True,True,False,True,EN_AMBOS
INDICADOR_8_2_8,Departamento,ucayali,1,Ucayali,16.9,2.8,11.3,22.5,0.168,346.0,Ucayali,16.906866528812927,2.839298005337162,11.33575851046281,22.47797454716304,0.1679375655150757,346.0,57,346,2.0226909200367604,2.039513446396408,True,True,True,True,True,True,True,False,True,EN_AMBOS
INDICADOR_8_2_8,Discapacidad,bin_0,1,No,15.1,0.9,13.3,17.0,0.063,8515.0,0,15.134112207719564,0.9490841728496832,13.271873571439402,16.996350843999725,0.0627115855772218,8515.0,1105,8515,1.962202376365632,1.963952263347006,True,True,True,True,True,True,True,False,True,EN_AMBOS
INDICADOR_8_2_8,Discapacidad,bin_1,1,Sí,16.3,1.6,13.1,19.5,0.1,1093.0,1,16.309879073339374,1.6383539536805063,13.095194728445744,19.524563418233,0.1004516309601957,1093.0,173,1093,1.9649813627244024,1.9806260024590892,True,True,True,True,True,True,True,False,True,EN_AMBOS
INDICADOR_8_2_8,Etnicidad,etnicidad_1,1,Indígena andino,11.1,1.1,8.9,13.2,0.0969999999999999,2729.0,1,11.050615151566747,1.074191572779258,8.942897936570146,13.158332366563346,0.0972064955702452,2729.0,286,2729,1.9633202880902727,1.9720174778363129,True,True,True,True,True,True,True,False,True,EN_AMBOS
INDICADOR_8_2_8,Etnicidad,etnicidad_3,1,Indígena amazónico/nativo,14.6,3.9,6.9,22.2,0.268,226.0,3,14.587866704827489,3.902681463939586,6.930248534438101,22.245484875216874,0.267529279154168,226.0,39,226,1.9852510035054975,2.063898561628025,True,True,True,True,True,True,True,False,True,EN_AMBOS
INDICADOR_8_2_8,Etnicidad,etnicidad_5,1,Afrodescendiente,19.0,2.9,13.4,24.6,0.151,771.0,5,18.976727232585784,2.8582689304839755,13.36839555085047,24.585058914321092,0.1506196982994999,771.0,119,771,1.965752679860951,1.9896863234569029,True,True,True,True,True,True,True,False,True,EN_AMBOS
INDICADOR_8_2_8,Etnicidad,etnicidad_6,1,No indígena ni afrodescendiente,17.0,1.4,14.2,19.8,0.085,4538.0,6,17.012124863025363,1.445527474774373,14.175793597225528,19.8484561288252,0.0849704247066822,4538.0,676,4538,1.9625291273776653,1.9656554636526025,True,True,True,True,True,True,True,False,True,EN_AMBOS
INDICADOR_8_2_8,Etnicidad,etnicidad_9,1,No sabe,13.6,1.8,10.0,17.2,0.136,1344.0,9,13.577690402117767,1.847803326971165,9.952036486300416,17.20334431793512,0.1360911371703508,1344.0,158,1344,1.9637790861729585,1.9802722492729548,True,True,True,True,True,True,True,False,True,EN_AMBOS
INDICADOR_8_2_8,Lengua materna,idioma_1,1,Castellano,15.7,0.9,13.9,17.4,0.0559999999999999,8931.0,1,15.67618869065229,0.883237287573724,13.943151043438691,17.40922633786589,0.0563426037414565,8931.0,1219,8931,1.9622498268425952,1.9637607681544336,True,True,True,True,True,True,True,False,True,EN_AMBOS
INDICADOR_8_2_8,Lengua materna,idioma_3,1,Quechua/Aymara,5.2,1.2,2.9,7.5,0.225,497.0,3,5.183141181854635,1.167484619681442,2.89236969052773,7.47391267318154,0.2252465404123319,497.0,32,497,1.9702419362015688,2.1009220402410382,True,True,True,True,True,True,True,False,True,EN_AMBOS
INDICADOR_8_2_8,Lengua materna,idioma_4,1,Otra lengua nativa,15.6,4.0,7.8,23.4,0.256,143.0,4,15.584954374205202,3.9879632182863216,7.760001227153636,23.40990752125677,0.2558854599463464,143.0,21,143,2.0180817028184443,2.1788128296672284,True,True,True,True,True,True,True,False,True,EN_AMBOS
INDICADOR_8_2_8,Nacional,national_single,1,Total,15.3,0.8,13.6,16.9,0.055,9608.0,Total,15.279615909837238,0.8410478405045538,13.6281547337061,16.931077085968376,0.0550437815627993,9608.0,1278,9608,1.962202376365632,1.9635757879604208,True,True,True,True,True,True,True,False,True,EN_AMBOS
INDICADOR_8_2_8,Sexo,sexo_1,1,Mujer,15.3,0.8,13.6,16.9,0.055,9608.0,1,15.279615909837238,0.8410478405045538,13.6281547337061,16.931077085968376,0.0550437815627993,9608.0,1278,9608,1.962202376365632,1.9635757879604208,True,True,True,True,True,True,True,False,True,EN_AMBOS
INDICADOR_8_2_8,Tipo de hogar,hogar_1,1,Biparental,13.3,0.8,11.6,14.9,0.063,6749.0,1,13.29288593221002,0.8423099463081569,11.640101573232268,14.945670291187776,0.0633654686125872,6749.0,821,6749,1.9622044904276708,1.964572028725432,True,True,True,True,True,True,True,False,True,EN_AMBOS
INDICADOR_8_2_8,Tipo de hogar,hogar_2,1,Monoparental,20.6,2.1,16.5,24.7,0.102,2346.0,2,20.5755037530207,2.0963438475101053,16.46100807760618,24.689999428435225,0.1018854202878187,2346.0,375,2346,1.962700766051066,1.9688886224492936,True,True,True,True,True,True,True,False,True,EN_AMBOS
INDICADOR_8_2_8,Tipo de hogar,hogar_3,1,Sin figuras parentales,18.2,3.2,11.9,24.5,0.176,509.0,3,18.209527739188744,3.198346559650317,11.919255668107374,24.499799810270112,0.1756413788133095,509.0,81,509,1.966726229870818,2.007583770315836,True,True,True,True,True,True,True,False,True,EN_AMBOS
INDICADOR_8_2_8,Área,area_1,1,Urbana,16.9,1.0,14.9,18.8,0.059,7990.0,1,16.881526528791394,0.9999194905009812,14.919541742142318,18.84351131544047,0.0592315800822645,7990.0,1142,7990,1.9631967955598617,1.9642865509120813,True,True,True,True,True,True,True,False,True,EN_AMBOS
INDICADOR_8_2_8,Área,area_2,1,Rural,8.9,1.0,7.0,10.9,0.113,1618.0,2,8.93549161263967,1.0105165044202464,6.952713971874819,10.91826925340452,0.113090196737561,1618.0,136,1618,1.967850227366019,1.9882679074772216,True,True,True,True,True,True,True,False,True,EN_AMBOS
INDICADOR_8_2_8,Área y sexo,area_1_sexo_1,1,Urbana - Mujer,16.9,1.0,14.9,18.8,0.059,7990.0,Urbano Mujer,16.881526528791394,0.9999194905009812,14.919541742142318,18.84351131544047,0.0592315800822645,7990.0,1142,7990,1.9631967955598617,1.9642865509120813,True,True,True,True,True,True,True,False,True,EN_AMBOS
INDICADOR_8_2_8,Área y sexo,area_2_sexo_1,1,Rural - Mujer,8.9,1.0,7.0,10.9,0.113,1618.0,Rural Mujer,8.93549161263967,1.0105165044202464,6.952713971874819,10.91826925340452,0.113090196737561,1618.0,136,1618,1.967850227366019,1.9882679074772216,True,True,True,True,True,True,True,False,True,EN_AMBOS
INDICADOR_8_3_6,Departamento,amazonas,1,Amazonas,41.9,3.1,35.8,48.0,0.074,907.0,Amazonas,41.93054848930376,3.1055841537640303,35.83694903332086,48.02414794528666,0.0740649542077,907.0,394,907,2.000995378088267,2.000995378088267,True,True,True,True,True,True,True,False,True,EN_AMBOS
INDICADOR_8_3_6,Departamento,ancash,1,Áncash,47.4,3.3,40.9,53.9,0.07,705.0,Áncash,47.43259520743675,3.3093244517667686,40.93922820125994,53.92596221361355,0.0697689940281385,705.0,327,705,2.016692199227824,2.0180817028184443,True,True,True,True,True,True,True,False,True,EN_AMBOS
INDICADOR_8_3_6,Departamento,apurimac,1,Apurímac,47.0,2.8,41.5,52.6,0.06,698.0,Apurímac,47.04043010944973,2.8101567889647177,41.52650131775769,52.55435890114176,0.059739181432361,698.0,338,698,2.016692199227824,2.016692199227824,True,True,True,True,True,True,True,False,True,EN_AMBOS
INDICADOR_8_3_6,Departamento,arequipa,1,Arequipa,45.7,2.1,41.7,49.8,0.045,760.0,Arequipa,45.72509536312214,2.0561350541719503,41.69066485756208,49.75952586868221,0.0449673212891809,760.0,337,760,2.0226909200367604,2.0226909200367604,True,True,True,True,True,True,True,False,True,EN_AMBOS
INDICADOR_8_3_6,Departamento,ayacucho,1,Ayacucho,40.3,3.5,33.4,47.2,0.087,650.0,Ayacucho,40.31963406931495,3.517986426692938,33.41684248021279,47.22242565841711,0.0872524393610576,650.0,252,650,2.0210753903062733,2.0226909200367604,True,True,True,True,True,True,True,False,True,EN_AMBOS
INDICADOR_8_3_6,Departamento,cajamarca,1,Cajamarca,31.0,2.8,25.5,36.5,0.09,783.0,Cajamarca,31.007376525538703,2.8040633596991658,25.505403911950108,36.5093491391273,0.0904321382168416,783.0,254,783,2.004044783289145,2.007583770315836,True,True,True,True,True,True,True,False,True,EN_AMBOS
INDICADOR_8_3_6,Departamento,callao,1,Callao,46.2,2.3,41.8,50.7,0.049,610.0,Callao,46.22361974359667,2.2712655466946785,41.76707250015559,50.680166987037744,0.0491364709058579,610.0,267,610,2.0422724563012378,2.0422724563012378,True,True,True,True,True,True,True,False,True,EN_AMBOS
INDICADOR_8_3_6,Departamento,cusco,1,Cusco,35.5,2.6,30.3,40.7,0.074,716.0,Cusco,35.497103592510484,2.6389103383528143,30.31918478368204,40.675022401338936,0.074341567938788,716.0,265,716,2.016692199227824,2.0180817028184443,True,True,True,True,True,True,True,False,True,EN_AMBOS
INDICADOR_8_3_6,Departamento,huancavelica,1,Huancavelica,28.2,3.1,22.1,34.3,0.11,771.0,Huancavelica,28.187592096877644,3.0976576340885216,22.109545604070448,34.26563858968484,0.109894368537838,771.0,208,771,2.0057459953178687,2.011740513729765,True,True,True,True,True,True,True,False,True,EN_AMBOS
INDICADOR_8_3_6,Departamento,huanuco,1,Huánuco,30.2,2.4,25.5,34.8,0.079,687.0,Huánuco,30.17814434125514,2.376055070654319,25.515985092285494,34.84030359022479,0.0787343000214272,687.0,233,687,2.016692199227824,2.016692199227824,True,True,True,True,True,True,True,False,True,EN_AMBOS
INDICADOR_8_3_6,Departamento,ica,1,Ica,39.8,2.2,35.5,44.1,0.055,716.0,Ica,39.82476401179744,2.1947786673874488,35.51829494465419,44.131233078940674,0.0551109020190874,716.0,284,716,2.026192463029109,2.026192463029109,True,True,True,True,True,True,True,False,True,EN_AMBOS
INDICADOR_8_3_6,Departamento,junin,1,Junín,49.2,2.2,44.9,53.6,0.045,696.0,Junín,49.23961293615967,2.228527899632321,44.86692305738653,53.6123028149328,0.0452588427638872,696.0,344,696,2.0226909200367604,2.0226909200367604,True,True,True,True,True,True,True,False,True,EN_AMBOS
INDICADOR_8_3_6,Departamento,la libertad,1,La Libertad,47.6,2.5,42.7,52.6,0.053,687.0,La Libertad,47.63163750059776,2.5165776392521595,42.69375291134928,52.56952208984623,0.0528341617316972,687.0,340,687,2.0226909200367604,2.0226909200367604,True,True,True,True,True,True,True,False,True,EN_AMBOS
INDICADOR_8_3_6,Departamento,lambayeque,1,Lambayeque,34.2,2.4,29.5,38.8,0.069,651.0,Lambayeque,34.18338592013944,2.369544762499111,29.53400082516745,38.83277101511143,0.0693186089884405,651.0,234,651,2.0301079282503425,2.032244509317718,True,True,True,True,True,True,True,False,True,EN_AMBOS
INDICADOR_8_3_6,Departamento,lima metropolitana,1,Lima Metropolitana,48.8,2.5,43.9,53.6,0.051,796.0,Lima Metropolitana,48.77203826048248,2.4679305297869054,43.92960624475816,53.6144702762068,0.0506013408052815,796.0,387,796,2.0210753903062733,2.0210753903062733,True,True,True,True,True,True,True,False,True,EN_AMBOS
INDICADOR_8_3_6,Departamento,loreto,1,Loreto,49.1,2.6,44.0,54.3,0.053,674.0,Loreto,49.126041660239856,2.6239900306078843,43.97739862519697,54.27468469528275,0.0534134227372853,674.0,340,674,2.019540970441376,2.019540970441376,True,True,True,True,True,True,True,False,True,EN_AMBOS
INDICADOR_8_3_6,Departamento,madre de dios,1,Madre de Dios,41.1,3.5,34.3,47.9,0.084,644.0,Madre de Dios,41.12819235099753,3.4726690550919,34.31431991438395,47.9420647876111,0.0844352463987558,644.0,275,644,2.0301079282503425,2.032244509317718,True,True,True,True,True,True,True,False,True,EN_AMBOS
INDICADOR_8_3_6,Departamento,moquegua,1,Moquegua,44.3,2.4,39.7,49.0,0.053,670.0,Moquegua,44.32483362714148,2.3672546498410547,39.67994206013599,48.969725194146974,0.0534069607514896,670.0,299,670,2.0301079282503425,2.0301079282503425,True,True,True,True,True,True,True,False,True,EN_AMBOS
INDICADOR_8_3_6,Departamento,pasco,1,Pasco,45.4,1.8,41.8,48.9,0.04,990.0,Pasco,45.39866485434877,1.808860474992275,41.849422373509086,48.94790733518847,0.0398439134894294,990.0,460,990,1.999623584994939,1.999623584994939,True,True,True,True,True,True,True,False,True,EN_AMBOS
INDICADOR_8_3_6,Departamento,piura,1,Piura,46.5,3.2,40.2,52.7,0.068,658.0,Piura,46.47394762981136,3.17763135848483,40.23898127286729,52.70891398675543,0.0683744661373783,658.0,305,658,2.026192463029109,2.026192463029109,True,True,True,True,True,True,True,False,True,EN_AMBOS
INDICADOR_8_3_6,Departamento,puno,1,Puno,44.2,2.1,40.1,48.3,0.047,979.0,Puno,44.21963576451338,2.0823531211737447,40.13376166866277,48.305509860364,0.0470911414165208,979.0,439,979,2.000995378088267,2.000995378088267,True,True,True,True,True,True,True,False,True,EN_AMBOS
INDICADOR_8_3_6,Departamento,region lima,1,Región Lima,45.5,2.3,41.1,49.9,0.049,679.0,Región Lima,45.51484167019037,2.251359361954269,41.09735320297271,49.93233013740802,0.0494642907530705,679.0,306,679,2.026192463029109,2.026192463029109,True,True,True,True,True,True,True,False,True,EN_AMBOS
INDICADOR_8_3_6,Departamento,san martin,1,San Martín,27.1,2.5,22.2,32.0,0.093,649.0,San Martín,27.068620284617506,2.5055742717930363,22.15232587314013,31.98491469609487,0.0925637969518859,649.0,195,649,2.0226909200367604,2.026192463029109,True,True,True,True,True,True,True,False,True,EN_AMBOS
INDICADOR_8_3_6,Departamento,tacna,1,Tacna,41.2,2.7,35.8,46.6,0.067,659.0,Tacna,41.184665733435125,2.74593530026917,35.79674867068087,46.57258279618937,0.0666737304132087,659.0,284,659,2.0345152974493383,2.0345152974493383,True,True,True,True,True,True,True,False,True,EN_AMBOS
INDICADOR_8_3_6,Departamento,tumbes,1,Tumbes,47.2,3.0,41.3,53.2,0.064,677.0,Tumbes,47.24498222572493,3.03970399586035,41.28064904445412,53.20931540699575,0.0643391922836882,677.0,313,677,2.0301079282503425,2.0301079282503425,True,True,True,True,True,True,True,False,True,EN_AMBOS
INDICADOR_8_3_6,Departamento,ucayali,1,Ucayali,39.2,3.3,32.8,45.7,0.084,695.0,Ucayali,39.246881730349415,3.2819138486781654,32.80729824050928,45.68646522018955,0.0836222829428071,695.0,275,695,2.0226909200367604,2.0226909200367604,True,True,True,True,True,True,True,False,True,EN_AMBOS
INDICADOR_8_3_6,Discapacidad,bin_0,1,No,42.6,0.9,40.9,44.3,0.02,16778.0,0,42.56652867443022,0.8683568968712141,40.872152288922834,44.27854537149968,0.0203999932320729,16778.0,6927,16778,1.962142757779508,1.9621960580489897,True,True,True,True,True,True,True,False,True,EN_AMBOS
INDICADOR_8_3_6,Discapacidad,bin_1,1,Sí,51.2,1.9,47.4,55.0,0.038,2029.0,1,51.187695226869046,1.9395992272848115,47.382394834214594,54.979278917336615,0.037891903878233,2029.0,1028,2029,1.9640483976635408,1.9654833203397435,True,True,True,True,True,True,True,False,True,EN_AMBOS
INDICADOR_8_3_6,Etnicidad,etnicidad_1,1,Indígena andino,39.8,1.3,37.3,42.3,0.033,5249.0,1,39.8002995817283,1.2951547732677795,37.25902102315736,42.341578140299234,0.0325413322733471,5249.0,2053,5249,1.9628366422266053,1.963592360649207,True,True,True,True,True,True,True,False,True,EN_AMBOS
INDICADOR_8_3_6,Etnicidad,etnicidad_3,1,Indígena amazónico/nativo,39.5,4.6,30.5,48.4,0.115,433.0,3,39.47613710413493,4.555072920584135,30.538433761853216,48.41384044641664,0.1153880104471269,433.0,200,433,1.978524491479245,1.98793420623902,True,True,True,True,True,True,True,False,True,EN_AMBOS
INDICADOR_8_3_6,Etnicidad,etnicidad_5,1,Afrodescendiente,47.8,2.1,43.7,51.9,0.044,1806.0,5,47.81027293287987,2.0808637097707563,43.72732127482698,51.89322459093276,0.043523359774416,1806.0,831,1806,1.96362596651301,1.9654577567212337,True,True,True,True,True,True,True,False,True,EN_AMBOS
INDICADOR_8_3_6,Etnicidad,etnicidad_6,1,No indígena ni afrodescendiente,45.0,1.1,42.8,47.2,0.025,8715.0,6,44.971777125499926,1.120810991846659,42.77258595500834,47.17096829599152,0.0249225417247551,8715.0,3750,8715,1.962322551204167,1.9625887283367889,True,True,True,True,True,True,True,False,True,EN_AMBOS
INDICADOR_8_3_6,Etnicidad,etnicidad_9,1,No sabe,42.0,2.3,37.4,46.6,0.0559999999999999,2604.0,9,42.01040617769457,2.3381460172788424,37.42262990325989,46.59818245212925,0.0556563535089142,2604.0,1121,2604,1.9629115987173988,1.9642708556448767,True,True,True,True,True,True,True,False,True,EN_AMBOS
INDICADOR_8_3_6,Lengua materna,idioma_1,1,Castellano,43.9,0.8,42.2,45.5,0.019,17498.0,1,43.85323099033751,0.8446542170245832,42.1958988355748,45.51056314510021,0.0192609346666085,17498.0,7446,17498,1.9621649940614452,1.962241050423056,True,True,True,True,True,True,True,False,True,EN_AMBOS
INDICADOR_8_3_6,Lengua materna,idioma_3,1,Quechua/Aymara,36.4,2.5,31.5,41.3,0.069,958.0,3,36.42520009763609,2.496729465583697,31.526260458606338,41.32413973666584,0.0685440151019439,958.0,345,958,1.967404973747932,1.9721412216620404,True,True,True,True,True,True,True,False,True,EN_AMBOS
INDICADOR_8_3_6,Lengua materna,idioma_4,1,Otra lengua nativa,44.1,4.6,35.2,53.1,0.103,275.0,4,44.131650764592905,4.5641757659180815,35.176086340264,53.08721518892181,0.1034218228152015,275.0,134,275,2.00957523712924,2.0226909200367604,True,True,True,True,True,True,True,False,True,EN_AMBOS
INDICADOR_8_3_6,Nacional,national_single,1,Total,43.6,0.8,42.0,45.1,0.019,18807.0,Total,43.55407822328812,0.8105072171509952,41.97090086719325,45.150509163414846,0.018609215260986,18807.0,7955,18807,1.962142757779508,1.9621773153187216,True,True,True,True,True,True,True,False,True,EN_AMBOS
INDICADOR_8_3_6,Sexo,sexo_1,1,Mujer,48.0,1.1,45.8,50.2,0.023,9608.0,1,47.99952466333403,1.1212695992756707,45.79943363959694,50.19961568707112,0.0233600146488989,9608.0,4525,9608,1.962202376365632,1.962287893952103,True,True,True,True,True,True,True,False,True,EN_AMBOS
INDICADOR_8_3_6,Sexo,sexo_2,1,Hombre,38.9,1.0,37.0,40.8,0.025,9199.0,2,38.88387277703537,0.9801662270212445,36.96064671326557,40.807098840805175,0.0252075258203222,9199.0,3430,9199,1.9622476264013184,1.9624407490652755,True,True,True,True,True,True,True,False,True,EN_AMBOS
INDICADOR_8_3_6,Tipo de hogar,hogar_1,1,Biparental,42.7,0.9,41.0,44.4,0.021,13464.0,1,42.69470661279794,0.8793509080047988,40.96929459710948,44.42011862848639,0.020596251333443,13464.0,5653,13464,1.962142757779508,1.9622066084867595,True,True,True,True,True,True,True,False,True,EN_AMBOS
INDICADOR_8_3_6,Tipo de hogar,hogar_2,1,Monoparental,46.2,1.5,43.3,49.1,0.032,4397.0,2,46.18930848029057,1.4810911792260348,43.28292985890575,49.09568710167539,0.032065671211727,4397.0,1935,4397,1.962322551204167,1.9629905717003289,True,True,True,True,True,True,True,False,True,EN_AMBOS
INDICADOR_8_3_6,Tipo de hogar,hogar_3,1,Sin figuras parentales,43.5,2.9,37.8,49.2,0.066,929.0,3,43.52204547762474,2.892302773199855,37.84086924360106,49.20322171164842,0.0664560394958188,929.0,358,929,1.9642398045825584,1.9689223241414533,True,True,True,True,True,True,True,False,True,EN_AMBOS
INDICADOR_8_3_6,Área,area_1,1,Urbana,45.7,0.9,43.8,47.5,0.021,15576.0,1,45.674755414499565,0.9440005418074964,43.82930699585432,47.53215388363648,0.0206678838943015,15576.0,6753,15576,1.9630738928941311,1.9630820681385683,True,True,True,True,True,True,True,False,True,EN_AMBOS
INDICADOR_8_3_6,Área,area_2,1,Rural,35.6,1.3,33.1,38.1,0.036,3231.0,2,35.57564552331745,1.2732368854112135,33.11843992210646,38.11127546694104,0.035789565211872,3231.0,1202,3231,1.967850227366019,1.968264112821808,True,True,True,True,True,True,True,False,True,EN_AMBOS
INDICADOR_8_3_6,Área y sexo,area_1_sexo_1,1,Urbana - Mujer,50.0,1.3,47.4,52.7,0.027,7990.0,Urbano Mujer,50.02669719239019,1.340962937083599,47.39553647694087,52.65785790783952,0.026804946405448,7990.0,3862,7990,1.9631967955598617,1.963218974220824,True,True,True,True,True,True,True,False,True,EN_AMBOS
INDICADOR_8_3_6,Área y sexo,area_1_sexo_2,1,Urbana - Hombre,41.0,1.1,38.8,43.2,0.027,7586.0,Urbano Hombre,41.00212115642237,1.1221158681705623,38.80036963230204,43.2038726805427,0.0273672638517824,7586.0,2891,7586,1.9632873744486168,1.963363575920929,True,True,True,True,True,True,True,False,True,EN_AMBOS
INDICADOR_8_3_6,Área y sexo,area_2_sexo_1,1,Rural - Mujer,40.0,1.6,36.8,43.1,0.04,1618.0,Rural Mujer,39.97121500358969,1.5932098124282448,36.845109908510366,43.09732009866902,0.0398589287887587,1618.0,663,1618,1.967850227366019,1.9688551733802384,True,True,True,True,True,True,True,False,True,EN_AMBOS
INDICADOR_8_3_6,Área y sexo,area_2_sexo_2,1,Rural - Hombre,31.3,1.7,28.0,34.6,0.054,1613.0,Rural Hombre,31.320843496458856,1.696275201701104,27.992509394240063,34.64917759867765,0.0541580306383793,1613.0,539,1613,1.9678765312856947,1.9700668531021248,True,True,True,True,True,True,True,False,True,EN_AMBOS
INDICADOR_8_3_9,Departamento,amazonas,1,Amazonas,44.0,3.4,37.4,50.6,0.076,907.0,Amazonas,44.00869927907784,3.352112754606615,37.43137551436615,50.58602304378953,0.0761693212823547,907.0,424,907,2.000995378088267,2.001717484145236,True,True,True,True,True,True,True,False,True,EN_AMBOS
INDICADOR_8_3_9,Departamento,ancash,1,Áncash,48.8,2.9,43.0,54.5,0.06,705.0,Áncash,48.76483119474663,2.921033623091531,43.033346225967136,54.49631616352612,0.0599004149409669,705.0,330,705,2.016692199227824,2.016692199227824,True,True,True,True,True,True,True,False,True,EN_AMBOS
INDICADOR_8_3_9,Departamento,apurimac,1,Apurímac,58.2,2.6,53.1,63.3,0.045,698.0,Apurímac,58.19956049173196,2.595404630990304,53.10700609152694,63.292114891936976,0.0445949180554209,698.0,406,698,2.016692199227824,2.016692199227824,True,True,True,True,True,True,True,False,True,EN_AMBOS
INDICADOR_8_3_9,Departamento,arequipa,1,Arequipa,50.4,1.8,46.9,53.9,0.035,760.0,Arequipa,50.41725484075547,1.769815154312361,46.94462485311304,53.88988482839788,0.0351033621307304,760.0,380,760,2.0226909200367604,2.0226909200367604,True,True,True,True,True,True,True,False,True,EN_AMBOS
INDICADOR_8_3_9,Departamento,ayacucho,1,Ayacucho,48.9,3.1,42.8,55.0,0.064,650.0,Ayacucho,48.89016242119137,3.1119562092943,42.784060082597584,54.99626475978515,0.063651991631458,650.0,331,650,2.0210753903062733,2.0226909200367604,True,True,True,True,True,True,True,False,True,EN_AMBOS
INDICADOR_8_3_9,Departamento,cajamarca,1,Cajamarca,35.7,2.4,30.9,40.4,0.068,783.0,Cajamarca,35.67766463364216,2.416170735147812,30.936792724113094,40.41853654317122,0.0677222222911274,783.0,279,783,2.004044783289145,2.0057459953178687,True,True,True,True,True,True,True,False,True,EN_AMBOS
INDICADOR_8_3_9,Departamento,callao,1,Callao,43.6,2.5,38.6,48.6,0.0579999999999999,610.0,Callao,43.60481341808969,2.52862208385272,38.64329590909675,48.56633092708263,0.0579895173408472,610.0,258,610,2.0422724563012378,2.0422724563012378,True,True,True,True,True,True,True,False,True,EN_AMBOS
INDICADOR_8_3_9,Departamento,cusco,1,Cusco,44.1,2.9,38.4,49.8,0.066,716.0,Cusco,44.08084931483322,2.8961621278268885,38.3981657703624,49.76353285930404,0.065701141716712,716.0,311,716,2.016692199227824,2.016692199227824,True,True,True,True,True,True,True,False,True,EN_AMBOS
INDICADOR_8_3_9,Departamento,huancavelica,1,Huancavelica,33.9,3.1,27.8,40.0,0.091,771.0,Huancavelica,33.8740830264536,3.099273511412272,27.79286595165814,39.95530010124904,0.0914939456513679,771.0,251,771,2.0057459953178687,2.00957523712924,True,True,True,True,True,True,True,False,True,EN_AMBOS
INDICADOR_8_3_9,Departamento,huanuco,1,Huánuco,40.7,3.5,33.8,47.5,0.086,687.0,Huánuco,40.67032400704236,3.478266941258749,33.84546771862762,47.4951802954571,0.0855234627748837,687.0,288,687,2.016692199227824,2.016692199227824,True,True,True,True,True,True,True,False,True,EN_AMBOS
INDICADOR_8_3_9,Departamento,ica,1,Ica,42.9,2.3,38.5,47.4,0.053,716.0,Ica,42.9110416328883,2.270832410501723,38.45534426449136,47.36673900128523,0.0529195359536853,716.0,299,716,2.026192463029109,2.026192463029109,True,True,True,True,True,True,True,False,True,EN_AMBOS
INDICADOR_8_3_9,Departamento,junin,1,Junín,55.8,2.1,51.6,59.9,0.038,696.0,Junín,55.76085426906201,2.100363327002631,51.63964157827813,59.88206695984589,0.037667344852139,696.0,384,696,2.0226909200367604,2.0226909200367604,True,True,True,True,True,True,True,False,True,EN_AMBOS
INDICADOR_8_3_9,Departamento,la libertad,1,La Libertad,45.6,2.9,40.0,51.3,0.063,687.0,La Libertad,45.613419939213415,2.8803766217732822,39.96170981112357,51.26513006730327,0.0631475698514123,687.0,325,687,2.0226909200367604,2.0243941639119694,True,True,True,True,True,True,True,False,True,EN_AMBOS
INDICADOR_8_3_9,Departamento,lambayeque,1,Lambayeque,39.8,2.3,35.3,44.2,0.0579999999999999,651.0,Lambayeque,39.75244837085889,2.288033340627015,35.263000321989544,44.24189641972824,0.0575570420035886,651.0,263,651,2.0301079282503425,2.0301079282503425,True,True,True,True,True,True,True,False,True,EN_AMBOS
INDICADOR_8_3_9,Departamento,lima metropolitana,1,Lima Metropolitana,48.2,2.6,43.0,53.4,0.055,796.0,Lima Metropolitana,48.19470075262478,2.6347531114286946,43.024939016497946,53.36446248875162,0.0546689380841357,796.0,386,796,2.0210753903062733,2.0210753903062733,True,True,True,True,True,True,True,False,True,EN_AMBOS
INDICADOR_8_3_9,Departamento,loreto,1,Loreto,49.1,2.6,44.1,54.1,0.052,674.0,Loreto,49.11926989655184,2.5506895178985527,44.11445293166308,54.12408686144058,0.0519284900461765,674.0,325,674,2.019540970441376,2.019540970441376,True,True,True,True,True,True,True,False,True,EN_AMBOS
INDICADOR_8_3_9,Departamento,madre de dios,1,Madre de Dios,46.0,2.4,41.3,50.6,0.052,644.0,Madre de Dios,45.96206830412159,2.3888711699837604,41.27476203866969,50.64937456957348,0.0519748405179916,644.0,305,644,2.0301079282503425,2.0301079282503425,True,True,True,True,True,True,True,False,True,EN_AMBOS
INDICADOR_8_3_9,Departamento,moquegua,1,Moquegua,43.5,2.1,39.4,47.7,0.049,670.0,Moquegua,43.513245689859545,2.1161824876815003,39.36099354751546,47.66549783220362,0.0486330645791072,670.0,311,670,2.0301079282503425,2.0301079282503425,True,True,True,True,True,True,True,False,True,EN_AMBOS
INDICADOR_8_3_9,Departamento,pasco,1,Pasco,50.3,2.1,46.2,54.4,0.042,990.0,Pasco,50.28349616714215,2.10657665085736,46.15009204795497,54.41690028632933,0.0418939972641342,990.0,515,990,1.999623584994939,1.999623584994939,True,True,True,True,True,True,True,False,True,EN_AMBOS
INDICADOR_8_3_9,Departamento,piura,1,Piura,43.7,3.1,37.5,49.8,0.072,658.0,Piura,43.66452427705581,3.1340543400104384,37.51506225131689,49.81398630279472,0.0717757582820448,658.0,280,658,2.026192463029109,2.026192463029109,True,True,True,True,True,True,True,False,True,EN_AMBOS
INDICADOR_8_3_9,Departamento,puno,1,Puno,52.0,2.7,46.7,57.4,0.052,979.0,Puno,52.01806702491603,2.730380238535746,46.660671213888826,57.375462835943225,0.0524890753289222,979.0,516,979,2.000995378088267,2.000995378088267,True,True,True,True,True,True,True,False,True,EN_AMBOS
INDICADOR_8_3_9,Departamento,region lima,1,Región Lima,46.4,2.4,41.7,51.0,0.051,679.0,Región Lima,46.37019723702506,2.373244180092259,41.71355335661467,51.02684111743545,0.0511803770849027,679.0,308,679,2.026192463029109,2.026192463029109,True,True,True,True,True,True,True,False,True,EN_AMBOS
INDICADOR_8_3_9,Departamento,san martin,1,San Martín,36.8,2.0,32.9,40.6,0.054,649.0,San Martín,36.7535166700028,1.9692633574043157,32.88954083511136,40.61749250489423,0.0535802702931981,649.0,247,649,2.0226909200367604,2.0226909200367604,True,True,True,True,True,True,True,False,True,EN_AMBOS
INDICADOR_8_3_9,Departamento,tacna,1,Tacna,45.7,2.7,40.4,51.0,0.059,659.0,Tacna,45.7115727809639,2.7169294653575187,40.3805693071149,51.0425762548129,0.0594363593301903,659.0,297,659,2.0345152974493383,2.0345152974493383,True,True,True,True,True,True,True,False,True,EN_AMBOS
INDICADOR_8_3_9,Departamento,tumbes,1,Tumbes,45.1,3.0,39.3,50.9,0.065,677.0,Tumbes,45.08408323204274,2.951713323843932,39.29240031062109,50.8757661534644,0.0654712952385389,677.0,308,677,2.0301079282503425,2.0301079282503425,True,True,True,True,True,True,True,False,True,EN_AMBOS
INDICADOR_8_3_9,Departamento,ucayali,1,Ucayali,38.2,3.5,31.2,45.1,0.093,695.0,Ucayali,38.16233846183269,3.549605457326636,31.19750582076461,45.12717110290077,0.0930133110390157,695.0,270,695,2.0226909200367604,2.0243941639119694,True,True,True,True,True,True,True,False,True,EN_AMBOS
INDICADOR_8_3_9,Discapacidad,bin_0,1,No,45.2,0.9,43.5,46.9,0.019,16778.0,0,45.167914261023576,0.875044611040683,43.45091249799725,46.8849160240499,0.0193731462999118,16778.0,7523,16778,1.962142757779508,1.9621876889045824,True,True,True,True,True,True,True,False,True,EN_AMBOS
INDICADOR_8_3_9,Discapacidad,bin_1,1,Sí,51.5,2.3,47.0,56.1,0.045,2029.0,1,51.52990859691208,2.3052543558346668,46.99979974284371,56.060017450980446,0.0447362399546893,2029.0,1074,2029,1.9640483976635408,1.9651232162743892,True,True,True,True,True,True,True,False,True,EN_AMBOS
INDICADOR_8_3_9,Etnicidad,etnicidad_1,1,Indígena andino,44.0,1.4,41.4,46.7,0.031,5249.0,1,44.03374392550455,1.3666354440129935,41.35221008650968,46.71527776449943,0.0310360946442583,5249.0,2431,5249,1.9628366422266053,1.9634382581630527,True,True,True,True,True,True,True,False,True,EN_AMBOS
INDICADOR_8_3_9,Etnicidad,etnicidad_3,1,Indígena amazónico/nativo,38.6,4.6,29.5,47.6,0.12,433.0,3,38.55920345037719,4.62982210487875,29.474831537481872,47.6435753632725,0.1200704809900179,433.0,199,433,1.978524491479245,1.9889597801751624,True,True,True,True,True,True,True,False,True,EN_AMBOS
INDICADOR_8_3_9,Etnicidad,etnicidad_5,1,Afrodescendiente,47.6,2.3,43.1,52.1,0.048,1806.0,5,47.55686530687516,2.2968928500747774,43.05003363570541,52.06369697804492,0.0482978185221708,1806.0,844,1806,1.96362596651301,1.9652145681681945,True,True,True,True,True,True,True,False,True,EN_AMBOS
INDICADOR_8_3_9,Etnicidad,etnicidad_6,1,No indígena ni afrodescendiente,47.4,1.2,45.1,49.7,0.024,8715.0,6,47.40252806099914,1.152681733390827,45.1408019458016,49.66425417619668,0.024316883097617,8715.0,3973,8715,1.962322551204167,1.962520833200302,True,True,True,True,True,True,True,False,True,EN_AMBOS
INDICADOR_8_3_9,Etnicidad,etnicidad_9,1,No sabe,43.4,2.0,39.4,47.4,0.047,2604.0,9,43.428984811077086,2.034460540161289,39.43708279621143,47.420886825942745,0.0468456849500745,2604.0,1150,2604,1.9629115987173988,1.9641790265687291,True,True,True,True,True,True,True,False,True,EN_AMBOS
INDICADOR_8_3_9,Lengua materna,idioma_1,1,Castellano,46.1,0.9,44.4,47.8,0.019,17498.0,1,46.12555042857416,0.8677581978922205,44.42288496507614,47.82821589207217,0.0188129613593652,17498.0,8016,17498,1.9621649940614452,1.9622129867600064,True,True,True,True,True,True,True,False,True,EN_AMBOS
INDICADOR_8_3_9,Lengua materna,idioma_3,1,Quechua/Aymara,41.9,2.4,37.1,46.7,0.0579999999999999,958.0,3,41.94140050209316,2.4454891932284246,37.14300159237196,46.73979941181437,0.0583072850203554,958.0,415,958,1.967404973747932,1.9710591221336449,True,True,True,True,True,True,True,False,True,EN_AMBOS
INDICADOR_8_3_9,Lengua materna,idioma_4,1,Otra lengua nativa,40.0,4.8,30.6,49.4,0.12,275.0,4,39.99000776654441,4.788034492402407,30.595200563278546,49.38481496981028,0.1197307717556401,275.0,130,275,2.00957523712924,2.0280940009804507,True,True,True,True,True,True,True,False,True,EN_AMBOS
INDICADOR_8_3_9,Nacional,national_single,1,Total,45.9,0.8,44.3,47.5,0.018,18807.0,Total,45.89667696361467,0.8281989279897166,44.27656112986894,47.52551415840118,0.0180448560283849,18807.0,8597,18807,1.962142757779508,1.9621629538432332,True,True,True,True,True,True,True,False,True,EN_AMBOS
INDICADOR_8_3_9,Sexo,sexo_1,1,Mujer,48.9,1.2,46.6,51.2,0.024,9608.0,1,48.887266697782266,1.173816252589901,46.587919318263225,51.191332487384365,0.0240106745964414,9608.0,4765,9608,1.962202376365632,1.9622608929650545,True,True,True,True,True,True,True,False,True,EN_AMBOS
INDICADOR_8_3_9,Sexo,sexo_2,1,Hombre,42.8,1.0,40.8,44.7,0.023,9199.0,2,42.75488487312828,0.9835156719301682,40.83680794894869,44.69499324944594,0.0230035860194378,9199.0,3832,9199,1.9622476264013184,1.962377747003989,True,True,True,True,True,True,True,False,True,EN_AMBOS
INDICADOR_8_3_9,Tipo de hogar,hogar_1,1,Biparental,45.1,0.9,43.4,46.8,0.019,13464.0,1,45.07384545316055,0.8658306441794537,43.3749232224753,46.77276768384579,0.0192091585591293,13464.0,6094,13464,1.962142757779508,1.9621876889045824,True,True,True,True,True,True,True,False,True,EN_AMBOS
INDICADOR_8_3_9,Tipo de hogar,hogar_2,1,Monoparental,49.0,1.9,45.4,52.7,0.038,4397.0,2,49.00544741500241,1.8621374778688964,45.3503886645022,52.66050616550262,0.0379985813025926,4397.0,2063,4397,1.962322551204167,1.9628297018559573,True,True,True,True,True,True,True,False,True,EN_AMBOS
INDICADOR_8_3_9,Tipo de hogar,hogar_3,1,Sin figuras parentales,43.2,3.1,37.1,49.3,0.072,929.0,3,43.204171778434606,3.1000651851344765,37.10354416550282,49.3047993913664,0.0717538389818613,929.0,432,929,1.9642398045825584,1.967903011261086,True,True,True,True,True,True,True,False,True,EN_AMBOS
INDICADOR_8_3_9,Área,area_1,1,Urbana,47.3,1.0,45.4,49.2,0.021,15576.0,1,47.30120611655083,0.978681057989295,45.38089416644115,49.22151806666052,0.0206904038678804,15576.0,7228,15576,1.9630738928941311,1.96308617190014,True,True,True,True,True,True,True,False,True,EN_AMBOS
INDICADOR_8_3_9,Área,area_2,1,Rural,40.6,1.3,38.1,43.1,0.032,3231.0,2,40.61254349516978,1.2799802516304182,38.10103951433237,43.1240474760072,0.031516869948878,3231.0,1369,3231,1.967850227366019,1.968038114890469,True,True,True,True,True,True,True,False,True,EN_AMBOS
INDICADOR_8_3_9,Área y sexo,area_1_sexo_1,1,Urbano Mujer,49.4,1.4,46.7,52.2,0.0279999999999999,7990.0,Urbano Mujer,49.419323845945975,1.4075120854150172,46.65610063014744,52.18254706174452,0.0284810065350677,7990.0,3991,7990,1.9631967955598617,1.9632145141769743,True,True,True,True,True,True,True,False,True,EN_AMBOS
INDICADOR_8_3_9,Área y sexo,area_1_sexo_2,1,Urbano Hombre,45.0,1.1,42.8,47.2,0.025,7586.0,Urbano Hombre,45.027005318347705,1.1271237192200418,42.81413755096143,47.23987308573398,0.025032171499106,7586.0,3237,7586,1.9632873744486168,1.963339390254202,True,True,True,True,True,True,True,False,True,EN_AMBOS
INDICADOR_8_3_9,Área y sexo,area_2_sexo_1,1,Rural Mujer,46.8,1.7,43.4,50.2,0.037,1618.0,Rural Mujer,46.7801349756848,1.7184916135879833,43.39840086315909,50.16186908821051,0.0367354992558532,1618.0,774,1618,1.967850227366019,1.9685031265484385,True,True,True,True,True,True,True,False,True,EN_AMBOS
INDICADOR_8_3_9,Área y sexo,area_2_sexo_2,1,Rural Hombre,34.6,1.7,31.3,38.0,0.049,1613.0,Rural Hombre,34.6424682068807,1.703190476210343,31.29079964043706,37.994136773324335,0.0491648131431944,1613.0,595,1613,1.9678765312856947,1.969273889655687,True,True,True,True,True,True,True,False,True,EN_AMBOS
LugarBano_ViolEsc,Nacional,national_single,1,Baño,2.5,0.2,2.1,3.0,0.089,462.0,Total,2.486751733428369,0.2207402152165428,2.087548030204723,2.9599876885936456,0.0887664869191499,462.0,462,18807,1.962142757779508,1.9671786747533688,True,True,True,True,True,True,True,False,True,EN_AMBOS
LugarFueraColegio_ViolEsc,Nacional,national_single,1,Fuera del colegio,9.4,0.5,8.5,10.3,0.05,1841.0,Total,9.367358762629989,0.4683010434438943,8.488014701569389,10.327520526375856,0.049992858746067,1841.0,1841,18807,1.962142757779508,1.962982868609185,True,True,True,True,True,True,True,False,True,EN_AMBOS
LugarOtro_ViolEsc,Nacional,national_single,1,Otro lugar,0.3,0.1,0.2,0.5,0.171,77.0,Total,0.3276196048231179,0.055878269498268,0.2324673020143437,0.4615389760553618,0.1705583813533892,77.0,77,18807,1.962142757779508,2.010634757624232,True,True,True,True,True,True,True,False,True,EN_AMBOS
LugarPasilloEscalera_ViolEsc,Nacional,national_single,1,Pasillo / escalera,4.0,0.3,3.5,4.6,0.065,870.0,Total,4.0225533882049325,0.263310498005697,3.5359666650896084,4.5729253843213975,0.0654585464987947,870.0,870,18807,1.962142757779508,1.964563095144114,True,True,True,True,True,True,True,False,True,EN_AMBOS
LugarPatio_ViolEsc,Nacional,national_single,1,Patio,18.0,0.6,16.8,19.3,0.035,3409.0,Total,18.01615533305278,0.6342960668533427,16.804783675074805,19.294597036746413,0.0352070713827412,3409.0,3409,18807,1.962142757779508,1.962395062179708,True,True,True,True,True,True,True,False,True,EN_AMBOS
LugarSalon_ViolEsc,Nacional,national_single,1,Salón de clase,49.0,0.9,47.3,50.7,0.018,9186.0,Total,48.99794764930132,0.8637966920226435,47.30302893606954,50.692866362533096,0.0176292423144984,9186.0,9186,18807,1.962142757779508,1.9621731929338644,True,True,True,True,True,True,True,False,True,EN_AMBOS
PV_VF_hogar_VP_escuela,Departamento,amazonas,1,Amazonas,13.7,2.3,9.2,18.2,0.1669999999999999,907.0,Amazonas,13.693808232970916,2.280297880433767,9.219538261297838,18.168078204643997,0.1665203602708148,907.0,104,907,2.000995378088267,2.011740513729765,True,True,True,True,True,True,True,False,True,EN_AMBOS
PV_VF_hogar_VP_escuela,Departamento,ancash,1,Áncash,11.2,1.6,8.1,14.2,0.139,705.0,Áncash,11.16203276567973,1.5514464950265874,8.11787326138091,14.20619226997855,0.1389931858824918,705.0,74,705,2.016692199227824,2.0369333434601016,True,True,True,True,True,True,True,False,True,EN_AMBOS
PV_VF_hogar_VP_escuela,Departamento,apurimac,1,Apurímac,12.9,2.0,9.0,16.9,0.155,698.0,Apurímac,12.921781613584136,2.003041946888667,8.991527363967974,16.852035863200303,0.1550128307990402,698.0,102,698,2.016692199227824,2.0280940009804507,True,True,True,True,True,True,True,False,True,EN_AMBOS
PV_VF_hogar_VP_escuela,Departamento,arequipa,1,Arequipa,10.4,1.5,7.5,13.3,0.14,760.0,Arequipa,10.411933088463138,1.460884394694821,7.5454693534595965,13.278396823466682,0.1403086614447745,760.0,77,760,2.0226909200367604,2.039513446396408,True,True,True,True,True,True,True,False,True,EN_AMBOS
PV_VF_hogar_VP_escuela,Departamento,ayacucho,1,Ayacucho,7.9,1.3,5.4,10.4,0.16,650.0,Ayacucho,7.937092966619279,1.2698510905334677,5.445463845870625,10.428722087367932,0.1599894439782966,650.0,65,650,2.0210753903062733,2.0484071417952445,True,True,True,True,True,True,True,False,True,EN_AMBOS
PV_VF_hogar_VP_escuela,Departamento,cajamarca,1,Cajamarca,9.9,1.7,6.6,13.2,0.1689999999999999,783.0,Cajamarca,9.914750065846766,1.6747650824773677,6.628621888281799,13.200878243411733,0.1689165204725042,783.0,68,783,2.004044783289145,2.032244509317718,True,True,True,True,True,True,True,False,True,EN_AMBOS
PV_VF_hogar_VP_escuela,Departamento,callao,1,Callao,10.1,1.5,7.3,13.0,0.144,610.0,Callao,10.147838943691392,1.458235279848322,7.286573150198432,13.009104737184348,0.1436990957325809,610.0,56,610,2.0422724563012378,2.063898561628025,True,True,True,True,True,True,True,False,True,EN_AMBOS
PV_VF_hogar_VP_escuela,Departamento,cusco,1,Cusco,7.2,1.4,4.5,10.0,0.191,716.0,Cusco,7.2474681647699395,1.3852837713255743,4.529343645393979,9.9655926841459,0.191140373414741,716.0,55,716,2.016692199227824,2.0452296421327034,True,True,True,True,True,True,True,False,True,EN_AMBOS
PV_VF_hogar_VP_escuela,Departamento,huancavelica,1,Huancavelica,6.5,1.4,3.8,9.2,0.212,771.0,Huancavelica,6.507763559917869,1.3826240479117915,3.79485779757596,9.220669322259775,0.2124576338986171,771.0,52,771,2.0057459953178687,2.063898561628025,True,True,True,True,True,True,True,False,True,EN_AMBOS
PV_VF_hogar_VP_escuela,Departamento,huanuco,1,Huánuco,7.7,1.4,5.0,10.4,0.18,687.0,Huánuco,7.702550719893275,1.3863628674763235,4.982308859820176,10.422792579966377,0.1799875025679198,687.0,64,687,2.016692199227824,2.051830516480285,True,True,True,True,True,True,True,False,True,EN_AMBOS
PV_VF_hogar_VP_escuela,Departamento,ica,1,Ica,7.1,1.0,5.2,9.0,0.139,716.0,Ica,7.09311737323995,0.9888916701961814,5.152770744336031,9.03346400214387,0.1394156642503832,716.0,53,716,2.026192463029109,2.0484071417952445,True,True,True,True,True,True,True,False,True,EN_AMBOS
PV_VF_hogar_VP_escuela,Departamento,junin,1,Junín,14.6,1.5,11.8,17.5,0.1,696.0,Junín,14.63326034108224,1.46738417803802,11.754043103264705,17.512477578899777,0.1002773232919531,696.0,91,696,2.0226909200367604,2.0301079282503425,True,True,True,True,True,True,True,False,True,EN_AMBOS
PV_VF_hogar_VP_escuela,Departamento,la libertad,1,La Libertad,11.5,1.7,8.3,14.8,0.145,687.0,La Libertad,11.544191163850313,1.668619260135879,8.270121967083298,14.81826036061733,0.1445418943997586,687.0,86,687,2.0226909200367604,2.0422724563012378,True,True,True,True,True,True,True,False,True,EN_AMBOS
PV_VF_hogar_VP_escuela,Departamento,lambayeque,1,Lambayeque,10.8,1.5,7.8,13.8,0.141,651.0,Lambayeque,10.819725482585794,1.529024137095546,7.819561845513707,13.81988911965788,0.1413182006841569,651.0,69,651,2.0301079282503425,2.0422724563012378,True,True,True,True,True,True,True,False,True,EN_AMBOS
PV_VF_hogar_VP_escuela,Departamento,lima metropolitana,1,Lima Metropolitana,11.4,1.2,9.0,13.8,0.107,796.0,Lima Metropolitana,11.430306220797664,1.2217237325493358,9.033109846968635,13.82750259462669,0.106884602122591,796.0,92,796,2.0210753903062733,2.0280940009804507,True,True,True,True,True,True,True,False,True,EN_AMBOS
PV_VF_hogar_VP_escuela,Departamento,loreto,1,Loreto,16.5,1.6,13.4,19.6,0.096,674.0,Loreto,16.49808715398673,1.5802951306267996,13.397322508273136,19.598851799700327,0.0957865670048254,674.0,102,674,2.019540970441376,2.026192463029109,True,True,True,True,True,True,True,False,True,EN_AMBOS
PV_VF_hogar_VP_escuela,Departamento,madre de dios,1,Madre de Dios,9.2,1.3,6.6,11.9,0.145,644.0,Madre de Dios,9.23556488495412,1.336980449548032,6.6122183785806605,11.858911391327585,0.1447643393991134,644.0,69,644,2.0301079282503425,2.0484071417952445,True,True,True,True,True,True,True,False,True,EN_AMBOS
PV_VF_hogar_VP_escuela,Departamento,moquegua,1,Moquegua,11.2,1.5,8.1,14.2,0.138,670.0,Moquegua,11.16345251592835,1.5417730659671038,8.13827366040149,14.18863137145521,0.1381089823033918,670.0,69,670,2.0301079282503425,2.0345152974493383,True,True,True,True,True,True,True,False,True,EN_AMBOS
PV_VF_hogar_VP_escuela,Departamento,pasco,1,Pasco,11.0,1.1,8.9,13.1,0.0969999999999999,990.0,Pasco,10.976672216937526,1.0671730759065978,8.882726294750116,13.070618139124935,0.0972219134192509,990.0,118,990,1.999623584994939,2.010634757624232,True,True,True,True,True,True,True,False,True,EN_AMBOS
PV_VF_hogar_VP_escuela,Departamento,piura,1,Piura,11.2,1.5,8.3,14.1,0.132,658.0,Piura,11.169128326750377,1.4765225623141198,8.271980274407682,14.066276379093068,0.1321967587011966,658.0,68,658,2.026192463029109,2.0484071417952445,True,True,True,True,True,True,True,False,True,EN_AMBOS
PV_VF_hogar_VP_escuela,Departamento,puno,1,Puno,14.5,1.5,11.5,17.6,0.106,979.0,Puno,14.538744364804904,1.540799252449723,11.5154762704186,17.562012459191205,0.1059788392854377,979.0,146,979,2.000995378088267,2.006646805061688,True,True,True,True,True,True,True,False,True,EN_AMBOS
PV_VF_hogar_VP_escuela,Departamento,region lima,1,Región Lima,10.1,1.2,7.7,12.5,0.119,679.0,Región Lima,10.10201802253806,1.2061863659794316,7.735308179999137,12.468727865076987,0.1194005359412718,679.0,72,679,2.026192463029109,2.0369333434601016,True,True,True,True,True,True,True,False,True,EN_AMBOS
PV_VF_hogar_VP_escuela,Departamento,san martin,1,San Martín,5.8,1.0,3.8,7.9,0.177,649.0,San Martín,5.8334557760966685,1.03411028409167,3.804383771420889,7.862527780772449,0.177272327721943,649.0,45,649,2.0226909200367604,2.0555294386428726,True,True,True,True,True,True,True,False,True,EN_AMBOS
PV_VF_hogar_VP_escuela,Departamento,tacna,1,Tacna,8.2,1.3,5.7,10.7,0.154,659.0,Tacna,8.24682190827757,1.2731050391179408,5.748808075879705,10.744835740675434,0.15437523124394,659.0,64,659,2.0345152974493383,2.0595385527532977,True,True,True,True,True,True,True,False,True,EN_AMBOS
PV_VF_hogar_VP_escuela,Departamento,tumbes,1,Tumbes,13.5,1.7,10.2,16.9,0.127,677.0,Tumbes,13.517963743737443,1.712147451899309,10.158486020742576,16.87744146673231,0.1266572010664333,677.0,84,677,2.0301079282503425,2.0345152974493383,True,True,True,True,True,True,True,False,True,EN_AMBOS
PV_VF_hogar_VP_escuela,Departamento,ucayali,1,Ucayali,9.4,1.5,6.6,12.3,0.154,695.0,Ucayali,9.4227026882209,1.453862770988411,6.570016381320743,12.27538899512106,0.1542936054647941,695.0,69,695,2.0226909200367604,2.0555294386428726,True,True,True,True,True,True,True,False,True,EN_AMBOS
PV_VF_hogar_VP_escuela,Discapacidad,bin_0,1,No,10.4,0.4,9.5,11.2,0.042,16778.0,0,10.380958759884807,0.4325876033160194,9.53178834274074,11.230129177028878,0.0416712572819063,16778.0,1709,16778,1.962142757779508,1.9630022003282483,True,True,True,True,True,True,True,False,True,EN_AMBOS
PV_VF_hogar_VP_escuela,Discapacidad,bin_1,1,Sí,14.8,1.3,12.2,17.5,0.09,2029.0,1,14.844466422490838,1.3351503585928763,12.21223031882676,17.476702526154916,0.089942630512471,2029.0,305,2029,1.9640483976635408,1.971490391867332,True,True,True,True,True,True,True,False,True,EN_AMBOS
PV_VF_hogar_VP_escuela,Etnicidad,etnicidad_1,1,Indígena andino,10.1,0.7,8.8,11.5,0.07,5249.0,1,10.146998120694663,0.7102962017578927,8.753295572537123,11.540700668852203,0.0700006241559514,5249.0,566,5249,1.9628366422266053,1.9672006833568587,True,True,True,True,True,True,True,False,True,EN_AMBOS
PV_VF_hogar_VP_escuela,Etnicidad,etnicidad_3,1,Indígena amazónico/nativo,11.9,2.4,7.1,16.7,0.206,433.0,3,11.855850748288493,2.445019963560463,7.058372534162015,16.65332896241497,0.2062289763485277,433.0,47,433,1.978524491479245,2.0422724563012378,True,True,True,True,True,True,True,False,True,EN_AMBOS
PV_VF_hogar_VP_escuela,Etnicidad,etnicidad_5,1,Afrodescendiente,11.4,1.1,9.2,13.5,0.0969999999999999,1806.0,5,11.376402819085104,1.1065719608046087,9.205150660230473,13.547654977939738,0.0972690558168544,1806.0,208,1806,1.96362596651301,1.9768109936328528,True,True,True,True,True,True,True,False,True,EN_AMBOS
PV_VF_hogar_VP_escuela,Etnicidad,etnicidad_6,1,No indígena ni afrodescendiente,11.2,0.6,10.0,12.4,0.055,8715.0,6,11.194242396833255,0.6110475923445092,9.995279788855871,12.39320500481064,0.0545858818027175,8715.0,930,8715,1.962322551204167,1.9643023609921693,True,True,True,True,True,True,True,False,True,EN_AMBOS
PV_VF_hogar_VP_escuela,Etnicidad,etnicidad_9,1,No sabe,10.5,1.0,8.5,12.5,0.096,2604.0,9,10.505819049178552,1.0127354660097163,8.518687489001133,12.492950609355972,0.0963975736940664,2604.0,263,2604,1.9629115987173988,1.972331675795748,True,True,True,True,True,True,True,False,True,EN_AMBOS
PV_VF_hogar_VP_escuela,Lengua materna,idioma_1,1,Castellano,11.0,0.4,10.1,11.8,0.039,17498.0,1,10.958225156213638,0.4304629440900137,10.113595407974971,11.802854904452303,0.0392821773556941,17498.0,1890,17498,1.9621649940614452,1.9629226273038616,True,True,True,True,True,True,True,False,True,EN_AMBOS
PV_VF_hogar_VP_escuela,Lengua materna,idioma_3,1,Quechua/Aymara,7.9,1.0,5.9,10.0,0.129,958.0,3,7.940192418766136,1.0247429521398426,5.929500456639351,9.95088438089292,0.1290576976091824,958.0,81,958,1.967404973747932,2.001717484145236,True,True,True,True,True,True,True,False,True,EN_AMBOS
PV_VF_hogar_VP_escuela,Lengua materna,idioma_4,1,Otra lengua nativa,13.6,3.2,7.3,19.9,0.235,275.0,4,13.639957964600214,3.2063014631876303,7.348736769348766,19.931179159851663,0.2350668140993502,275.0,35,275,2.00957523712924,2.085963447265865,True,True,True,True,True,True,True,False,True,EN_AMBOS
PV_VF_hogar_VP_escuela,Nacional,national_single,1,Total,10.9,0.4,10.1,11.7,0.038,18807.0,Total,10.892250932668947,0.4099341116734576,10.087635487978169,11.696866377359726,0.0376353899857328,18807.0,2014,18807,1.962142757779508,1.9627921214122173,True,True,True,True,True,True,True,False,True,EN_AMBOS
PV_VF_hogar_VP_escuela,Sexo,sexo_1,1,Mujer,13.1,0.6,11.9,14.3,0.047,9608.0,1,13.08867513232024,0.6165930056528743,11.8780484079862,14.299301856654278,0.0471088937130316,9608.0,1267,9608,1.962202376365632,1.9634130021507092,True,True,True,True,True,True,True,False,True,EN_AMBOS
PV_VF_hogar_VP_escuela,Sexo,sexo_2,1,Hombre,8.6,0.5,7.5,9.7,0.064,9199.0,2,8.58477689202189,0.5471282335176498,7.509753568531154,9.659800215512629,0.0637323765543765,9199.0,747,9199,1.9622476264013184,1.964847100978673,True,True,True,True,True,True,True,False,True,EN_AMBOS
PV_VF_hogar_VP_escuela,Tipo de hogar,hogar_1,1,Biparental,10.8,0.5,9.9,11.7,0.044,13464.0,1,10.812461013617988,0.474292142075188,9.881832121973428,11.743089905262549,0.0438653273734657,13464.0,1489,13464,1.962142757779508,1.9631405208983872,True,True,True,True,True,True,True,False,True,EN_AMBOS
PV_VF_hogar_VP_escuela,Tipo de hogar,hogar_2,1,Monoparental,12.1,1.0,10.1,14.0,0.0819999999999999,4397.0,2,12.075959849604937,0.9895363054134164,10.134170442256934,14.017749256952936,0.0819426627561857,4397.0,468,4397,1.962322551204167,1.966924645480436,True,True,True,True,True,True,True,False,True,EN_AMBOS
PV_VF_hogar_VP_escuela,Tipo de hogar,hogar_3,1,Sin figuras parentales / vive solo,6.1,1.5,3.2,9.0,0.241,929.0,3,6.1090378692286365,1.47238663900915,3.2169174251513333,9.00115831330594,0.241017762621115,929.0,56,929,1.9642398045825584,2.039513446396408,True,True,True,True,True,True,True,False,True,EN_AMBOS
PV_VF_hogar_VP_escuela,Área,area_1,1,Urbano,11.2,0.5,10.3,12.2,0.043,15576.0,1,11.239529738557987,0.4846917508683158,10.28776817288206,12.191291304233916,0.0431238461165814,15576.0,1719,15576,1.9630738928941311,1.963643003972867,True,True,True,True,True,True,True,False,True,EN_AMBOS
PV_VF_hogar_VP_escuela,Área,area_2,1,Rural,9.6,0.7,8.2,11.0,0.073,3231.0,2,9.58571517494285,0.6995506238584766,8.204848445894594,10.966581903991104,0.0729784487741831,3231.0,295,3231,1.967850227366019,1.973933954103104,True,True,True,True,True,True,True,False,True,EN_AMBOS
PV_VF_hogar_VP_escuela,Área y sexo,area_1_sexo_1,1,Urbano · Mujer,13.4,0.7,12.0,14.8,0.054,7990.0,Urbano Mujer,13.374418733698697,0.725426447771716,11.951028482901709,14.797808984495685,0.054239848640592,7990.0,1080,7990,1.9631967955598617,1.9643831785004149,True,True,True,True,True,True,True,False,True,EN_AMBOS
PV_VF_hogar_VP_escuela,Área y sexo,area_1_sexo_2,1,Urbano · Hombre,8.9,0.7,7.7,10.2,0.073,7586.0,Urbano Hombre,8.947321808165691,0.6503872206648879,7.671169233385738,10.223474382945644,0.072690715122297,7586.0,639,7586,1.9632873744486168,1.9659726084695504,True,True,True,True,True,True,True,False,True,EN_AMBOS
PV_VF_hogar_VP_escuela,Área y sexo,area_2_sexo_1,1,Rural · Mujer,12.0,1.1,9.9,14.0,0.089,1618.0,Rural Mujer,11.957030892732556,1.066604914898424,9.864199783552586,14.049862001912528,0.0892031579132828,1618.0,187,1618,1.967850227366019,1.9786708498378225,True,True,True,True,True,True,True,False,True,EN_AMBOS
PV_VF_hogar_VP_escuela,Área y sexo,area_2_sexo_2,1,Rural · Hombre,7.3,0.9,5.5,9.1,0.126,1613.0,Rural Hombre,7.290340487395343,0.9152085157271558,5.494570726403171,9.086110248387516,0.1255371429235038,1613.0,108,1613,1.9678765312856947,1.994437111771186,True,True,True,True,True,True,True,False,True,EN_AMBOS
PV_VF_hogar_escuela,Departamento,amazonas,1,Amazonas,4.3,0.9,2.5,6.1,0.211,907.0,Amazonas,4.294492310434646,0.9040092666169744,2.520697074976585,6.068287545892706,0.2105043393419138,907.0,43,907,2.000995378088267,2.039513446396408,True,True,True,True,True,True,True,False,True,EN_AMBOS
PV_VF_hogar_escuela,Departamento,ancash,1,Áncash,4.5,1.2,2.2,6.8,0.257,705.0,Áncash,4.493704441059185,1.1555505476947272,2.226349302651832,6.761059579466537,0.2571487650893121,705.0,28,705,2.016692199227824,2.1098155778333165,True,True,True,True,True,True,True,False,True,EN_AMBOS
PV_VF_hogar_escuela,Departamento,apurimac,1,Apurímac,5.6,0.9,3.9,7.3,0.153,698.0,Apurímac,5.626884052249178,0.8596343489181396,3.940158740180948,7.313609364317408,0.1527727141586517,698.0,49,698,2.016692199227824,2.051830516480285,True,True,True,True,True,True,True,False,True,EN_AMBOS
PV_VF_hogar_escuela,Departamento,arequipa,1,Arequipa,3.7,0.8,2.0,5.4,0.2289999999999999,760.0,Arequipa,3.711452710950785,0.8499251425334423,2.043778247874075,5.379127174027495,0.2290006659725733,760.0,33,760,2.0226909200367604,2.07961384472768,True,True,True,True,True,True,True,False,True,EN_AMBOS
PV_VF_hogar_escuela,Departamento,ayacucho,1,Ayacucho,3.6,0.8,2.1,5.2,0.215,650.0,Ayacucho,3.635557795201568,0.7824433825746907,2.100292178710137,5.170823411692997,0.215219624236866,650.0,29,650,2.0210753903062733,2.1009220402410382,True,True,True,True,True,True,True,False,True,EN_AMBOS
PV_VF_hogar_escuela,Departamento,cajamarca,1,Cajamarca,3.2,0.8,1.6,4.8,0.25,783.0,Cajamarca,3.1971677572132204,0.7990568879741277,1.6293040714209548,4.765031443005487,0.2499264813900843,783.0,24,783,2.004044783289145,2.1098155778333165,True,True,True,True,True,True,True,False,True,EN_AMBOS
PV_VF_hogar_escuela,Departamento,callao,1,Callao,5.0,1.5,2.1,7.9,0.297,610.0,Callao,5.004932412030329,1.488285888454676,2.084703034493546,7.925161789567113,0.2973638335009862,610.0,25,610,2.0422724563012378,2.160368656462792,True,True,True,True,True,True,True,False,True,EN_AMBOS
PV_VF_hogar_escuela,Departamento,cusco,1,Cusco,3.8,0.8,2.2,5.3,0.214,716.0,Cusco,3.764337980851995,0.8062411033724113,2.182377838845659,5.346298122858332,0.2141787234497822,716.0,31,716,2.016692199227824,2.073873067904026,True,True,True,True,True,True,True,False,True,EN_AMBOS
PV_VF_hogar_escuela,Departamento,huancavelica,1,Huancavelica,2.6,1.3,0.1,5.0,0.49,771.0,Huancavelica,2.573643616177692,1.2604140096177128,0.1005313954024665,5.046755836952918,0.4897391393644651,771.0,12,771,2.0057459953178687,2.306004135204166,True,True,True,True,True,True,True,False,True,EN_AMBOS
PV_VF_hogar_escuela,Departamento,huanuco,1,Huánuco,2.4,0.6,1.3,3.6,0.243,687.0,Huánuco,2.441485689847484,0.5927486901644635,1.2784281402579925,3.604543239436976,0.2427819637154996,687.0,25,687,2.016692199227824,2.093024054408309,True,True,True,True,True,True,True,False,True,EN_AMBOS
PV_VF_hogar_escuela,Departamento,ica,1,Ica,3.5,0.9,1.6,5.4,0.271,716.0,Ica,3.5019253813679057,0.9478345309534534,1.6421387208842502,5.361712041851561,0.2706609729597421,716.0,23,716,2.026192463029109,2.144786687917804,True,True,True,True,True,True,True,False,True,EN_AMBOS
PV_VF_hogar_escuela,Departamento,junin,1,Junín,7.7,1.0,5.7,9.7,0.133,696.0,Junín,7.717257571851023,1.024505810649002,5.70703091518306,9.727484228518987,0.132755166082045,696.0,48,696,2.0226909200367604,2.0422724563012378,True,True,True,True,True,True,True,False,True,EN_AMBOS
PV_VF_hogar_escuela,Departamento,la libertad,1,La Libertad,4.9,0.9,3.2,6.5,0.175,687.0,La Libertad,4.853373321279288,0.8516377626051351,3.182338453132079,6.524408189426498,0.1754733679503257,687.0,47,687,2.0226909200367604,2.068657610419048,True,True,True,True,True,True,True,False,True,EN_AMBOS
PV_VF_hogar_escuela,Departamento,lambayeque,1,Lambayeque,2.8,0.8,1.1,4.4,0.299,651.0,Lambayeque,2.774976038574906,0.8289107408202845,1.148534831628738,4.401417245521073,0.2987091525467633,651.0,19,651,2.0301079282503425,2.200985160091639,True,True,True,True,True,True,True,False,True,EN_AMBOS
PV_VF_hogar_escuela,Departamento,lima metropolitana,1,Lima Metropolitana,6.0,1.2,3.6,8.4,0.207,796.0,Lima Metropolitana,5.982825778218316,1.2375255760859378,3.5546239315343797,8.411027624902252,0.2068463334819809,796.0,41,796,2.0210753903062733,2.063898561628025,True,True,True,True,True,True,True,False,True,EN_AMBOS
PV_VF_hogar_escuela,Departamento,loreto,1,Loreto,6.3,1.2,3.9,8.6,0.1889999999999999,674.0,Loreto,6.26311970226814,1.183451756164711,3.941018409728112,8.585220994808168,0.188955634320087,674.0,35,674,2.019540970441376,2.073873067904026,True,True,True,True,True,True,True,False,True,EN_AMBOS
PV_VF_hogar_escuela,Departamento,madre de dios,1,Madre de Dios,5.0,1.0,3.0,6.9,0.198,644.0,Madre de Dios,4.958358665302951,0.9837123738470276,3.0281745552209185,6.888542775384984,0.1983947592841035,644.0,32,644,2.0301079282503425,2.085963447265865,True,True,True,True,True,True,True,False,True,EN_AMBOS
PV_VF_hogar_escuela,Departamento,moquegua,1,Moquegua,3.4,0.9,1.6,5.2,0.273,670.0,Moquegua,3.396648853916886,0.928846137942765,1.5741201312610236,5.219177576572748,0.2734595708566268,670.0,22,670,2.0301079282503425,2.131449545559775,True,True,True,True,True,True,True,False,True,EN_AMBOS
PV_VF_hogar_escuela,Departamento,pasco,1,Pasco,4.5,0.7,3.1,6.0,0.165,990.0,Pasco,4.524914932972767,0.7475516262629428,3.05811192343464,5.991717942510893,0.165207885084332,990.0,54,990,1.999623584994939,2.0345152974493383,True,True,True,True,True,True,True,False,True,EN_AMBOS
PV_VF_hogar_escuela,Departamento,piura,1,Piura,4.7,1.1,2.4,6.9,0.245,658.0,Piura,4.660135122444277,1.1403949656544583,2.422517399577172,6.897752845311383,0.2447128539604045,658.0,27,658,2.026192463029109,2.144786687917804,True,True,True,True,True,True,True,False,True,EN_AMBOS
PV_VF_hogar_escuela,Departamento,puno,1,Puno,5.3,0.8,3.7,7.0,0.158,979.0,Puno,5.316223392867941,0.8401714828372936,3.667687002525875,6.964759783210006,0.1580391606501033,979.0,63,979,2.000995378088267,2.0280940009804507,True,True,True,True,True,True,True,False,True,EN_AMBOS
PV_VF_hogar_escuela,Departamento,region lima,1,Región Lima,4.4,0.8,2.8,6.0,0.183,679.0,Región Lima,4.42713119547037,0.8103255728802314,2.8371567411998933,6.017105649740846,0.1830362682066702,679.0,28,679,2.026192463029109,2.085963447265865,True,True,True,True,True,True,True,False,True,EN_AMBOS
PV_VF_hogar_escuela,Departamento,san martin,1,San Martín,1.5,0.5,0.6,2.5,0.322,649.0,San Martín,1.5297520079126958,0.492534155307958,0.5633296821161387,2.496174333709253,0.3219699354930131,649.0,10,649,2.0226909200367604,2.262157162798205,True,True,True,True,True,True,True,False,True,EN_AMBOS
PV_VF_hogar_escuela,Departamento,tacna,1,Tacna,2.2,0.7,0.9,3.5,0.306,659.0,Tacna,2.2010984097213204,0.6736871582747089,0.8792280311035431,3.522968788339097,0.3060686225110689,659.0,17,659,2.0345152974493383,2.200985160091639,True,True,True,True,True,True,True,False,True,EN_AMBOS
PV_VF_hogar_escuela,Departamento,tumbes,1,Tumbes,5.3,1.1,3.1,7.4,0.205,677.0,Tumbes,5.263028819566181,1.0794214826752366,3.145049774743348,7.381007864389017,0.2050951115187339,677.0,37,677,2.0301079282503425,2.073873067904026,True,True,True,True,True,True,True,False,True,EN_AMBOS
PV_VF_hogar_escuela,Departamento,ucayali,1,Ucayali,4.3,0.8,2.7,5.8,0.186,695.0,Ucayali,4.275340142799472,0.7971987681668775,2.7111223533300883,5.839557932268856,0.1864644078692826,695.0,33,695,2.0226909200367604,2.085963447265865,True,True,True,True,True,True,True,False,True,EN_AMBOS
PV_VF_hogar_escuela,Discapacidad,bin_0,1,No,4.2,0.4,3.4,4.9,0.09,16778.0,0,4.173324855095073,0.3743932626217961,3.4387118262802745,4.907937883909871,0.0897110279265013,16778.0,690,16778,1.962142757779508,1.9653212845225936,True,True,True,True,True,True,True,False,True,EN_AMBOS
PV_VF_hogar_escuela,Discapacidad,bin_1,1,Sí,9.0,1.1,6.9,11.2,0.123,2029.0,1,9.0315082683852,1.1092021559187433,6.855095291235822,11.207921245534576,0.1228147196411817,2029.0,145,2029,1.9640483976635408,1.982815273795048,True,True,True,True,True,True,True,False,True,EN_AMBOS
PV_VF_hogar_escuela,Etnicidad,etnicidad_1,1,Indígena andino,3.9,0.5,2.9,4.8,0.123,5249.0,1,3.859063830643973,0.4727827738942058,2.9313965348445508,4.786731126443396,0.1225122969306551,5249.0,224,5249,1.9628366422266053,1.974996212767472,True,True,True,True,True,True,True,False,True,EN_AMBOS
PV_VF_hogar_escuela,Etnicidad,etnicidad_3,1,Indígena amazónico/nativo,6.6,1.9,2.9,10.3,0.286,433.0,3,6.6098663727519975,1.893490747163045,2.894567216283519,10.325165529220476,0.286464300544505,433.0,23,433,1.978524491479245,2.160368656462792,True,True,True,True,True,True,True,False,True,EN_AMBOS
PV_VF_hogar_escuela,Etnicidad,etnicidad_5,1,Afrodescendiente,5.9,0.9,4.1,7.7,0.156,1806.0,5,5.876350281238675,0.9156332086189194,4.07974721216465,7.672953350312701,0.155816648905741,1806.0,104,1806,1.96362596651301,1.993463566661872,True,True,True,True,True,True,True,False,True,EN_AMBOS
PV_VF_hogar_escuela,Etnicidad,etnicidad_6,1,No indígena ni afrodescendiente,4.8,0.5,3.8,5.8,0.106,8715.0,6,4.814407860178741,0.5121109212597807,3.809573124849071,5.819242595508412,0.1063704896079926,8715.0,375,8715,1.962322551204167,1.9684724997370189,True,True,True,True,True,True,True,False,True,EN_AMBOS
PV_VF_hogar_escuela,Etnicidad,etnicidad_9,1,No sabe,4.7,0.9,3.0,6.4,0.183,2604.0,9,4.689858785968327,0.8597609508326396,3.0028850628704395,6.376832509066214,0.183323419759455,2604.0,109,2604,1.9629115987173988,1.9908470688116908,True,True,True,True,True,True,True,False,True,EN_AMBOS
PV_VF_hogar_escuela,Lengua materna,idioma_1,1,Castellano,4.7,0.4,4.0,5.5,0.0819999999999999,17498.0,1,4.737353275674923,0.3862909751977253,3.979395236295122,5.495311315054723,0.0815415175349554,17498.0,775,17498,1.9621649940614452,1.96488764061164,True,True,True,True,True,True,True,False,True,EN_AMBOS
PV_VF_hogar_escuela,Lengua materna,idioma_3,1,Quechua/Aymara,3.6,0.8,2.1,5.1,0.217,958.0,3,3.5799386665259703,0.7784576623330982,2.052493602141116,5.107383730910825,0.2174499998036351,958.0,39,958,1.967404973747932,2.073873067904026,True,True,True,True,True,True,True,False,True,EN_AMBOS
PV_VF_hogar_escuela,Lengua materna,idioma_4,1,Otra lengua nativa,6.4,1.8,2.8,10.0,0.286,275.0,4,6.404922731276503,1.8334916769808407,2.8073503158395408,10.002495146713464,0.2862628877671761,275.0,17,275,2.00957523712924,2.262157162798205,True,True,True,True,True,True,True,False,True,EN_AMBOS
PV_VF_hogar_escuela,Nacional,national_single,1,Total,4.7,0.4,4.0,5.4,0.078,18807.0,Total,4.729826902571051,0.3668969843284877,4.009037892459366,5.450615912682736,0.0775709115547228,18807.0,835,18807,1.962142757779508,1.9645541961346644,True,True,True,True,True,True,True,False,True,EN_AMBOS
PV_VF_hogar_escuela,Sexo,sexo_1,1,Mujer,4.5,0.4,3.7,5.3,0.092,9608.0,1,4.508459383750023,0.4144773419153503,3.695195669047118,5.321723098452929,0.0919332540533166,9608.0,448,9608,1.962202376365632,1.967113444882232,True,True,True,True,True,True,True,False,True,EN_AMBOS
PV_VF_hogar_escuela,Sexo,sexo_2,1,Hombre,5.0,0.5,3.9,6.0,0.111,9199.0,2,4.962386625416512,0.5485717553776,3.886010528479962,6.038762722353062,0.1105459523383179,9199.0,387,9199,1.9622476264013184,1.968352158355156,True,True,True,True,True,True,True,False,True,EN_AMBOS
PV_VF_hogar_escuela,Tipo de hogar,hogar_1,1,Biparental,4.5,0.3,3.8,5.1,0.075,13464.0,1,4.459868272569516,0.33507744837374,3.802398483947745,5.117338061191287,0.0751316917664673,13464.0,607,13464,1.962142757779508,1.965669151283996,True,True,True,True,True,True,True,False,True,EN_AMBOS
PV_VF_hogar_escuela,Tipo de hogar,hogar_2,1,Monoparental,5.8,0.9,4.1,7.6,0.151,4397.0,2,5.825503952246148,0.8804189166876487,4.097996351055398,7.553011553436898,0.1511318031718413,4397.0,202,4397,1.962322551204167,1.9750920727120804,True,True,True,True,True,True,True,False,True,EN_AMBOS
PV_VF_hogar_escuela,Tipo de hogar,hogar_3,1,Sin figuras parentales / vive solo,3.4,1.3,0.8,6.0,0.39,929.0,3,3.370826436569637,1.3161312276068395,0.7883890800334238,5.953263793105851,0.390447640177587,929.0,25,929,1.9642398045825584,2.200985160091639,True,True,True,True,True,True,True,False,True,EN_AMBOS
PV_VF_hogar_escuela,Área,area_1,1,Urbano,5.0,0.4,4.1,5.8,0.09,15576.0,1,4.962060419934074,0.4471741258544835,4.084640947422318,5.839479892445832,0.0901186378259426,15576.0,708,15576,1.9630738928941311,1.965710612062246,True,True,True,True,True,True,True,False,True,EN_AMBOS
PV_VF_hogar_escuela,Área,area_2,1,Rural,3.9,0.4,3.0,4.7,0.113,3231.0,2,3.856115667010532,0.4359852324863881,3.00065040058855,4.711580933432513,0.1130633181510313,3231.0,127,3231,1.967850227366019,1.9893185571365724,True,True,True,True,True,True,True,False,True,EN_AMBOS
PV_VF_hogar_escuela,Área y sexo,area_1_sexo_1,1,Urbano · Mujer,4.6,0.5,3.6,5.5,0.108,7990.0,Urbano Mujer,4.560195822751134,0.4902646519254586,3.598226586580304,5.522165058921964,0.1075095612077653,7990.0,376,7990,1.9631967955598617,1.9688886224492936,True,True,True,True,True,True,True,False,True,EN_AMBOS
PV_VF_hogar_escuela,Área y sexo,area_1_sexo_2,1,Urbano · Hombre,5.4,0.7,4.1,6.7,0.126,7586.0,Urbano Hombre,5.39353822449596,0.6799544391109709,4.059370546174341,6.727705902817578,0.1260683452696795,7586.0,332,7586,1.9632873744486168,1.9701975989725256,True,True,True,True,True,True,True,False,True,EN_AMBOS
PV_VF_hogar_escuela,Área y sexo,area_2_sexo_1,1,Rural · Mujer,4.3,0.7,3.0,5.7,0.16,1618.0,Rural Mujer,4.3035650557932525,0.689586312606801,2.9504982666479425,5.656631844938563,0.1602360609556751,1618.0,72,1618,1.967850227366019,2.011740513729765,True,True,True,True,True,True,True,False,True,EN_AMBOS
PV_VF_hogar_escuela,Área y sexo,area_2_sexo_2,1,Rural · Hombre,3.4,0.6,2.3,4.5,0.162,1613.0,Rural Hombre,3.4229957778007627,0.5558895009270441,2.3322612194310985,4.513730336170427,0.1623985353800807,1613.0,55,1613,1.9678765312856947,2.039513446396408,True,True,True,True,True,True,True,False,True,EN_AMBOS
PV_VP_VF_hogar_escuela,Departamento,amazonas,1,Amazonas,2.3,0.7,0.9,3.8,0.314,907.0,Amazonas,2.336072053774481,0.7326976856217305,0.8984145962899956,3.773729511258966,0.3136451568083625,907.0,26,907,2.000995378088267,2.073873067904026,True,True,True,True,True,True,True,False,True,EN_AMBOS
PV_VP_VF_hogar_escuela,Departamento,ancash,1,Áncash,2.6,0.6,1.3,3.8,0.249,705.0,Áncash,2.552169726366984,0.6358751325232835,1.304491940234338,3.7998475124996296,0.2491508013569507,705.0,18,705,2.016692199227824,2.131449545559775,True,True,True,True,True,True,True,False,True,EN_AMBOS
PV_VP_VF_hogar_escuela,Departamento,apurimac,1,Apurímac,4.4,0.8,2.8,6.0,0.187,698.0,Apurímac,4.381885979300752,0.818402930181877,2.776062596898854,5.987709361702651,0.1867695631624981,698.0,37,698,2.016692199227824,2.068657610419048,True,True,True,True,True,True,True,False,True,EN_AMBOS
PV_VP_VF_hogar_escuela,Departamento,arequipa,1,Arequipa,2.0,0.7,0.6,3.3,0.346,760.0,Arequipa,1.95909142834856,0.6775784435129337,0.6295857925821454,3.288597064114974,0.3458636149942766,760.0,17,760,2.0226909200367604,2.200985160091639,True,True,True,True,True,True,True,False,True,EN_AMBOS
PV_VP_VF_hogar_escuela,Departamento,ayacucho,1,Ayacucho,2.9,0.7,1.5,4.2,0.248,650.0,Ayacucho,2.8530097806321306,0.707513398498828,1.4647674897356882,4.241252071528573,0.2479884237698151,650.0,21,650,2.0210753903062733,2.131449545559775,True,True,True,True,True,True,True,False,True,EN_AMBOS
PV_VP_VF_hogar_escuela,Departamento,cajamarca,1,Cajamarca,2.7,0.7,1.2,4.1,0.2769999999999999,783.0,Cajamarca,2.6711905279401376,0.739949416327931,1.2193041395691138,4.1230769163111605,0.2770110962090509,783.0,21,783,2.004044783289145,2.119905299221254,True,True,True,True,True,True,True,False,True,EN_AMBOS
PV_VP_VF_hogar_escuela,Departamento,callao,1,Callao,2.8,0.9,1.0,4.7,0.3289999999999999,610.0,Callao,2.834165609567392,0.9314493777352908,1.0065289588058617,4.661802260328922,0.3286502999651695,610.0,15,610,2.0422724563012378,2.200985160091639,True,True,True,True,True,True,True,False,True,EN_AMBOS
PV_VP_VF_hogar_escuela,Departamento,cusco,1,Cusco,2.2,0.6,1.1,3.3,0.256,716.0,Cusco,2.197926094749384,0.5619851910570152,1.0952309221375287,3.3006212673612394,0.2556888479551424,716.0,19,716,2.016692199227824,2.144786687917804,True,True,True,True,True,True,True,False,True,EN_AMBOS
PV_VP_VF_hogar_escuela,Departamento,huancavelica,1,Huancavelica,1.8,0.9,-0.0,3.6,0.512,771.0,Huancavelica,1.8045039186547989,0.9234503214202532,-0.0074374416891096,3.6164452789987074,0.5117474735708285,771.0,9,771,2.0057459953178687,2.3646242515927844,True,True,True,True,True,True,True,False,True,EN_AMBOS
PV_VP_VF_hogar_escuela,Departamento,huanuco,1,Huánuco,1.9,0.6,0.8,3.0,0.301,687.0,Huánuco,1.8761103439070568,0.5646008870166126,0.768282802411524,2.983937885402589,0.3009422600596158,687.0,17,687,2.016692199227824,2.144786687917804,True,True,True,True,True,True,True,False,True,EN_AMBOS
PV_VP_VF_hogar_escuela,Departamento,ica,1,Ica,2.5,0.7,1.2,3.8,0.267,716.0,Ica,2.46879655199965,0.6583186887239869,1.177081304608977,3.760511799390324,0.2666557064780282,716.0,15,716,2.026192463029109,2.200985160091639,True,True,True,True,True,True,True,False,True,EN_AMBOS
PV_VP_VF_hogar_escuela,Departamento,junin,1,Junín,5.3,1.0,3.4,7.2,0.184,696.0,Junín,5.2766079096104885,0.9707800268295383,3.3717989105699133,7.181416908651064,0.1839780486743044,696.0,34,696,2.0226909200367604,2.068657610419048,True,True,True,True,True,True,True,False,True,EN_AMBOS
PV_VP_VF_hogar_escuela,Departamento,la libertad,1,La Libertad,3.7,0.8,2.1,5.2,0.22,687.0,La Libertad,3.663285992148464,0.8053809754019161,2.083013544010198,5.243558440286729,0.2198520609988116,687.0,31,687,2.0226909200367604,2.119905299221254,True,True,True,True,True,True,True,False,True,EN_AMBOS
PV_VP_VF_hogar_escuela,Departamento,lambayeque,1,Lambayeque,2.6,0.8,1.0,4.2,0.319,651.0,Lambayeque,2.578591552390393,0.8215917669632207,0.9665112169922404,4.190671887788546,0.3186203593204177,651.0,16,651,2.0301079282503425,2.262157162798205,True,True,True,True,True,True,True,False,True,EN_AMBOS
PV_VP_VF_hogar_escuela,Departamento,lima metropolitana,1,Lima Metropolitana,3.2,0.6,2.0,4.4,0.188,796.0,Lima Metropolitana,3.208908855863101,0.6043858215489167,2.0230175932062764,4.394800118519926,0.188346210097125,796.0,25,796,2.0210753903062733,2.093024054408309,True,True,True,True,True,True,True,False,True,EN_AMBOS
PV_VP_VF_hogar_escuela,Departamento,loreto,1,Loreto,4.3,1.1,2.1,6.4,0.253,674.0,Loreto,4.267928988067557,1.0809769553390545,2.146897883822489,6.388960092312625,0.2532790396375601,674.0,23,674,2.019540970441376,2.131449545559775,True,True,True,True,True,True,True,False,True,EN_AMBOS
PV_VP_VF_hogar_escuela,Departamento,madre de dios,1,Madre de Dios,2.3,0.7,0.8,3.8,0.3229999999999999,644.0,Madre de Dios,2.3062043965928107,0.7456874319531612,0.8430592024187158,3.769349590766905,0.3233396974937871,644.0,16,644,2.0301079282503425,2.160368656462792,True,True,True,True,True,True,True,False,True,EN_AMBOS
PV_VP_VF_hogar_escuela,Departamento,moquegua,1,Moquegua,1.7,0.6,0.5,2.9,0.369,670.0,Moquegua,1.6926279161555706,0.62387043392978,0.4685050624274937,2.9167507698836475,0.3685809668948173,670.0,14,670,2.0301079282503425,2.228138851986274,True,True,True,True,True,True,True,False,True,EN_AMBOS
PV_VP_VF_hogar_escuela,Departamento,pasco,1,Pasco,3.1,0.7,1.8,4.4,0.214,990.0,Pasco,3.1351364259380428,0.6700806343683309,1.8203425620839235,4.449930289792162,0.2137325281364241,990.0,40,990,1.999623584994939,2.0595385527532977,True,True,True,True,True,True,True,False,True,EN_AMBOS
PV_VP_VF_hogar_escuela,Departamento,piura,1,Piura,3.2,0.9,1.4,4.9,0.28,658.0,Piura,3.190198385927784,0.8941290445783842,1.4357895565879968,4.944607215267571,0.2802738063320631,658.0,19,658,2.026192463029109,2.1788128296672284,True,True,True,True,True,True,True,False,True,EN_AMBOS
PV_VP_VF_hogar_escuela,Departamento,puno,1,Puno,3.4,0.6,2.2,4.7,0.183,979.0,Puno,3.4439223967499646,0.6310953248211101,2.2056232756837173,4.682221517816212,0.1832489969624971,979.0,46,979,2.000995378088267,2.0422724563012378,True,True,True,True,True,True,True,False,True,EN_AMBOS
PV_VP_VF_hogar_escuela,Departamento,region lima,1,Región Lima,3.2,0.7,1.9,4.5,0.207,679.0,Región Lima,3.165805376278467,0.6546838388775152,1.881222223189664,4.450388529367269,0.2067985112992393,679.0,23,679,2.026192463029109,2.1098155778333165,True,True,True,True,True,True,True,False,True,EN_AMBOS
PV_VP_VF_hogar_escuela,Departamento,san martin,1,San Martín,1.2,0.5,0.3,2.2,0.402,649.0,San Martín,1.214235910728173,0.488271165763625,0.2561781789925185,2.1722936424638277,0.40212215884046,649.0,7,649,2.0226909200367604,2.446911851144969,True,True,True,True,True,True,True,False,True,EN_AMBOS
PV_VP_VF_hogar_escuela,Departamento,tacna,1,Tacna,1.6,0.5,0.6,2.6,0.317,659.0,Tacna,1.610491924819176,0.5108163354607196,0.6081973516394575,2.6127864979988944,0.3171803146532842,659.0,14,659,2.0345152974493383,2.262157162798205,True,True,True,True,True,True,True,False,True,EN_AMBOS
PV_VP_VF_hogar_escuela,Departamento,tumbes,1,Tumbes,3.9,0.9,2.2,5.6,0.228,677.0,Tumbes,3.894116076136251,0.8888214806879047,2.1501214448456203,5.638110707426882,0.2282473001086796,677.0,28,677,2.0301079282503425,2.093024054408309,True,True,True,True,True,True,True,False,True,EN_AMBOS
PV_VP_VF_hogar_escuela,Departamento,ucayali,1,Ucayali,2.6,0.6,1.5,3.8,0.23,695.0,Ucayali,2.6441049209477034,0.6068594510681815,1.4533600440442234,3.834849797851184,0.2295141339741806,695.0,20,695,2.0226909200367604,2.131449545559775,True,True,True,True,True,True,True,False,True,EN_AMBOS
PV_VP_VF_hogar_escuela,Discapacidad,bin_0,1,No,2.5,0.2,2.1,2.9,0.083,16778.0,0,2.520363559858784,0.2083812963722607,2.111489708325247,2.9292374113923203,0.0826790625333181,16778.0,471,16778,1.962142757779508,1.967113444882232,True,True,True,True,True,True,True,False,True,EN_AMBOS
PV_VP_VF_hogar_escuela,Discapacidad,bin_1,1,Sí,6.8,1.1,4.7,8.9,0.158,2029.0,1,6.773625519253061,1.0693594875130477,4.675389545366529,8.871861493139594,0.1578710669011073,2029.0,100,2029,1.9640483976635408,1.9949454151072377,True,True,True,True,True,True,True,False,True,EN_AMBOS
PV_VP_VF_hogar_escuela,Etnicidad,etnicidad_1,1,Indígena andino,2.6,0.4,1.8,3.5,0.1689999999999999,5249.0,1,2.617941641642613,0.4415037858837147,1.7513418330282884,3.484541450256938,0.1686453887515596,5249.0,145,5249,1.9628366422266053,1.9825972617655003,True,True,True,True,True,True,True,False,True,EN_AMBOS
PV_VP_VF_hogar_escuela,Etnicidad,etnicidad_3,1,Indígena amazónico/nativo,5.6,1.8,2.0,9.2,0.324,433.0,3,5.599053820909024,1.812961570865807,2.01206495084034,9.186042690977708,0.3237978467175132,433.0,18,433,1.978524491479245,2.228138851986274,True,True,True,True,True,True,True,False,True,EN_AMBOS
PV_VP_VF_hogar_escuela,Etnicidad,etnicidad_5,1,Afrodescendiente,3.2,0.6,2.1,4.4,0.185,1806.0,5,3.242318422348889,0.5999228693670857,2.064294298154687,4.420342546543091,0.185028979643669,1806.0,68,1806,1.96362596651301,2.0141033888808466,True,True,True,True,True,True,True,False,True,EN_AMBOS
PV_VP_VF_hogar_escuela,Etnicidad,etnicidad_6,1,No indígena ni afrodescendiente,2.9,0.3,2.4,3.4,0.095,8715.0,6,2.9032635074981354,0.2768103692991545,2.360072277415251,3.44645473758102,0.0953445557333146,8715.0,264,8715,1.962322551204167,1.971896223633908,True,True,True,True,True,True,True,False,True,EN_AMBOS
PV_VP_VF_hogar_escuela,Etnicidad,etnicidad_9,1,No sabe,3.4,0.7,2.1,4.7,0.19,2604.0,9,3.429278438840789,0.6520194181733616,2.1494219603193274,4.70913491736225,0.1901331226967285,2604.0,76,2604,1.9629115987173988,2.00957523712924,True,True,True,True,True,True,True,False,True,EN_AMBOS
PV_VP_VF_hogar_escuela,Lengua materna,idioma_1,1,Castellano,3.0,0.2,2.6,3.5,0.071,17498.0,1,3.0298423409397337,0.2149079596211752,2.6081622443798738,3.4515224374995936,0.070930410047184,17498.0,540,17498,1.9621649940614452,1.966310160802412,True,True,True,True,True,True,True,False,True,EN_AMBOS
PV_VP_VF_hogar_escuela,Lengua materna,idioma_3,1,Quechua/Aymara,1.4,0.5,0.5,2.4,0.326,958.0,3,1.447145483570943,0.4714365245076607,0.5221197212554951,2.372171245886391,0.3257699587634788,958.0,17,958,1.967404973747932,2.3646242515927844,True,True,True,True,True,True,True,False,True,EN_AMBOS
PV_VP_VF_hogar_escuela,Lengua materna,idioma_4,1,Otra lengua nativa,4.5,1.7,1.1,7.8,0.382,275.0,4,4.460009764769538,1.705303049773344,1.1139617358374627,7.806057793701612,0.3823541067653833,275.0,10,275,2.00957523712924,2.5705818356363137,True,True,True,True,True,True,True,False,True,EN_AMBOS
PV_VP_VF_hogar_escuela,Nacional,national_single,1,Total,3.0,0.2,2.6,3.4,0.069,18807.0,Total,3.007572211220018,0.2064691735418998,2.602450217650059,3.412694204789977,0.0686497809667372,18807.0,571,18807,1.962142757779508,1.965942323976266,True,True,True,True,True,True,True,False,True,EN_AMBOS
PV_VP_VF_hogar_escuela,Sexo,sexo_1,1,Mujer,3.4,0.3,2.7,4.0,0.095,9608.0,1,3.3646145285889766,0.3194445427881052,2.735586694975246,3.9936423622027073,0.0949423894100793,9608.0,336,9608,1.962202376365632,1.969130003360173,True,True,True,True,True,True,True,False,True,EN_AMBOS
PV_VP_VF_hogar_escuela,Sexo,sexo_2,1,Hombre,2.6,0.3,2.1,3.1,0.099,9199.0,2,2.6324780564241754,0.2617292160004561,2.116006372295407,3.1489497405529434,0.0994231330292552,9199.0,235,9199,1.9622476264013184,1.973305433841471,True,True,True,True,True,True,True,False,True,EN_AMBOS
PV_VP_VF_hogar_escuela,Tipo de hogar,hogar_1,1,Biparental,2.9,0.2,2.5,3.3,0.073,13464.0,1,2.9041367750106186,0.2125457633456179,2.487091644765297,3.3211819052559406,0.0731872428235893,13464.0,414,13464,1.962142757779508,1.9678240977520869,True,True,True,True,True,True,True,False,True,EN_AMBOS
PV_VP_VF_hogar_escuela,Tipo de hogar,hogar_2,1,Monoparental,3.4,0.5,2.4,4.4,0.148,4397.0,2,3.382806672679602,0.5012680280405076,2.3991571170580706,4.366456228301133,0.1481811041963687,4397.0,141,4397,1.962322551204167,1.981371814876305,True,True,True,True,True,True,True,False,True,EN_AMBOS
PV_VP_VF_hogar_escuela,Tipo de hogar,hogar_3,1,Sin figuras parentales / vive solo,2.7,1.3,0.1,5.2,0.482,929.0,3,2.6599382023377736,1.2809116342096143,0.1439205842703544,5.175955820405193,0.4815569147748784,929.0,15,929,1.9642398045825584,2.446911851144969,True,True,True,True,True,True,True,False,True,EN_AMBOS
PV_VP_VF_hogar_escuela,Área,area_1,1,Urbano,3.1,0.2,2.6,3.6,0.078,15576.0,1,3.1215880249403627,0.2428455258615595,2.644864313115389,3.598311736765337,0.0777955079021675,15576.0,487,15576,1.9630738928941311,1.9673356073305248,True,True,True,True,True,True,True,False,True,EN_AMBOS
PV_VP_VF_hogar_escuela,Área,area_2,1,Rural,2.6,0.4,1.9,3.3,0.14,3231.0,2,2.578620789348729,0.3617323413230955,1.866785719230433,3.290455859467025,0.1402813251243727,3231.0,84,3231,1.967850227366019,2.004879288188057,True,True,True,True,True,True,True,False,True,EN_AMBOS
PV_VP_VF_hogar_escuela,Área y sexo,area_1_sexo_1,1,Urbano · Mujer,3.4,0.4,2.7,4.2,0.11,7990.0,Urbano Mujer,3.416596876250471,0.3742992393151008,2.6817738090465717,4.151419943454371,0.109553234657837,7990.0,283,7990,1.9631967955598617,1.9713247932433295,True,True,True,True,True,True,True,False,True,EN_AMBOS
PV_VP_VF_hogar_escuela,Área y sexo,area_1_sexo_2,1,Urbano · Hombre,2.8,0.3,2.2,3.4,0.1119999999999999,7586.0,Urbano Hombre,2.804840114370716,0.3130421432186929,2.1902484269191205,3.419431801822312,0.1116078387551605,7586.0,204,7586,1.9632873744486168,1.9761224936137385,True,True,True,True,True,True,True,False,True,EN_AMBOS
PV_VP_VF_hogar_escuela,Área y sexo,area_2_sexo_1,1,Rural · Mujer,3.2,0.6,2.0,4.3,0.179,1618.0,Rural Mujer,3.158746316640942,0.5669436073993388,2.043086209916442,4.274406423365442,0.1794837415124349,1618.0,53,1618,1.967850227366019,2.0345152974493383,True,True,True,True,True,True,True,False,True,EN_AMBOS
PV_VP_VF_hogar_escuela,Área y sexo,area_2_sexo_2,1,Rural · Hombre,2.0,0.4,1.2,2.9,0.214,1613.0,Rural Hombre,2.0170736950681407,0.4326203995080135,1.1657301639208797,2.868417226215402,0.2144792233252532,1613.0,31,1613,1.9678765312856947,2.160368656462792,True,True,True,True,True,True,True,False,True,EN_AMBOS
PV_VP_VF_hogar_escuela_VS,Departamento,amazonas,1,Amazonas,1.8,0.7,0.4,3.2,0.3939999999999999,907.0,Amazonas,1.8162521277918895,0.7160277364890258,0.4113034902706938,3.2212007653130854,0.3942336669741647,907.0,17,907,2.000995378088267,2.144786687917804,True,True,True,True,True,True,True,False,True,EN_AMBOS
PV_VP_VF_hogar_escuela_VS,Departamento,ancash,1,Áncash,1.1,0.4,0.3,2.0,0.372,705.0,Áncash,1.145318616177866,0.4262055080435065,0.3090425652445639,1.9815946671111684,0.3721283335687241,705.0,10,705,2.016692199227824,2.306004135204166,True,True,True,True,True,True,True,False,True,EN_AMBOS
PV_VP_VF_hogar_escuela_VS,Departamento,apurimac,1,Apurímac,2.2,0.6,1.1,3.3,0.265,698.0,Apurímac,2.194195931197853,0.5812808090790809,1.053640001427122,3.334751860968585,0.264917458288125,698.0,17,698,2.016692199227824,2.119905299221254,True,True,True,True,True,True,True,False,True,EN_AMBOS
PV_VP_VF_hogar_escuela_VS,Departamento,arequipa,1,Arequipa,1.5,0.6,0.3,2.8,0.413,760.0,Arequipa,1.5221751149865803,0.6280389159511259,0.2898731044493854,2.754477125523775,0.4125930780025022,760.0,14,760,2.0226909200367604,2.228138851986274,True,True,True,True,True,True,True,False,True,EN_AMBOS
PV_VP_VF_hogar_escuela_VS,Departamento,ayacucho,1,Ayacucho,1.4,0.5,0.4,2.5,0.377,650.0,Ayacucho,1.4346982490455704,0.5405628731466837,0.3740367223763219,2.4953597757148187,0.376778094980106,650.0,13,650,2.0210753903062733,2.306004135204166,True,True,True,True,True,True,True,False,True,EN_AMBOS
PV_VP_VF_hogar_escuela_VS,Departamento,cajamarca,1,Cajamarca,1.5,0.7,0.2,2.8,0.436,783.0,Cajamarca,1.5053969809560148,0.656479390032196,0.2172907001728325,2.793503261739197,0.4360839023440138,783.0,11,783,2.004044783289145,2.306004135204166,True,True,True,True,True,True,True,False,True,EN_AMBOS
PV_VP_VF_hogar_escuela_VS,Departamento,callao,1,Callao,1.5,0.5,0.4,2.6,0.363,610.0,Callao,1.510062093177563,0.5488942061987037,0.4330533016976449,2.5870708846574813,0.3634911495882183,610.0,9,610,2.0422724563012378,2.3646242515927844,True,True,True,True,True,True,True,False,True,EN_AMBOS
PV_VP_VF_hogar_escuela_VS,Departamento,cusco,1,Cusco,1.1,0.3,0.4,1.8,0.313,716.0,Cusco,1.1164223122063146,0.3493008942391231,0.4310440922891132,1.801800532123516,0.3128752358494358,716.0,12,716,2.016692199227824,2.228138851986274,True,True,True,True,True,True,True,False,True,EN_AMBOS
PV_VP_VF_hogar_escuela_VS,Departamento,huancavelica,1,Huancavelica,1.5,0.9,-0.3,3.2,0.598,771.0,Huancavelica,1.4947960256488444,0.8933115068978146,-0.2580086780518015,3.2476007293494904,0.5976143176525077,771.0,7,771,2.0057459953178687,2.5705818356363137,True,True,True,True,True,True,True,False,True,EN_AMBOS
PV_VP_VF_hogar_escuela_VS,Departamento,huanuco,1,Huánuco,0.8,0.3,0.1,1.4,0.433,687.0,Huánuco,0.7517522241708506,0.3258822120943136,0.1123248018208275,1.3911796465208737,0.4334968379425112,687.0,7,687,2.016692199227824,2.446911851144969,True,True,True,True,True,True,True,False,True,EN_AMBOS
PV_VP_VF_hogar_escuela_VS,Departamento,ica,1,Ica,1.3,0.4,0.4,2.2,0.3339999999999999,716.0,Ica,1.3034300460572203,0.4357696151127946,0.4483878517032868,2.158472240411154,0.3343252800033002,716.0,8,716,2.026192463029109,2.3646242515927844,True,True,True,True,True,True,True,False,True,EN_AMBOS
PV_VP_VF_hogar_escuela_VS,Departamento,junin,1,Junín,2.9,0.7,1.5,4.3,0.25,696.0,Junín,2.919308175603873,0.7290029330688407,1.4889003500828284,4.349716001124918,0.2497177033795148,696.0,19,696,2.0226909200367604,2.131449545559775,True,True,True,True,True,True,True,False,True,EN_AMBOS
PV_VP_VF_hogar_escuela_VS,Departamento,la libertad,1,La Libertad,1.9,0.6,0.8,3.0,0.298,687.0,La Libertad,1.868648617042146,0.5560950122013003,0.7775108162140575,2.9597864178702347,0.2975920711522181,687.0,14,687,2.0226909200367604,2.200985160091639,True,True,True,True,True,True,True,False,True,EN_AMBOS
PV_VP_VF_hogar_escuela_VS,Departamento,lambayeque,1,Lambayeque,1.3,0.7,0.0,2.6,0.506,651.0,Lambayeque,1.3182292611957878,0.6665751812766776,0.0103135967381921,2.6261449256533838,0.5056595244077773,651.0,10,651,2.0301079282503425,2.7764451051977934,True,True,True,True,True,True,True,False,True,EN_AMBOS
PV_VP_VF_hogar_escuela_VS,Departamento,lima metropolitana,1,Lima Metropolitana,2.5,0.6,1.4,3.6,0.223,796.0,Lima Metropolitana,2.516176587447798,0.5611130655373291,1.4151926496082696,3.617160525287327,0.2230022599910111,796.0,19,796,2.0210753903062733,2.119905299221254,True,True,True,True,True,True,True,False,True,EN_AMBOS
PV_VP_VF_hogar_escuela_VS,Departamento,loreto,1,Loreto,2.8,1.0,0.8,4.7,0.356,674.0,Loreto,2.7957568749470503,0.9957339858722496,0.8419846458928928,4.749529104001208,0.3561590046670665,674.0,15,674,2.019540970441376,2.200985160091639,True,True,True,True,True,True,True,False,True,EN_AMBOS
PV_VP_VF_hogar_escuela_VS,Departamento,madre de dios,1,Madre de Dios,1.2,0.7,-0.2,2.5,0.5770000000000001,644.0,Madre de Dios,1.1775296498454162,0.6796686330388902,-0.1560772361617401,2.511136535852573,0.577198742407986,644.0,5,644,2.0301079282503425,2.7764451051977934,True,True,True,True,True,True,True,False,True,EN_AMBOS
PV_VP_VF_hogar_escuela_VS,Departamento,moquegua,1,Moquegua,1.1,0.5,0.1,2.0,0.45,670.0,Moquegua,1.080410213259902,0.4859093695710287,0.1269866628189016,2.0338337637009025,0.4497452575026139,670.0,9,670,2.0301079282503425,2.446911851144969,True,True,True,True,True,True,True,False,True,EN_AMBOS
PV_VP_VF_hogar_escuela_VS,Departamento,pasco,1,Pasco,2.4,0.6,1.2,3.6,0.25,990.0,Pasco,2.404250494353416,0.6019162968096987,1.2232047917788047,3.585296196928027,0.2503550683355788,990.0,25,990,1.999623584994939,2.093024054408309,True,True,True,True,True,True,True,False,True,EN_AMBOS
PV_VP_VF_hogar_escuela_VS,Departamento,piura,1,Piura,0.9,0.4,0.1,1.7,0.446,658.0,Piura,0.887409519157663,0.3961122640264846,0.1101807090304518,1.664638329284874,0.4463691852240642,658.0,7,658,2.026192463029109,2.5705818356363137,True,True,True,True,True,True,True,False,True,EN_AMBOS
PV_VP_VF_hogar_escuela_VS,Departamento,puno,1,Puno,1.5,0.4,0.8,2.3,0.258,979.0,Puno,1.520081320868686,0.3922715309700878,0.7503885772926483,2.289774064444724,0.2580595693037758,979.0,21,979,2.000995378088267,2.119905299221254,True,True,True,True,True,True,True,False,True,EN_AMBOS
PV_VP_VF_hogar_escuela_VS,Departamento,region lima,1,Región Lima,1.5,0.5,0.6,2.4,0.304,679.0,Región Lima,1.533913379211307,0.4661609726492011,0.6192390027682259,2.448587755654388,0.3039030619114146,679.0,12,679,2.026192463029109,2.262157162798205,True,True,True,True,True,True,True,False,True,EN_AMBOS
PV_VP_VF_hogar_escuela_VS,Departamento,san martin,1,San Martín,1.0,0.5,0.1,1.9,0.478,649.0,San Martín,0.9744493276034262,0.465780793219598,0.0605209174747973,1.8883777377320548,0.4779938576848788,649.0,5,649,2.0226909200367604,2.7764451051977934,True,True,True,True,True,True,True,False,True,EN_AMBOS
PV_VP_VF_hogar_escuela_VS,Departamento,tacna,1,Tacna,1.1,0.4,0.3,1.9,0.367,659.0,Tacna,1.0822393043620693,0.3969885243934561,0.3032911463018758,1.8611874624222624,0.3668213885721538,659.0,8,659,2.0345152974493383,2.446911851144969,True,True,True,True,True,True,True,False,True,EN_AMBOS
PV_VP_VF_hogar_escuela_VS,Departamento,tumbes,1,Tumbes,1.8,0.6,0.6,3.1,0.354,677.0,Tumbes,1.8315018739795823,0.6479006972868331,0.5602282130379296,3.102775534921235,0.353753772514052,677.0,11,677,2.0301079282503425,2.306004135204166,True,True,True,True,True,True,True,False,True,EN_AMBOS
PV_VP_VF_hogar_escuela_VS,Departamento,ucayali,1,Ucayali,1.2,0.4,0.4,2.1,0.337,695.0,Ucayali,1.2477331366449054,0.4199626788102221,0.4237064078797465,2.0717598654100646,0.336580528701419,695.0,10,695,2.0226909200367604,2.306004135204166,True,True,True,True,True,True,True,False,True,EN_AMBOS
PV_VP_VF_hogar_escuela_VS,Discapacidad,bin_0,1,No,1.6,0.2,1.2,1.9,0.119,16778.0,0,1.56682275877475,0.1866452089358335,1.200598213787061,1.933047303762439,0.1191233710964152,16778.0,263,16778,1.962142757779508,1.971896223633908,True,True,True,True,True,True,True,False,True,EN_AMBOS
PV_VP_VF_hogar_escuela_VS,Discapacidad,bin_1,1,Sí,3.5,0.8,1.9,5.1,0.228,2029.0,1,3.5080585615112376,0.7995707888487161,1.937662834854343,5.078454288168132,0.2279240140461819,2029.0,52,2029,1.9640483976635408,2.0422724563012378,True,True,True,True,True,True,True,False,True,EN_AMBOS
PV_VP_VF_hogar_escuela_VS,Etnicidad,etnicidad_1,1,Indígena andino,1.2,0.3,0.6,1.9,0.258,5249.0,1,1.2406947781883997,0.3205280141894159,0.6115506470772848,1.8698389092995145,0.2583455817049822,5249.0,74,5249,1.9628366422266053,2.006646805061688,True,True,True,True,True,True,True,False,True,EN_AMBOS
PV_VP_VF_hogar_escuela_VS,Etnicidad,etnicidad_3,1,Indígena amazónico/nativo,3.8,1.5,0.8,6.9,0.4029999999999999,433.0,3,3.826731808127098,1.540897877276194,0.7780276190677692,6.875435997186427,0.4026668067000883,433.0,12,433,1.978524491479245,2.3646242515927844,True,True,True,True,True,True,True,False,True,EN_AMBOS
PV_VP_VF_hogar_escuela_VS,Etnicidad,etnicidad_5,1,Afrodescendiente,1.6,0.5,0.7,2.6,0.299,1806.0,5,1.6184831763612209,0.4832577322520028,0.6695457447929964,2.5674206079294453,0.2985868122141957,1806.0,31,1806,1.96362596651301,2.144786687917804,True,True,True,True,True,True,True,False,True,EN_AMBOS
PV_VP_VF_hogar_escuela_VS,Etnicidad,etnicidad_6,1,No indígena ni afrodescendiente,1.9,0.3,1.4,2.4,0.133,8715.0,6,1.90028241825162,0.2529225961815551,1.403966704055449,2.3965981324477905,0.1330973721339062,8715.0,157,8715,1.962322551204167,1.9799304050824225,True,True,True,True,True,True,True,False,True,EN_AMBOS
PV_VP_VF_hogar_escuela_VS,Etnicidad,etnicidad_9,1,No sabe,2.1,0.6,0.9,3.2,0.284,2604.0,9,2.0804342420827107,0.5912921370522563,0.9197800480324388,3.241088436132982,0.2842157301065748,2604.0,41,2604,1.9629115987173988,2.068657610419048,True,True,True,True,True,True,True,False,True,EN_AMBOS
PV_VP_VF_hogar_escuela_VS,Lengua materna,idioma_1,1,Castellano,1.8,0.2,1.4,2.2,0.102,17498.0,1,1.8052746433965008,0.1839202524888332,1.4443968519665584,2.166152434826444,0.1018793750643945,17498.0,296,17498,1.9621649940614452,1.970469512651475,True,True,True,True,True,True,True,False,True,EN_AMBOS
PV_VP_VF_hogar_escuela_VS,Lengua materna,idioma_3,1,Quechua/Aymara,0.7,0.3,0.1,1.2,0.3929999999999999,958.0,3,0.6505566124447137,0.2554812898316731,0.1492658498533288,1.151847375036099,0.3927118485070885,958.0,8,958,1.967404973747932,12.706204736174694,True,True,True,True,True,True,True,False,True,EN_AMBOS
PV_VP_VF_hogar_escuela_VS,Lengua materna,idioma_4,1,Otra lengua nativa,4.5,1.7,1.1,7.8,0.382,275.0,4,4.460009764769538,1.705303049773344,1.1139617358374627,7.806057793701612,0.3823541067653833,275.0,10,275,2.00957523712924,2.5705818356363137,True,True,True,True,True,True,True,False,True,EN_AMBOS
PV_VP_VF_hogar_escuela_VS,Nacional,national_single,1,Total,1.8,0.2,1.4,2.1,0.099,18807.0,Total,1.7891901761722149,0.1770178287819482,1.4418559254298624,2.136524426914568,0.0989374025966648,18807.0,315,18807,1.962142757779508,1.9698151341354369,True,True,True,True,True,True,True,False,True,EN_AMBOS
PV_VP_VF_hogar_escuela_VS,Sexo,sexo_1,1,Mujer,2.1,0.3,1.5,2.6,0.139,9608.0,1,2.0534599994821496,0.2852262963226652,1.4938052878243604,2.613114711139939,0.1389003420541889,9608.0,198,9608,1.962202376365632,1.9757989238179336,True,True,True,True,True,True,True,False,True,EN_AMBOS
PV_VP_VF_hogar_escuela_VS,Sexo,sexo_2,1,Hombre,1.5,0.2,1.1,1.9,0.147,9199.0,2,1.5115590350152062,0.2221447638352965,1.07567929547714,1.9474387745532724,0.1469640011996368,9199.0,117,9199,1.9622476264013184,1.986978699506281,True,True,True,True,True,True,True,False,True,EN_AMBOS
PV_VP_VF_hogar_escuela_VS,Tipo de hogar,hogar_1,1,Biparental,1.7,0.2,1.4,2.1,0.106,13464.0,1,1.7283179732508855,0.1824546847213805,1.3703158350018854,2.086320111499885,0.1055677760372946,13464.0,229,13464,1.962142757779508,1.9735343877061016,True,True,True,True,True,True,True,False,True,EN_AMBOS
PV_VP_VF_hogar_escuela_VS,Tipo de hogar,hogar_2,1,Monoparental,1.9,0.4,1.1,2.7,0.21,4397.0,2,1.944605703271351,0.408573961776965,1.1429252631533977,2.7462861433893044,0.2101063269996758,4397.0,78,4397,1.962322551204167,2.002465459291007,True,True,True,True,True,True,True,False,True,EN_AMBOS
PV_VP_VF_hogar_escuela_VS,Tipo de hogar,hogar_3,1,Sin figuras parentales / vive solo,1.9,1.2,-0.4,4.2,0.626,929.0,3,1.872436142835864,1.1722045459150192,-0.4275965175675075,4.172468803239236,0.6260317877327864,929.0,7,929,1.9642398045825584,12.706204736174694,True,True,True,True,True,True,True,False,True,EN_AMBOS
PV_VP_VF_hogar_escuela_VS,Área,area_1,1,Urbano,1.9,0.2,1.5,2.3,0.113,15576.0,1,1.867552241571786,0.210241001359023,1.4529007405738286,2.282203742569743,0.1125757002556877,15576.0,263,15576,1.9630738928941311,1.9722675325821333,True,True,True,True,True,True,True,False,True,EN_AMBOS
PV_VP_VF_hogar_escuela_VS,Área,area_2,1,Rural,1.5,0.3,0.9,2.1,0.195,3231.0,2,1.4943756388102007,0.2912024817779943,0.8996608310684397,2.0890904465519617,0.1948656510553433,3231.0,52,3231,1.967850227366019,2.0422724563012378,True,True,True,True,True,True,True,False,True,EN_AMBOS
PV_VP_VF_hogar_escuela_VS,Área y sexo,area_1_sexo_1,1,Urbano · Mujer,2.1,0.3,1.4,2.8,0.162,7990.0,Urbano Mujer,2.107982719318429,0.3414304958771317,1.4376874639060295,2.7782779747308286,0.1619702537160864,7990.0,164,7990,1.9631967955598617,1.98009987645692,True,True,True,True,True,True,True,False,True,EN_AMBOS
PV_VP_VF_hogar_escuela_VS,Área y sexo,area_1_sexo_2,1,Urbano · Hombre,1.6,0.3,1.1,2.1,0.166,7586.0,Urbano Hombre,1.6094045584588563,0.2670428074496615,1.085122786155623,2.13368633076209,0.1659264639497343,7586.0,99,7586,1.9632873744486168,1.993943367845625,True,True,True,True,True,True,True,False,True,EN_AMBOS
PV_VP_VF_hogar_escuela_VS,Área y sexo,area_2_sexo_1,1,Rural · Mujer,1.8,0.4,1.0,2.7,0.228,1618.0,Rural Mujer,1.837531028433524,0.4181902330420575,1.014595283259463,2.660466773607585,0.2275826783717281,1618.0,34,1618,1.967850227366019,2.1009220402410382,True,True,True,True,True,True,True,False,True,EN_AMBOS
PV_VP_VF_hogar_escuela_VS,Área y sexo,area_2_sexo_2,1,Rural · Hombre,1.2,0.4,0.5,1.9,0.302,1613.0,Rural Hombre,1.162209749077448,0.3508955788454599,0.4716905745355585,1.852728923619338,0.3019210423282009,1613.0,18,1613,1.9678765312856947,2.3646242515927844,True,True,True,True,True,True,True,False,True,EN_AMBOS
PV_VP_hogar_VF_escuela,Departamento,amazonas,1,Amazonas,4.7,1.1,2.5,6.8,0.238,907.0,Amazonas,4.660083889895418,1.108803097035722,2.4844539232432865,6.8357138565475495,0.2379362954044601,907.0,50,907,2.000995378088267,2.0369333434601016,True,True,True,True,True,True,True,False,True,EN_AMBOS
PV_VP_hogar_VF_escuela,Departamento,ancash,1,Áncash,4.8,1.0,2.8,6.8,0.209,705.0,Áncash,4.796526423751462,1.0020034827813529,2.830452546742188,6.762600300760738,0.2089018998873074,705.0,35,705,2.016692199227824,2.07961384472768,True,True,True,True,True,True,True,False,True,EN_AMBOS
PV_VP_hogar_VF_escuela,Departamento,apurimac,1,Apurímac,9.5,1.2,7.0,11.9,0.131,698.0,Apurímac,9.467142210860494,1.2419702130855657,7.030219351876781,11.90406506984421,0.1311874465834901,698.0,72,698,2.016692199227824,2.0280940009804507,True,True,True,True,True,True,True,False,True,EN_AMBOS
PV_VP_hogar_VF_escuela,Departamento,arequipa,1,Arequipa,8.3,1.3,5.7,10.8,0.157,760.0,Arequipa,8.294511894123154,1.3012907438374122,5.741193685337068,10.847830102909242,0.1568857529470065,760.0,61,760,2.0226909200367604,2.051830516480285,True,True,True,True,True,True,True,False,True,EN_AMBOS
PV_VP_hogar_VF_escuela,Departamento,ayacucho,1,Ayacucho,6.4,1.5,3.4,9.4,0.238,650.0,Ayacucho,6.403005052109896,1.5214559943690709,3.417691191478404,9.38831891274139,0.2376159290812562,650.0,44,650,2.0210753903062733,2.07961384472768,True,True,True,True,True,True,True,False,True,EN_AMBOS
PV_VP_hogar_VF_escuela,Departamento,cajamarca,1,Cajamarca,4.7,1.0,2.6,6.7,0.22,783.0,Cajamarca,4.654201102243506,1.0219973837997964,2.6488963371511307,6.65950586733588,0.2195859958236772,783.0,35,783,2.004044783289145,2.0595385527532977,True,True,True,True,True,True,True,False,True,EN_AMBOS
PV_VP_hogar_VF_escuela,Departamento,callao,1,Callao,6.3,1.5,3.3,9.3,0.243,610.0,Callao,6.296486622475536,1.5329198152388137,3.2886791087479974,9.304294136203076,0.2434563760950434,610.0,37,610,2.0422724563012378,2.093024054408309,True,True,True,True,True,True,True,False,True,EN_AMBOS
PV_VP_hogar_VF_escuela,Departamento,cusco,1,Cusco,5.8,1.2,3.5,8.1,0.204,716.0,Cusco,5.810811369859576,1.182668762232432,3.4902464231931543,8.131376316525998,0.2035290232215905,716.0,42,716,2.016692199227824,2.063898561628025,True,True,True,True,True,True,True,False,True,EN_AMBOS
PV_VP_hogar_VF_escuela,Departamento,huancavelica,1,Huancavelica,2.8,1.1,0.8,4.9,0.374,771.0,Huancavelica,2.839328832472499,1.0617829689414533,0.7559590696304023,4.922698595314595,0.3739556182426564,771.0,20,771,2.0057459953178687,2.1788128296672284,True,True,True,True,True,True,True,False,True,EN_AMBOS
PV_VP_hogar_VF_escuela,Departamento,huanuco,1,Huánuco,4.4,1.1,2.3,6.5,0.244,687.0,Huánuco,4.394971246272546,1.0709127104404323,2.2936876272678286,6.496254865277264,0.243667739885373,687.0,35,687,2.016692199227824,2.07961384472768,True,True,True,True,True,True,True,False,True,EN_AMBOS
PV_VP_hogar_VF_escuela,Departamento,ica,1,Ica,6.5,1.0,4.6,8.3,0.148,716.0,Ica,6.454015273817798,0.956773449384985,4.576689179271332,8.331341368364264,0.1482446831612495,716.0,46,716,2.026192463029109,2.0484071417952445,True,True,True,True,True,True,True,False,True,EN_AMBOS
PV_VP_hogar_VF_escuela,Departamento,junin,1,Junín,9.1,1.2,6.8,11.4,0.128,696.0,Junín,9.12368134805786,1.171658163301687,6.824720768342217,11.422641927773508,0.1284194524780389,696.0,63,696,2.0226909200367604,2.0422724563012378,True,True,True,True,True,True,True,False,True,EN_AMBOS
PV_VP_hogar_VF_escuela,Departamento,la libertad,1,La Libertad,7.2,1.3,4.7,9.6,0.175,687.0,La Libertad,7.175172198196118,1.2578195716499687,4.70715063508981,9.643193761302427,0.1753016564489131,687.0,61,687,2.0226909200367604,2.073873067904026,True,True,True,True,True,True,True,False,True,EN_AMBOS
PV_VP_hogar_VF_escuela,Departamento,lambayeque,1,Lambayeque,4.1,0.9,2.3,6.0,0.226,651.0,Lambayeque,4.134131029846261,0.9332626932863026,2.302936395108744,5.965325664583777,0.2257457943516146,651.0,29,651,2.0301079282503425,2.119905299221254,True,True,True,True,True,True,True,False,True,EN_AMBOS
PV_VP_hogar_VF_escuela,Departamento,lima metropolitana,1,Lima Metropolitana,7.9,1.3,5.3,10.5,0.168,796.0,Lima Metropolitana,7.862961296014968,1.3248530216460854,5.263410534469804,10.462512057560131,0.1684928835040222,796.0,57,796,2.0210753903062733,2.0369333434601016,True,True,True,True,True,True,True,False,True,EN_AMBOS
PV_VP_hogar_VF_escuela,Departamento,loreto,1,Loreto,7.3,1.3,4.7,10.0,0.183,674.0,Loreto,7.345463982069165,1.3443186997355734,4.707718781235445,9.983209182902886,0.1830134492548268,674.0,45,674,2.019540970441376,2.063898561628025,True,True,True,True,True,True,True,False,True,EN_AMBOS
PV_VP_hogar_VF_escuela,Departamento,madre de dios,1,Madre de Dios,6.4,1.5,3.5,9.3,0.23,644.0,Madre de Dios,6.3784330709212815,1.4689515400476163,3.496140445087796,9.260725696754768,0.2302997497527156,644.0,37,644,2.0301079282503425,2.068657610419048,True,True,True,True,True,True,True,False,True,EN_AMBOS
PV_VP_hogar_VF_escuela,Departamento,moquegua,1,Moquegua,4.9,0.9,3.1,6.6,0.181,670.0,Moquegua,4.861133736495393,0.8819907744177482,3.130541926043269,6.591725546947518,0.1814372576907572,670.0,37,670,2.0301079282503425,2.063898561628025,True,True,True,True,True,True,True,False,True,EN_AMBOS
PV_VP_hogar_VF_escuela,Departamento,pasco,1,Pasco,6.1,0.7,4.6,7.6,0.123,990.0,Pasco,6.079258618230677,0.7498145316933735,4.60801546519069,7.550501771270662,0.1233397982847457,990.0,79,990,1.999623584994939,2.016692199227824,True,True,True,True,True,True,True,False,True,EN_AMBOS
PV_VP_hogar_VF_escuela,Departamento,piura,1,Piura,6.3,1.4,3.5,9.0,0.223,658.0,Piura,6.28975590337245,1.4015127615152074,3.539787788429828,9.039724018315074,0.222824666496794,658.0,37,658,2.026192463029109,2.073873067904026,True,True,True,True,True,True,True,False,True,EN_AMBOS
PV_VP_hogar_VF_escuela,Departamento,puno,1,Puno,8.2,1.0,6.2,10.1,0.122,979.0,Puno,8.167237481067238,0.9930141434387902,6.218801971146195,10.115672990988282,0.1215850703179295,979.0,91,979,2.000995378088267,2.015367574443764,True,True,True,True,True,True,True,False,True,EN_AMBOS
PV_VP_hogar_VF_escuela,Departamento,region lima,1,Región Lima,6.6,1.1,4.5,8.8,0.1639999999999999,679.0,Región Lima,6.640234054214285,1.0878185638189657,4.505778737438796,8.774689370989774,0.1638223223665695,679.0,45,679,2.026192463029109,2.063898561628025,True,True,True,True,True,True,True,False,True,EN_AMBOS
PV_VP_hogar_VF_escuela,Departamento,san martin,1,San Martín,2.7,0.6,1.6,3.8,0.21,649.0,San Martín,2.6772603762990976,0.562297446768899,1.573952513403594,3.780568239194601,0.210027179928681,649.0,17,649,2.0226909200367604,2.119905299221254,True,True,True,True,True,True,True,False,True,EN_AMBOS
PV_VP_hogar_VF_escuela,Departamento,tacna,1,Tacna,5.2,1.1,3.0,7.4,0.214,659.0,Tacna,5.181862134070666,1.1112738964117057,3.001384106317024,7.36234016182431,0.2144545469677968,659.0,36,659,2.0345152974493383,2.093024054408309,True,True,True,True,True,True,True,False,True,EN_AMBOS
PV_VP_hogar_VF_escuela,Departamento,tumbes,1,Tumbes,7.0,1.2,4.7,9.3,0.1669999999999999,677.0,Tumbes,6.970644145444446,1.1636917055212426,4.687314893167856,9.253973397721037,0.166941774854732,677.0,48,677,2.0301079282503425,2.0555294386428726,True,True,True,True,True,True,True,False,True,EN_AMBOS
PV_VP_hogar_VF_escuela,Departamento,ucayali,1,Ucayali,5.5,1.2,3.2,7.8,0.213,695.0,Ucayali,5.476972108566593,1.167953892920743,3.185279836151774,7.76866438098141,0.2132480994551594,695.0,41,695,2.0226909200367604,2.063898561628025,True,True,True,True,True,True,True,False,True,EN_AMBOS
PV_VP_hogar_VF_escuela,Discapacidad,bin_0,1,No,6.0,0.4,5.1,6.9,0.075,16778.0,0,6.021082474266332,0.4493075826363768,5.139476854980947,6.902688093551716,0.0746223929927358,16778.0,1004,16778,1.962142757779508,1.9641566779100128,True,True,True,True,True,True,True,False,True,EN_AMBOS
PV_VP_hogar_VF_escuela,Discapacidad,bin_1,1,Sí,11.2,1.2,8.9,13.6,0.108,2029.0,1,11.246555890715385,1.2186423641242117,8.855405601625765,13.637706179805004,0.1083569384232789,2029.0,196,2029,1.9640483976635408,1.9771777244903248,True,True,True,True,True,True,True,False,True,EN_AMBOS
PV_VP_hogar_VF_escuela,Etnicidad,etnicidad_1,1,Indígena andino,5.9,0.6,4.8,7.0,0.096,5249.0,1,5.861549174019358,0.5634240577103512,4.756030739624249,6.9670676084144665,0.0961220388984645,5249.0,326,5249,1.9628366422266053,1.970905601079484,True,True,True,True,True,True,True,False,True,EN_AMBOS
PV_VP_hogar_VF_escuela,Etnicidad,etnicidad_3,1,Indígena amazónico/nativo,7.4,1.9,3.7,11.0,0.251,433.0,3,7.392167020500976,1.8570699481397464,3.748330671068605,11.036003369933344,0.2512213188621773,433.0,28,433,1.978524491479245,2.093024054408309,True,True,True,True,True,True,True,False,True,EN_AMBOS
PV_VP_hogar_VF_escuela,Etnicidad,etnicidad_5,1,Afrodescendiente,10.6,2.0,6.6,14.5,0.1889999999999999,1806.0,5,10.551188242116584,1.994598641419313,6.637500963178831,14.464875521054331,0.1890401910808098,1806.0,152,1806,1.96362596651301,1.9815667570749007,True,True,True,True,True,True,True,False,True,EN_AMBOS
PV_VP_hogar_VF_escuela,Etnicidad,etnicidad_6,1,No indígena ni afrodescendiente,6.2,0.5,5.2,7.2,0.084,8715.0,6,6.175009012214875,0.5179206158424091,5.158774826734989,7.19124319769476,0.0838736615311658,8715.0,534,8715,1.962322551204167,1.966466722483721,True,True,True,True,True,True,True,False,True,EN_AMBOS
PV_VP_hogar_VF_escuela,Etnicidad,etnicidad_9,1,No sabe,6.4,0.8,4.8,8.0,0.124,2604.0,9,6.412757928316067,0.7973903418711972,4.848164243890171,7.977351612741962,0.1243443695808715,2604.0,160,2604,1.9629115987173988,1.9809922979758567,True,True,True,True,True,True,True,False,True,EN_AMBOS
PV_VP_hogar_VF_escuela,Lengua materna,idioma_1,1,Castellano,6.6,0.4,5.8,7.5,0.064,17498.0,1,6.619506013023324,0.4267759790309206,5.782110616573544,7.456901409473104,0.0644724815101421,17498.0,1113,17498,1.9621649940614452,1.9638541605752868,True,True,True,True,True,True,True,False,True,EN_AMBOS
PV_VP_hogar_VF_escuela,Lengua materna,idioma_3,1,Quechua/Aymara,6.3,1.0,4.4,8.2,0.152,958.0,3,6.320061635687843,0.9630646194114242,4.430391367436039,8.209731903939648,0.15238215620766,958.0,62,958,1.967404973747932,2.0180817028184443,True,True,True,True,True,True,True,False,True,EN_AMBOS
PV_VP_hogar_VF_escuela,Lengua materna,idioma_4,1,Otra lengua nativa,5.4,1.7,2.1,8.8,0.317,275.0,4,5.440476461590467,1.723404927423836,2.058909964524269,8.822042958656665,0.3167746317056974,275.0,18,275,2.00957523712924,2.1788128296672284,True,True,True,True,True,True,True,False,True,EN_AMBOS
PV_VP_hogar_VF_escuela,Nacional,national_single,1,Total,6.6,0.4,5.8,7.4,0.061,18807.0,Total,6.619657375191243,0.4049331183110869,5.825120789712071,7.414193960670415,0.0611713107431618,18807.0,1200,18807,1.962142757779508,1.9635868195468864,True,True,True,True,True,True,True,False,True,EN_AMBOS
PV_VP_hogar_VF_escuela,Sexo,sexo_1,1,Mujer,6.2,0.4,5.4,7.0,0.069,9608.0,1,6.1860634166406685,0.4244212643689976,5.353288306511418,7.018838526769919,0.0686092650177645,9608.0,621,9608,1.962202376365632,1.9655482824700197,True,True,True,True,True,True,True,False,True,EN_AMBOS
PV_VP_hogar_VF_escuela,Sexo,sexo_2,1,Hombre,7.1,0.6,5.8,8.3,0.091,9199.0,2,7.075173574519083,0.6459017084174086,5.807822215110454,8.342524933927713,0.0912912879966075,9199.0,579,9199,1.9622476264013184,1.965853274877808,True,True,True,True,True,True,True,False,True,EN_AMBOS
PV_VP_hogar_VF_escuela,Tipo de hogar,hogar_1,1,Biparental,6.6,0.5,5.7,7.6,0.071,13464.0,1,6.62827127066482,0.4727026938354737,5.700761103372682,7.55578143795696,0.0713161357664321,13464.0,873,13464,1.962142757779508,1.9643423968425169,True,True,True,True,True,True,True,False,True,EN_AMBOS
PV_VP_hogar_VF_escuela,Tipo de hogar,hogar_2,1,Monoparental,6.8,0.7,5.5,8.0,0.0969999999999999,4397.0,2,6.7644297657425465,0.6546025310840494,5.480006150151844,8.04885338133325,0.0967712806183881,4397.0,284,4397,1.962322551204167,1.9710074720044708,True,True,True,True,True,True,True,False,True,EN_AMBOS
PV_VP_hogar_VF_escuela,Tipo de hogar,hogar_3,1,Sin figuras parentales / vive solo,5.5,1.6,2.4,8.6,0.289,929.0,3,5.476005502298073,1.5827750378104983,2.370374924664017,8.581636079932128,0.2890382482534517,929.0,40,929,1.9642398045825584,2.093024054408309,True,True,True,True,True,True,True,False,True,EN_AMBOS
PV_VP_hogar_VF_escuela,Área,area_1,1,Urbano,6.9,0.5,6.0,7.9,0.071,15576.0,1,6.927085834353258,0.4942685588764848,5.957260361155649,7.896911307550868,0.0713530293540287,15576.0,1011,15576,1.9630738928941311,1.964590000412668,True,True,True,True,True,True,True,False,True,EN_AMBOS
PV_VP_hogar_VF_escuela,Área,area_2,1,Rural,5.5,0.5,4.5,6.4,0.088,3231.0,2,5.4630469859982265,0.4784474615302576,4.524264764378643,6.401829207617811,0.0875788662913786,3231.0,189,3231,1.967850227366019,1.98009987645692,True,True,True,True,True,True,True,False,True,EN_AMBOS
PV_VP_hogar_VF_escuela,Área y sexo,area_1_sexo_1,1,Urbano · Mujer,6.2,0.5,5.2,7.2,0.08,7990.0,Urbano Mujer,6.1778526141745855,0.4960438901601616,5.20454368755605,7.151161540793121,0.0802939016418146,7990.0,515,7990,1.9631967955598617,1.9670706096623627,True,True,True,True,True,True,True,False,True,EN_AMBOS
PV_VP_hogar_VF_escuela,Área y sexo,area_1_sexo_2,1,Urbano · Hombre,7.7,0.8,6.2,9.3,0.104,7586.0,Urbano Hombre,7.731529687366666,0.8040403611229751,6.1538877158268,9.309171658906532,0.1039949911124028,7586.0,496,7586,1.9632873744486168,1.9672451058622744,True,True,True,True,True,True,True,False,True,EN_AMBOS
PV_VP_hogar_VF_escuela,Área y sexo,area_2_sexo_1,1,Rural · Mujer,6.2,0.8,4.7,7.7,0.124,1618.0,Rural Mujer,6.218581055769982,0.7694498259792247,4.708810652250143,7.72835145928982,0.1237339867533417,1618.0,106,1618,1.967850227366019,1.993943367845625,True,True,True,True,True,True,True,False,True,EN_AMBOS
PV_VP_hogar_VF_escuela,Área y sexo,area_2_sexo_2,1,Rural · Hombre,4.7,0.6,3.5,5.9,0.131,1613.0,Rural Hombre,4.731708781505444,0.6192306372209668,3.516689871287135,5.946727691723754,0.1308682900438247,1613.0,83,1613,1.9678765312856947,2.004044783289145,True,True,True,True,True,True,True,False,True,EN_AMBOS
PV_VP_hogar_escuela,Departamento,amazonas,1,Amazonas,17.7,2.7,12.4,23.0,0.153,907.0,Amazonas,17.680970637166677,2.704837087006649,12.37369413592316,22.988247138410195,0.1529801243672044,907.0,143,907,2.000995378088267,2.00957523712924,True,True,True,True,True,True,True,False,True,EN_AMBOS
PV_VP_hogar_escuela,Departamento,ancash,1,Áncash,17.4,2.1,13.2,21.6,0.122,705.0,Áncash,17.391094508251197,2.1277365426238712,13.216171660678958,21.566017355823437,0.1223463274041991,705.0,125,705,2.016692199227824,2.032244509317718,True,True,True,True,True,True,True,False,True,EN_AMBOS
PV_VP_hogar_escuela,Departamento,apurimac,1,Apurímac,25.3,2.8,19.8,30.8,0.11,698.0,Apurímac,25.333318465525437,2.7990216477281478,19.841238410567584,30.825398520483283,0.1104877614646957,698.0,179,698,2.016692199227824,2.0180817028184443,True,True,True,True,True,True,True,False,True,EN_AMBOS
PV_VP_hogar_escuela,Departamento,arequipa,1,Arequipa,21.7,2.2,17.3,26.0,0.103,760.0,Arequipa,21.658187218954573,2.237369914131956,17.2681480454668,26.048226392442352,0.1033036556343865,760.0,155,760,2.0226909200367604,2.0280940009804507,True,True,True,True,True,True,True,False,True,EN_AMBOS
PV_VP_hogar_escuela,Departamento,ayacucho,1,Ayacucho,17.3,2.6,12.2,22.4,0.15,650.0,Ayacucho,17.268959140044085,2.5942394660687795,12.178690959751451,22.35922732033672,0.1502255836631829,650.0,119,650,2.0210753903062733,2.032244509317718,True,True,True,True,True,True,True,False,True,EN_AMBOS
PV_VP_hogar_escuela,Departamento,cajamarca,1,Cajamarca,12.0,1.8,8.5,15.5,0.149,783.0,Cajamarca,12.03069377896372,1.7869625315455435,8.524418189268296,15.536969368659143,0.1485336227799379,783.0,96,783,2.004044783289145,2.0210753903062733,True,True,True,True,True,True,True,False,True,EN_AMBOS
PV_VP_hogar_escuela,Departamento,callao,1,Callao,17.9,1.8,14.4,21.4,0.1,610.0,Callao,17.883012587568565,1.7939526362869451,14.363021414478682,21.40300376065845,0.1003160193229421,610.0,101,610,2.0422724563012378,2.0452296421327034,True,True,True,True,True,True,True,False,True,EN_AMBOS
PV_VP_hogar_escuela,Departamento,cusco,1,Cusco,13.1,1.5,10.1,16.0,0.1159999999999999,716.0,Cusco,13.06638272613972,1.511318275866007,10.10096051644942,16.031804935830017,0.1156646263577268,716.0,100,716,2.016692199227824,2.0301079282503425,True,True,True,True,True,True,True,False,True,EN_AMBOS
PV_VP_hogar_escuela,Departamento,huancavelica,1,Huancavelica,9.8,2.0,5.8,13.7,0.206,771.0,Huancavelica,9.767092117290153,2.0072618684916823,5.828557779062236,13.705626455518072,0.2055127405769354,771.0,76,771,2.0057459953178687,2.051830516480285,True,True,True,True,True,True,True,False,True,EN_AMBOS
PV_VP_hogar_escuela,Departamento,huanuco,1,Huánuco,12.3,1.9,8.6,16.0,0.153,687.0,Huánuco,12.300704843560975,1.8863223232622448,8.599471158134145,16.001938528987804,0.1533507508108101,687.0,97,687,2.016692199227824,2.0301079282503425,True,True,True,True,True,True,True,False,True,EN_AMBOS
PV_VP_hogar_escuela,Departamento,ica,1,Ica,16.6,1.6,13.4,19.9,0.098,716.0,Ica,16.647645164086093,1.6371012413554134,13.435418819608724,19.859871508563455,0.0983383070229732,716.0,115,716,2.026192463029109,2.0280940009804507,True,True,True,True,True,True,True,False,True,EN_AMBOS
PV_VP_hogar_escuela,Departamento,junin,1,Junín,21.4,1.7,18.1,24.7,0.078,696.0,Junín,21.384020733990443,1.6738112181779303,18.09976417435252,24.668277293628364,0.0782739242072172,696.0,146,696,2.0226909200367604,2.0243941639119694,True,True,True,True,True,True,True,False,True,EN_AMBOS
PV_VP_hogar_escuela,Departamento,la libertad,1,La Libertad,17.8,1.5,14.8,20.8,0.086,687.0,La Libertad,17.785792566544362,1.5373908808171028,14.769212183872826,20.802372949215897,0.0864392674695297,687.0,130,687,2.0226909200367604,2.026192463029109,True,True,True,True,True,True,True,False,True,EN_AMBOS
PV_VP_hogar_escuela,Departamento,lambayeque,1,Lambayeque,12.7,1.5,9.8,15.6,0.1159999999999999,651.0,Lambayeque,12.678766866683864,1.4664324877012624,9.801416981168243,15.556116752199484,0.1156604978323738,651.0,92,651,2.0301079282503425,2.039513446396408,True,True,True,True,True,True,True,False,True,EN_AMBOS
PV_VP_hogar_escuela,Departamento,lima metropolitana,1,Lima Metropolitana,20.2,1.8,16.6,23.8,0.091,796.0,Lima Metropolitana,20.222642569190363,1.847861457128685,16.596874593705422,23.848410544675303,0.091375864989274,796.0,162,796,2.0210753903062733,2.0210753903062733,True,True,True,True,True,True,True,False,True,EN_AMBOS
PV_VP_hogar_escuela,Departamento,loreto,1,Loreto,19.4,1.8,15.9,23.0,0.094,674.0,Loreto,19.444250526100515,1.8186594537548797,15.875781050048143,23.01272000215289,0.0935319904109261,674.0,134,674,2.019540970441376,2.0210753903062733,True,True,True,True,True,True,True,False,True,EN_AMBOS
PV_VP_hogar_escuela,Departamento,madre de dios,1,Madre de Dios,15.9,2.1,11.7,20.1,0.135,644.0,Madre de Dios,15.901604862579358,2.141577406422284,11.699524264343651,20.10368546081506,0.1346768093490976,644.0,104,644,2.0301079282503425,2.0345152974493383,True,True,True,True,True,True,True,False,True,EN_AMBOS
PV_VP_hogar_escuela,Departamento,moquegua,1,Moquegua,18.0,1.6,14.9,21.2,0.089,670.0,Moquegua,18.04447207952797,1.610418926626793,14.88460024565616,21.204343913399786,0.0892472176259379,670.0,131,670,2.0301079282503425,2.0301079282503425,True,True,True,True,True,True,True,False,True,EN_AMBOS
PV_VP_hogar_escuela,Departamento,pasco,1,Pasco,18.2,1.3,15.6,20.7,0.071,990.0,Pasco,18.15230514811315,1.2855676438986667,15.629837906001717,20.674772390224582,0.0708211785450453,990.0,198,990,1.999623584994939,2.000995378088267,True,True,True,True,True,True,True,False,True,EN_AMBOS
PV_VP_hogar_escuela,Departamento,piura,1,Piura,17.7,1.9,14.0,21.4,0.107,658.0,Piura,17.70136733948384,1.8893647431130345,13.994163991980663,21.408570686987023,0.1067355253906688,658.0,112,658,2.026192463029109,2.0345152974493383,True,True,True,True,True,True,True,False,True,EN_AMBOS
PV_VP_hogar_escuela,Departamento,puno,1,Puno,21.2,1.9,17.5,25.0,0.09,979.0,Puno,21.23414565537617,1.9134719244566216,17.479640576589194,24.988650734163148,0.0901129697192295,979.0,211,979,2.000995378088267,2.002465459291007,True,True,True,True,True,True,True,False,True,EN_AMBOS
PV_VP_hogar_escuela,Departamento,region lima,1,Región Lima,19.1,1.5,16.1,22.1,0.08,679.0,Región Lima,19.07986277258771,1.52020485019961,16.097003835427262,22.062721709748157,0.0796758796600837,679.0,132,679,2.026192463029109,2.0280940009804507,True,True,True,True,True,True,True,False,True,EN_AMBOS
PV_VP_hogar_escuela,Departamento,san martin,1,San Martín,9.1,1.3,6.5,11.6,0.141,649.0,San Martín,9.062693400093687,1.2807970178901706,6.549586807254899,11.575799992932478,0.1413263101096336,649.0,70,649,2.0226909200367604,2.0452296421327034,True,True,True,True,True,True,True,False,True,EN_AMBOS
PV_VP_hogar_escuela,Departamento,tacna,1,Tacna,14.0,1.8,10.4,17.6,0.131,659.0,Tacna,13.996529644858072,1.827995152501195,10.409742195121805,17.58331709459434,0.130603456634177,659.0,103,659,2.0345152974493383,2.039513446396408,True,True,True,True,True,True,True,False,True,EN_AMBOS
PV_VP_hogar_escuela,Departamento,tumbes,1,Tumbes,19.6,2.5,14.6,24.6,0.129,677.0,Tumbes,19.617634644787262,2.5368547685212817,14.63996343319482,24.595305856379703,0.129315017557194,677.0,128,677,2.0301079282503425,2.0345152974493383,True,True,True,True,True,True,True,False,True,EN_AMBOS
PV_VP_hogar_escuela,Departamento,ucayali,1,Ucayali,11.0,1.4,8.2,13.7,0.129,695.0,Ucayali,10.96768993516942,1.415818713610998,8.1896514999289,13.745728370409935,0.1290899653418336,695.0,88,695,2.0226909200367604,2.0422724563012378,True,True,True,True,True,True,True,False,True,EN_AMBOS
PV_VP_hogar_escuela,Discapacidad,bin_0,1,No,17.0,0.6,15.7,18.2,0.037,16778.0,0,16.965045486614855,0.625296102145258,15.737853636318494,18.192237336911216,0.0368579089657382,16778.0,2775,16778,1.962142757779508,1.9625771631809728,True,True,True,True,True,True,True,False,True,EN_AMBOS
PV_VP_hogar_escuela,Discapacidad,bin_1,1,Sí,22.6,1.5,19.7,25.4,0.064,2029.0,1,22.565203421324277,1.4505083388763371,19.71013507203227,25.420271770616274,0.0642807561621889,2029.0,472,2029,1.9640483976635408,1.9683226030287664,True,True,True,True,True,True,True,False,True,EN_AMBOS
PV_VP_hogar_escuela,Etnicidad,etnicidad_1,1,Indígena andino,16.8,1.0,14.9,18.6,0.057,5249.0,1,16.769685567306595,0.9555697387264592,14.894721324911217,18.644649809701978,0.0569819711223085,5249.0,890,5249,1.9628366422266053,1.9655221149743796,True,True,True,True,True,True,True,False,True,EN_AMBOS
PV_VP_hogar_escuela,Etnicidad,etnicidad_3,1,Indígena amazónico/nativo,16.0,2.5,11.0,21.0,0.16,433.0,3,15.967494699107682,2.5496829704498527,10.96465272400576,20.9703366742096,0.1596795877184376,433.0,76,433,1.978524491479245,2.011740513729765,True,True,True,True,True,True,True,False,True,EN_AMBOS
PV_VP_hogar_escuela,Etnicidad,etnicidad_5,1,Afrodescendiente,18.9,2.0,15.0,22.8,0.105,1806.0,5,18.93736569458988,1.9869032350976477,15.038777901434358,22.835953487745407,0.1049197268057866,1806.0,325,1806,1.96362596651301,1.9706589608358145,True,True,True,True,True,True,True,False,True,EN_AMBOS
PV_VP_hogar_escuela,Etnicidad,etnicidad_6,1,No indígena ni afrodescendiente,18.2,0.9,16.5,19.9,0.048,8715.0,6,18.20966034839765,0.8679936301584501,16.506532933183504,19.9127877636118,0.0476666567937841,8715.0,1529,8715,1.962322551204167,1.9633490231077693,True,True,True,True,True,True,True,False,True,EN_AMBOS
PV_VP_hogar_escuela,Etnicidad,etnicidad_9,1,No sabe,16.1,1.4,13.3,18.8,0.087,2604.0,9,16.078223827575112,1.394555752770976,13.341906356955793,18.81454129819443,0.0867356847203003,2604.0,427,2604,1.9629115987173988,1.9684119005009904,True,True,True,True,True,True,True,False,True,EN_AMBOS
PV_VP_hogar_escuela,Lengua materna,idioma_1,1,Castellano,17.8,0.6,16.6,18.9,0.034,17498.0,1,17.757831529085134,0.60311768984853,16.57442852186013,18.941234536310134,0.0339634762758447,17498.0,3044,17498,1.9621649940614452,1.9625486913193908,True,True,True,True,True,True,True,False,True,EN_AMBOS
PV_VP_hogar_escuela,Lengua materna,idioma_3,1,Quechua/Aymara,14.1,1.7,10.7,17.4,0.121,958.0,3,14.085107895695955,1.7029042650624215,10.74376662481189,17.42644916658002,0.1209010451089824,958.0,136,958,1.967404973747932,1.9863771544186173,True,True,True,True,True,True,True,False,True,EN_AMBOS
PV_VP_hogar_escuela,Lengua materna,idioma_4,1,Otra lengua nativa,17.1,3.4,10.3,23.8,0.2019999999999999,275.0,4,17.053721269221136,3.442649785266158,10.298750925489966,23.808691612952305,0.201870883833402,275.0,54,275,2.00957523712924,2.0595385527532977,True,True,True,True,True,True,True,False,True,EN_AMBOS
PV_VP_hogar_escuela,Nacional,national_single,1,Total,17.6,0.6,16.5,18.7,0.033,18807.0,Total,17.606540278336606,0.5772390852879333,16.47391478763162,18.739165769041595,0.0327854919911879,18807.0,3247,18807,1.962142757779508,1.9624381659026529,True,True,True,True,True,True,True,False,True,EN_AMBOS
PV_VP_hogar_escuela,Sexo,sexo_1,1,Mujer,21.7,0.9,19.9,23.5,0.043,9608.0,1,21.686212475102494,0.92583405225863,19.869593894557568,23.502831055647416,0.0426922890902024,9608.0,2062,9608,1.962202376365632,1.962745693873552,True,True,True,True,True,True,True,False,True,EN_AMBOS
PV_VP_hogar_escuela,Sexo,sexo_2,1,Hombre,13.3,0.7,11.9,14.8,0.055,9199.0,2,13.320602393532129,0.7306205302631607,11.887020611391245,14.754184175673013,0.0548489106331945,9199.0,1185,9199,1.9622476264013184,1.963700958511736,True,True,True,True,True,True,True,False,True,EN_AMBOS
PV_VP_hogar_escuela,Tipo de hogar,hogar_1,1,Biparental,17.5,0.6,16.3,18.7,0.036,13464.0,1,17.51099410172573,0.6306285842684243,16.273610792254694,18.74837741119676,0.0360132943112735,13464.0,2341,13464,1.962142757779508,1.9626092156048225,True,True,True,True,True,True,True,False,True,EN_AMBOS
PV_VP_hogar_escuela,Tipo de hogar,hogar_2,1,Monoparental,19.1,1.1,17.0,21.2,0.057,4397.0,2,19.08087823447836,1.0796087358757174,16.96233766559242,21.199418803364303,0.0565806627246805,4397.0,794,4397,1.962322551204167,1.9647389829672883,True,True,True,True,True,True,True,False,True,EN_AMBOS
PV_VP_hogar_escuela,Tipo de hogar,hogar_3,1,Sin figuras parentales / vive solo,11.5,1.9,7.8,15.2,0.163,929.0,3,11.48132249052894,1.8751108614186285,7.79815509852538,15.1644898825325,0.1633183688521445,929.0,109,929,1.9642398045825584,1.9912543953883843,True,True,True,True,True,True,True,False,True,EN_AMBOS
PV_VP_hogar_escuela,Área,area_1,1,Urbano,18.6,0.7,17.2,19.9,0.037,15576.0,1,18.566238453210936,0.6946063264212399,17.20332168031567,19.9291552261062,0.0374123346617424,15576.0,2764,15576,1.9630738928941311,1.96328272512289,True,True,True,True,True,True,True,False,True,EN_AMBOS
PV_VP_hogar_escuela,Área,area_2,1,Rural,14.0,0.8,12.5,15.5,0.0559999999999999,3231.0,2,13.995954314451406,0.7844660764012896,12.456719883916907,15.535188744985904,0.0560494882146975,3231.0,483,3231,1.967850227366019,1.9708055923849015,True,True,True,True,True,True,True,False,True,EN_AMBOS
PV_VP_hogar_escuela,Área y sexo,area_1_sexo_1,1,Urbano · Mujer,22.7,1.1,20.5,24.9,0.049,7990.0,Urbano Mujer,22.692215856507865,1.1160552238425268,20.502356181763265,24.882075531252468,0.0491822936508183,7990.0,1754,7990,1.9631967955598617,1.963643003972867,True,True,True,True,True,True,True,False,True,EN_AMBOS
PV_VP_hogar_escuela,Área y sexo,area_1_sexo_2,1,Urbano · Hombre,14.1,0.9,12.4,15.9,0.062,7586.0,Urbano Hombre,14.136219774964252,0.8814325326031954,12.406723314645642,15.865716235282862,0.0623527751149033,7586.0,1010,7586,1.9632873744486168,1.964700844883036,True,True,True,True,True,True,True,False,True,EN_AMBOS
PV_VP_hogar_escuela,Área y sexo,area_2_sexo_1,1,Rural · Mujer,17.7,1.2,15.4,20.0,0.067,1618.0,Rural Mujer,17.702088504937716,1.1848328263835606,15.377277355469786,20.026899654405643,0.0669318101111668,1618.0,308,1618,1.967850227366019,1.972940542389358,True,True,True,True,True,True,True,False,True,EN_AMBOS
PV_VP_hogar_escuela,Área y sexo,area_2_sexo_2,1,Rural · Hombre,10.4,1.1,8.3,12.5,0.104,1613.0,Rural Hombre,10.408508515616171,1.0869962331797915,8.27566672894884,12.541350302283504,0.1044334288192146,1613.0,175,1613,1.9678765312856947,1.9815667570749007,True,True,True,True,True,True,True,False,True,EN_AMBOS
PV_condicional_con_VS,Condicional,p escuela hogar con vs,1,"P(escuela | hogar), con VS",67.7,1.2,65.3,70.0,0.018,6296.0,"P(escuela | hogar), con VS",67.6674899327597,1.1876464917177023,65.33696104987736,69.99801881564203,0.0175512124492551,6296.0,4213,6296,1.962200266289339,1.962308564993671,True,True,True,True,True,True,True,False,True,EN_AMBOS
PV_condicional_con_VS,Condicional,p hogar escuela con vs,1,"P(hogar | escuela), con VS",50.5,1.0,48.6,52.4,0.019,8597.0,"P(hogar | escuela), con VS",50.51620391324136,0.9602752768033672,48.631847512818446,52.40056031366428,0.0190092525252408,8597.0,4213,8597,1.9621629538432332,1.962308564993671,True,True,True,True,True,True,True,False,True,EN_AMBOS
PV_condicional_escuela_dado_hogar,Discapacidad,bin_0,1,No,64.5,1.4,61.7,67.2,0.022,5364.0,0,64.46615716820729,1.3860338925207272,61.7465608039608,67.18575353245379,0.0215001785961002,5364.0,3371,5364,1.962236687437444,1.9624381659026529,True,True,True,True,True,True,True,False,True,EN_AMBOS
PV_condicional_escuela_dado_hogar,Discapacidad,bin_1,1,Sí,64.2,2.9,58.5,69.9,0.045,825.0,1,64.19847806471952,2.90457317659591,58.49929084182124,69.8976652876178,0.0452436453971348,825.0,567,825,1.96603410734874,1.967290077109861,True,True,True,True,True,True,True,False,True,EN_AMBOS
PV_condicional_escuela_dado_hogar,Nacional,national_single,1,Total,64.4,1.3,61.9,66.9,0.02,6189.0,Total,64.42845977671178,1.276934957973145,61.88534875034656,66.892664507123,0.0198194239377844,6189.0,3938,6189,1.9622044904276708,1.9623367052808791,True,True,True,True,True,True,True,False,True,EN_AMBOS
PV_condicional_escuela_dado_hogar,Sexo,sexo_1,1,Mujer,64.2,1.7,60.9,67.6,0.027,3716.0,1,64.22506963936637,1.7069313412058646,60.87505050832405,67.57508877040867,0.0265773373355692,3716.0,2391,3716,1.9623248984783652,1.9625974696062976,True,True,True,True,True,True,True,False,True,EN_AMBOS
PV_condicional_escuela_dado_hogar,Sexo,sexo_2,1,Hombre,64.7,1.6,61.7,67.8,0.024,2473.0,2,64.72716407354126,1.5624751700537147,61.6596970912873,67.79463105579524,0.0241394041036383,2473.0,1547,2473,1.962660327638503,1.9632100663388543,True,True,True,True,True,True,True,False,True,EN_AMBOS
PV_condicional_escuela_dado_hogar,Área,area_1,1,Urbano,64.4,1.5,61.5,67.3,0.023,5263.0,1,64.41368041987148,1.4712632096378224,61.52544574893184,67.30191509081112,0.0228408499568352,5263.0,3354,5263,1.963098548254076,1.9631880084924225,True,True,True,True,True,True,True,False,True,EN_AMBOS
PV_condicional_escuela_dado_hogar,Área,area_2,1,Rural,64.5,2.2,60.2,68.8,0.034,926.0,2,64.50172253145087,2.1840614846471404,60.202323296218594,68.80112176668314,0.0338605140906461,926.0,584,926,1.9685339746407768,1.969897635076691,True,True,True,True,True,True,True,False,True,EN_AMBOS
PV_condicional_escuela_sin_hogar,Nacional,national_single,1,Total,32.4,0.8,30.8,34.1,0.026,12618.0,Total,32.407349714911525,0.8492207021618378,30.763761252341027,34.09550627324242,0.0262045711738991,12618.0,4106,12618,1.962142757779508,1.9622432382037247,True,True,True,True,True,True,True,False,True,EN_AMBOS
PV_condicional_hogar_dado_escuela,Discapacidad,bin_0,1,No,49.5,1.2,47.2,51.9,0.024,7019.0,0,49.54793262334598,1.200437667391419,47.19250254810818,51.90336269858378,0.0242278053560159,7019.0,3371,7019,1.9621939598625375,1.9624381659026529,True,True,True,True,True,True,True,False,True,EN_AMBOS
PV_condicional_hogar_dado_escuela,Discapacidad,bin_1,1,Sí,53.6,2.2,49.3,58.0,0.042,1025.0,1,53.64448596564861,2.239131105930454,49.25099108242835,58.03798084886888,0.0417401912913153,1025.0,567,1025,1.9651684913902163,1.967290077109861,True,True,True,True,True,True,True,False,True,EN_AMBOS
PV_condicional_hogar_dado_escuela,Nacional,national_single,1,Total,50.1,1.1,48.0,52.2,0.021,8044.0,Total,50.08464541190788,1.057312247728152,48.0098427792479,52.15944804456786,0.0211105068036834,8044.0,3938,8044,1.9621649940614452,1.9623367052808791,True,True,True,True,True,True,True,False,True,EN_AMBOS
PV_condicional_hogar_dado_escuela,Sexo,sexo_1,1,Mujer,53.9,1.5,51.0,56.8,0.027,4514.0,1,53.86266365541679,1.479008706431441,50.95996491064876,56.76536240018481,0.0274588853587581,4514.0,2391,4514,1.962267584218264,1.9625974696062976,True,True,True,True,True,True,True,False,True,EN_AMBOS
PV_condicional_hogar_dado_escuela,Sexo,sexo_2,1,Hombre,45.4,1.4,42.7,48.2,0.03,3530.0,2,45.440081819637626,1.382245784752958,42.72644298085616,48.15372065841908,0.0304190866169523,3530.0,1547,3530,1.9624075830404772,1.9632100663388543,True,True,True,True,True,True,True,False,True,EN_AMBOS
PV_condicional_hogar_dado_escuela,Área,area_1,1,Urbano,51.3,1.2,48.9,53.7,0.024,6746.0,1,51.31581358781959,1.212557813385352,48.93541799449786,53.690255358568095,0.0236293206442149,6746.0,3354,6746,1.96308617190014,1.9631880084924225,True,True,True,True,True,True,True,False,True,EN_AMBOS
PV_condicional_hogar_dado_escuela,Área,area_2,1,Rural,44.8,1.9,41.1,48.5,0.042,1298.0,2,44.76766439019712,1.8934067627097844,41.08837436887272,48.50515288991301,0.042294070698144,1298.0,584,1298,1.9680656892939568,1.969897635076691,True,True,True,True,True,True,True,False,True,EN_AMBOS
PV_condicional_hogar_sin_escuela,Nacional,national_single,1,Total,21.0,0.7,19.6,22.5,0.035,10763.0,Total,20.986526284375792,0.7364569289183184,19.577674311244643,22.46843756976146,0.0350918927191205,10763.0,2251,10763,1.962142757779508,1.9626033295371903,True,True,True,True,True,True,True,False,True,EN_AMBOS
PV_hogar_escuela,Departamento,amazonas,1,Amazonas,21.6,2.8,16.0,27.2,0.132,907.0,Amazonas,21.584050116608,2.8413654620352875,16.008885453070633,27.15921478014536,0.1316419044009251,907.0,179,907,2.000995378088267,2.006646805061688,True,True,True,True,True,True,True,False,True,EN_AMBOS
PV_hogar_escuela,Departamento,ancash,1,Áncash,21.0,2.2,16.7,25.3,0.105,705.0,Áncash,20.959715951701128,2.191664630349822,16.65935706977872,25.26007483362353,0.1045655692758537,705.0,147,705,2.016692199227824,2.0226909200367604,True,True,True,True,True,True,True,False,True,EN_AMBOS
PV_hogar_escuela,Departamento,apurimac,1,Apurímac,27.8,2.9,22.1,33.5,0.104,698.0,Apurímac,27.78293850873294,2.8906189523118497,22.111131465954056,33.45474555151182,0.1040429525265388,698.0,204,698,2.016692199227824,2.0180817028184443,True,True,True,True,True,True,True,False,True,EN_AMBOS
PV_hogar_escuela,Departamento,arequipa,1,Arequipa,25.2,1.9,21.4,28.9,0.076,760.0,Arequipa,25.16744163305111,1.925154951970564,21.39001278643871,28.94487047966351,0.0764938677534214,760.0,184,760,2.0226909200367604,2.026192463029109,True,True,True,True,True,True,True,False,True,EN_AMBOS
PV_hogar_escuela,Departamento,ayacucho,1,Ayacucho,19.1,2.8,13.7,24.6,0.145,650.0,Ayacucho,19.109401370281866,2.775722253176147,13.663038053604868,24.555764686958856,0.1452542755992782,650.0,139,650,2.0210753903062733,2.032244509317718,True,True,True,True,True,True,True,False,True,EN_AMBOS
PV_hogar_escuela,Departamento,cajamarca,1,Cajamarca,15.2,1.9,11.4,19.0,0.128,783.0,Cajamarca,15.17658798284825,1.9408747584218615,11.368314631853742,18.984861333842755,0.1278861072472503,783.0,116,783,2.004044783289145,2.016692199227824,True,True,True,True,True,True,True,False,True,EN_AMBOS
PV_hogar_escuela,Departamento,callao,1,Callao,21.9,2.2,17.7,26.1,0.098,610.0,Callao,21.901526572101798,2.1566315272198917,17.669907639768322,26.133145504435262,0.0984694614834297,610.0,124,610,2.0422724563012378,2.0452296421327034,True,True,True,True,True,True,True,False,True,EN_AMBOS
PV_hogar_escuela,Departamento,cusco,1,Cusco,16.2,1.8,12.7,19.8,0.111,716.0,Cusco,16.234050374771318,1.8091924207325525,12.684156569001363,19.783944180541276,0.111444302497924,716.0,122,716,2.016692199227824,2.0210753903062733,True,True,True,True,True,True,True,False,True,EN_AMBOS
PV_hogar_escuela,Departamento,huancavelica,1,Huancavelica,11.3,2.2,6.9,15.6,0.198,771.0,Huancavelica,11.25940383081,2.229977388254443,6.883869848434484,15.634937813185518,0.1980546591776359,771.0,86,771,2.0057459953178687,2.0452296421327034,True,True,True,True,True,True,True,False,True,EN_AMBOS
PV_hogar_escuela,Departamento,huanuco,1,Huánuco,14.3,2.1,10.1,18.5,0.148,687.0,Huánuco,14.307222725099534,2.122282934139316,10.14300063591903,18.47144481428004,0.1483364713695369,687.0,118,687,2.016692199227824,2.026192463029109,True,True,True,True,True,True,True,False,True,EN_AMBOS
PV_hogar_escuela,Departamento,ica,1,Ica,19.9,1.6,16.8,23.1,0.081,716.0,Ica,19.928822217206623,1.6120862976534251,16.765678763350373,23.09196567106287,0.0808922012592165,716.0,141,716,2.026192463029109,2.026192463029109,True,True,True,True,True,True,True,False,True,EN_AMBOS
PV_hogar_escuela,Departamento,junin,1,Junín,26.3,1.8,22.8,29.8,0.067,696.0,Junín,26.29504022168322,1.772184811173824,22.817760628991657,29.772319814374782,0.0673961627832939,696.0,179,696,2.0226909200367604,2.0226909200367604,True,True,True,True,True,True,True,False,True,EN_AMBOS
PV_hogar_escuela,Departamento,la libertad,1,La Libertad,20.9,1.7,17.5,24.2,0.0819999999999999,687.0,La Libertad,20.86058692950481,1.711969329445153,17.50145870819336,24.219715150816256,0.0820671697891576,687.0,161,687,2.0226909200367604,2.026192463029109,True,True,True,True,True,True,True,False,True,EN_AMBOS
PV_hogar_escuela,Departamento,lambayeque,1,Lambayeque,16.7,1.6,13.5,19.9,0.098,651.0,Lambayeque,16.665492408215023,1.6264826199778604,13.474101314771222,19.85688350165882,0.0975958333626019,651.0,116,651,2.0301079282503425,2.0345152974493383,True,True,True,True,True,True,True,False,True,EN_AMBOS
PV_hogar_escuela,Departamento,lima metropolitana,1,Lima Metropolitana,25.2,2.1,21.1,29.4,0.084,796.0,Lima Metropolitana,25.21171023703469,2.109487109069814,21.07259538334412,29.35082509072526,0.0836709247106563,796.0,195,796,2.0210753903062733,2.0210753903062733,True,True,True,True,True,True,True,False,True,EN_AMBOS
PV_hogar_escuela,Departamento,loreto,1,Loreto,24.9,2.0,21.0,28.8,0.08,674.0,Loreto,24.894402000042973,1.990177125634508,20.989390366280787,28.79941363380516,0.0799447653183664,674.0,166,674,2.019540970441376,2.019540970441376,True,True,True,True,True,True,True,False,True,EN_AMBOS
PV_hogar_escuela,Departamento,madre de dios,1,Madre de Dios,19.8,2.5,14.9,24.8,0.127,644.0,Madre de Dios,19.832540706523677,2.5248325449165065,14.878458813909749,24.7866225991376,0.1273075690239724,644.0,131,644,2.0301079282503425,2.032244509317718,True,True,True,True,True,True,True,False,True,EN_AMBOS
PV_hogar_escuela,Departamento,moquegua,1,Moquegua,23.7,1.8,20.2,27.2,0.076,670.0,Moquegua,23.69485912045112,1.7991082531547635,20.16475189106216,27.22496634984008,0.0759282105881755,670.0,159,670,2.0301079282503425,2.0301079282503425,True,True,True,True,True,True,True,False,True,EN_AMBOS
PV_hogar_escuela,Departamento,pasco,1,Pasco,22.0,1.4,19.2,24.7,0.064,990.0,Pasco,21.963235727773856,1.4040277407773798,19.208332864485996,24.71813859106172,0.0639262701625471,990.0,242,990,1.999623584994939,2.0002978220142595,True,True,True,True,True,True,True,False,True,EN_AMBOS
PV_hogar_escuela,Departamento,piura,1,Piura,23.3,2.1,19.1,27.4,0.09,658.0,Piura,23.27680657933444,2.1063256614887056,19.14389493711924,27.40971822154963,0.0904903193790654,658.0,142,658,2.026192463029109,2.0280940009804507,True,True,True,True,True,True,True,False,True,EN_AMBOS
PV_hogar_escuela,Departamento,puno,1,Puno,25.8,1.9,22.2,29.5,0.072,979.0,Puno,25.8272137212904,1.8507471870122312,22.19578353181355,29.458643910767247,0.0716588017191566,979.0,258,979,2.000995378088267,2.002465459291007,True,True,True,True,True,True,True,False,True,EN_AMBOS
PV_hogar_escuela,Departamento,region lima,1,Región Lima,21.2,1.6,18.0,24.4,0.077,679.0,Región Lima,21.21741144624237,1.6269194137558074,18.025163301050533,24.40965959143421,0.0766785061352965,679.0,146,679,2.026192463029109,2.026192463029109,True,True,True,True,True,True,True,False,True,EN_AMBOS
PV_hogar_escuela,Departamento,san martin,1,San Martín,10.2,1.3,7.6,12.8,0.13,649.0,San Martín,10.195809300056805,1.3240134480610526,7.597905901741134,12.793712698372472,0.1298585927900472,649.0,81,649,2.0226909200367604,2.0369333434601016,True,True,True,True,True,True,True,False,True,EN_AMBOS
PV_hogar_escuela,Departamento,tacna,1,Tacna,17.3,1.9,13.6,21.0,0.109,659.0,Tacna,17.324034614523658,1.880257403066256,13.6347011683359,21.013368060711414,0.108534613610731,659.0,127,659,2.0345152974493383,2.0345152974493383,True,True,True,True,True,True,True,False,True,EN_AMBOS
PV_hogar_escuela,Departamento,tumbes,1,Tumbes,23.0,2.5,18.2,27.9,0.107,677.0,Tumbes,23.03127060762992,2.4606642756525203,18.203096019831573,27.859445195428272,0.106840144322621,677.0,152,677,2.0301079282503425,2.0301079282503425,True,True,True,True,True,True,True,False,True,EN_AMBOS
PV_hogar_escuela,Departamento,ucayali,1,Ucayali,16.3,2.0,12.4,20.1,0.12,695.0,Ucayali,16.25102735109091,1.951282476388569,12.422332571663016,20.079722130518803,0.1200713305216104,695.0,123,695,2.0226909200367604,2.0369333434601016,True,True,True,True,True,True,True,False,True,EN_AMBOS
PV_hogar_escuela,Discapacidad,bin_0,1,No,21.0,0.7,19.5,22.4,0.035,16778.0,0,20.9812616115425,0.7319764131796391,19.54501939355665,22.41750382952835,0.0348871496257858,16778.0,3371,16778,1.962142757779508,1.9624381659026529,True,True,True,True,True,True,True,False,True,EN_AMBOS
PV_hogar_escuela,Discapacidad,bin_1,1,Sí,26.5,1.5,23.5,29.5,0.0579999999999999,2029.0,1,26.47366187696119,1.5259361832951217,23.479557246074965,29.46776650784741,0.0576397851716567,2029.0,567,2029,1.9640483976635408,1.967290077109861,True,True,True,True,True,True,True,False,True,EN_AMBOS
PV_hogar_escuela,Etnicidad,etnicidad_1,1,Indígena andino,19.6,1.0,17.7,21.6,0.051,5249.0,1,19.64296286203368,0.9957757246527952,17.68910873553356,21.596816988533803,0.0506937640541718,5249.0,1078,5249,1.9628366422266053,1.9649288589987004,True,True,True,True,True,True,True,False,True,EN_AMBOS
PV_hogar_escuela,Etnicidad,etnicidad_3,1,Indígena amazónico/nativo,17.9,2.8,12.5,23.3,0.154,433.0,3,17.905089643475996,2.764926562675819,12.47990901272945,23.330270274222546,0.1544212633240439,433.0,85,433,1.978524491479245,2.00957523712924,True,True,True,True,True,True,True,False,True,EN_AMBOS
PV_hogar_escuela,Etnicidad,etnicidad_5,1,Afrodescendiente,25.0,2.0,21.1,28.8,0.078,1806.0,5,24.974446539932675,1.9600134330188244,21.12862037718424,28.82027270268111,0.078480755514837,1806.0,415,1806,1.96362596651301,1.9688886224492936,True,True,True,True,True,True,True,False,True,EN_AMBOS
PV_hogar_escuela,Etnicidad,etnicidad_6,1,No indígena ni afrodescendiente,22.5,1.0,20.5,24.5,0.045,8715.0,6,22.45700033001947,1.0212282288125776,20.453204756814877,24.460795903224064,0.045474828062742,8715.0,1834,8715,1.962322551204167,1.963098548254076,True,True,True,True,True,True,True,False,True,EN_AMBOS
PV_hogar_escuela,Etnicidad,etnicidad_9,1,No sabe,19.8,1.6,16.7,23.0,0.08,2604.0,9,19.84703592253133,1.586132351363281,16.734817816424084,22.95925402863857,0.0799178455440102,2604.0,526,2604,1.9629115987173988,1.9671786747533688,True,True,True,True,True,True,True,False,True,EN_AMBOS
PV_hogar_escuela,Lengua materna,idioma_1,1,Castellano,21.8,0.7,20.4,23.1,0.032,17498.0,1,21.76473132260305,0.6928525560498336,20.40525569754085,23.12420694766525,0.0318337288790831,17498.0,3684,17498,1.9621649940614452,1.9624433376274224,True,True,True,True,True,True,True,False,True,EN_AMBOS
PV_hogar_escuela,Lengua materna,idioma_3,1,Quechua/Aymara,17.9,1.9,14.0,21.7,0.109,958.0,3,17.852341697447976,1.945225343976215,14.035531876515892,21.66915151838006,0.1089619153018053,958.0,173,958,1.967404973747932,1.981371814876305,True,True,True,True,True,True,True,False,True,EN_AMBOS
PV_hogar_escuela,Lengua materna,idioma_4,1,Otra lengua nativa,20.5,4.0,12.6,28.3,0.196,275.0,4,20.459255959158952,4.002951672618307,12.604893324989575,28.31361859332833,0.1956548019443646,275.0,64,275,2.00957523712924,2.0484071417952445,True,True,True,True,True,True,True,False,True,EN_AMBOS
PV_hogar_escuela,Nacional,national_single,1,Total,21.6,0.7,20.3,22.9,0.031,18807.0,Total,21.61041282573948,0.6628161443621267,20.30974437680493,22.91108127467403,0.0306711468081103,18807.0,3938,18807,1.962142757779508,1.9623367052808791,True,True,True,True,True,True,True,False,True,EN_AMBOS
PV_hogar_escuela,Sexo,sexo_1,1,Mujer,25.0,1.0,23.0,27.0,0.0409999999999999,9608.0,1,25.014838680096,1.0272772651369173,22.999174034076056,27.03050332611594,0.0410667155712784,9608.0,2391,9608,1.962202376365632,1.9625974696062976,True,True,True,True,True,True,True,False,True,EN_AMBOS
PV_hogar_escuela,Sexo,sexo_2,1,Hombre,18.0,0.7,16.6,19.5,0.0409999999999999,9199.0,2,18.03386131830184,0.7377811295256896,16.58622941817662,19.481493218427055,0.0409108796227098,9199.0,1547,9199,1.9622476264013184,1.9632100663388543,True,True,True,True,True,True,True,False,True,EN_AMBOS
PV_hogar_escuela,Tipo de hogar,hogar_1,1,Biparental,21.3,0.7,19.9,22.6,0.033,13464.0,1,21.25105535953112,0.7030874782001985,19.87149735609514,22.630613362967093,0.033084826438272,13464.0,2850,13464,1.962142757779508,1.962458983344352,True,True,True,True,True,True,True,False,True,EN_AMBOS
PV_hogar_escuela,Tipo de hogar,hogar_2,1,Monoparental,24.3,1.3,21.8,26.9,0.054,4397.0,2,24.333710176970108,1.3146020774477276,21.754273231344158,26.913147122596065,0.0540239062554419,4397.0,952,4397,1.962322551204167,1.9642016147577697,True,True,True,True,True,True,True,False,True,EN_AMBOS
PV_hogar_escuela,Tipo de hogar,hogar_3,1,Sin figuras parentales / vive solo,13.2,2.0,9.3,17.2,0.153,929.0,3,13.224513388752596,2.0181165358024544,9.26468064367274,17.184346133832452,0.1526042188833092,929.0,132,929,1.9642398045825584,1.9847231860139845,True,True,True,True,True,True,True,False,True,EN_AMBOS
PV_hogar_escuela,Área,area_1,1,Urbano,22.8,0.8,21.2,24.3,0.035,15576.0,1,22.757352400724912,0.7925643490814596,21.20222800310049,24.312476798349326,0.0348267379757327,15576.0,3354,15576,1.9630738928941311,1.9631880084924225,True,True,True,True,True,True,True,False,True,EN_AMBOS
PV_hogar_escuela,Área,area_2,1,Rural,17.3,0.9,15.6,19.0,0.051,3231.0,2,17.295385414742125,0.8885570641565435,15.55190960643354,19.038861223050706,0.0513753838292126,3231.0,584,3231,1.967850227366019,1.969897635076691,True,True,True,True,True,True,True,False,True,EN_AMBOS
PV_hogar_escuela,Área y sexo,area_1_sexo_1,1,Urbano · Mujer,25.9,1.2,23.5,28.4,0.048,7990.0,Urbano Mujer,25.906266657526416,1.2470619066076312,23.457666658768257,28.354866656284575,0.0481374612210026,7990.0,2031,7990,1.9631967955598617,1.963495144694989,True,True,True,True,True,True,True,False,True,EN_AMBOS
PV_hogar_escuela,Área y sexo,area_1_sexo_2,1,Urbano · Hombre,19.4,0.9,17.7,21.1,0.044,7586.0,Urbano Hombre,19.376396178647408,0.8620863063841556,17.683161529486547,21.06963082780827,0.0444915710040118,7586.0,1323,7586,1.9632873744486168,1.9641126841032743,True,True,True,True,True,True,True,False,True,EN_AMBOS
PV_hogar_escuela,Área y sexo,area_2_sexo_1,1,Rural · Mujer,21.5,1.2,19.0,23.9,0.0579999999999999,1618.0,Rural Mujer,21.484473237790468,1.242280014200548,19.0351896147263,23.933756860854636,0.0578222235402736,1618.0,360,1618,1.967850227366019,1.9716034992645104,True,True,True,True,True,True,True,False,True,EN_AMBOS
PV_hogar_escuela,Área y sexo,area_2_sexo_2,1,Rural · Hombre,13.2,1.2,10.9,15.6,0.089,1613.0,Rural Hombre,13.24045250100036,1.182696411017582,10.901598467994978,15.579306534005744,0.089324470665049,1613.0,224,1613,1.9678765312856947,1.9775607765589256,True,True,True,True,True,True,True,False,True,EN_AMBOS
PV_hogar_escuela1,Departamento,amazonas,1,Amazonas,23.3,2.9,17.6,29.0,0.125,907.0,Amazonas,23.31207957175772,2.915235442954529,17.591971460142357,29.03218768337309,0.125052569161882,907.0,196,907,2.000995378088267,2.0057459953178687,True,True,True,True,True,True,True,False,True,EN_AMBOS
PV_hogar_escuela1,Departamento,ancash,1,Áncash,22.3,2.2,17.9,26.6,0.1,705.0,Áncash,22.26959043855201,2.219563416417876,17.914490155595335,26.62469072150869,0.099667904649718,705.0,156,705,2.016692199227824,2.0226909200367604,True,True,True,True,True,True,True,False,True,EN_AMBOS
PV_hogar_escuela1,Departamento,apurimac,1,Apurímac,29.3,2.8,23.7,34.9,0.0969999999999999,698.0,Apurímac,29.278783654379847,2.8454598947663223,23.695585129312068,34.86198217944762,0.0971850445822966,698.0,213,698,2.016692199227824,2.0180817028184443,True,True,True,True,True,True,True,False,True,EN_AMBOS
PV_hogar_escuela1,Departamento,arequipa,1,Arequipa,26.8,1.9,23.1,30.5,0.07,760.0,Arequipa,26.756583696913037,1.885338091387812,23.0572812149306,30.45588617889547,0.0704625864327114,760.0,196,760,2.0226909200367604,2.0243941639119694,True,True,True,True,True,True,True,False,True,EN_AMBOS
PV_hogar_escuela1,Departamento,ayacucho,1,Ayacucho,20.5,3.0,14.7,26.3,0.145,650.0,Ayacucho,20.485029800198955,2.971432326695813,14.654655380140854,26.31540422025706,0.1450538444746101,650.0,149,650,2.0210753903062733,2.032244509317718,True,True,True,True,True,True,True,False,True,EN_AMBOS
PV_hogar_escuela1,Departamento,cajamarca,1,Cajamarca,17.1,2.1,13.0,21.1,0.121,783.0,Cajamarca,17.064700182279953,2.063370783694256,13.016072142440445,21.113328222119463,0.1209145640798815,783.0,125,783,2.004044783289145,2.0141033888808466,True,True,True,True,True,True,True,False,True,EN_AMBOS
PV_hogar_escuela1,Departamento,callao,1,Callao,23.4,2.1,19.4,27.4,0.088,610.0,Callao,23.41127268320701,2.055719364775612,19.377657819585448,27.44488754682856,0.0878089539425247,610.0,133,610,2.0422724563012378,2.0422724563012378,True,True,True,True,True,True,True,False,True,EN_AMBOS
PV_hogar_escuela1,Departamento,cusco,1,Cusco,18.9,1.8,15.3,22.5,0.0969999999999999,716.0,Cusco,18.92560915287241,1.830622717527558,15.333666045449071,22.517552260295755,0.0967272811533105,716.0,138,716,2.016692199227824,2.019540970441376,True,True,True,True,True,True,True,False,True,EN_AMBOS
PV_hogar_escuela1,Departamento,huancavelica,1,Huancavelica,12.2,2.3,7.6,16.8,0.191,771.0,Huancavelica,12.223664695005484,2.3345571167269137,7.642930355797162,16.80439903421381,0.1909866782979412,771.0,92,771,2.0057459953178687,2.0422724563012378,True,True,True,True,True,True,True,False,True,EN_AMBOS
PV_hogar_escuela1,Departamento,huanuco,1,Huánuco,15.0,2.2,10.8,19.2,0.144,687.0,Huánuco,15.000907162263603,2.155020269619624,10.772449747361415,19.229364577165796,0.1436593298197864,687.0,124,687,2.016692199227824,2.0243941639119694,True,True,True,True,True,True,True,False,True,EN_AMBOS
PV_hogar_escuela1,Departamento,ica,1,Ica,20.6,1.6,17.5,23.8,0.077,716.0,Ica,20.640520753699924,1.5976985597124893,17.505608095645314,23.775433411754538,0.0774059229792491,716.0,146,716,2.026192463029109,2.026192463029109,True,True,True,True,True,True,True,False,True,EN_AMBOS
PV_hogar_escuela1,Departamento,junin,1,Junín,27.6,1.7,24.1,31.0,0.063,696.0,Junín,27.55850689364752,1.740944097677057,24.142526040691497,30.974487746603536,0.0631726567914446,696.0,188,696,2.0226909200367604,2.0226909200367604,True,True,True,True,True,True,True,False,True,EN_AMBOS
PV_hogar_escuela1,Departamento,la libertad,1,La Libertad,21.4,1.6,18.2,24.6,0.076,687.0,La Libertad,21.424824080652023,1.635773621392901,18.215202716069182,24.634445445234867,0.0763494540368295,687.0,164,687,2.0226909200367604,2.0243941639119694,True,True,True,True,True,True,True,False,True,EN_AMBOS
PV_hogar_escuela1,Departamento,lambayeque,1,Lambayeque,18.2,1.8,14.7,21.7,0.0969999999999999,651.0,Lambayeque,18.19560515928111,1.7707944408135987,14.721053671722494,21.67015664683973,0.0973198981464137,651.0,125,651,2.0301079282503425,2.0345152974493383,True,True,True,True,True,True,True,False,True,EN_AMBOS
PV_hogar_escuela1,Departamento,lima metropolitana,1,Lima Metropolitana,27.0,2.1,22.9,31.0,0.077,796.0,Lima Metropolitana,26.959541577256456,2.0719860028706223,22.894009247503355,31.02507390700956,0.0768553870596444,796.0,209,796,2.0210753903062733,2.0210753903062733,True,True,True,True,True,True,True,False,True,EN_AMBOS
PV_hogar_escuela1,Departamento,loreto,1,Loreto,27.1,2.0,23.1,31.0,0.074,674.0,Loreto,27.073690377247043,2.005045060069832,23.139505733609443,31.007875020884647,0.0740588014463993,674.0,181,674,2.019540970441376,2.019540970441376,True,True,True,True,True,True,True,False,True,EN_AMBOS
PV_hogar_escuela1,Departamento,madre de dios,1,Madre de Dios,22.3,3.0,16.4,28.3,0.136,644.0,Madre de Dios,22.34078109346881,3.0294088801144525,16.396648398999307,28.284913787938308,0.1355999536202466,644.0,142,644,2.0301079282503425,2.032244509317718,True,True,True,True,True,True,True,False,True,EN_AMBOS
PV_hogar_escuela1,Departamento,moquegua,1,Moquegua,24.8,1.9,21.1,28.5,0.076,670.0,Moquegua,24.83616016561853,1.8884459160280995,21.13075968802571,28.541560643211355,0.076036146627945,670.0,170,670,2.0301079282503425,2.0301079282503425,True,True,True,True,True,True,True,False,True,EN_AMBOS
PV_hogar_escuela1,Departamento,pasco,1,Pasco,22.8,1.5,19.8,25.7,0.067,990.0,Pasco,22.764398066358165,1.514910011863913,19.79192835789172,25.736867774824614,0.0665473344583043,990.0,250,990,1.999623584994939,2.0002978220142595,True,True,True,True,True,True,True,False,True,EN_AMBOS
PV_hogar_escuela1,Departamento,piura,1,Piura,24.4,2.2,20.2,28.7,0.088,658.0,Piura,24.44117623155133,2.158894184556095,20.20511764251229,28.67723482059037,0.088330208174235,658.0,151,658,2.026192463029109,2.0280940009804507,True,True,True,True,True,True,True,False,True,EN_AMBOS
PV_hogar_escuela1,Departamento,puno,1,Puno,27.7,2.0,23.7,31.7,0.073,979.0,Puno,27.68757389234232,2.0229266231245755,23.71830306925908,31.656844715425564,0.0730626175839865,979.0,273,979,2.000995378088267,2.001717484145236,True,True,True,True,True,True,True,False,True,EN_AMBOS
PV_hogar_escuela1,Departamento,region lima,1,Región Lima,23.8,1.6,20.7,27.0,0.067,679.0,Región Lima,23.838936072351885,1.5986797502557124,20.70209817837889,26.975773966324883,0.06706170717534,679.0,159,679,2.026192463029109,2.026192463029109,True,True,True,True,True,True,True,False,True,EN_AMBOS
PV_hogar_escuela1,Departamento,san martin,1,San Martín,11.7,1.4,8.9,14.5,0.121,649.0,San Martín,11.727093886269303,1.4164999479746294,8.947718771955834,14.506469000582772,0.1207886592971803,649.0,95,649,2.0226909200367604,2.032244509317718,True,True,True,True,True,True,True,False,True,EN_AMBOS
PV_hogar_escuela1,Departamento,tacna,1,Tacna,18.9,1.9,15.2,22.6,0.099,659.0,Tacna,18.905361279615565,1.8702524132617653,15.235659051714345,22.575063507516784,0.0989270919291205,659.0,138,659,2.0345152974493383,2.0345152974493383,True,True,True,True,True,True,True,False,True,EN_AMBOS
PV_hogar_escuela1,Departamento,tumbes,1,Tumbes,24.3,2.4,19.5,29.1,0.1009999999999999,677.0,Tumbes,24.31842824057694,2.4465761668912664,19.51789653335529,29.118959947798583,0.1006058509492397,677.0,164,677,2.0301079282503425,2.0301079282503425,True,True,True,True,True,True,True,False,True,EN_AMBOS
PV_hogar_escuela1,Departamento,ucayali,1,Ucayali,18.2,2.2,13.8,22.6,0.123,695.0,Ucayali,18.183100603693617,2.24511110311902,13.77787211229827,22.58832909508896,0.1234724017675489,695.0,136,695,2.0226909200367604,2.0369333434601016,True,True,True,True,True,True,True,False,True,EN_AMBOS
PV_hogar_escuela1,Discapacidad,bin_0,1,No,22.5,0.7,21.1,23.9,0.032,16778.0,0,22.495389403471467,0.710866952701349,21.10038937482248,23.89038943212045,0.031600562228616,16778.0,3615,16778,1.962142757779508,1.9623925733892695,True,True,True,True,True,True,True,False,True,EN_AMBOS
PV_hogar_escuela1,Discapacidad,bin_1,1,Sí,28.5,1.8,25.0,32.1,0.063,2029.0,1,28.51785181636799,1.8005518482766487,24.975923154182706,32.05978047855327,0.0631377096658876,2029.0,598,2029,1.9640483976635408,1.9671350567190555,True,True,True,True,True,True,True,False,True,EN_AMBOS
PV_hogar_escuela1,Etnicidad,etnicidad_1,1,Indígena andino,20.7,1.0,18.7,22.7,0.049,5249.0,1,20.72648017851246,1.0174826321583412,18.73003400065654,22.72292635636838,0.0490909514493051,5249.0,1135,5249,1.9628366422266053,1.964787527965364,True,True,True,True,True,True,True,False,True,EN_AMBOS
PV_hogar_escuela1,Etnicidad,etnicidad_3,1,Indígena amazónico/nativo,20.1,3.0,14.3,25.9,0.148,433.0,3,20.094677726232906,2.9684892596513945,14.270078023861668,25.919277428604143,0.1477251489222011,433.0,98,433,1.978524491479245,2.004879288188057,True,True,True,True,True,True,True,False,True,EN_AMBOS
PV_hogar_escuela1,Etnicidad,etnicidad_5,1,Afrodescendiente,26.4,2.0,22.4,30.3,0.076,1806.0,5,26.38504929699723,2.010009051686701,22.441124593158914,30.32897400083555,0.0761798482565447,1806.0,436,1806,1.96362596651301,1.9684420918340824,True,True,True,True,True,True,True,False,True,EN_AMBOS
PV_hogar_escuela1,Etnicidad,etnicidad_6,1,No indígena ni afrodescendiente,24.1,1.0,22.1,26.1,0.042,8715.0,6,24.124196575814278,1.0214498772949494,22.11996609664522,26.128427054983327,0.0423413013604359,8715.0,1976,8715,1.962322551204167,1.9629983142029728,True,True,True,True,True,True,True,False,True,EN_AMBOS
PV_hogar_escuela1,Etnicidad,etnicidad_9,1,No sabe,21.9,1.6,18.8,25.0,0.073,2604.0,9,21.901044554168227,1.6010556296616254,18.75954484562556,25.042544262710894,0.0731040761869465,2604.0,568,2604,1.9629115987173988,1.9666878964647605,True,True,True,True,True,True,True,False,True,EN_AMBOS
PV_hogar_escuela1,Lengua materna,idioma_1,1,Castellano,23.4,0.7,22.0,24.7,0.0289999999999999,17498.0,1,23.359275847450142,0.6887277990725924,22.00789358441844,24.71065811048185,0.0294841245751962,17498.0,3937,17498,1.9621649940614452,1.9624050685610863,True,True,True,True,True,True,True,False,True,EN_AMBOS
PV_hogar_escuela1,Lengua materna,idioma_3,1,Quechua/Aymara,18.9,2.0,15.0,22.7,0.105,958.0,3,18.874886691814915,1.9737987522158609,15.002011764840336,22.747761618789497,0.1045727470815386,958.0,185,958,1.967404973747932,1.9797637625053692,True,True,True,True,True,True,True,False,True,EN_AMBOS
PV_hogar_escuela1,Lengua materna,idioma_4,1,Otra lengua nativa,22.8,4.4,14.2,31.3,0.191,275.0,4,22.754413432471715,4.35193746940823,14.21529084456308,31.29353602038035,0.1912568514377871,275.0,73,275,2.00957523712924,2.0484071417952445,True,True,True,True,True,True,True,False,True,EN_AMBOS
PV_hogar_escuela1,Nacional,national_single,1,Total,23.2,0.7,21.9,24.5,0.0279999999999999,18807.0,Total,23.18525892434125,0.6589885633073757,21.917467729011197,24.503370870140284,0.0284227390109295,18807.0,4213,18807,1.962142757779508,1.962308564993671,True,True,True,True,True,True,True,False,True,EN_AMBOS
PV_hogar_escuela1,Sexo,sexo_1,1,Mujer,26.9,1.0,24.9,28.9,0.039,9608.0,1,26.898892111079707,1.035808084440914,24.866488779744504,28.93129544241491,0.038507462692646,9608.0,2556,9608,1.962202376365632,1.9625515105557685,True,True,True,True,True,True,True,False,True,EN_AMBOS
PV_hogar_escuela1,Sexo,sexo_2,1,Hombre,19.3,0.7,17.9,20.7,0.037,9199.0,2,19.28386675417448,0.7207117858581245,17.869727343106625,20.698006165242337,0.0373738210829582,9199.0,1657,9199,1.9622476264013184,1.9631152035009616,True,True,True,True,True,True,True,False,True,EN_AMBOS
PV_hogar_escuela1,Tipo de hogar,hogar_1,1,Biparental,22.9,0.7,21.5,24.3,0.031,13464.0,1,22.91040600305918,0.6996779918280511,21.53734730641753,24.28346469970083,0.0305397465123326,13464.0,3039,13464,1.962142757779508,1.96241515765596,True,True,True,True,True,True,True,False,True,EN_AMBOS
PV_hogar_escuela1,Tipo de hogar,hogar_2,1,Monoparental,25.7,1.3,23.1,28.2,0.051,4397.0,2,25.664894695229837,1.3020914651731827,23.107578417527144,28.22221097293253,0.0507343388950352,4397.0,1019,4397,1.962322551204167,1.964006635557325,True,True,True,True,True,True,True,False,True,EN_AMBOS
PV_hogar_escuela1,Tipo de hogar,hogar_3,1,Sin figuras parentales / vive solo,14.7,2.1,10.6,18.8,0.141,929.0,3,14.699242288090192,2.0676858580565427,10.60115613843424,18.797328437746145,0.140666152549363,929.0,150,929,1.9642398045825584,1.9819674897364823,True,True,True,True,True,True,True,False,True,EN_AMBOS
PV_hogar_escuela1,Área,area_1,1,Urbano,24.4,0.8,22.8,25.9,0.032,15576.0,1,24.35900575770748,0.7851133589852677,22.81770447943905,25.90030703597591,0.0322309279284458,15576.0,3586,15576,1.9630738928941311,1.9631576263846908,True,True,True,True,True,True,True,False,True,EN_AMBOS
PV_hogar_escuela1,Área,area_2,1,Rural,18.8,0.9,17.0,20.6,0.049,3231.0,2,18.76937698076901,0.9106523470984076,16.975670588960572,20.56308337257746,0.0485179848021304,3231.0,627,3231,1.967850227366019,1.9696939205435453,True,True,True,True,True,True,True,False,True,EN_AMBOS
PV_hogar_escuela1,Área y sexo,area_1_sexo_1,1,Urbano · Mujer,27.7,1.3,25.2,30.1,0.045,7990.0,Urbano Mujer,27.67658217328081,1.252300090457403,25.2193906202232,30.133773726338426,0.045247642307018,7990.0,2166,7990,1.9631967955598617,1.963453590097576,True,True,True,True,True,True,True,False,True,EN_AMBOS
PV_hogar_escuela1,Área y sexo,area_1_sexo_2,1,Urbano · Hombre,20.8,0.8,19.2,22.4,0.04,7586.0,Urbano Hombre,20.79695874413035,0.8313276368105782,19.165775242220523,22.428142246040174,0.0399735195438231,7586.0,1420,7586,1.9632873744486168,1.9639997580941204,True,True,True,True,True,True,True,False,True,EN_AMBOS
PV_hogar_escuela1,Área y sexo,area_2_sexo_1,1,Rural · Mujer,23.8,1.3,21.2,26.5,0.0559999999999999,1618.0,Rural Mujer,23.818968449346183,1.3410517163310025,21.18763353633953,26.45030336235284,0.056301838561267,1618.0,390,1618,1.967850227366019,1.9711638854652536,True,True,True,True,True,True,True,False,True,EN_AMBOS
PV_hogar_escuela1,Área y sexo,area_2_sexo_2,1,Rural · Hombre,13.9,1.2,11.5,16.2,0.087,1613.0,Rural Hombre,13.881497921699006,1.2041418047238883,11.518799800220483,16.24419604317753,0.0867443709256781,1613.0,237,1613,1.9678765312856947,1.9768109936328528,True,True,True,True,True,True,True,False,True,EN_AMBOS
Prev_Agresor_VS__AG_01,Nacional,national_single,1,Familiares,6.0,0.4,5.3,6.8,0.06,1034.0,Total,6.005650299151552,0.3606744505542251,5.335224739813005,6.75431076614826,0.0600558528366494,1034.0,1034,18807,1.962142757779508,1.9638605503645368,True,True,True,True,True,True,True,False,True,EN_AMBOS
Prev_Agresor_VS__AG_02,Nacional,national_single,1,Familiares femeninos,0.8,0.2,0.5,1.3,0.261,104.0,Total,0.7604826436714527,0.1983371748033529,0.4516540581604099,1.2777692088385282,0.260804341103463,104.0,104,18807,1.962142757779508,1.994437111771186,True,True,True,True,True,True,True,False,True,EN_AMBOS
Prev_Agresor_VS__AG_03,Nacional,national_single,1,Familiares masculinos,5.4,0.3,4.8,6.0,0.057,940.0,Total,5.361813770458962,0.3061172598789239,4.791419585275915,5.995834273902124,0.0570921096822653,940.0,940,18807,1.962142757779508,1.9640483976635408,True,True,True,True,True,True,True,False,True,EN_AMBOS
Prev_Agresor_VS__AG_04,Nacional,national_single,1,Otros ascendientes familiares,0.1,0.0,0.1,0.2,0.252,27.0,Total,0.1152643537052735,0.0289968435588862,0.065795252714504,0.20185237870149,0.251568178944811,27.0,27,18807,1.962142757779508,2.228138851986274,True,True,True,True,True,True,True,False,True,EN_AMBOS
Prev_Agresor_VS__AG_05,Nacional,national_single,1,Pares escolares (compañeros/as),17.1,0.6,15.9,18.4,0.037,3100.0,Total,17.121127970953374,0.6355579776046076,15.909852124467085,18.404439179799784,0.0371212678675642,3100.0,3100,18807,1.962142757779508,1.96251259248712,True,True,True,True,True,True,True,False,True,EN_AMBOS
Prev_Agresor_VS__AG_06,Nacional,national_single,1,Otra persona,14.3,0.5,13.2,15.3,0.037,2549.0,Total,14.255097299682532,0.5290972857768593,13.216673493299902,15.29352110606516,0.0371163573740491,2549.0,2549,18807,1.962142757779508,1.9626330247715025,True,True,True,True,True,True,True,False,True,EN_AMBOS
Prev_Agresor_VS__AG_07,Nacional,national_single,1,Pareja / expareja,1.3,0.2,1.0,1.6,0.118,225.0,Total,1.3078442449002547,0.1549482869096741,1.0020955091879529,1.6135929806125566,0.1184761010448087,225.0,225,18807,1.962142757779508,1.9732308230715432,True,True,True,True,True,True,True,False,True,EN_AMBOS
Prev_Agresor_VS__AG_08,Nacional,national_single,1,Adultos del colegio,0.1,0.0,0.0,0.1,0.261,25.0,Total,0.0607776761513483,0.0158930305709054,0.0248251432068037,0.096730209095893,0.261494541701935,25.0,25,18807,1.962142757779508,2.262157162798205,True,True,True,True,True,True,True,False,True,EN_AMBOS
Prev_Agresor_VS__AG_09,Nacional,national_single,1,Personal de CAR,0.0,0.0,0.0,0.1,0.877,3.0,Total,0.0230810189256748,0.0202406024070969,0.0041293791052259,0.1288984238043299,0.8769371262280664,3.0,3,18807,1.962142757779508,,True,True,True,True,True,True,True,False,True,EN_AMBOS
Solap_VP_VF_E,Condicional,p vf vp de quienes sufren vp que ademas sufre vf,1,"P(VF | VP): de quienes sufren VP, % que además sufre VF",25.2,0.9,23.6,27.0,0.035,1909.0,"P(VF | VP): de quienes sufren VP, % que además sufre VF",25.2385246079616,0.8803665760163788,23.5505421714636,27.00475631306999,0.0348818558014545,1909.0,1909,7522,1.962167038069028,1.9628471160446777,True,True,True,True,True,True,True,False,True,EN_AMBOS
Solap_VP_VF_E,Condicional,p vp vf de quienes sufren vf que ademas sufre vp,1,"P(VP | VF): de quienes sufren VF, % que además sufre VP",77.5,1.7,74.1,80.6,0.021,1909.0,"P(VP | VF): de quienes sufren VF, % que además sufre VP",77.53553461492119,1.6608481920285985,74.10933857013202,80.6268555007559,0.0214204777238871,1909.0,1909,2431,1.9626330247715025,1.9628471160446777,True,True,True,True,True,True,True,False,True,EN_AMBOS
Solap_VP_VF_E,Prevalencia (contexto),vf fisica,1,VF (física),13.1,,,,,,VF (física),13.087954475821896,,,,,,2431,18807,1.962142757779508,1.9626330247715025,True,True,True,True,True,True,True,False,True,EN_AMBOS
Solap_VP_VF_E,Prevalencia (contexto),vp psicologica,1,VP (psicológica),40.2,,,,,,VP (psicológica),40.2076414157143,,,,,,7522,18807,1.962142757779508,1.962167038069028,True,True,True,True,True,True,True,False,True,EN_AMBOS
Solap_VP_VF_E__Coexistencia,Nacional,national_single,1,"VP y VF (ambas, % del total)",10.1,0.4,9.4,10.9,0.039,1909.0,Total,10.147815472986014,0.3930536991997297,9.37658800368282,10.91904294228921,0.0387328386336998,1909.0,1909,18807,1.962142757779508,1.9628471160446777,True,True,True,True,True,True,True,False,True,EN_AMBOS
Solap_VP_VF_H,Condicional,p vf vp de quienes sufren vp que ademas sufre vf,1,"P(VF | VP): de quienes sufren VP, % que además sufre VF",41.0,1.3,38.6,43.5,0.031,2214.0,"P(VF | VP): de quienes sufren VP, % que además sufre VF",41.01929199571522,1.2710356644197764,38.55038077571996,43.53430179975819,0.0309862896841941,2214.0,2214,5269,1.9622454301924284,1.96270392699674,True,True,True,True,True,True,True,False,True,EN_AMBOS
Solap_VP_VF_H,Condicional,p vp vf de quienes sufren vf que ademas sufre vp,1,"P(VP | VF): de quienes sufren VF, % que además sufre VP",69.8,1.8,66.2,73.1,0.025,2214.0,"P(VP | VF): de quienes sufren VF, % que además sufre VP",69.77592768936259,1.759503723208889,66.21623421257165,73.11284616170138,0.0252164862793666,2214.0,2214,3134,1.9624253304941577,1.96270392699674,True,True,True,True,True,True,True,False,True,EN_AMBOS
Solap_VP_VF_H,Prevalencia (contexto),vf fisica,1,VF (física),16.7,,,,,,VF (física),16.743298178932108,,,,,,3134,18807,1.962142757779508,1.9624253304941577,True,True,True,True,True,True,True,False,True,EN_AMBOS
Solap_VP_VF_H,Prevalencia (contexto),vp psicologica,1,VP (psicológica),28.5,,,,,,VP (psicológica),28.481212282665403,,,,,,5269,18807,1.962142757779508,1.9622454301924284,True,True,True,True,True,True,True,False,True,EN_AMBOS
Solap_VP_VF_H__Coexistencia,Nacional,national_single,1,"VP y VF (ambas, % del total)",11.7,0.5,10.8,12.7,0.0409999999999999,2214.0,Total,11.682791630146031,0.4800654411291813,10.77303093537873,12.65848039557101,0.041091671950258,2214.0,2214,18807,1.962142757779508,1.96270392699674,True,True,True,True,True,True,True,False,True,EN_AMBOS
Solap_VS_12M,2×2,p con contacto 301 o 302 no fisica 303 de no fisica 303 con con contacto 301 o 302,1,"P(con contacto (301 o 302) | no física (303)): de no física (303), % con con contacto (301 o 302)",15.4,1.0,13.6,17.4,0.062,528.0,"P(con contacto (301 o 302) | no física (303)): de no física (303), % con con contacto (301 o 302)",15.386513427338,0.9574815848465522,13.600125028582418,17.36039836473397,0.0622286256966666,528.0,528,3105,1.9624855030066195,1.9663961961774057,True,True,True,True,True,True,True,False,True,EN_AMBOS
Solap_VS_12M,2×2,p no fisica 303 con contacto 301 o 302 de con contacto 301 o 302 con no fisica 303,1,"P(no física (303) | con contacto (301 o 302)): de con contacto (301 o 302), % con no física (303)",61.1,3.2,54.7,67.1,0.052,528.0,"P(no física (303) | con contacto (301 o 302)): de con contacto (301 o 302), % con no física (303)",61.08690228282487,3.1788395340382127,54.70037314758942,67.11434865292225,0.0520379887544563,528.0,528,852,1.9642944415219208,1.9663961961774057,True,True,True,True,True,True,True,False,True,EN_AMBOS
Solap_VS_12M,3×3,p agresion con contacto 302 no fisica 303 de no fisica 303 con agresion con contacto 302,1,"P(agresión con contacto (302) | no física (303)): de no física (303), % con agresión con contacto (302)",14.2,0.9,12.5,16.1,0.065,486.0,"P(agresión con contacto (302) | no física (303)): de no física (303), % con agresión con contacto (302)",14.164327435990916,0.9212327565615764,12.451166351311596,16.06993671602303,0.0650389339504229,486.0,486,3105,1.9624855030066195,1.9668240032621516,True,True,True,True,True,True,True,False,True,EN_AMBOS
Solap_VS_12M,3×3,p agresion con contacto 302 violacion 301 de violacion 301 con agresion con contacto 302 referencial,1,"P(agresión con contacto (302) | violación (301)): de violación (301), % con agresión con contacto (302)  [referencial]",25.9,5.9,16.1,38.9,0.2269999999999999,43.0,"P(agresión con contacto (302) | violación (301)): de violación (301), % con agresión con contacto (302) [referencial]",25.89554483621905,5.878691820867871,16.077161467787153,38.92867391750918,0.2270155680464997,43.0,43,112,1.9886096669757083,2.0595385527532977,True,True,True,True,True,True,True,False,True,EN_AMBOS
Solap_VS_12M,3×3,p no fisica 303 agresion con contacto 302 de agresion con contacto 302 con no fisica 303,1,"P(no física (303) | agresión con contacto (302)): de agresión con contacto (302), % con no física (303)",62.1,3.1,55.9,68.0,0.05,486.0,"P(no física (303) | agresión con contacto (302)): de agresión con contacto (302), % con no física (303)",62.14656876215822,3.0946954781519307,55.91347751946084,68.00271613676023,0.0497967231303738,486.0,486,783,1.9645809970804735,1.9668240032621516,True,True,True,True,True,True,True,False,True,EN_AMBOS
Solap_VS_12M,3×3,p no fisica 303 violacion 301 de violacion 301 con no fisica 303 referencial,1,"P(no física (303) | violación (301)): de violación (301), % con no física (303)  [referencial]",60.5,9.1,42.0,76.4,0.151,82.0,"P(no física (303) | violación (301)): de violación (301), % con no física (303) [referencial]",60.49967219760548,9.108522176699022,42.03007848914332,76.39027541686565,0.1505549013050607,82.0,82,112,1.9886096669757083,2.003240718847872,True,True,True,True,True,True,True,False,True,EN_AMBOS
Solap_VS_12M,3×3,p violacion 301 agresion con contacto 302 de agresion con contacto 302 con violacion 301 referencial,1,"P(violación (301) | agresión con contacto (302)): de agresión con contacto (302), % con violación (301)  [referencial]",3.7,0.8,2.4,5.6,0.213,43.0,"P(violación (301) | agresión con contacto (302)): de agresión con contacto (302), % con violación (301) [referencial]",3.6737266447280135,0.7832593216409979,2.410750389240055,5.560665968983571,0.2132056620938346,43.0,43,783,1.9645809970804735,2.0595385527532977,True,True,True,True,True,True,True,False,True,EN_AMBOS
Solap_VS_12M,3×3,p violacion 301 no fisica 303 de no fisica 303 con violacion 301 referencial,1,"P(violación (301) | no física (303)): de no física (303), % con violación (301)  [referencial]",2.0,0.4,1.4,2.8,0.186,82.0,"P(violación (301) | no física (303)): de no física (303), % con violación (301) [referencial]",1.9562015971614368,0.3646235664725297,1.35538538057583,2.81574584058104,0.1863936554400221,82.0,82,3105,1.9624855030066195,2.003240718847872,True,True,True,True,True,True,True,False,True,EN_AMBOS
Solap_VS_VIDA,2×2,p con contacto 301 o 302 no fisica 303 de no fisica 303 con con contacto 301 o 302,1,"P(con contacto (301 o 302) | no física (303)): de no física (303), % con con contacto (301 o 302)",29.2,1.3,26.7,31.9,0.045,1386.0,"P(con contacto (301 o 302) | no física (303)): de no física (303), % con con contacto (301 o 302)",29.224050483587902,1.3179715490150874,26.70508762634323,31.877277773942552,0.0450988664201512,1386.0,1386,4982,1.9622720667543931,1.9634130021507092,True,True,True,True,True,True,True,False,True,EN_AMBOS
Solap_VS_VIDA,2×2,p no fisica 303 con contacto 301 o 302 de con contacto 301 o 302 con no fisica 303,1,"P(no física (303) | con contacto (301 o 302)): de con contacto (301 o 302), % con no física (303)",66.0,2.0,62.0,69.9,0.03,1386.0,"P(no física (303) | con contacto (301 o 302)): de con contacto (301 o 302), % con no física (303)",66.03850853181841,2.014056710646107,61.97981727482669,69.87452238602391,0.0304982161987456,1386.0,1386,2197,1.9627424358816556,1.9634130021507092,True,True,True,True,True,True,True,False,True,EN_AMBOS
Solap_VS_VIDA,3×3,p agresion con contacto 302 no fisica 303 de no fisica 303 con agresion con contacto 302,1,"P(agresión con contacto (302) | no física (303)): de no física (303), % con agresión con contacto (302)",28.0,1.3,25.4,30.7,0.048,1318.0,"P(agresión con contacto (302) | no física (303)): de no física (303), % con agresión con contacto (302)",27.971425145667784,1.3477616917385984,25.404819420301227,30.690647129449072,0.0481835188847122,1318.0,1318,4982,1.9622720667543931,1.9635216226548615,True,True,True,True,True,True,True,False,True,EN_AMBOS
Solap_VS_VIDA,3×3,p agresion con contacto 302 violacion 301 de violacion 301 con agresion con contacto 302 referencial,1,"P(agresión con contacto (302) | violación (301)): de violación (301), % con agresión con contacto (302)  [referencial]",65.9,5.3,54.9,75.4,0.08,179.0,"P(agresión con contacto (302) | violación (301)): de violación (301), % con agresión con contacto (302) [referencial]",65.89445353036929,5.289909746665419,54.902695036343474,75.4071908088907,0.0802785282106849,179.0,179,286,1.9703772833261533,1.9763456545938063,True,True,True,True,True,True,True,False,True,EN_AMBOS
Solap_VS_VIDA,3×3,p no fisica 303 agresion con contacto 302 de agresion con contacto 302 con no fisica 303,1,"P(no física (303) | agresión con contacto (302)): de agresión con contacto (302), % con no física (303)",66.2,2.0,62.1,70.0,0.031,1318.0,"P(no física (303) | agresión con contacto (302)): de agresión con contacto (302), % con no física (303)",66.1557938199264,2.024724040501287,62.07676158089509,70.00805928301287,0.0306053925679209,1318.0,1318,2090,1.9627921214122173,1.9635216226548615,True,True,True,True,True,True,True,False,True,EN_AMBOS
Solap_VS_VIDA,3×3,p no fisica 303 violacion 301 de violacion 301 con no fisica 303 referencial,1,"P(no física (303) | violación (301)): de violación (301), % con no física (303)  [referencial]",78.9,4.4,69.1,86.2,0.055,228.0,"P(no física (303) | violación (301)): de violación (301), % con no física (303) [referencial]",78.92869636334487,4.358481799695997,69.134695118044,86.23374857794776,0.0552204964799103,228.0,228,286,1.9703772833261533,1.9730840773359009,True,True,True,True,True,True,True,False,True,EN_AMBOS
Solap_VS_VIDA,3×3,p violacion 301 agresion con contacto 302 de agresion con contacto 302 con violacion 301 referencial,1,"P(violación (301) | agresión con contacto (302)): de agresión con contacto (302), % con violación (301)  [referencial]",9.0,1.2,7.0,11.5,0.128,179.0,"P(violación (301) | agresión con contacto (302)): de agresión con contacto (302), % con violación (301) [referencial]",9.010783226324524,1.1541456697882266,6.988035908443463,11.546349022359667,0.1280849445380565,179.0,179,2090,1.9627921214122173,1.9763456545938063,True,True,True,True,True,True,True,False,True,EN_AMBOS
Solap_VS_VIDA,3×3,p violacion 301 no fisica 303 de no fisica 303 con violacion 301 referencial,1,"P(violación (301) | no física (303)): de no física (303), % con violación (301)  [referencial]",4.6,0.5,3.6,5.7,0.114,228.0,"P(violación (301) | no física (303)): de no física (303), % con violación (301) [referencial]",4.563471265430378,0.5183380261646628,3.647740148741192,5.695499305279254,0.1135841546962778,228.0,228,4982,1.9622720667543931,1.9730840773359009,True,True,True,True,True,True,True,False,True,EN_AMBOS
VFE_ICVAC_201_AGRESION_GRAVE,Nacional,national_single,1,"ICVAC - Agresión grave (escuela): asfixia, quemadura, arma blanca u objeto filudo, arma de fuego",14.5,1.4,11.9,17.4,0.096,344.0,Total,14.453323948094909,1.3812394157351686,11.940167573146304,17.390981382582062,0.0955655197860025,344.0,344,2431,1.9626330247715025,1.9690947240422112,True,True,True,True,True,True,True,False,True,EN_AMBOS
VFE_ICVAC_202_AGRESION_LEVE,Nacional,national_single,1,"ICVAC - Agresión leve (escuela): jalones, cachetadas, cocachos, pellizcos, nalgadas, patadas, puñetazos, daño con lápiz o regla, golpe con objeto",94.8,1.0,92.5,96.4,0.01,2301.0,Total,94.7694192975302,0.9841617809673529,92.46561985390863,96.39623707337468,0.0103848033285669,2301.0,2301,2431,1.9626330247715025,1.962663395810336,True,True,True,True,True,True,True,False,True,EN_AMBOS
VFE_ICVAC_209_OTROS,Nacional,national_single,1,ICVAC - Otros actos de violencia física escolar no clasificados,2.7,0.6,1.8,4.1,0.214,65.0,Total,2.6973244664238054,0.5773908785885632,1.7682576269928385,4.0941904592361285,0.2140605944060135,65.0,65,2431,1.9626330247715025,2.0280940009804507,True,True,True,True,True,True,True,False,True,EN_AMBOS
VF_EJERCIDA,Conductas de riesgo inducidas por adultos,bin_0,1,Sin conductas,7.65916788180985,0.3885164090420904,6.896843223529579,8.42149254009012,0.0507256682497844,18548.0,0,7.659167881809799,0.3885164090420879,6.896843223529365,8.421492540090233,0.0507256682497844,18548.0,1432,18548,1.962142757779508,1.963423060363903,True,True,True,True,True,True,True,False,True,EN_AMBOS
VF_EJERCIDA,Conductas de riesgo inducidas por adultos,bin_1,1,Al menos una,20.69434843910103,3.801327168911267,13.23560186467295,28.15309501352911,0.1836891448937253,259.0,1,20.694348439101027,3.8013271689112704,13.2356018646713,28.15309501353076,0.1836891448937254,259.0,65,259,1.9725281820013163,2.0280940009804507,True,True,True,True,True,True,True,False,True,EN_AMBOS
VF_EJERCIDA,Conductas de riesgo personales,bin_0,1,Sin conductas,5.573757428550072,0.4097720263497684,4.769726214707417,6.377788642392726,0.0735180946789721,15165.0,0,5.573757428550101,0.4097720263497706,4.769726214707265,6.377788642392937,0.0735180946789721,15165.0,888,15165,1.962142757779508,1.9643997046752784,True,True,True,True,True,True,True,False,True,EN_AMBOS
VF_EJERCIDA,Conductas de riesgo personales,bin_1,1,Al menos una,16.7595962737795,1.2875672329624643,14.23320555246856,19.28598699509044,0.0768256712112374,3642.0,1,16.759596273779483,1.287567232962463,14.233205552467986,19.28598699509098,0.0768256712112374,3642.0,609,3642,1.9623558437740083,1.9658241784477395,True,True,True,True,True,True,True,False,True,EN_AMBOS
VF_EJERCIDA,Departamento,amazonas,1,Amazonas,6.7,2.3,2.2,11.3,0.344,907.0,Amazonas,6.720712654788322,2.308730914174675,2.1906530118788217,11.250772297697823,0.3435247172083406,907.0,62,907,2.000995378088267,2.0422724563012378,True,True,True,True,True,True,True,False,True,EN_AMBOS
VF_EJERCIDA,Departamento,ancash,1,Áncash,9.8,1.4,7.0,12.6,0.145,705.0,Áncash,9.771174905997364,1.4191975243957216,6.986506761645692,12.555843050349036,0.1452432832334875,705.0,67,705,2.016692199227824,2.0452296421327034,True,True,True,True,True,True,True,False,True,EN_AMBOS
VF_EJERCIDA,Departamento,apurimac,1,Apurímac,8.7,1.4,6.0,11.4,0.157,698.0,Apurímac,8.686804621882217,1.362899729335861,6.012600788386206,11.361008455378228,0.156893102660867,698.0,60,698,2.016692199227824,2.039513446396408,True,True,True,True,True,True,True,False,True,EN_AMBOS
VF_EJERCIDA,Departamento,arequipa,1,Arequipa,5.1,1.0,3.1,7.1,0.1969999999999999,760.0,Arequipa,5.0980480490144044,1.0022632525470276,3.13146446664072,7.064631631388088,0.1965974512030723,760.0,45,760,2.0226909200367604,2.0595385527532977,True,True,True,True,True,True,True,False,True,EN_AMBOS
VF_EJERCIDA,Departamento,ayacucho,1,Ayacucho,6.9,1.6,3.7,10.2,0.237,650.0,Ayacucho,6.936080855614231,1.6433935722220714,3.7115080596972985,10.160653651531163,0.2369340275051536,650.0,45,650,2.0210753903062733,2.068657610419048,True,True,True,True,True,True,True,False,True,EN_AMBOS
VF_EJERCIDA,Departamento,cajamarca,1,Cajamarca,6.0,1.1,3.8,8.2,0.184,783.0,Cajamarca,5.998024760307788,1.1058357912750505,3.828217071164077,8.1678324494515,0.1843666599366129,783.0,45,783,2.004044783289145,2.0555294386428726,True,True,True,True,True,True,True,False,True,EN_AMBOS
VF_EJERCIDA,Departamento,callao,1,Callao,8.0,1.5,5.0,11.0,0.1889999999999999,610.0,Callao,8.03635887478798,1.5228448132009191,5.048319953343709,11.02439779623225,0.1894943763622173,610.0,48,610,2.0422724563012378,2.07961384472768,True,True,True,True,True,True,True,False,True,EN_AMBOS
VF_EJERCIDA,Departamento,cusco,1,Cusco,7.6,1.4,4.8,10.5,0.19,716.0,Cusco,7.611530876508731,1.4478668095002536,4.770609502018486,10.452452250998975,0.1902201847421741,716.0,52,716,2.016692199227824,2.0422724563012378,True,True,True,True,True,True,True,False,True,EN_AMBOS
VF_EJERCIDA,Departamento,huancavelica,1,Huancavelica,3.1,0.9,1.4,4.7,0.278,771.0,Huancavelica,3.054643140900964,0.8502071451297138,1.3864153484723047,4.722870933329623,0.2783327236316534,771.0,28,771,2.0057459953178687,2.131449545559775,True,True,True,True,True,True,True,False,True,EN_AMBOS
VF_EJERCIDA,Departamento,huanuco,1,Huánuco,6.9,1.3,4.3,9.6,0.195,687.0,Huánuco,6.920423696883408,1.3469885486294328,4.2774398713782364,9.563407522388582,0.1946396069992138,687.0,50,687,2.016692199227824,2.0422724563012378,True,True,True,True,True,True,True,False,True,EN_AMBOS
VF_EJERCIDA,Departamento,ica,1,Ica,8.3,1.3,5.7,10.8,0.155,716.0,Ica,8.2514924019951,1.2775119192575664,5.744831641646866,10.758153162343332,0.1548219227528684,716.0,64,716,2.026192463029109,2.0452296421327034,True,True,True,True,True,True,True,False,True,EN_AMBOS
VF_EJERCIDA,Departamento,junin,1,Junín,12.0,1.8,8.4,15.5,0.152,696.0,Junín,11.97317570879978,1.8191385914317288,8.403766096224796,15.54258532137476,0.1519345105822458,696.0,75,696,2.0226909200367604,2.0422724563012378,True,True,True,True,True,True,True,False,True,EN_AMBOS
VF_EJERCIDA,Departamento,la libertad,1,La Libertad,10.7,1.2,8.3,13.1,0.114,687.0,La Libertad,10.681986011647142,1.218284444414074,8.291538012124636,13.072434011169648,0.1140503688252084,687.0,78,687,2.0226909200367604,2.039513446396408,True,True,True,True,True,True,True,False,True,EN_AMBOS
VF_EJERCIDA,Departamento,lambayeque,1,Lambayeque,7.3,1.6,4.1,10.5,0.225,651.0,Lambayeque,7.285036526636484,1.6355770058813814,4.07580094975564,10.494272103517329,0.2245118469758079,651.0,40,651,2.0301079282503425,2.093024054408309,True,True,True,True,True,True,True,False,True,EN_AMBOS
VF_EJERCIDA,Departamento,lima metropolitana,1,Lima Metropolitana,8.3,1.2,6.0,10.7,0.144,796.0,Lima Metropolitana,8.332019964564845,1.2005362209197306,5.976396513235216,10.687643415894474,0.1440870552429636,796.0,62,796,2.0210753903062733,2.039513446396408,True,True,True,True,True,True,True,False,True,EN_AMBOS
VF_EJERCIDA,Departamento,loreto,1,Loreto,6.9,1.2,4.6,9.2,0.172,674.0,Loreto,6.888477639780072,1.1815358025522071,4.57013572174506,9.206819557815084,0.1715235011766591,674.0,59,674,2.019540970441376,2.0555294386428726,True,True,True,True,True,True,True,False,True,EN_AMBOS
VF_EJERCIDA,Departamento,madre de dios,1,Madre de Dios,9.6,1.7,6.3,12.9,0.176,644.0,Madre de Dios,9.59086388500058,1.6903591456661533,6.274137929285381,12.90758984071578,0.1762468079971141,644.0,77,644,2.0301079282503425,2.0595385527532977,True,True,True,True,True,True,True,False,True,EN_AMBOS
VF_EJERCIDA,Departamento,moquegua,1,Moquegua,7.5,1.0,5.6,9.4,0.131,670.0,Moquegua,7.503208305422543,0.9849052927588032,5.570683518137151,9.435733092707936,0.1312645541303998,670.0,52,670,2.0301079282503425,2.0555294386428726,True,True,True,True,True,True,True,False,True,EN_AMBOS
VF_EJERCIDA,Departamento,pasco,1,Pasco,9.7,1.5,6.8,12.6,0.152,990.0,Pasco,9.71693736264347,1.477997062729484,6.816896129989429,12.616978595297512,0.1521052372336584,990.0,105,990,1.999623584994939,2.016692199227824,True,True,True,True,True,True,True,False,True,EN_AMBOS
VF_EJERCIDA,Departamento,piura,1,Piura,5.8,1.1,3.7,7.9,0.186,658.0,Piura,5.8000640941056805,1.078733933131168,3.683434119641356,7.916694068570005,0.1859865538774704,658.0,40,658,2.026192463029109,2.063898561628025,True,True,True,True,True,True,True,False,True,EN_AMBOS
VF_EJERCIDA,Departamento,puno,1,Puno,6.1,1.0,4.2,8.0,0.157,979.0,Puno,6.090736572000488,0.95520146552424,4.216494934201728,7.964978209799248,0.1568285632176842,979.0,65,979,2.000995378088267,2.0280940009804507,True,True,True,True,True,True,True,False,True,EN_AMBOS
VF_EJERCIDA,Departamento,region lima,1,Región Lima,7.2,1.2,4.9,9.5,0.1639999999999999,679.0,Región Lima,7.191056077321881,1.1791702019900474,4.87735580529771,9.504756349346051,0.1639773336921603,679.0,56,679,2.026192463029109,2.051830516480285,True,True,True,True,True,True,True,False,True,EN_AMBOS
VF_EJERCIDA,Departamento,san martin,1,San Martín,8.2,1.6,5.0,11.4,0.198,649.0,San Martín,8.228395609368398,1.6297006385122146,5.030690304163016,11.42610091457378,0.1980581289330239,649.0,51,649,2.0226909200367604,2.073873067904026,True,True,True,True,True,True,True,False,True,EN_AMBOS
VF_EJERCIDA,Departamento,tacna,1,Tacna,5.7,1.0,3.8,7.6,0.1689999999999999,659.0,Tacna,5.682767420784092,0.9615135520317234,3.796140568158196,7.569394273409988,0.1691981178950055,659.0,40,659,2.0345152974493383,2.073873067904026,True,True,True,True,True,True,True,False,True,EN_AMBOS
VF_EJERCIDA,Departamento,tumbes,1,Tumbes,10.0,1.0,8.0,12.0,0.103,677.0,Tumbes,9.982290189528245,1.031279757761731,7.958772081591456,12.005808297465029,0.103310937488431,677.0,68,677,2.0301079282503425,2.0369333434601016,True,True,True,True,True,True,True,False,True,EN_AMBOS
VF_EJERCIDA,Departamento,ucayali,1,Ucayali,8.5,1.4,5.9,11.2,0.16,695.0,Ucayali,8.540882716128992,1.3657334019783856,5.861118812379533,11.220646619878451,0.1599054157949356,695.0,63,695,2.0226909200367604,2.0484071417952445,True,True,True,True,True,True,True,False,True,EN_AMBOS
VF_EJERCIDA,Desempeño escolar: expulsión de colegio,bin_0,1,No expulsado/a,7.688460518643665,0.3826051199797834,6.937734653386139,8.439186383901191,0.0497635539718267,18493.0,0,7.688460518643617,0.3826051199797811,6.937734653385929,8.439186383901303,0.0497635539718268,18493.0,1432,18493,1.962142757779508,1.9633733475126152,True,True,True,True,True,True,True,False,True,EN_AMBOS
VF_EJERCIDA,Desempeño escolar: expulsión de colegio,bin_1,1,Expulsado/a,17.47327907212033,3.147713134790192,11.29701654112568,23.64954160311498,0.1801443862825128,314.0,1,17.47327907212033,3.1477131347901928,11.297016541124323,23.64954160311634,0.1801443862825128,314.0,65,314,1.971896223633908,2.0243941639119694,True,True,True,True,True,True,True,False,True,EN_AMBOS
VF_EJERCIDA,Desempeño escolar: repitencia de año,bin_0,1,No repitió,7.470020504350752,0.4165009120816246,6.652786256101413,8.287254752600091,0.0557563278225331,17802.0,0,7.470020504350719,0.416500912081623,6.652786256101203,8.287254752600234,0.0557563278225331,17802.0,1380,17802,1.962142757779508,1.9634079949475156,True,True,True,True,True,True,True,False,True,EN_AMBOS
VF_EJERCIDA,Desempeño escolar: repitencia de año,bin_1,1,Repitió,13.39155752480121,1.8125858162012487,9.835005392688858,16.94810965691357,0.1353528753353995,1005.0,1,13.39155752480123,1.812585816201253,9.835005392688084,16.94810965691438,0.1353528753353995,1005.0,117,1005,1.9646355489631269,1.9960083540252969,True,True,True,True,True,True,True,False,True,EN_AMBOS
VF_EJERCIDA,Discapacidad,bin_0,1,Sin discapacidad,7.756283978416771,0.4162050697903605,6.93963021497668,8.572937741856862,0.0536603702170426,16778.0,0,7.756283978416772,0.4162050697903611,6.939630214976502,8.572937741857043,0.0536603702170427,16778.0,1304,16778,1.962142757779508,1.96362596651301,True,True,True,True,True,True,True,False,True,EN_AMBOS
VF_EJERCIDA,Discapacidad,bin_1,1,Con discapacidad,8.548031336043453,1.302344459848549,5.99264558601792,11.10341708606898,0.1523560699125084,2029.0,1,8.548031336043463,1.3023444598485507,5.992645586017364,11.10341708606956,0.1523560699125084,2029.0,193,2029,1.9640483976635408,1.9780988419241197,True,True,True,True,True,True,True,False,True,EN_AMBOS
VF_EJERCIDA,Etnicidad,etnicidad_1,1,Indígena andino,6.3,0.6,5.2,7.4,0.088,5249.0,1,6.272688316357625,0.5543339708338979,5.185005930094735,7.360370702620514,0.0883726311394002,5249.0,343,5249,1.9628366422266053,1.9701100622681027,True,True,True,True,True,True,True,False,True,EN_AMBOS
VF_EJERCIDA,Etnicidad,etnicidad_3,1,Indígena amazónico,5.290625523279078,1.5852350108499942,2.180168127361928,8.401082919196229,0.2996309233898454,433.0,3,5.290625523279078,1.5852350108499935,2.1801681273612443,8.401082919196913,0.2996309233898452,433.0,34,433,1.978524491479245,2.1009220402410382,True,True,True,True,True,True,True,False,True,EN_AMBOS
VF_EJERCIDA,Etnicidad,etnicidad_5,1,Afrodescendiente,9.8,1.9,6.1,13.5,0.19,1806.0,5,9.804312345401542,1.8648969856840507,6.145118230936748,13.463506459866338,0.1902119108392882,1806.0,176,1806,1.96362596651301,1.9799304050824225,True,True,True,True,True,True,True,False,True,EN_AMBOS
VF_EJERCIDA,Etnicidad,etnicidad_6,1,No indígena ni afrodescendiente,8.3,0.5,7.2,9.3,0.065,8715.0,6,8.254577885293537,0.5361887128392102,7.202499085592964,9.306656684994111,0.06495652718893,8715.0,723,8715,1.962322551204167,1.965445063507901,True,True,True,True,True,True,True,False,True,EN_AMBOS
VF_EJERCIDA,Etnicidad,etnicidad_9,1,No sabe,7.9,0.9,6.0,9.7,0.118,2604.0,9,7.8652168364382575,0.9305620102385624,6.039321327383922,9.691112345492591,0.1183135862100357,2604.0,221,2604,1.9629115987173988,1.975590315005244,True,True,True,True,True,True,True,False,True,EN_AMBOS
VF_EJERCIDA,Exposición a discusiones entre cuidadores,bin_0,1,No es testigo,5.221408566012691,0.4540253732598445,4.330545968022946,6.112271164002436,0.0869545770111146,10229.0,0,5.221408566012711,0.4540253732598465,4.330545968022765,6.112271164002657,0.0869545770111147,10229.0,582,10229,1.9621507915239005,1.9661448148425524,True,True,True,True,True,True,True,False,True,EN_AMBOS
VF_EJERCIDA,Exposición a discusiones entre cuidadores,bin_1,1,Es testigo,10.91057204299671,0.7146056811343553,9.508413681091149,12.31273040490226,0.0654966282536072,8531.0,1,10.910572042996684,0.714605681134354,9.508413681090818,12.312730404902547,0.0654966282536072,8531.0,909,8531,1.9621649940614452,1.9643749615057768,True,True,True,True,True,True,True,False,True,EN_AMBOS
VF_EJERCIDA,Lengua materna,idioma_1,1,Castellano,8.0,0.4,7.2,8.8,0.051,17498.0,1,7.993853549337354,0.4045480527453398,7.200072517469283,8.787634581205426,0.050607388570294,17498.0,1424,17498,1.9621649940614452,1.963448464439348,True,True,True,True,True,True,True,False,True,EN_AMBOS
VF_EJERCIDA,Lengua materna,idioma_3,1,Quechua/Aymara,5.4,1.0,3.3,7.4,0.1939999999999999,958.0,3,5.376123389867125,1.0416473456475774,3.332262594444483,7.419984185289766,0.1937543598070807,958.0,50,958,1.967404973747932,2.032244509317718,True,True,True,True,True,True,True,False,True,EN_AMBOS
VF_EJERCIDA,Lengua materna,idioma_4,1,Otra lengua nativa,3.9,1.4,1.3,6.6,0.347,275.0,4,3.9455258817821313,1.3691333032508302,1.2590908863737795,6.631960877190482,0.347009079213647,275.0,16,275,2.00957523712924,2.3646242515927844,True,True,True,True,True,True,True,False,True,EN_AMBOS
VF_EJERCIDA,Nacional,national_single,1,Total,7.8,0.4,7.1,8.6,0.049,18807.0,Total,7.846978171723186,0.3847354813594953,7.092072233312839,8.601884110133533,0.0490297631699678,18807.0,1497,18807,1.962142757779508,1.9633014009162264,True,True,True,True,True,True,True,False,True,EN_AMBOS
VF_EJERCIDA,Normas sobre castigo físico docente,bin_0,1,No justifica,7.586921380491379,0.3918328439077737,6.818089403557762,8.355753357424996,0.0516458289544574,17466.0,0,7.586921380491337,0.3918328439077718,6.818089403557555,8.35575335742512,0.0516458289544574,17466.0,1326,17466,1.962142757779508,1.963495144694989,True,True,True,True,True,True,True,False,True,EN_AMBOS
VF_EJERCIDA,Normas sobre castigo físico docente,bin_1,1,Justifica,13.08448748760561,1.5294872326364757,10.08341519097239,16.08555978423883,0.1168931709465345,1161.0,1,13.08448748760562,1.5294872326364768,10.083415190971737,16.085559784239504,0.1168931709465346,1161.0,156,1161,1.963730625922319,1.9802722492729548,True,True,True,True,True,True,True,False,True,EN_AMBOS
VF_EJERCIDA,Normas sobre castigo físico parental,bin_0,1,No justifica,5.747713637310314,0.4277595916035329,4.908388252574906,6.587039022045721,0.074422564970322,9805.0,0,5.74771363731034,0.4277595916035349,4.908388252574744,6.587039022045936,0.074422564970322,9805.0,554,9805,1.9621467672596704,1.9663961961774057,True,True,True,True,True,True,True,False,True,EN_AMBOS
VF_EJERCIDA,Normas sobre castigo físico parental,bin_1,1,Justifica,11.14061546849004,0.7216574098525267,9.7246206081503,12.55661032882978,0.0647771581286197,8548.0,1,11.140615468490022,0.721657409852526,9.724620608149973,12.556610328830075,0.0647771581286198,8548.0,914,8548,1.9621447606766775,1.9644163549177047,True,True,True,True,True,True,True,False,True,EN_AMBOS
VF_EJERCIDA,Participación en decisiones del hogar,bin_0,1,Menor participación,12.87620199642996,1.2202771353752868,10.48184405276994,15.27055994008997,0.0947699590076032,2565.0,0,12.876201996429971,1.2202771353752873,10.481844052769429,15.270559940090516,0.0947699590076032,2565.0,318,2565,1.962477488101132,1.969897635076691,True,True,True,True,True,True,True,False,True,EN_AMBOS
VF_EJERCIDA,Participación en decisiones del hogar,bin_1,1,Mayor participación,8.425936153859729,0.6303877080274287,7.189025477960759,9.662846829758696,0.0748151536537174,8969.0,1,8.425936153859737,0.6303877080274295,7.1890254779604925,9.662846829758982,0.0748151536537174,8969.0,709,8969,1.9621447606766775,1.9650241720549333,True,True,True,True,True,True,True,False,True,EN_AMBOS
VF_EJERCIDA,Sexo,sexo_1,1,Mujer,5.8,0.4,5.0,6.6,0.07,9608.0,1,5.764989713364787,0.4027264225425162,4.974782980006539,6.555196446723036,0.0698572664594507,9608.0,620,9608,1.962202376365632,1.9656013636603176,True,True,True,True,True,True,True,False,True,EN_AMBOS
VF_EJERCIDA,Sexo,sexo_2,1,Hombre,10.0,0.7,8.7,11.4,0.07,9199.0,2,10.034230671195512,0.69806754833445,8.664522486790174,11.40393885560085,0.0695686167887627,9199.0,877,9199,1.9622476264013184,1.9643997046752784,True,True,True,True,True,True,True,False,True,EN_AMBOS
VF_EJERCIDA,Te piden o te han ordenado no ir al colegio para ayudar a tu mamá o papá u otra persona en la casa u otro lugar,bin_0,1,No dejó de ir,7.390395283599917,0.400294207398653,6.604960903571734,8.1758296636281,0.0541641132899818,17420.0,0,7.390395283599884,0.4002942073986515,6.604960903571532,8.175829663628235,0.0541641132899818,17420.0,1316,17420,1.962142757779508,1.963495144694989,True,True,True,True,True,True,True,False,True,EN_AMBOS
VF_EJERCIDA,Te piden o te han ordenado no ir al colegio para ayudar a tu mamá o papá u otra persona en la casa u otro lugar,bin_1,1,Dejó de ir,13.66146411061998,2.146529050396424,9.449667680022245,17.87326054121772,0.1571229139875119,1387.0,1,13.661464110619995,2.146529050396423,9.449667680021328,17.87326054121866,0.1571229139875116,1387.0,181,1387,1.9633345943574572,1.977825758087115,True,True,True,True,True,True,True,False,True,EN_AMBOS
VF_EJERCIDA,Tipo de hogar,hogar_1,1,Nuclear biparental,7.300951301808258,0.4602821049627823,6.397812103020225,8.204090500596289,0.063044127530173,13464.0,1,7.300951301808267,0.4602821049627831,6.397812103020035,8.204090500596498,0.063044127530173,13464.0,1048,13464,1.962142757779508,1.964055442046059,True,True,True,True,True,True,True,False,True,EN_AMBOS
VF_EJERCIDA,Tipo de hogar,hogar_2,1,Monoparental,9.3,0.9,7.5,11.1,0.099,4397.0,2,9.339523396545754,0.9223171165715068,7.529639719335885,11.149407073755624,0.098754195199364,4397.0,360,4397,1.962322551204167,1.968956281329445,True,True,True,True,True,True,True,False,True,EN_AMBOS
VF_EJERCIDA,Tipo de hogar,hogar_3,1,Sin figuras parentales,8.7,1.4,5.9,11.5,0.163,929.0,3,8.674045525925242,1.4164930294089948,5.891713534646363,11.456377517204125,0.1633024665567339,929.0,86,929,1.9642398045825584,2.001717484145236,True,True,True,True,True,True,True,False,True,EN_AMBOS
VF_EJERCIDA,Área,area_1,1,Urbana,8.1,0.5,7.2,9.0,0.0559999999999999,15576.0,1,8.079025916550615,0.4553294701871176,7.18468411704346,8.973367716057767,0.0563594516084338,15576.0,1281,15576,1.9630738928941311,1.9641641010840425,True,True,True,True,True,True,True,False,True,EN_AMBOS
VF_EJERCIDA,Área,area_2,1,Rural,7.0,0.7,5.7,8.3,0.094,3231.0,2,6.973965851433174,0.6556859650252244,5.675969994743856,8.271961708122491,0.0940190960198749,3231.0,216,3231,1.967850227366019,1.9795998784866224,True,True,True,True,True,True,True,False,True,EN_AMBOS
VF_EJERCIDA,Área y sexo,area_1_sexo_1,1,Urbano Mujer,5.7,0.5,4.8,6.6,0.081,7990.0,Urbano Mujer,5.6923933337695205,0.4594441290888587,4.790414091803482,6.5943725757355605,0.0807119434918973,7990.0,520,7990,1.9631967955598617,1.967049383958904,True,True,True,True,True,True,True,False,True,EN_AMBOS
VF_EJERCIDA,Área y sexo,area_1_sexo_2,1,Urbano Hombre,10.6,0.9,9.0,12.3,0.08,7586.0,Urbano Hombre,10.641528297534082,0.8535701160287006,8.965724865528294,12.317331729539871,0.0802112339659421,7586.0,761,7586,1.9632873744486168,1.9653455910439015,True,True,True,True,True,True,True,False,True,EN_AMBOS
VF_EJERCIDA,Área y sexo,area_2_sexo_1,1,Rural Mujer,6.1,0.8,4.4,7.7,0.135,1618.0,Rural Mujer,6.052496675507022,0.8181049401366843,4.4425886830497845,7.66240466796426,0.1351681767042277,1618.0,100,1618,1.967850227366019,1.997729654317693,True,True,True,True,True,True,True,False,True,EN_AMBOS
VF_EJERCIDA,Área y sexo,area_2_sexo_2,1,Rural Hombre,7.9,0.9,6.1,9.6,0.114,1613.0,Rural Hombre,7.865925115190612,0.8964980352863493,6.101727671206871,9.630122559174351,0.1139723582614636,1613.0,116,1613,1.9678765312856947,1.994437111771186,True,True,True,True,True,True,True,False,True,EN_AMBOS
VF_ESCUELA,Departamento,amazonas,1,Amazonas,11.1,1.5,8.3,14.0,0.131,907.0,Amazonas,11.113567861738831,1.4534465227815652,8.261698293243175,13.96543743023449,0.1307812703232244,907.0,118,907,2.000995378088267,2.011740513729765,True,True,True,True,True,True,True,False,True,EN_AMBOS
VF_ESCUELA,Departamento,ancash,1,Áncash,12.3,2.1,8.2,16.4,0.17,705.0,Áncash,12.2879596187087,2.091497100923088,8.184143729215625,16.39177550820177,0.1702070291424733,705.0,84,705,2.016692199227824,2.0345152974493383,True,True,True,True,True,True,True,False,True,EN_AMBOS
VF_ESCUELA,Departamento,apurimac,1,Apurímac,17.0,1.7,13.6,20.4,0.102,698.0,Apurímac,17.003256064343724,1.733317027771089,13.60224061136678,20.40427151732067,0.1019403002114342,698.0,129,698,2.016692199227824,2.019540970441376,True,True,True,True,True,True,True,False,True,EN_AMBOS
VF_ESCUELA,Departamento,arequipa,1,Arequipa,16.1,2.0,12.1,20.2,0.127,760.0,Arequipa,16.14524008649125,2.0465907307247804,12.129536906060952,20.16094326692155,0.1267612447855245,760.0,113,760,2.0226909200367604,2.0280940009804507,True,True,True,True,True,True,True,False,True,EN_AMBOS
VF_ESCUELA,Departamento,ayacucho,1,Ayacucho,12.5,1.9,8.8,16.2,0.149,650.0,Ayacucho,12.50623511200015,1.866747326391864,8.843410364916096,16.169059859084204,0.149265331226714,650.0,89,650,2.0210753903062733,2.039513446396408,True,True,True,True,True,True,True,False,True,EN_AMBOS
VF_ESCUELA,Departamento,cajamarca,1,Cajamarca,9.7,1.5,6.7,12.7,0.156,783.0,Cajamarca,9.71761894435326,1.5183007067337229,6.738496208504177,12.696741680202342,0.1562420501799961,783.0,72,783,2.004044783289145,2.0280940009804507,True,True,True,True,True,True,True,False,True,EN_AMBOS
VF_ESCUELA,Departamento,callao,1,Callao,12.5,2.2,8.2,16.8,0.176,610.0,Callao,12.480912841122407,2.2001671958330986,8.163870711914447,16.79795497033037,0.1762825543163746,610.0,67,610,2.0422724563012378,2.0555294386428726,True,True,True,True,True,True,True,False,True,EN_AMBOS
VF_ESCUELA,Departamento,cusco,1,Cusco,13.3,1.8,9.9,16.8,0.132,716.0,Cusco,13.345520990630073,1.7669592934364011,9.87849460972264,16.812547371537505,0.1324009227273321,716.0,94,716,2.016692199227824,2.0345152974493383,True,True,True,True,True,True,True,False,True,EN_AMBOS
VF_ESCUELA,Departamento,huancavelica,1,Huancavelica,7.4,1.5,4.4,10.4,0.205,771.0,Huancavelica,7.4398920220150435,1.5285184691691056,4.440720577602662,10.439063466427424,0.2054490125187484,771.0,53,771,2.0057459953178687,2.063898561628025,True,True,True,True,True,True,True,False,True,EN_AMBOS
VF_ESCUELA,Departamento,huanuco,1,Huánuco,10.9,1.5,7.9,14.0,0.141,687.0,Huánuco,10.941209187742317,1.5472736805269065,7.905237341193602,13.97718103429103,0.1414170640536104,687.0,79,687,2.016692199227824,2.032244509317718,True,True,True,True,True,True,True,False,True,EN_AMBOS
VF_ESCUELA,Departamento,ica,1,Ica,10.9,1.5,7.9,13.9,0.141,716.0,Ica,10.917958600784964,1.5346309868604353,7.906793524052742,13.929123677517186,0.1405602496743393,716.0,77,716,2.026192463029109,2.0345152974493383,True,True,True,True,True,True,True,False,True,EN_AMBOS
VF_ESCUELA,Departamento,junin,1,Junín,21.2,2.5,16.2,26.2,0.12,696.0,Junín,21.16606469907105,2.5406550697928507,16.180936753861218,26.151192644280886,0.1200343618860976,696.0,135,696,2.0226909200367604,2.026192463029109,True,True,True,True,True,True,True,False,True,EN_AMBOS
VF_ESCUELA,Departamento,la libertad,1,La Libertad,15.0,2.0,11.2,18.9,0.131,687.0,La Libertad,15.00893802346888,1.960946012102708,11.161282007424942,18.856594039512814,0.1306518828338457,687.0,123,687,2.0226909200367604,2.0369333434601016,True,True,True,True,True,True,True,False,True,EN_AMBOS
VF_ESCUELA,Departamento,lambayeque,1,Lambayeque,8.0,1.1,5.8,10.2,0.141,651.0,Lambayeque,7.997051728221392,1.1255343548597316,5.788592645201339,10.205510811241446,0.1407436631787374,651.0,55,651,2.0301079282503425,2.051830516480285,True,True,True,True,True,True,True,False,True,EN_AMBOS
VF_ESCUELA,Departamento,lima metropolitana,1,Lima Metropolitana,13.9,1.3,11.2,16.5,0.0969999999999999,796.0,Lima Metropolitana,13.886089365978597,1.3487478022588737,11.23965363370532,16.53252509825187,0.0971294197172137,796.0,111,796,2.0210753903062733,2.026192463029109,True,True,True,True,True,True,True,False,True,EN_AMBOS
VF_ESCUELA,Departamento,loreto,1,Loreto,14.3,1.5,11.3,17.3,0.107,674.0,Loreto,14.31719468821708,1.5339459802788904,11.307373692187868,17.327015684246295,0.1071401216288072,674.0,93,674,2.019540970441376,2.0280940009804507,True,True,True,True,True,True,True,False,True,EN_AMBOS
VF_ESCUELA,Departamento,madre de dios,1,Madre de Dios,14.6,1.6,11.5,17.6,0.107,644.0,Madre de Dios,14.564158008342162,1.5517265874764774,11.519448922671282,17.608867094013043,0.106544201634428,644.0,94,644,2.0301079282503425,2.0369333434601016,True,True,True,True,True,True,True,False,True,EN_AMBOS
VF_ESCUELA,Departamento,moquegua,1,Moquegua,10.2,1.3,7.6,12.8,0.13,670.0,Moquegua,10.19982659128215,1.324122679620441,7.601708865053306,12.797944317510996,0.1298181560020026,670.0,78,670,2.0301079282503425,2.039513446396408,True,True,True,True,True,True,True,False,True,EN_AMBOS
VF_ESCUELA,Departamento,pasco,1,Pasco,13.1,1.5,10.1,16.0,0.114,990.0,Pasco,13.063989879816791,1.4881447739822673,10.144037389020063,15.98394237061352,0.1139119662272072,990.0,151,990,1.999623584994939,2.0085591121007607,True,True,True,True,True,True,True,False,True,EN_AMBOS
VF_ESCUELA,Departamento,piura,1,Piura,11.7,2.2,7.5,16.0,0.185,658.0,Piura,11.717952306554224,2.166194164841493,7.467570114066261,15.96833449904219,0.1848611522023239,658.0,71,658,2.026192463029109,2.0484071417952445,True,True,True,True,True,True,True,False,True,EN_AMBOS
VF_ESCUELA,Departamento,puno,1,Puno,16.2,1.2,13.8,18.6,0.076,979.0,Puno,16.231363988751255,1.2287696941794166,13.820342432338173,18.642385545164338,0.0757034156236644,979.0,174,979,2.000995378088267,2.004879288188057,True,True,True,True,True,True,True,False,True,EN_AMBOS
VF_ESCUELA,Departamento,region lima,1,Región Lima,13.4,1.6,10.2,16.5,0.12,679.0,Región Lima,13.380368802826997,1.6049183296477303,10.231289925481118,16.529447680172876,0.119945746884693,679.0,88,679,2.026192463029109,2.032244509317718,True,True,True,True,True,True,True,False,True,EN_AMBOS
VF_ESCUELA,Departamento,san martin,1,San Martín,6.9,0.9,5.1,8.6,0.132,649.0,San Martín,6.870785177873759,0.9065020722708378,5.092098701855418,8.6494716538921,0.1319357320601551,649.0,44,649,2.0226909200367604,2.0484071417952445,True,True,True,True,True,True,True,False,True,EN_AMBOS
VF_ESCUELA,Departamento,tacna,1,Tacna,11.1,1.3,8.6,13.5,0.114,659.0,Tacna,11.0594793838163,1.2560608312865054,8.594908720376976,13.524050047255626,0.1135732332142632,659.0,77,659,2.0345152974493383,2.0452296421327034,True,True,True,True,True,True,True,False,True,EN_AMBOS
VF_ESCUELA,Departamento,tumbes,1,Tumbes,11.9,1.4,9.1,14.7,0.12,677.0,Tumbes,11.927284243274164,1.430537660547481,9.120365132900082,14.734203353648246,0.1199382551274542,677.0,83,677,2.0301079282503425,2.039513446396408,True,True,True,True,True,True,True,False,True,EN_AMBOS
VF_ESCUELA,Departamento,ucayali,1,Ucayali,10.7,1.8,7.2,14.2,0.1669999999999999,695.0,Ucayali,10.68222953961468,1.7786574586803678,7.192249688494493,14.172209390734867,0.1665062009840059,695.0,79,695,2.0226909200367604,2.0452296421327034,True,True,True,True,True,True,True,False,True,EN_AMBOS
VF_ESCUELA,Discapacidad,bin_0,1,No,12.2,0.5,11.2,13.3,0.044,16778.0,0,12.225294333288126,0.5368806622318433,11.171857830098048,13.278730836478204,0.043915561261374,16778.0,2058,16778,1.962142757779508,1.9628541411244649,True,True,True,True,True,True,True,False,True,EN_AMBOS
VF_ESCUELA,Discapacidad,bin_1,1,Sí,19.8,1.6,16.6,23.0,0.0819999999999999,2029.0,1,19.756194201082398,1.629627939848088,16.55863154103433,22.953756861130454,0.0824869366671241,2029.0,373,2029,1.9640483976635408,1.9696939205435453,True,True,True,True,True,True,True,False,True,EN_AMBOS
VF_ESCUELA,Etnicidad,etnicidad_1,1,Indígena andino,12.6,0.8,11.1,14.1,0.061,5249.0,1,12.598067059444274,0.769985682583313,11.087245228769516,14.108888890119031,0.0611193510044134,5249.0,691,5249,1.9628366422266053,1.966209908421742,True,True,True,True,True,True,True,False,True,EN_AMBOS
VF_ESCUELA,Etnicidad,etnicidad_3,1,Indígena amazónico/nativo,11.3,2.3,6.9,15.7,0.1989999999999999,433.0,3,11.29138472817602,2.250010091377802,6.876543722448257,15.706225733903784,0.1992678617852092,433.0,52,433,1.978524491479245,2.0484071417952445,True,True,True,True,True,True,True,False,True,EN_AMBOS
VF_ESCUELA,Etnicidad,etnicidad_5,1,Afrodescendiente,18.3,2.3,13.8,22.8,0.125,1806.0,5,18.317932241979005,2.284810002087652,13.834808843480536,22.801055640477472,0.12473078139527,1806.0,289,1806,1.96362596651301,1.9717188484634511,True,True,True,True,True,True,True,False,True,EN_AMBOS
VF_ESCUELA,Etnicidad,etnicidad_6,1,No indígena ni afrodescendiente,12.5,0.6,11.3,13.8,0.052,8715.0,6,12.531152283887478,0.6473870823670992,11.26088640874087,13.801418159034087,0.0516622149105559,8715.0,1070,8715,1.962322551204167,1.9639929039913904,True,True,True,True,True,True,True,False,True,EN_AMBOS
VF_ESCUELA,Etnicidad,etnicidad_9,1,No sabe,12.3,1.2,9.9,14.7,0.099,2604.0,9,12.297048071879262,1.2166733139939332,9.909761340242472,14.68433480351605,0.0989402746807347,2604.0,329,2604,1.9629115987173988,1.970516242683159,True,True,True,True,True,True,True,False,True,EN_AMBOS
VF_ESCUELA,Lengua materna,idioma_1,1,Castellano,13.1,0.5,12.1,14.1,0.038,17498.0,1,13.106456298344632,0.4962234240446956,12.132795100614782,14.080117496074482,0.0378609910069565,17498.0,2256,17498,1.9621649940614452,1.962785394248052,True,True,True,True,True,True,True,False,True,EN_AMBOS
VF_ESCUELA,Lengua materna,idioma_3,1,Quechua/Aymara,13.0,1.5,10.1,15.9,0.113,958.0,3,12.991676598289962,1.4715359627627262,10.104312966142984,15.87904023043694,0.1132675949581763,958.0,132,958,1.967404973747932,1.98793420623902,True,True,True,True,True,True,True,False,True,EN_AMBOS
VF_ESCUELA,Lengua materna,idioma_4,1,Otra lengua nativa,8.4,2.2,4.1,12.6,0.258,275.0,4,8.370580412889517,2.156302412293134,4.139607251026062,12.601553574752971,0.2576048859136137,275.0,32,275,2.00957523712924,2.131449545559775,True,True,True,True,True,True,True,False,True,EN_AMBOS
VF_ESCUELA,Nacional,national_single,1,Total,13.1,0.5,12.2,14.0,0.036,18807.0,Total,13.087954475821896,0.4738653733731888,12.158162965295212,14.01774598634858,0.0362062210904375,18807.0,2431,18807,1.962142757779508,1.9626330247715025,True,True,True,True,True,True,True,False,True,EN_AMBOS
VF_ESCUELA,Sexo,sexo_1,1,Mujer,10.2,0.5,9.2,11.2,0.051,9608.0,1,10.214380004382887,0.5235599405267847,9.187080658814786,11.241679349950989,0.0512571433902136,9608.0,1059,9608,1.962202376365632,1.9637668545841729,True,True,True,True,True,True,True,False,True,EN_AMBOS
VF_ESCUELA,Sexo,sexo_2,1,Hombre,16.1,0.8,14.6,17.6,0.049,9199.0,2,16.10681508469896,0.7856807774473272,14.565197237304114,17.648432932093808,0.048779400105841,9199.0,1372,9199,1.9622476264013184,1.9634079949475156,True,True,True,True,True,True,True,False,True,EN_AMBOS
VF_ESCUELA,Tipo de hogar,hogar_1,1,Biparental,12.5,0.5,11.5,13.6,0.042,13464.0,1,12.531648226873598,0.5310016453671876,11.489747194047368,13.573549259699828,0.0423728495848197,13464.0,1710,13464,1.962142757779508,1.9630217812279285,True,True,True,True,True,True,True,False,True,EN_AMBOS
VF_ESCUELA,Tipo de hogar,hogar_2,1,Monoparental,14.4,1.0,12.4,16.3,0.07,4397.0,2,14.350154501316586,0.9995938381474396,12.388808691074567,16.311500311558607,0.0696573572121282,4397.0,584,4397,1.962322551204167,1.965781068909121,True,True,True,True,True,True,True,False,True,EN_AMBOS
VF_ESCUELA,Tipo de hogar,hogar_3,1,Sin figuras parentales,15.4,2.2,11.1,19.7,0.142,929.0,3,15.37280888858782,2.1883255517629365,11.07900175553233,19.666616021643318,0.1423504037305417,929.0,134,929,1.9642398045825584,1.9852510035054975,True,True,True,True,True,True,True,False,True,EN_AMBOS
VF_ESCUELA,Área,area_1,1,Urbana,13.6,0.6,12.5,14.7,0.0409999999999999,15576.0,1,13.641270283631131,0.5627997789948789,12.5364527305597,14.746087836702564,0.0412571386163509,15576.0,2059,15576,1.9630738928941311,1.9634794462593148,True,True,True,True,True,True,True,False,True,EN_AMBOS
VF_ESCUELA,Área,area_2,1,Rural,11.0,0.8,9.5,12.5,0.069,3231.0,2,11.006264271989398,0.7592047752069518,9.51226298248103,12.500265561497764,0.0689793336272239,3231.0,372,3231,1.967850227366019,1.9725281820013163,True,True,True,True,True,True,True,False,True,EN_AMBOS
VF_ESCUELA,Área y sexo,area_1_sexo_1,1,Urbano Mujer,10.2,0.6,9.0,11.4,0.059,7990.0,Urbano Mujer,10.219327632322951,0.5997611330895273,9.042510668633703,11.3961445960122,0.0586889034844649,7990.0,892,7990,1.9631967955598617,1.9648072234709044,True,True,True,True,True,True,True,False,True,EN_AMBOS
VF_ESCUELA,Área y sexo,area_1_sexo_2,1,Urbano Hombre,17.3,1.0,15.4,19.2,0.055,7586.0,Urbano Hombre,17.315374230267135,0.95085987632074,15.44965141028128,19.181097050252998,0.0549141972720776,7586.0,1167,7586,1.9632873744486168,1.9643749615057768,True,True,True,True,True,True,True,False,True,EN_AMBOS
VF_ESCUELA,Área y sexo,area_2_sexo_1,1,Rural Mujer,10.2,1.1,8.1,12.3,0.107,1618.0,Rural Mujer,10.19478567355276,1.091246067966346,8.05360510433723,12.33596624276829,0.1070396281892662,1618.0,167,1618,1.967850227366019,1.981371814876305,True,True,True,True,True,True,True,False,True,EN_AMBOS
VF_ESCUELA,Área y sexo,area_2_sexo_2,1,Rural Hombre,11.8,1.0,9.8,13.8,0.088,1613.0,Rural Hombre,11.791755390006424,1.0383107243223608,9.75444152195251,13.82906925806034,0.0880539571913385,1613.0,205,1613,1.9678765312856947,1.978524491479245,True,True,True,True,True,True,True,False,True,EN_AMBOS
VF_HOGAR,Conductas de riesgo inducidas por adultos,bin_0,1,Sin conductas,16.42375870976457,0.5173694431458088,15.40860600379983,17.43891141572931,0.0315012813015946,18548.0,0,16.423758709764403,0.517369443145806,15.40860600379944,17.438911415729365,0.0315012813015947,18548.0,3018,18548,1.962142757779508,1.962445931606041,True,True,True,True,True,True,True,False,True,EN_AMBOS
VF_HOGAR,Conductas de riesgo inducidas por adultos,bin_1,1,Al menos una,38.60174841258085,5.741314433877866,27.33646987601492,49.86702694914678,0.1487319789900162,259.0,1,38.60174841258088,5.741314433877879,27.336469876012448,49.86702694914932,0.1487319789900164,259.0,116,259,1.9725281820013163,1.9889597801751624,True,True,True,True,True,True,True,False,True,EN_AMBOS
VF_HOGAR,Conductas de riesgo personales,bin_0,1,Sin conductas,13.3647346417869,0.5507268374263767,12.28412996621616,14.44533931735764,0.041207465182619,15165.0,0,13.36473464178698,0.5507268374263801,12.284129966215996,14.445339317357965,0.041207465182619,15165.0,1985,15165,1.962142757779508,1.962729479874634,True,True,True,True,True,True,True,False,True,EN_AMBOS
VF_HOGAR,Conductas de riesgo personales,bin_1,1,Al menos una,29.98963451935955,1.4726532664726142,27.10007857783061,32.87919046088849,0.0491054089212709,3642.0,1,29.98963451935952,1.4726532664726126,27.10007857782995,32.87919046088909,0.0491054089212709,3642.0,1149,3642,1.9623558437740083,1.963665968734212,True,True,True,True,True,True,True,False,True,EN_AMBOS
VF_HOGAR,Departamento,amazonas,1,Amazonas,17.7,2.2,13.4,22.0,0.124,907.0,Amazonas,17.718624048425205,2.201724876741427,13.398525526904034,22.038722569946376,0.1242604883270894,907.0,156,907,2.000995378088267,2.004879288188057,True,True,True,True,True,True,True,False,True,EN_AMBOS
VF_HOGAR,Departamento,ancash,1,Áncash,16.3,1.8,12.7,19.8,0.111,705.0,Áncash,16.256674157920756,1.7977256491042002,12.729279795056485,19.784068520785027,0.1105838520007668,705.0,111,705,2.016692199227824,2.026192463029109,True,True,True,True,True,True,True,False,True,EN_AMBOS
VF_HOGAR,Departamento,apurimac,1,Apurímac,19.2,1.9,15.4,23.0,0.1009999999999999,698.0,Apurímac,19.179055993083853,1.938839563385148,15.374775985291302,22.98333600087641,0.1010915012753657,698.0,147,698,2.016692199227824,2.019540970441376,True,True,True,True,True,True,True,False,True,EN_AMBOS
VF_HOGAR,Departamento,arequipa,1,Arequipa,16.2,1.7,12.9,19.5,0.103,760.0,Arequipa,16.180226169691124,1.6670706255732144,12.90919561501569,19.45125672436656,0.1030313549445915,760.0,123,760,2.0226909200367604,2.032244509317718,True,True,True,True,True,True,True,False,True,EN_AMBOS
VF_HOGAR,Departamento,ayacucho,1,Ayacucho,13.2,1.6,10.0,16.3,0.123,650.0,Ayacucho,13.164994105570294,1.623171128730421,9.98010063069511,16.349887580445476,0.1232944819962839,650.0,91,650,2.0210753903062733,2.0345152974493383,True,True,True,True,True,True,True,False,True,EN_AMBOS
VF_HOGAR,Departamento,cajamarca,1,Cajamarca,14.8,1.9,11.1,18.4,0.127,783.0,Cajamarca,14.771169026966133,1.87247610839997,11.097103591753974,18.445234462178288,0.1267656002704723,783.0,109,783,2.004044783289145,2.0180817028184443,True,True,True,True,True,True,True,False,True,EN_AMBOS
VF_HOGAR,Departamento,callao,1,Callao,14.9,2.1,10.8,18.9,0.14,610.0,Callao,14.862739212697566,2.0767066898878235,10.787944221101917,18.93753420429321,0.1397257033288754,610.0,87,610,2.0422724563012378,2.0595385527532977,True,True,True,True,True,True,True,False,True,EN_AMBOS
VF_HOGAR,Departamento,cusco,1,Cusco,15.1,1.8,11.7,18.6,0.1159999999999999,716.0,Cusco,15.13793446370136,1.7537880010559077,11.696752038748912,18.57911688865381,0.1158538508183692,716.0,110,716,2.016692199227824,2.0210753903062733,True,True,True,True,True,True,True,False,True,EN_AMBOS
VF_HOGAR,Departamento,huancavelica,1,Huancavelica,10.7,1.8,7.1,14.3,0.172,771.0,Huancavelica,10.662925473513626,1.8389693908866296,7.054605001407232,14.27124594562002,0.1724638698314615,771.0,91,771,2.0057459953178687,2.0280940009804507,True,True,True,True,True,True,True,False,True,EN_AMBOS
VF_HOGAR,Departamento,huanuco,1,Huánuco,12.1,1.7,8.8,15.4,0.139,687.0,Huánuco,12.078998936505846,1.6810323201020834,8.780573544024259,15.377424328987432,0.1391698375783088,687.0,92,687,2.016692199227824,2.032244509317718,True,True,True,True,True,True,True,False,True,EN_AMBOS
VF_HOGAR,Departamento,ica,1,Ica,11.6,1.3,9.0,14.2,0.114,716.0,Ica,11.592109614832596,1.316226289297762,9.009485733687995,14.174733495977195,0.1135450175189505,716.0,85,716,2.026192463029109,2.032244509317718,True,True,True,True,True,True,True,False,True,EN_AMBOS
VF_HOGAR,Departamento,junin,1,Junín,21.9,1.8,18.5,25.4,0.08,696.0,Junín,21.941950473248315,1.7525581027374952,18.503181284374143,25.380719662122488,0.0798724846669496,696.0,140,696,2.0226909200367604,2.0226909200367604,True,True,True,True,True,True,True,False,True,EN_AMBOS
VF_HOGAR,Departamento,la libertad,1,La Libertad,17.6,2.0,13.6,21.6,0.1159999999999999,687.0,La Libertad,17.603599247865237,2.038214561653609,13.604331306915874,21.6028671888146,0.1157839674122768,687.0,132,687,2.0226909200367604,2.0345152974493383,True,True,True,True,True,True,True,False,True,EN_AMBOS
VF_HOGAR,Departamento,lambayeque,1,Lambayeque,16.4,1.7,13.2,19.7,0.102,651.0,Lambayeque,16.440130294993587,1.672770546675753,13.15791568140689,19.72234490858029,0.101749226840687,651.0,108,651,2.0301079282503425,2.0369333434601016,True,True,True,True,True,True,True,False,True,EN_AMBOS
VF_HOGAR,Departamento,lima metropolitana,1,Lima Metropolitana,17.2,1.5,14.3,20.2,0.088,796.0,Lima Metropolitana,17.23805581831438,1.5181878991119455,14.259154427123388,20.21695720950537,0.0880718751066442,796.0,143,796,2.0210753903062733,2.0210753903062733,True,True,True,True,True,True,True,False,True,EN_AMBOS
VF_HOGAR,Departamento,loreto,1,Loreto,25.2,1.7,21.9,28.6,0.068,674.0,Loreto,25.225937088782374,1.7095525554139352,21.87155092313347,28.58032325443128,0.067769635252684,674.0,167,674,2.019540970441376,2.0210753903062733,True,True,True,True,True,True,True,False,True,EN_AMBOS
VF_HOGAR,Departamento,madre de dios,1,Madre de Dios,15.9,1.8,12.3,19.5,0.115,644.0,Madre de Dios,15.943631763513611,1.8326618108197528,12.347687663954554,19.539575863072667,0.1149463207632359,644.0,105,644,2.0301079282503425,2.0369333434601016,True,True,True,True,True,True,True,False,True,EN_AMBOS
VF_HOGAR,Departamento,moquegua,1,Moquegua,16.1,2.5,11.2,21.0,0.155,670.0,Moquegua,16.112506110729107,2.4957679213426944,11.215453158768124,21.00955906269009,0.1548963211676174,670.0,105,670,2.0301079282503425,2.0301079282503425,True,True,True,True,True,True,True,False,True,EN_AMBOS
VF_HOGAR,Departamento,pasco,1,Pasco,17.9,1.4,15.2,20.6,0.077,990.0,Pasco,17.915744639313647,1.384004454985816,15.200130321228652,20.63135895739864,0.0772507357550078,990.0,181,990,1.999623584994939,2.004044783289145,True,True,True,True,True,True,True,False,True,EN_AMBOS
VF_HOGAR,Departamento,piura,1,Piura,17.7,2.3,13.2,22.1,0.128,658.0,Piura,17.66944523176481,2.2596552658320235,13.23567901683418,22.103211446695443,0.1278849016589261,658.0,117,658,2.026192463029109,2.0422724563012378,True,True,True,True,True,True,True,False,True,EN_AMBOS
VF_HOGAR,Departamento,puno,1,Puno,21.3,2.0,17.3,25.3,0.096,979.0,Puno,21.29401427008992,2.040151379244822,17.290946016530814,25.297082523649017,0.0958086790667022,979.0,207,979,2.000995378088267,2.003240718847872,True,True,True,True,True,True,True,False,True,EN_AMBOS
VF_HOGAR,Departamento,region lima,1,Región Lima,14.5,1.4,11.7,17.4,0.099,679.0,Región Lima,14.5208348561159,1.442024912367731,11.691376117775928,17.35029359445587,0.099307300623998,679.0,106,679,2.026192463029109,2.0345152974493383,True,True,True,True,True,True,True,False,True,EN_AMBOS
VF_HOGAR,Departamento,san martin,1,San Martín,9.4,1.5,6.5,12.3,0.16,649.0,San Martín,9.404985386672132,1.5006737051935797,6.460449344236411,12.349521429107854,0.1595615137605843,649.0,70,649,2.0226909200367604,2.0422724563012378,True,True,True,True,True,True,True,False,True,EN_AMBOS
VF_HOGAR,Departamento,tacna,1,Tacna,14.1,2.0,10.2,18.0,0.141,659.0,Tacna,14.13296622140188,1.9882555208292985,10.23172505059155,18.03420739221221,0.1406821108663259,659.0,108,659,2.0345152974493383,2.0422724563012378,True,True,True,True,True,True,True,False,True,EN_AMBOS
VF_HOGAR,Departamento,tumbes,1,Tumbes,21.2,2.2,16.9,25.5,0.103,677.0,Tumbes,21.18216751408755,2.1810036975505818,16.902726904248347,25.461608123926748,0.1029641417055204,677.0,131,677,2.0301079282503425,2.0301079282503425,True,True,True,True,True,True,True,False,True,EN_AMBOS
VF_HOGAR,Departamento,ucayali,1,Ucayali,15.8,1.9,12.0,19.6,0.123,695.0,Ucayali,15.779940201984497,1.9467073244691853,11.960222523760962,19.59965788020803,0.1233659506659199,695.0,112,695,2.0226909200367604,2.032244509317718,True,True,True,True,True,True,True,False,True,EN_AMBOS
VF_HOGAR,Desempeño escolar: expulsión de colegio,bin_0,1,No expulsado/a,16.57166203916599,0.5138376034750254,15.56343930683291,17.57988477149907,0.0310070047446421,18493.0,0,16.57166203916583,0.5138376034750229,15.563439306832535,17.579884771499124,0.0310070047446422,18493.0,3056,18493,1.962142757779508,1.9624433376274224,True,True,True,True,True,True,True,False,True,EN_AMBOS
VF_HOGAR,Desempeño escolar: expulsión de colegio,bin_1,1,Expulsado/a,27.16624536919546,4.1645380447840274,18.99482720512705,35.33766353326387,0.1532982562804321,314.0,1,27.16624536919547,4.164538044784032,18.994827205125247,35.33766353326569,0.1532982562804322,314.0,78,314,1.971896223633908,2.011740513729765,True,True,True,True,True,True,True,False,True,EN_AMBOS
VF_HOGAR,Desempeño escolar: repitencia de año,bin_0,1,No repitió,16.79785941339077,0.5364747489116688,15.7452193700824,17.85049945669915,0.0319370900606541,17802.0,0,16.797859413390658,0.5364747489116672,15.745219370082047,17.850499456699264,0.0319370900606543,17802.0,2978,17802,1.962142757779508,1.9624668804852483,True,True,True,True,True,True,True,False,True,EN_AMBOS
VF_HOGAR,Desempeño escolar: repitencia de año,bin_1,1,Repitió,15.94077014928367,1.5300574838096828,12.93857893844082,18.94296136012651,0.0959839122878538,1005.0,1,15.940770149283685,1.5300574838096852,12.938578938440171,18.9429613601272,0.0959839122878539,1005.0,156,1005,1.9646355489631269,1.9815667570749007,True,True,True,True,True,True,True,False,True,EN_AMBOS
VF_HOGAR,Discapacidad,bin_0,1,Sin discapacidad,16.11876071812791,0.5490893834283728,15.04136896106055,17.19615247519527,0.0340652357231683,16778.0,0,16.1187607181279,0.5490893834283737,15.041368961060297,17.196152475195497,0.0340652357231683,16778.0,2707,16778,1.962142757779508,1.9625486913193908,True,True,True,True,True,True,True,False,True,EN_AMBOS
VF_HOGAR,Discapacidad,bin_1,1,Con discapacidad,21.57088357521102,1.844282063758237,17.95213888050595,25.18962826991609,0.0854986796126266,2029.0,1,21.57088357521106,1.8442820637582384,17.952138880505185,25.18962826991693,0.0854986796126265,2029.0,427,2029,1.9640483976635408,1.9690947240422112,True,True,True,True,True,True,True,False,True,EN_AMBOS
VF_HOGAR,Etnicidad,etnicidad_1,1,Indígena andino,15.6,0.9,14.0,17.3,0.055,5249.0,1,15.629855424124276,0.8526385709709394,13.956856827090178,17.302854021158375,0.0545519166898315,5249.0,867,5249,1.9628366422266053,1.9653455910439015,True,True,True,True,True,True,True,False,True,EN_AMBOS
VF_HOGAR,Etnicidad,etnicidad_3,1,Indígena amazónico,18.48520882674915,3.052282421305108,12.49619497908895,24.47422267440935,0.1651202564121581,433.0,3,18.48520882674916,3.052282421305112,12.496194979087637,24.474222674410687,0.1651202564121582,433.0,82,433,1.978524491479245,2.0085591121007607,True,True,True,True,True,True,True,False,True,EN_AMBOS
VF_HOGAR,Etnicidad,etnicidad_5,1,Afrodescendiente,17.4,1.4,14.6,20.1,0.081,1806.0,5,17.390642711804468,1.4017209204726435,14.640266159271045,20.14101926433789,0.0806020193561437,1806.0,318,1806,1.96362596651301,1.971379461547543,True,True,True,True,True,True,True,False,True,EN_AMBOS
VF_HOGAR,Etnicidad,etnicidad_6,1,No indígena ni afrodescendiente,17.3,0.7,15.9,18.7,0.0409999999999999,8715.0,6,17.28404896420183,0.7030419513267171,15.90458029099094,18.66351763741272,0.0406757671644436,8715.0,1458,8715,1.962322551204167,1.963403002261916,True,True,True,True,True,True,True,False,True,EN_AMBOS
VF_HOGAR,Etnicidad,etnicidad_9,1,No sabe,15.9,1.3,13.4,18.4,0.081,2604.0,9,15.858035366535876,1.2780609540334418,13.350297321578388,18.36577341149336,0.0805939023651344,2604.0,409,2604,1.9629115987173988,1.968264112821808,True,True,True,True,True,True,True,False,True,EN_AMBOS
VF_HOGAR,Exposición a discusiones entre cuidadores,bin_0,1,No es testigo,10.11588478153794,0.5949048561072268,8.94859652655954,11.28317303651633,0.0588089790418492,10229.0,0,10.11588478153798,0.5949048561072287,8.94859652655932,11.283173036516638,0.0588089790418492,10229.0,947,10229,1.9621507915239005,1.9640483976635408,True,True,True,True,True,True,True,False,True,EN_AMBOS
VF_HOGAR,Exposición a discusiones entre cuidadores,bin_1,1,Es testigo,24.50786389755756,0.9179017328542431,22.70680966008474,26.30891813503038,0.0374533552451187,8531.0,1,24.50786389755745,0.9179017328542416,22.70680966008424,26.308918135030652,0.0374533552451188,8531.0,2183,8531,1.9621649940614452,1.9627786990111435,True,True,True,True,True,True,True,False,True,EN_AMBOS
VF_HOGAR,Lengua materna,idioma_1,1,Castellano,16.8,0.5,15.7,17.8,0.032,17498.0,1,16.783866923507908,0.536363288943174,15.73144558056926,17.836288266446555,0.0319570746948624,17498.0,2925,17498,1.9621649940614452,1.962557167519132,True,True,True,True,True,True,True,False,True,EN_AMBOS
VF_HOGAR,Lengua materna,idioma_3,1,Quechua/Aymara,14.9,1.6,11.8,17.9,0.106,958.0,3,14.861022695128424,1.5738011531521523,11.77300016028589,17.949045229970956,0.1059012684011349,958.0,142,958,1.967404973747932,1.983731002955606,True,True,True,True,True,True,True,False,True,EN_AMBOS
VF_HOGAR,Lengua materna,idioma_4,1,Otra lengua nativa,18.8,3.5,11.9,25.8,0.188,275.0,4,18.8440327788746,3.549831718069152,11.878756181929226,25.80930937581998,0.1883796191465314,275.0,56,275,2.00957523712924,2.0484071417952445,True,True,True,True,True,True,True,False,True,EN_AMBOS
VF_HOGAR,Nacional,national_single,1,Total,16.7,0.5,15.7,17.7,0.031,18807.0,Total,16.743298178932108,0.5115056857354886,15.739651002103178,17.74694535576104,0.0305498761515882,18807.0,3134,18807,1.962142757779508,1.9624253304941577,True,True,True,True,True,True,True,False,True,EN_AMBOS
VF_HOGAR,Normas sobre castigo físico,bin_0,1,No justifica,13.02580157495926,0.6332436260162057,11.7832871802618,14.26831596965672,0.0486145610596088,9805.0,0,13.025801574959315,0.6332436260162083,11.783287180261578,14.268315969657056,0.0486145610596088,9805.0,1236,9805,1.9621467672596704,1.9635004087097463,True,True,True,True,True,True,True,False,True,EN_AMBOS
VF_HOGAR,Normas sobre castigo físico,bin_1,1,Justifica,21.96138403003349,0.7750389950489364,20.44064687890184,23.48212118116513,0.0352909904944526,8548.0,1,21.96138403003347,0.7750389950489351,20.440646878901493,23.482121181165446,0.0352909904944526,8548.0,1811,8548,1.9621447606766775,1.9629152657659767,True,True,True,True,True,True,True,False,True,EN_AMBOS
VF_HOGAR,Participación en decisiones del hogar,bin_0,1,Menor participación,35.15113334364104,1.8145628298573877,31.59070202850127,38.71156465878082,0.0516217446566526,2565.0,0,35.151133343641035,1.8145628298573888,31.590702028500463,38.7115646587816,0.0516217446566527,2565.0,854,2565,1.962477488101132,1.964263050675984,True,True,True,True,True,True,True,False,True,EN_AMBOS
VF_HOGAR,Participación en decisiones del hogar,bin_1,1,Mayor participación,17.83814660216443,0.7537220962672467,16.35923624959559,19.31705695473327,0.0422533861323794,8969.0,1,17.838146602164436,0.7537220962672477,16.35923624959527,19.317056954733605,0.0422533861323795,8969.0,1556,8969,1.9621447606766775,1.9631068538120815,True,True,True,True,True,True,True,False,True,EN_AMBOS
VF_HOGAR,Sexo,sexo_1,1,Mujer,19.3,0.8,17.8,20.8,0.04,9608.0,1,19.306353156539945,0.7629933562101524,17.809251268418315,20.803455044661572,0.0395203252537464,9608.0,1896,9608,1.962202376365632,1.962868294491404,True,True,True,True,True,True,True,False,True,EN_AMBOS
VF_HOGAR,Sexo,sexo_2,1,Hombre,14.1,0.8,12.6,15.5,0.054,9199.0,2,14.05065673629992,0.7558658888893243,12.567539956563165,15.533773516036678,0.0537957693419797,9199.0,1238,9199,1.9622476264013184,1.96345873085766,True,True,True,True,True,True,True,False,True,EN_AMBOS
VF_HOGAR,Te piden o te han ordenado no ir al colegio para ayudar a tu mamá o papá u otra persona en la casa u otro lugar,bin_0,1,No dejó de ir,15.6170000012305,0.498524515427693,14.63882373370872,16.59517626875227,0.0319219130043166,17420.0,0,15.6170000012304,0.4985245154276916,14.638823733708415,16.595176268752382,0.0319219130043167,17420.0,2733,17420,1.962142757779508,1.962515333482994,True,True,True,True,True,True,True,False,True,EN_AMBOS
VF_HOGAR,Te piden o te han ordenado no ir al colegio para ayudar a tu mamá o papá u otra persona en la casa u otro lugar,bin_1,1,Dejó de ir,31.08646584377709,2.264275727317342,26.64363362380642,35.52929806374777,0.072837991256269,1387.0,1,31.086465843777127,2.264275727317343,26.643633623805474,35.52929806374878,0.0728379912562689,1387.0,401,1387,1.9633345943574572,1.9680656892939568,True,True,True,True,True,True,True,False,True,EN_AMBOS
VF_HOGAR,Tipo de hogar,hogar_1,1,Nuclear biparental,16.8507187803879,0.5787900277540133,15.71505011915562,17.98638744162019,0.0343480913364747,13464.0,1,16.850718780387886,0.5787900277540144,15.715050119155348,17.986387441620426,0.0343480913364748,13464.0,2329,13464,1.962142757779508,1.9625945493877848,True,True,True,True,True,True,True,False,True,EN_AMBOS
VF_HOGAR,Tipo de hogar,hogar_2,1,Monoparental,17.5,1.1,15.4,19.7,0.061,4397.0,2,17.54956460376945,1.072981681342654,15.4440284534418,19.655100754097106,0.0611400741595714,4397.0,725,4397,1.962322551204167,1.965067718187376,True,True,True,True,True,True,True,False,True,EN_AMBOS
VF_HOGAR,Tipo de hogar,hogar_3,1,Sin figuras parentales,11.0,2.1,6.9,15.1,0.1889999999999999,929.0,3,10.98224677842851,2.077570537915367,6.901400031027147,15.06309352582987,0.1891753645525578,929.0,79,929,1.9642398045825584,2.007583770315836,True,True,True,True,True,True,True,False,True,EN_AMBOS
VF_HOGAR,Área,area_1,1,Urbana,17.3,0.6,16.1,18.5,0.035,15576.0,1,17.331060022864246,0.6025637417027221,16.14874394098173,18.513376104746765,0.0347678526822814,15576.0,2661,15576,1.9630738928941311,1.963259672266856,True,True,True,True,True,True,True,False,True,EN_AMBOS
VF_HOGAR,Área,area_2,1,Rural,14.5,0.9,12.8,16.2,0.06,3231.0,2,14.532014757364124,0.868922863486615,12.827064053704827,16.236965461023416,0.0597936953681035,3231.0,473,3231,1.967850227366019,1.9707562704894732,True,True,True,True,True,True,True,False,True,EN_AMBOS
VF_HOGAR,Área y sexo,area_1_sexo_1,1,Urbana - Mujer,19.6,0.9,17.8,21.4,0.046,7990.0,Urbano Mujer,19.607621523160823,0.8992385730637469,17.84169340802521,21.373549638296435,0.045861685569642,7990.0,1600,7990,1.9631967955598617,1.963803786929441,True,True,True,True,True,True,True,False,True,EN_AMBOS
VF_HOGAR,Área y sexo,area_1_sexo_2,1,Urbana - Hombre,14.9,0.9,13.1,16.7,0.061,7586.0,Urbano Hombre,14.886739809081112,0.9149110303091468,13.08953387578168,16.683945742380544,0.0614581192418664,7586.0,1061,7586,1.9632873744486168,1.9643504928475484,True,True,True,True,True,True,True,False,True,EN_AMBOS
VF_HOGAR,Área y sexo,area_2_sexo_1,1,Rural - Mujer,18.1,1.3,15.5,20.7,0.073,1618.0,Rural Mujer,18.113225436402622,1.316007861474787,15.516038667290566,20.71041220551468,0.0726545289294512,1618.0,296,1618,1.967850227366019,1.9735343877061016,True,True,True,True,True,True,True,False,True,EN_AMBOS
VF_HOGAR,Área y sexo,area_2_sexo_2,1,Rural - Hombre,11.1,1.0,9.0,13.1,0.093,1613.0,Rural Hombre,11.065491813257031,1.0322717689083931,9.020760108934615,13.11022351757945,0.0932874730133258,1613.0,177,1613,1.9678765312856947,1.9808075411039092,True,True,True,True,True,True,True,False,True,EN_AMBOS
VF_HOGAR_01,Departamento,amazonas,1,Amazonas,2.7,0.8,1.1,4.3,0.308,907.0,Amazonas,2.671804816986288,0.8222509942973664,1.0584309834487116,4.285178650523864,0.3077511459930818,907.0,23,907,2.000995378088267,2.144786687917804,True,True,True,True,True,True,True,False,True,EN_AMBOS
VF_HOGAR_01,Departamento,ancash,1,Áncash,1.7,0.5,0.8,2.7,0.272,705.0,Áncash,1.7396193629700352,0.4728773153648758,0.8117665633086277,2.6674721626314426,0.2718280363110795,705.0,14,705,2.016692199227824,2.1788128296672284,True,True,True,True,True,True,True,False,True,EN_AMBOS
VF_HOGAR_01,Departamento,apurimac,1,Apurímac,3.4,0.9,1.7,5.1,0.257,698.0,Apurímac,3.386959274526897,0.8710385278895685,1.677857335281456,5.096061213772337,0.2571741958755139,698.0,17,698,2.016692199227824,2.144786687917804,True,True,True,True,True,True,True,False,True,EN_AMBOS
VF_HOGAR_01,Departamento,arequipa,1,Arequipa,2.4,1.0,0.5,4.4,0.414,760.0,Arequipa,2.445666569334943,1.0136877744500066,0.456666444048235,4.434666694621651,0.4144832280737523,760.0,11,760,2.0226909200367604,2.262157162798205,True,True,True,True,True,True,True,False,True,EN_AMBOS
VF_HOGAR_01,Departamento,ayacucho,1,Ayacucho,1.6,0.5,0.6,2.7,0.3289999999999999,650.0,Ayacucho,1.6351617845212318,0.5382388673303516,0.579060289033537,2.691263280008927,0.3291655128106762,650.0,13,650,2.0210753903062733,2.228138851986274,True,True,True,True,True,True,True,False,True,EN_AMBOS
VF_HOGAR_01,Departamento,cajamarca,1,Cajamarca,0.8,0.4,0.1,1.5,0.421,783.0,Cajamarca,0.8431452055704709,0.3552335839844386,0.146126201435346,1.5401642097055956,0.4213195801120497,783.0,7,783,2.004044783289145,2.446911851144969,True,True,True,True,True,True,True,False,True,EN_AMBOS
VF_HOGAR_01,Departamento,callao,1,Callao,1.4,0.6,0.1,2.7,0.461,610.0,Callao,1.4085674357859297,0.6497496784631555,0.1336658098198853,2.683469061751974,0.4612840407606177,610.0,4,610,2.0422724563012378,3.182446305283708,True,True,True,True,True,True,True,False,True,EN_AMBOS
VF_HOGAR_01,Departamento,cusco,1,Cusco,0.4,0.2,0.0,0.7,0.507,716.0,Cusco,0.3713767726340061,0.1884519606713362,0.0016071228133949,0.7411464224546173,0.5074414302615977,716.0,5,716,2.016692199227824,2.7764451051977934,True,True,True,True,True,True,True,False,True,EN_AMBOS
VF_HOGAR_01,Departamento,huancavelica,1,Huancavelica,2.3,1.2,-0.1,4.8,0.5379999999999999,771.0,Huancavelica,2.319565234483046,1.247029805431412,-0.1272852669793878,4.76641573594548,0.5376135953810902,771.0,9,771,2.0057459953178687,2.3646242515927844,True,True,True,True,True,True,True,False,True,EN_AMBOS
VF_HOGAR_01,Departamento,huanuco,1,Huánuco,0.5,0.3,-0.0,1.1,0.541,687.0,Huánuco,0.5476352883485904,0.2964736265802142,-0.0340882909184031,1.129358867615584,0.5413705670323744,687.0,5,687,2.016692199227824,2.7764451051977934,True,True,True,True,True,True,True,False,True,EN_AMBOS
VF_HOGAR_01,Departamento,ica,1,Ica,1.6,0.5,0.7,2.6,0.295,716.0,Ica,1.645163832936141,0.4846260303384173,0.6942583772761836,2.5960692885960985,0.2945761514058452,716.0,9,716,2.026192463029109,2.306004135204166,True,True,True,True,True,True,True,False,True,EN_AMBOS
VF_HOGAR_01,Departamento,junin,1,Junín,2.9,0.9,1.0,4.7,0.325,696.0,Junín,2.8761322783708336,0.9353749535307034,1.0407930874922204,4.711471469249447,0.3252197267020488,696.0,19,696,2.0226909200367604,2.200985160091639,True,True,True,True,True,True,True,False,True,EN_AMBOS
VF_HOGAR_01,Departamento,la libertad,1,La Libertad,3.4,1.1,1.3,5.5,0.315,687.0,La Libertad,3.3672480566042364,1.061513237569986,1.2844075452192103,5.450088567989263,0.315246521707251,687.0,15,687,2.0226909200367604,2.1788128296672284,True,True,True,True,True,True,True,False,True,EN_AMBOS
VF_HOGAR_01,Departamento,lambayeque,1,Lambayeque,0.4,0.2,-0.1,0.8,0.695,651.0,Lambayeque,0.3595933826858899,0.2498258491455071,-0.1306005979210828,0.8497873632928625,0.6947454018188475,651.0,2,651,2.0301079282503425,12.706204736174694,True,True,True,True,True,True,True,False,True,EN_AMBOS
VF_HOGAR_01,Departamento,lima metropolitana,1,Lima Metropolitana,0.4,0.3,-0.1,0.9,0.6940000000000001,796.0,Lima Metropolitana,0.3665768004511885,0.2542846887205659,-0.1323660599360863,0.8655196608384634,0.6936737087769556,796.0,3,796,2.0210753903062733,4.302652729749462,True,True,True,True,True,True,True,False,True,EN_AMBOS
VF_HOGAR_01,Departamento,loreto,1,Loreto,6.2,1.7,2.8,9.5,0.2789999999999999,674.0,Loreto,6.153743577263681,1.7141775605427456,2.790282491296589,9.517204663230771,0.2785584967947219,674.0,35,674,2.019540970441376,2.073873067904026,True,True,True,True,True,True,True,False,True,EN_AMBOS
VF_HOGAR_01,Departamento,madre de dios,1,Madre de Dios,2.5,0.6,1.3,3.7,0.243,644.0,Madre de Dios,2.4801676792234133,0.6015405015822601,1.299859340532729,3.660476017914098,0.2425402550889678,644.0,20,644,2.0301079282503425,2.160368656462792,True,True,True,True,True,True,True,False,True,EN_AMBOS
VF_HOGAR_01,Departamento,moquegua,1,Moquegua,1.0,0.5,0.0,1.9,0.491,670.0,Moquegua,0.9651099670735416,0.4738261333440152,0.0353954510859148,1.894824483061169,0.4909555900461543,670.0,7,670,2.0301079282503425,2.5705818356363137,True,True,True,True,True,True,True,False,True,EN_AMBOS
VF_HOGAR_01,Departamento,pasco,1,Pasco,2.3,0.7,1.0,3.7,0.3,990.0,Pasco,2.3194507827016304,0.6956636497499873,0.9544593904942328,3.684442174909029,0.2999260234096013,990.0,27,990,1.999623584994939,2.1098155778333165,True,True,True,True,True,True,True,False,True,EN_AMBOS
VF_HOGAR_01,Departamento,piura,1,Piura,0.6,0.3,-0.0,1.2,0.545,658.0,Piura,0.5790849576602104,0.3153887542153901,-0.0397528023086185,1.1979227176290397,0.5446329593669929,658.0,5,658,2.026192463029109,2.7764451051977934,True,True,True,True,True,True,True,False,True,EN_AMBOS
VF_HOGAR_01,Departamento,puno,1,Puno,2.1,0.9,0.3,3.8,0.429,979.0,Puno,2.0618889242164355,0.883531504039012,0.3282739822962521,3.7955038661366194,0.4285058684113035,979.0,16,979,2.000995378088267,2.200985160091639,True,True,True,True,True,True,True,False,True,EN_AMBOS
VF_HOGAR_01,Departamento,region lima,1,Región Lima,1.7,0.6,0.5,2.9,0.365,679.0,Región Lima,1.7034756785602072,0.6218267666195604,0.4833627918441885,2.923588565276226,0.3650341325360946,679.0,9,679,2.026192463029109,2.3646242515927844,True,True,True,True,True,True,True,False,True,EN_AMBOS
VF_HOGAR_01,Departamento,san martin,1,San Martín,0.5,0.2,-0.0,0.9,0.517,649.0,San Martín,0.4539401727048895,0.2345347547221554,-0.0062504977207809,0.91413084313056,0.5166644611439325,649.0,4,649,2.0226909200367604,3.182446305283708,True,True,True,True,True,True,True,False,True,EN_AMBOS
VF_HOGAR_01,Departamento,tacna,1,Tacna,1.6,0.5,0.6,2.5,0.321,659.0,Tacna,1.5608962804106228,0.5012692489260564,0.5773344539327879,2.5444581068884577,0.3211419331425328,659.0,13,659,2.0345152974493383,2.262157162798205,True,True,True,True,True,True,True,False,True,EN_AMBOS
VF_HOGAR_01,Departamento,tumbes,1,Tumbes,0.9,0.4,0.2,1.6,0.415,677.0,Tumbes,0.8931378650093685,0.3706887991312378,0.1657935224040274,1.6204822076147096,0.4150409624916636,677.0,6,677,2.0301079282503425,2.5705818356363137,True,True,True,True,True,True,True,False,True,EN_AMBOS
VF_HOGAR_01,Departamento,ucayali,1,Ucayali,2.7,0.8,1.2,4.2,0.278,695.0,Ucayali,2.738254841287585,0.7602516401604457,1.2465325914567738,4.229977091118395,0.2776409371024646,695.0,25,695,2.0226909200367604,2.160368656462792,True,True,True,True,True,True,True,False,True,EN_AMBOS
VF_HOGAR_01,Discapacidad,bin_0,1,No,1.3,0.2,1.0,1.6,0.113,16778.0,0,1.334484645124799,0.1501329037238412,1.0399024553786558,1.629066834870942,0.1125025336726906,16778.0,262,16778,1.962142757779508,1.9736124619543816,True,True,True,True,True,True,True,False,True,EN_AMBOS
VF_HOGAR_01,Discapacidad,bin_1,1,Sí,2.7,0.6,1.5,4.0,0.236,2029.0,1,2.7395015943869447,0.6463712533299909,1.4712289208286398,4.00777426794525,0.2359448356059957,2029.0,61,2029,1.9640483976635408,2.0226909200367604,True,True,True,True,True,True,True,False,True,EN_AMBOS
VF_HOGAR_01,Etnicidad,etnicidad_1,1,Indígena andino,1.8,0.4,1.1,2.5,0.203,5249.0,1,1.7691651954933256,0.3588773624328312,1.064996577864734,2.473333813121917,0.2028512449527131,5249.0,89,5249,1.9628366422266053,2.0002978220142595,True,True,True,True,True,True,True,False,True,EN_AMBOS
VF_HOGAR_01,Etnicidad,etnicidad_3,1,Indígena amazónico/nativo,7.6,2.3,3.0,12.1,0.308,433.0,3,7.554185384489027,2.3231090201612714,2.9959138450473413,12.112456923930717,0.3075260801689219,433.0,39,433,1.978524491479245,2.063898561628025,True,True,True,True,True,True,True,False,True,EN_AMBOS
VF_HOGAR_01,Etnicidad,etnicidad_5,1,Afrodescendiente,1.5,0.4,0.7,2.2,0.251,1806.0,5,1.4674373568790848,0.3685654971325331,0.7442592359130811,2.1906154778450886,0.2511626785325886,1806.0,27,1806,1.96362596651301,2.160368656462792,True,True,True,True,True,True,True,False,True,EN_AMBOS
VF_HOGAR_01,Etnicidad,etnicidad_6,1,No indígena ni afrodescendiente,1.3,0.2,1.0,1.7,0.147,8715.0,6,1.345108068521636,0.1976341096573892,0.9573217315671888,1.7328944054760833,0.1469280530556941,8715.0,136,8715,1.962322551204167,1.9847231860139845,True,True,True,True,True,True,True,False,True,EN_AMBOS
VF_HOGAR_01,Etnicidad,etnicidad_9,1,No sabe,0.7,0.2,0.3,1.0,0.266,2604.0,9,0.6894572215832273,0.1834263788996863,0.3295484806394878,1.049365962526967,0.2660446118447744,2604.0,32,2604,1.9629115987173988,2.144786687917804,True,True,True,True,True,True,True,False,True,EN_AMBOS
VF_HOGAR_01,Lengua materna,idioma_1,1,Castellano,1.3,0.1,1.0,1.6,0.111,17498.0,1,1.2874732760348264,0.1426277716094299,1.0076172269131538,1.5673293251564993,0.1107811511619848,17498.0,256,17498,1.9621649940614452,1.9725950790996665,True,True,True,True,True,True,True,False,True,EN_AMBOS
VF_HOGAR_01,Lengua materna,idioma_3,1,Quechua/Aymara,3.1,0.8,1.5,4.8,0.268,958.0,3,3.119443593826779,0.835152170132851,1.4807558115567658,4.7581313760967925,0.2677247223785597,958.0,29,958,1.967404973747932,2.119905299221254,True,True,True,True,True,True,True,False,True,EN_AMBOS
VF_HOGAR_01,Lengua materna,idioma_4,1,Otra lengua nativa,12.4,3.6,5.3,19.5,0.293,275.0,4,12.36289709707762,3.620880247041008,5.25821314355923,19.467581050596007,0.2928828266229703,275.0,38,275,2.00957523712924,2.1009220402410382,True,True,True,True,True,True,True,False,True,EN_AMBOS
VF_HOGAR_01,Nacional,national_single,1,Total,1.5,0.2,1.2,1.8,0.103,18807.0,Total,1.495428508805176,0.1544433194293367,1.1911026564369749,1.7997543611733773,0.1032769661137024,18807.0,323,18807,1.962142757779508,1.970469512651475,True,True,True,True,True,True,True,False,True,EN_AMBOS
VF_HOGAR_01,Sexo,sexo_1,1,Mujer,1.4,0.2,1.0,1.8,0.144,9608.0,1,1.4370004055450056,0.206295377542742,1.0285499151201731,1.845450895969838,0.1435597211710606,9608.0,165,9608,1.962202376365632,1.9799304050824225,True,True,True,True,True,True,True,False,True,EN_AMBOS
VF_HOGAR_01,Sexo,sexo_2,1,Hombre,1.6,0.2,1.2,2.0,0.13,9199.0,2,1.5568107006142509,0.2024954095064566,1.1556688540064932,1.9579525472220085,0.1300706691099698,9199.0,158,9199,1.9622476264013184,1.9809922979758567,True,True,True,True,True,True,True,False,True,EN_AMBOS
VF_HOGAR_01,Tipo de hogar,hogar_1,1,Biparental,1.5,0.2,1.1,1.8,0.12,13464.0,1,1.4638641614179424,0.1753196586453997,1.1198619629104958,1.8078663599253888,0.1197649776981901,13464.0,204,13464,1.962142757779508,1.975287507703444,True,True,True,True,True,True,True,False,True,EN_AMBOS
VF_HOGAR_01,Tipo de hogar,hogar_2,1,Monoparental,1.4,0.2,0.9,1.9,0.171,4397.0,2,1.4053809677912117,0.2400530097340783,0.934319533305596,1.876442402276827,0.1708099193283949,4397.0,83,4397,1.962322551204167,2.0085591121007607,True,True,True,True,True,True,True,False,True,EN_AMBOS
VF_HOGAR_01,Tipo de hogar,hogar_3,1,Sin figuras parentales,2.5,0.7,1.2,3.8,0.263,929.0,3,2.491565058994417,0.6552777537454324,1.2044424120301906,3.778687705958643,0.2629984520692786,929.0,36,929,1.9642398045825584,2.07961384472768,True,True,True,True,True,True,True,False,True,EN_AMBOS
VF_HOGAR_01,Área,area_1,1,Urbana,1.2,0.1,0.9,1.4,0.122,15576.0,1,1.1668435273071764,0.1427859010774801,0.8866772055949774,1.4470098490193757,0.1223693646456601,15576.0,226,15576,1.9630738928941311,1.9757989238179336,True,True,True,True,True,True,True,False,True,EN_AMBOS
VF_HOGAR_01,Área,area_2,1,Rural,2.7,0.5,1.8,3.7,0.18,3231.0,2,2.731634175545669,0.4904248111633741,1.7693506840860715,3.6939176670052656,0.1795353182918087,3231.0,97,3231,1.967850227366019,2.002465459291007,True,True,True,True,True,True,True,False,True,EN_AMBOS
VF_HOGAR_01,Área y sexo,area_1_sexo_1,1,Urbana - Mujer,1.1,0.2,0.8,1.5,0.16,7990.0,Urbano Mujer,1.1195261178566018,0.1791443371220013,0.7680193541754562,1.4710328815377474,0.1600180060693748,7990.0,122,7990,1.9631967955598617,1.9896863234569029,True,True,True,True,True,True,True,False,True,EN_AMBOS
VF_HOGAR_01,Área y sexo,area_1_sexo_2,1,Urbana - Hombre,1.2,0.2,0.8,1.6,0.179,7586.0,Urbano Hombre,1.2176477337249807,0.2175809105685321,0.7907229258218647,1.6445725416280963,0.1786895376570997,7586.0,104,7586,1.9632873744486168,1.9960083540252969,True,True,True,True,True,True,True,False,True,EN_AMBOS
VF_HOGAR_01,Área y sexo,area_2_sexo_1,1,Rural - Mujer,2.7,0.7,1.3,4.1,0.2689999999999999,1618.0,Rural Mujer,2.694309220673805,0.7245403851119029,1.27265755130771,4.115960890039902,0.2689150820375051,1618.0,43,1618,1.967850227366019,2.068657610419048,True,True,True,True,True,True,True,False,True,EN_AMBOS
VF_HOGAR_01,Área y sexo,area_2_sexo_2,1,Rural - Hombre,2.8,0.5,1.8,3.7,0.179,1613.0,Rural Hombre,2.767763804335287,0.4963704923686056,1.7938140375587788,3.7417135711117946,0.1793399030622178,1613.0,54,1613,1.9678765312856947,2.0345152974493383,True,True,True,True,True,True,True,False,True,EN_AMBOS
VF_HOGAR_03,Departamento,amazonas,1,Amazonas,19.5,2.0,15.5,23.5,0.104,907.0,Amazonas,19.52879837420821,2.03786528833123,15.530215757378842,23.527380991037585,0.1043518013388191,907.0,209,907,2.000995378088267,2.004044783289145,True,True,True,True,True,True,True,False,True,EN_AMBOS
VF_HOGAR_03,Departamento,ancash,1,Áncash,27.8,2.8,22.3,33.2,0.099,705.0,Áncash,27.751967341237314,2.7587832999677038,22.33884066892264,33.165094013552,0.0994085668250395,705.0,190,705,2.016692199227824,2.0210753903062733,True,True,True,True,True,True,True,False,True,EN_AMBOS
VF_HOGAR_03,Departamento,apurimac,1,Apurímac,18.3,1.8,14.8,21.9,0.099,698.0,Apurímac,18.33292768228026,1.816099977492257,14.7694802640403,21.896375100520217,0.0990621906640483,698.0,128,698,2.016692199227824,2.0210753903062733,True,True,True,True,True,True,True,False,True,EN_AMBOS
VF_HOGAR_03,Departamento,arequipa,1,Arequipa,19.2,2.0,15.3,23.0,0.102,760.0,Arequipa,19.16516378830256,1.9621865421560505,15.315073675198647,23.015253901406467,0.1023829779818354,760.0,151,760,2.0226909200367604,2.0243941639119694,True,True,True,True,True,True,True,False,True,EN_AMBOS
VF_HOGAR_03,Departamento,ayacucho,1,Ayacucho,19.0,2.7,13.8,24.2,0.14,650.0,Ayacucho,18.987248922200443,2.6656203281343864,13.756921300361723,24.217576544039165,0.1403900238026408,650.0,109,650,2.0210753903062733,2.026192463029109,True,True,True,True,True,True,True,False,True,EN_AMBOS
VF_HOGAR_03,Departamento,cajamarca,1,Cajamarca,13.5,1.9,9.9,17.2,0.138,783.0,Cajamarca,13.546767227781135,1.872431718405538,9.872788892075071,17.220745563487203,0.1382198193060876,783.0,113,783,2.004044783289145,2.019540970441376,True,True,True,True,True,True,True,False,True,EN_AMBOS
VF_HOGAR_03,Departamento,callao,1,Callao,24.8,2.3,20.3,29.2,0.091,610.0,Callao,24.765060043197728,2.262066536726568,20.32656257054432,29.203557515851134,0.0913410479433864,610.0,145,610,2.0422724563012378,2.0422724563012378,True,True,True,True,True,True,True,False,True,EN_AMBOS
VF_HOGAR_03,Departamento,cusco,1,Cusco,13.3,1.6,10.0,16.5,0.123,716.0,Cusco,13.257066892967336,1.634812969149559,10.049330465226516,16.464803320708157,0.1233163400583579,716.0,99,716,2.016692199227824,2.0280940009804507,True,True,True,True,True,True,True,False,True,EN_AMBOS
VF_HOGAR_03,Departamento,huancavelica,1,Huancavelica,15.0,2.3,10.4,19.5,0.155,771.0,Huancavelica,14.974268252084611,2.316714382118324,10.42854390536752,19.519992598801707,0.1547130279167936,771.0,105,771,2.0057459953178687,2.0280940009804507,True,True,True,True,True,True,True,False,True,EN_AMBOS
VF_HOGAR_03,Departamento,huanuco,1,Huánuco,14.2,1.7,10.8,17.6,0.122,687.0,Huánuco,14.22670980458066,1.7300533269856686,10.832098198463388,17.621321410697934,0.1216060038301078,687.0,113,687,2.016692199227824,2.0226909200367604,True,True,True,True,True,True,True,False,True,EN_AMBOS
VF_HOGAR_03,Departamento,ica,1,Ica,19.8,1.7,16.4,23.2,0.088,716.0,Ica,19.780319848069983,1.747125511969504,16.352210177827207,23.20842951831276,0.0883264540406294,716.0,149,716,2.026192463029109,2.026192463029109,True,True,True,True,True,True,True,False,True,EN_AMBOS
VF_HOGAR_03,Departamento,junin,1,Junín,21.7,1.4,19.0,24.3,0.063,696.0,Junín,21.653135603372544,1.3619443789687098,18.98080630368058,24.325464903064507,0.0628982519629435,696.0,160,696,2.0226909200367604,2.0226909200367604,True,True,True,True,True,True,True,False,True,EN_AMBOS
VF_HOGAR_03,Departamento,la libertad,1,La Libertad,24.8,2.2,20.5,29.0,0.087,687.0,La Libertad,24.76973739365189,2.1587672909759466,20.533927787932157,29.005546999371635,0.087153418571535,687.0,174,687,2.0226909200367604,2.0226909200367604,True,True,True,True,True,True,True,False,True,EN_AMBOS
VF_HOGAR_03,Departamento,lambayeque,1,Lambayeque,15.9,1.7,12.5,19.3,0.109,651.0,Lambayeque,15.868907138027735,1.7351892531905038,12.464218111503156,19.27359616455232,0.1093452269962783,651.0,103,651,2.0301079282503425,2.0422724563012378,True,True,True,True,True,True,True,False,True,EN_AMBOS
VF_HOGAR_03,Departamento,lima metropolitana,1,Lima Metropolitana,25.0,2.4,20.4,29.6,0.094,796.0,Lima Metropolitana,25.027340557690756,2.3526097460462987,20.41118438260452,29.643496732776985,0.0940015876086904,796.0,197,796,2.0210753903062733,2.0210753903062733,True,True,True,True,True,True,True,False,True,EN_AMBOS
VF_HOGAR_03,Departamento,loreto,1,Loreto,22.6,2.0,18.7,26.6,0.09,674.0,Loreto,22.64631253636109,2.030831778528259,18.66153066985339,26.631094402868797,0.0896760466088039,674.0,156,674,2.019540970441376,2.0210753903062733,True,True,True,True,True,True,True,False,True,EN_AMBOS
VF_HOGAR_03,Departamento,madre de dios,1,Madre de Dios,19.3,2.5,14.4,24.2,0.13,644.0,Madre de Dios,19.2942617532362,2.508495597017752,14.372235284626033,24.21628822184636,0.1300125202560292,644.0,131,644,2.0301079282503425,2.0369333434601016,True,True,True,True,True,True,True,False,True,EN_AMBOS
VF_HOGAR_03,Departamento,moquegua,1,Moquegua,21.5,1.8,18.0,25.0,0.0819999999999999,670.0,Moquegua,21.507750330087745,1.771562870773792,18.03169107324788,24.983809586927617,0.0823685807945941,670.0,142,670,2.0301079282503425,2.0301079282503425,True,True,True,True,True,True,True,False,True,EN_AMBOS
VF_HOGAR_03,Departamento,pasco,1,Pasco,21.5,1.5,18.5,24.5,0.071,990.0,Pasco,21.52824602786808,1.5353088692107522,18.51575084919156,24.5407412065446,0.0713160220866721,990.0,216,990,1.999623584994939,2.001717484145236,True,True,True,True,True,True,True,False,True,EN_AMBOS
VF_HOGAR_03,Departamento,piura,1,Piura,23.9,2.6,18.8,29.1,0.11,658.0,Piura,23.940058038277797,2.6449556576814075,18.75027744991028,29.1298386266453,0.1104824246228803,658.0,152,658,2.026192463029109,2.032244509317718,True,True,True,True,True,True,True,False,True,EN_AMBOS
VF_HOGAR_03,Departamento,puno,1,Puno,12.2,1.6,9.1,15.4,0.132,979.0,Puno,12.232974130933002,1.619690024292163,9.05491107992042,15.411037181945586,0.1324036172198322,979.0,140,979,2.000995378088267,2.007583770315836,True,True,True,True,True,True,True,False,True,EN_AMBOS
VF_HOGAR_03,Departamento,region lima,1,Región Lima,24.2,1.5,21.2,27.2,0.062,679.0,Región Lima,24.203765209234454,1.5126411365529824,21.23574735802766,27.171783060441257,0.062496108497031,679.0,162,679,2.026192463029109,2.0280940009804507,True,True,True,True,True,True,True,False,True,EN_AMBOS
VF_HOGAR_03,Departamento,san martin,1,San Martín,14.8,1.9,11.1,18.4,0.126,649.0,San Martín,14.793836181116893,1.863008398090431,11.138347745121353,18.449324617112435,0.1259313929992281,649.0,105,649,2.0226909200367604,2.0345152974493383,True,True,True,True,True,True,True,False,True,EN_AMBOS
VF_HOGAR_03,Departamento,tacna,1,Tacna,18.6,2.1,14.5,22.7,0.1119999999999999,659.0,Tacna,18.644300412151395,2.092230013474901,14.539046443602698,22.749554380700094,0.1122182097061305,659.0,130,659,2.0345152974493383,2.039513446396408,True,True,True,True,True,True,True,False,True,EN_AMBOS
VF_HOGAR_03,Departamento,tumbes,1,Tumbes,24.0,2.4,19.3,28.7,0.1,677.0,Tumbes,24.005685841318737,2.401312689951144,19.29396753756707,28.717404145070404,0.1000309970656197,677.0,164,677,2.0301079282503425,2.0301079282503425,True,True,True,True,True,True,True,False,True,EN_AMBOS
VF_HOGAR_03,Departamento,ucayali,1,Ucayali,18.3,2.1,14.1,22.5,0.1169999999999999,695.0,Ucayali,18.29840011226354,2.1406826901937626,14.098075074995892,22.498725149531182,0.1169874238764231,695.0,127,695,2.0226909200367604,2.0280940009804507,True,True,True,True,True,True,True,False,True,EN_AMBOS
VF_HOGAR_03,Discapacidad,bin_0,1,No,20.3,0.8,18.8,21.7,0.037,16778.0,0,20.25635443757548,0.7546077946367571,18.775706218365,21.73700265678596,0.037252892516383,16778.0,3230,16778,1.962142757779508,1.9624668804852483,True,True,True,True,True,True,True,False,True,EN_AMBOS
VF_HOGAR_03,Discapacidad,bin_1,1,Sí,27.4,2.4,22.7,32.0,0.087,2029.0,1,27.35270812417547,2.373363584831508,22.69582995462072,32.00958629373023,0.0867688703457421,2029.0,540,2029,1.9640483976635408,1.967772354556768,True,True,True,True,True,True,True,False,True,EN_AMBOS
VF_HOGAR_03,Etnicidad,etnicidad_1,1,Indígena andino,16.7,0.9,14.9,18.4,0.053,5249.0,1,16.679323685904052,0.8884849755599176,14.935989325713257,18.42265804609485,0.0532686451975741,5249.0,832,5249,1.9628366422266053,1.9651457549378355,True,True,True,True,True,True,True,False,True,EN_AMBOS
VF_HOGAR_03,Etnicidad,etnicidad_3,1,Indígena amazónico/nativo,16.3,2.6,11.2,21.4,0.16,433.0,3,16.30039760603727,2.611888588143542,11.175499328684475,21.425295883390067,0.1602346550844969,433.0,94,433,1.978524491479245,2.00957523712924,True,True,True,True,True,True,True,False,True,EN_AMBOS
VF_HOGAR_03,Etnicidad,etnicidad_5,1,Afrodescendiente,22.2,1.5,19.3,25.2,0.068,1806.0,5,22.23109416469045,1.5150284118857265,19.258392138478687,25.20379619090222,0.0681490708762342,1806.0,409,1806,1.96362596651301,1.969273889655687,True,True,True,True,True,True,True,False,True,EN_AMBOS
VF_HOGAR_03,Etnicidad,etnicidad_6,1,No indígena ni afrodescendiente,22.8,1.1,20.7,24.9,0.046,8715.0,6,22.81783843112096,1.0593099151934444,20.73932115278012,24.8963557094618,0.0464246391432356,8715.0,1891,8715,1.962322551204167,1.963183632847402,True,True,True,True,True,True,True,False,True,EN_AMBOS
VF_HOGAR_03,Etnicidad,etnicidad_9,1,No sabe,21.7,1.8,18.2,25.3,0.083,2604.0,9,21.72632476145042,1.807184802526394,18.18037018920407,25.272279333696773,0.0831794987126828,2604.0,544,2604,1.9629115987173988,1.9666499952119496,True,True,True,True,True,True,True,False,True,EN_AMBOS
VF_HOGAR_03,Lengua materna,idioma_1,1,Castellano,21.4,0.8,20.0,22.9,0.035,17498.0,1,21.437938181327624,0.750678090612403,19.965000602408747,22.910875760246498,0.0350163380574649,17498.0,3571,17498,1.9621649940614452,1.9624407490652755,True,True,True,True,True,True,True,False,True,EN_AMBOS
VF_HOGAR_03,Lengua materna,idioma_3,1,Quechua/Aymara,13.9,1.6,10.8,17.0,0.114,958.0,3,13.885319285829649,1.5767026774651127,10.791603546069917,16.97903502558938,0.1135517768809379,958.0,137,958,1.967404973747932,1.98608631695113,True,True,True,True,True,True,True,False,True,EN_AMBOS
VF_HOGAR_03,Lengua materna,idioma_4,1,Otra lengua nativa,15.6,2.4,10.9,20.2,0.152,275.0,4,15.565666054598656,2.361621430018821,10.931827669070342,20.19950444012697,0.1517199085304231,275.0,46,275,2.00957523712924,2.07961384472768,True,True,True,True,True,True,True,False,True,EN_AMBOS
VF_HOGAR_03,Nacional,national_single,1,Total,21.1,0.7,19.7,22.5,0.034,18807.0,Total,21.069237571094742,0.7178392024761724,19.695223562821845,22.512236125800666,0.0340704878405751,18807.0,3770,18807,1.962142757779508,1.962341461133449,True,True,True,True,True,True,True,False,True,EN_AMBOS
VF_HOGAR_03,Sexo,sexo_1,1,Mujer,23.5,0.9,21.7,25.4,0.04,9608.0,1,23.510221998791355,0.9377208752327152,21.66971132661284,25.350732670969872,0.0398856665530815,9608.0,2132,9608,1.962202376365632,1.9627489595150096,True,True,True,True,True,True,True,False,True,EN_AMBOS
VF_HOGAR_03,Sexo,sexo_2,1,Hombre,18.5,0.9,16.7,20.3,0.049,9199.0,2,18.504838489429247,0.9138456388851244,16.71089940543696,20.29877757342153,0.0493841456334326,9199.0,1638,9199,1.9622476264013184,1.963065760406604,True,True,True,True,True,True,True,False,True,EN_AMBOS
VF_HOGAR_03,Tipo de hogar,hogar_1,1,Biparental,19.4,0.7,18.0,20.8,0.037,13464.0,1,19.44528623806121,0.7113288833983398,18.04955742110177,20.841015055020645,0.0365810446135794,13464.0,2520,13464,1.962142757779508,1.9625071281259212,True,True,True,True,True,True,True,False,True,EN_AMBOS
VF_HOGAR_03,Tipo de hogar,hogar_2,1,Monoparental,24.3,1.4,21.6,27.1,0.0579999999999999,4397.0,2,24.311133532368963,1.4039765126041812,21.5560787603248,27.06618830441313,0.0577503517363705,4397.0,1017,4397,1.962322551204167,1.9641566779100128,True,True,True,True,True,True,True,False,True,EN_AMBOS
VF_HOGAR_03,Tipo de hogar,hogar_3,1,Sin figuras parentales,30.1,2.8,24.7,35.5,0.092,929.0,3,30.07638494087568,2.7605486905294763,24.65400532044942,35.49876456130193,0.0917845909990904,929.0,226,929,1.9642398045825584,1.9736914397560712,True,True,True,True,True,True,True,False,True,EN_AMBOS
VF_HOGAR_03,Área,area_1,1,Urbana,22.4,0.9,20.7,24.1,0.039,15576.0,1,22.383636234466096,0.866393802487196,20.682749882578115,24.08452258635408,0.038706570881148,15576.0,3250,15576,1.9630738928941311,1.963179269063526,True,True,True,True,True,True,True,False,True,EN_AMBOS
VF_HOGAR_03,Área,area_2,1,Rural,16.1,0.9,14.4,17.9,0.055,3231.0,2,16.124193921783313,0.8920222347009429,14.366850484968902,17.881537358597722,0.0553219738628823,3231.0,520,3231,1.967850227366019,1.9700668531021248,True,True,True,True,True,True,True,False,True,EN_AMBOS
VF_HOGAR_03,Área y sexo,area_1_sexo_1,1,Urbana - Mujer,25.5,1.1,23.3,27.7,0.044,7990.0,Urbano Mujer,25.531857202788785,1.116319468949808,23.34147904142065,27.72223536415692,0.0437226113276191,7990.0,1877,7990,1.9631967955598617,1.9635377008920107,True,True,True,True,True,True,True,False,True,EN_AMBOS
VF_HOGAR_03,Área y sexo,area_1_sexo_2,1,Urbana - Hombre,19.0,1.1,16.8,21.2,0.0579999999999999,7586.0,Urbano Hombre,19.003424388959363,1.1029980735873215,16.83918470702525,21.16766407089348,0.0580420692087549,7586.0,1373,7586,1.9632873744486168,1.9640274093101977,True,True,True,True,True,True,True,False,True,EN_AMBOS
VF_HOGAR_03,Área y sexo,area_2_sexo_1,1,Rural - Mujer,15.5,1.2,13.2,17.8,0.076,1618.0,Rural Mujer,15.50384207596928,1.1751018677667084,13.19812445647766,17.8095596954609,0.0757942361647309,1618.0,255,1618,1.967850227366019,1.974534575858472,True,True,True,True,True,True,True,False,True,EN_AMBOS
VF_HOGAR_03,Área y sexo,area_2_sexo_2,1,Rural - Hombre,16.7,1.4,14.1,19.4,0.081,1613.0,Rural Hombre,16.72467909276769,1.3562203769895365,14.063581102104678,19.385777083430707,0.0810909656004109,1613.0,265,1613,1.9678765312856947,1.9750920727120804,True,True,True,True,True,True,True,False,True,EN_AMBOS
VF_ICVAC_201_AGRESION_GRAVE,Nacional,national_single,1,ICVAC - Agresión grave contra menores: quemadura o arma,4.5,0.8,3.2,6.2,0.168,112.0,Total,4.4763810525931325,0.7533600629290751,3.210053793833856,6.210207022680756,0.1682966785172722,112.0,112,3134,1.9624253304941577,1.9921021540022417,True,True,True,True,True,True,True,False,True,EN_AMBOS
VF_ICVAC_202_AGRESION_LEVE,Nacional,national_single,1,"ICVAC - Agresión leve contra menores: jalones, empujones, cachetadas, puñetes o patadas, uso de objeto",98.9,0.5,97.2,99.6,0.005,3120.0,Total,98.93399567605792,0.5373574319246553,97.15512636996728,99.60507824707388,0.0054314740676616,3120.0,3120,3134,1.9624253304941577,1.9624304486435091,True,True,True,True,True,True,True,False,True,EN_AMBOS
VF_ICVAC_209_OTROS,Nacional,national_single,1,ICVAC - Otros actos de violencia física no clasificados en agresión grave o leve,2.0,0.6,1.1,3.5,0.287,53.0,Total,2.0148522038202947,0.5786111361941386,1.1437763798493372,3.525661295728016,0.2871729921912154,53.0,53,3134,1.9624253304941577,2.0345152974493383,True,True,True,True,True,True,True,False,True,EN_AMBOS
VN_HOGAR1,Departamento,amazonas,1,Amazonas,21.6,2.1,17.6,25.7,0.095,907.0,Amazonas,21.648825076958538,2.062579927438593,17.601748809993516,25.69590134392356,0.0952744511587308,907.0,227,907,2.000995378088267,2.004044783289145,True,True,True,True,True,True,True,False,True,EN_AMBOS
VN_HOGAR1,Departamento,ancash,1,Áncash,28.8,2.7,23.5,34.1,0.094,705.0,Áncash,28.81278411802249,2.6988478460747896,23.517259362498017,34.10830887354696,0.0936684159024622,705.0,198,705,2.016692199227824,2.019540970441376,True,True,True,True,True,True,True,False,True,EN_AMBOS
VN_HOGAR1,Departamento,apurimac,1,Apurímac,19.7,2.0,15.7,23.7,0.103,698.0,Apurímac,19.70585210308215,2.0209405075356344,15.740478322317864,23.67122588384644,0.102555347364022,698.0,136,698,2.016692199227824,2.0210753903062733,True,True,True,True,True,True,True,False,True,EN_AMBOS
VN_HOGAR1,Departamento,arequipa,1,Arequipa,21.6,1.8,18.0,25.1,0.084,760.0,Arequipa,21.558568922981014,1.8083091174235308,18.01040828440178,25.106729561560247,0.0838789032743221,760.0,161,760,2.0226909200367604,2.0226909200367604,True,True,True,True,True,True,True,False,True,EN_AMBOS
VN_HOGAR1,Departamento,ayacucho,1,Ayacucho,19.9,2.6,14.8,25.0,0.131,650.0,Ayacucho,19.901800503475958,2.604563093758072,14.791275891878763,25.012325115073143,0.1308707266612973,650.0,116,650,2.0210753903062733,2.0243941639119694,True,True,True,True,True,True,True,False,True,EN_AMBOS
VN_HOGAR1,Departamento,cajamarca,1,Cajamarca,14.4,1.9,10.6,18.1,0.132,783.0,Cajamarca,14.36629561625631,1.9027852194272807,10.632759378347178,18.09983185416544,0.1324478675821043,783.0,119,783,2.004044783289145,2.0180817028184443,True,True,True,True,True,True,True,False,True,EN_AMBOS
VN_HOGAR1,Departamento,callao,1,Callao,25.7,2.2,21.4,30.1,0.086,610.0,Callao,25.747740644221007,2.2154029856907123,21.40080372028488,30.09467756815713,0.0860426169543521,610.0,148,610,2.0422724563012378,2.0422724563012378,True,True,True,True,True,True,True,False,True,EN_AMBOS
VN_HOGAR1,Departamento,cusco,1,Cusco,13.3,1.6,10.1,16.6,0.123,716.0,Cusco,13.33798635450151,1.6386075941435188,10.122804330810302,16.553168378192716,0.1228526968458395,716.0,100,716,2.016692199227824,2.0280940009804507,True,True,True,True,True,True,True,False,True,EN_AMBOS
VN_HOGAR1,Departamento,huancavelica,1,Huancavelica,16.2,2.5,11.3,21.1,0.154,771.0,Huancavelica,16.220097146048115,2.4980690111338766,11.318529127418362,21.121665164677868,0.1540107305548727,771.0,109,771,2.0057459953178687,2.026192463029109,True,True,True,True,True,True,True,False,True,EN_AMBOS
VN_HOGAR1,Departamento,huanuco,1,Huánuco,14.5,1.7,11.1,17.9,0.12,687.0,Huánuco,14.46462737594728,1.7321736553892206,11.06585538280886,17.863399369085695,0.1197523870037323,687.0,116,687,2.016692199227824,2.0210753903062733,True,True,True,True,True,True,True,False,True,EN_AMBOS
VN_HOGAR1,Departamento,ica,1,Ica,20.7,1.7,17.4,24.0,0.081,716.0,Ica,20.74196728255176,1.6815526372461431,17.44252095355421,24.041413611549316,0.0810700650685469,716.0,154,716,2.026192463029109,2.026192463029109,True,True,True,True,True,True,True,False,True,EN_AMBOS
VN_HOGAR1,Departamento,junin,1,Junín,24.0,1.4,21.3,26.7,0.057,696.0,Junín,23.98763077893003,1.3636025939220513,21.312047824776524,26.66321373308353,0.0568460723148947,696.0,174,696,2.0226909200367604,2.0226909200367604,True,True,True,True,True,True,True,False,True,EN_AMBOS
VN_HOGAR1,Departamento,la libertad,1,La Libertad,25.8,2.1,21.7,29.9,0.0819999999999999,687.0,La Libertad,25.783670855487845,2.1030081841192647,21.6572685774672,29.91007313350849,0.081563567728823,687.0,180,687,2.0226909200367604,2.0226909200367604,True,True,True,True,True,True,True,False,True,EN_AMBOS
VN_HOGAR1,Departamento,lambayeque,1,Lambayeque,16.0,1.7,12.6,19.4,0.108,651.0,Lambayeque,16.029501739149634,1.72912789427349,12.636705964126376,19.422297514172893,0.1078715934164289,651.0,104,651,2.0301079282503425,2.0422724563012378,True,True,True,True,True,True,True,False,True,EN_AMBOS
VN_HOGAR1,Departamento,lima metropolitana,1,Lima Metropolitana,25.4,2.3,20.8,30.0,0.092,796.0,Lima Metropolitana,25.393917358141938,2.3446961631251684,20.79328876247249,29.994545953811382,0.0923329839211829,796.0,200,796,2.0210753903062733,2.0210753903062733,True,True,True,True,True,True,True,False,True,EN_AMBOS
VN_HOGAR1,Departamento,loreto,1,Loreto,25.8,2.3,21.2,30.4,0.091,674.0,Loreto,25.804762429300546,2.3464789198272045,21.200635810479312,30.40888904812177,0.0909320101766504,674.0,173,674,2.019540970441376,2.0210753903062733,True,True,True,True,True,True,True,False,True,EN_AMBOS
VN_HOGAR1,Departamento,madre de dios,1,Madre de Dios,20.7,2.5,15.9,25.6,0.119,644.0,Madre de Dios,20.73056794078711,2.4743921559545816,15.875457292074408,25.585678589499818,0.1193595931873264,644.0,142,644,2.0301079282503425,2.0345152974493383,True,True,True,True,True,True,True,False,True,EN_AMBOS
VN_HOGAR1,Departamento,moquegua,1,Moquegua,22.1,2.0,18.3,26.0,0.089,670.0,Moquegua,22.121679437734112,1.9587732957272084,18.278286601391077,25.96507227407715,0.0885454154256491,670.0,146,670,2.0301079282503425,2.0301079282503425,True,True,True,True,True,True,True,False,True,EN_AMBOS
VN_HOGAR1,Departamento,pasco,1,Pasco,23.3,1.6,20.2,26.4,0.068,990.0,Pasco,23.30069330891061,1.57800129869148,20.204429488916464,26.39695712890476,0.0677233624669882,990.0,233,990,1.999623584994939,2.000995378088267,True,True,True,True,True,True,True,False,True,EN_AMBOS
VN_HOGAR1,Departamento,piura,1,Piura,24.0,2.6,18.8,29.2,0.11,658.0,Piura,24.000032345791325,2.647146714097573,18.80595259194495,29.1941120996377,0.1102976311013922,658.0,154,658,2.026192463029109,2.032244509317718,True,True,True,True,True,True,True,False,True,EN_AMBOS
VN_HOGAR1,Departamento,puno,1,Puno,13.7,1.3,11.1,16.3,0.096,979.0,Puno,13.71869170207158,1.3182453402717171,11.132106154680848,16.305277249462314,0.0960911848520261,979.0,148,979,2.000995378088267,2.006646805061688,True,True,True,True,True,True,True,False,True,EN_AMBOS
VN_HOGAR1,Departamento,region lima,1,Región Lima,25.4,1.5,22.4,28.4,0.06,679.0,Región Lima,25.39032937710837,1.529670836560442,22.388896823364774,28.391761930851967,0.0602461990091225,679.0,168,679,2.026192463029109,2.0280940009804507,True,True,True,True,True,True,True,False,True,EN_AMBOS
VN_HOGAR1,Departamento,san martin,1,San Martín,15.1,1.9,11.4,18.8,0.125,649.0,San Martín,15.053477993579907,1.8843707923086133,11.35607349048033,18.750882496679488,0.1251784333900956,649.0,107,649,2.0226909200367604,2.0345152974493383,True,True,True,True,True,True,True,False,True,EN_AMBOS
VN_HOGAR1,Departamento,tacna,1,Tacna,19.5,2.1,15.4,23.7,0.109,659.0,Tacna,19.522207524903862,2.121785814361352,15.35896085569544,23.685454194112285,0.1086857524516455,659.0,138,659,2.0345152974493383,2.039513446396408,True,True,True,True,True,True,True,False,True,EN_AMBOS
VN_HOGAR1,Departamento,tumbes,1,Tumbes,24.7,2.2,20.3,29.1,0.091,677.0,Tumbes,24.692093147688773,2.235038629140168,20.30662828816396,29.077558007213597,0.0905163695832474,677.0,168,677,2.0301079282503425,2.0301079282503425,True,True,True,True,True,True,True,False,True,EN_AMBOS
VN_HOGAR1,Departamento,ucayali,1,Ucayali,20.6,2.2,16.3,24.8,0.105,695.0,Ucayali,20.572231803535885,2.152049250559489,16.349603952165765,24.79485965490601,0.104609420655546,695.0,146,695,2.0226909200367604,2.026192463029109,True,True,True,True,True,True,True,False,True,EN_AMBOS
VN_HOGAR1,Discapacidad,bin_0,1,No,21.1,0.7,19.6,22.6,0.035,16778.0,0,21.11008735297243,0.7481443293962641,19.641906140985224,22.57826856495964,0.035440134229995,16778.0,3396,16778,1.962142757779508,1.9624304486435091,True,True,True,True,True,True,True,False,True,EN_AMBOS
VN_HOGAR1,Discapacidad,bin_1,1,Sí,28.9,2.3,24.4,33.4,0.079,2029.0,1,28.90604806081277,2.2886549677270884,24.40306555588917,33.40903056573637,0.0791756438968135,2029.0,569,2029,1.9640483976635408,1.967523531690583,True,True,True,True,True,True,True,False,True,EN_AMBOS
VN_HOGAR1,Etnicidad,etnicidad_1,1,Indígena andino,18.1,0.9,16.3,19.9,0.05,5249.0,1,18.063849152159197,0.9107146585299905,16.276896980520934,19.85080132379745,0.0504164229261808,5249.0,887,5249,1.9628366422266053,1.9649602285407075,True,True,True,True,True,True,True,False,True,EN_AMBOS
VN_HOGAR1,Etnicidad,etnicidad_3,1,Indígena amazónico/nativo,21.4,3.7,14.1,28.6,0.173,433.0,3,21.37839260894335,3.700471935669172,14.117538400003763,28.63924681788293,0.1730940208349028,433.0,118,433,1.978524491479245,2.004044783289145,True,True,True,True,True,True,True,False,True,EN_AMBOS
VN_HOGAR1,Etnicidad,etnicidad_5,1,Afrodescendiente,22.9,1.5,19.9,25.9,0.066,1806.0,5,22.90032153626561,1.518099507905437,19.921593581240323,25.8790494912909,0.0662916241373,1806.0,423,1806,1.96362596651301,1.968956281329445,True,True,True,True,True,True,True,False,True,EN_AMBOS
VN_HOGAR1,Etnicidad,etnicidad_6,1,No indígena ni afrodescendiente,23.6,1.0,21.5,25.7,0.044,8715.0,6,23.600488481805908,1.048544088161939,21.54309529300644,25.65788167060537,0.0444289146375204,8715.0,1976,8715,1.962322551204167,1.9631068538120815,True,True,True,True,True,True,True,False,True,EN_AMBOS
VN_HOGAR1,Etnicidad,etnicidad_9,1,No sabe,22.0,1.8,18.5,25.6,0.0819999999999999,2604.0,9,22.041158256461514,1.803948999885504,18.501552790932585,25.58076372199044,0.0818445645594266,2604.0,561,2604,1.9629115987173988,1.966538812509952,True,True,True,True,True,True,True,False,True,EN_AMBOS
VN_HOGAR1,Lengua materna,idioma_1,1,Castellano,22.2,0.7,20.8,23.7,0.033,17498.0,1,22.213496980314275,0.7434312843925215,20.754778669736773,23.672215290891774,0.0334675483581605,17498.0,3721,17498,1.9621649940614452,1.9624101027053704,True,True,True,True,True,True,True,False,True,EN_AMBOS
VN_HOGAR1,Lengua materna,idioma_3,1,Quechua/Aymara,16.0,1.6,12.8,19.2,0.102,958.0,3,16.00844484960056,1.6344360123259605,12.80144806496116,19.21544163423996,0.1020983629379053,958.0,155,958,1.967404973747932,1.983731002955606,True,True,True,True,True,True,True,False,True,EN_AMBOS
VN_HOGAR1,Lengua materna,idioma_4,1,Otra lengua nativa,24.9,4.4,16.3,33.5,0.177,275.0,4,24.87493900570041,4.395196659606106,16.250935711037606,33.49894230036322,0.1766917562531064,275.0,73,275,2.00957523712924,2.0595385527532977,True,True,True,True,True,True,True,False,True,EN_AMBOS
VN_HOGAR1,Nacional,national_single,1,Total,22.0,0.7,20.6,23.4,0.032,18807.0,Total,22.00311005855556,0.7110886524790938,20.60772808819344,23.39849202891767,0.0323176428507931,18807.0,3965,18807,1.962142757779508,1.9623178706302575,True,True,True,True,True,True,True,False,True,EN_AMBOS
VN_HOGAR1,Sexo,sexo_1,1,Mujer,24.4,0.9,22.6,26.2,0.038,9608.0,1,24.41520246319798,0.9266701401849023,22.59694335878365,26.233461567612306,0.0379546367301974,9608.0,2235,9608,1.962202376365632,1.962688194866084,True,True,True,True,True,True,True,False,True,EN_AMBOS
VN_HOGAR1,Sexo,sexo_2,1,Hombre,19.5,0.9,17.7,21.2,0.046,9199.0,2,19.46906376265427,0.8956998781975305,17.711572733504998,21.22655479180354,0.0460063148961312,9199.0,1730,9199,1.9622476264013184,1.9630022003282483,True,True,True,True,True,True,True,False,True,EN_AMBOS
VN_HOGAR1,Tipo de hogar,hogar_1,1,Biparental,20.4,0.7,19.0,21.8,0.035,13464.0,1,20.41166563486816,0.71396715474441,19.010760152893976,21.812571116842346,0.0349783877276912,13464.0,2644,13464,1.962142757779508,1.9624695239865813,True,True,True,True,True,True,True,False,True,EN_AMBOS
VN_HOGAR1,Tipo de hogar,hogar_2,1,Monoparental,25.0,1.4,22.2,27.7,0.0559999999999999,4397.0,2,24.980384367470936,1.3948326435550975,22.243523597604856,27.717245137337017,0.0558371169569122,4397.0,1064,4397,1.962322551204167,1.964006635557325,True,True,True,True,True,True,True,False,True,EN_AMBOS
VN_HOGAR1,Tipo de hogar,hogar_3,1,Sin figuras parentales,31.9,2.7,26.5,37.2,0.086,929.0,3,31.86717624357477,2.7249624044619294,26.520410996438365,37.21394149071119,0.0855100051424026,929.0,250,929,1.9642398045825584,1.972331675795748,True,True,True,True,True,True,True,False,True,EN_AMBOS
VN_HOGAR1,Área,area_1,1,Urbana,23.2,0.9,21.5,24.9,0.037,15576.0,1,23.180265642524496,0.8570154067569571,21.498679068850876,24.86185221619812,0.0369717681399108,15576.0,3387,15576,1.9630738928941311,1.9631662483984376,True,True,True,True,True,True,True,False,True,EN_AMBOS
VN_HOGAR1,Área,area_2,1,Rural,17.6,0.9,15.7,19.4,0.054,3231.0,2,17.57440367975694,0.9424523129537308,15.725177699342233,19.42362966017165,0.0536264177224569,3231.0,578,3231,1.967850227366019,1.9697743954267464,True,True,True,True,True,True,True,False,True,EN_AMBOS
VN_HOGAR1,Área y sexo,area_1_sexo_1,1,Urbana - Mujer,26.2,1.1,24.1,28.4,0.042,7990.0,Urbano Mujer,26.23952256991005,1.1019964547152177,24.077248207191893,28.40179693262821,0.0419975802448068,7990.0,1950,7990,1.9631967955598617,1.9635056884423965,True,True,True,True,True,True,True,False,True,EN_AMBOS
VN_HOGAR1,Área y sexo,area_1_sexo_2,1,Urbana - Hombre,19.9,1.1,17.8,22.0,0.054,7586.0,Urbano Hombre,19.895573555009864,1.0769179939708198,17.782506712417582,22.008640397602143,0.0541285221556049,7586.0,1437,7586,1.9632873744486168,1.9639657188208488,True,True,True,True,True,True,True,False,True,EN_AMBOS
VN_HOGAR1,Área y sexo,area_2_sexo_1,1,Rural - Mujer,17.2,1.3,14.7,19.7,0.074,1618.0,Rural Mujer,17.190259087509315,1.271992032568681,14.69442913285144,19.686089042167183,0.0739949308555173,1618.0,285,1618,1.967850227366019,1.9734572015938008,True,True,True,True,True,True,True,False,True,EN_AMBOS
VN_HOGAR1,Área y sexo,area_2_sexo_2,1,Rural - Hombre,17.9,1.4,15.2,20.6,0.077,1613.0,Rural Hombre,17.946246099047,1.3748877112565,15.248520133645012,20.64397206444898,0.0766114374932989,1613.0,293,1613,1.9678765312856947,1.9744456300923792,True,True,True,True,True,True,True,False,True,EN_AMBOS
VPE_ICVAC_203_AISLAMIENTO,Nacional,national_single,1,ICVAC - Aislamiento de menores (escuela): encierro,3.0,0.3,2.4,3.7,0.1119999999999999,243.0,Total,3.0049622986803923,0.3367548565185405,2.4101203840654284,3.74098927547501,0.1120662501045101,243.0,243,7522,1.962167038069028,1.973157042159157,True,True,True,True,True,True,True,False,True,EN_AMBOS
VPE_ICVAC_401_ATERRORIZAR,Nacional,national_single,1,ICVAC - Aterrorizar a menores (escuela): amenazas de daño físico o de muerte,14.9,0.7,13.6,16.3,0.046,1188.0,Total,14.870214667308602,0.6904791009323641,13.564788847038551,16.277611184043604,0.0464337009505549,1188.0,1188,7522,1.962167038069028,1.963548500697697,True,True,True,True,True,True,True,False,True,EN_AMBOS
VPE_ICVAC_402_HOSTIGAR_HUMILLAR,Nacional,national_single,1,"ICVAC - Hostigar, desdeñar y humillar (escuela): insultos, burlas, apodos, desprecio, exclusión, daño material, chismes y ciberacoso",98.7,0.3,98.0,99.1,0.003,7448.0,Total,98.67452511775232,0.2876173526468386,97.973858798173,99.135030952888,0.0029148085820895,7448.0,7448,7522,1.962167038069028,1.962169085876547,True,True,True,True,True,True,True,False,True,EN_AMBOS
VPE_ICVAC_409_OTROS,Nacional,national_single,1,ICVAC - Otros actos de violencia psicológica escolar no clasificados,0.4,0.1,0.2,0.8,0.315,35.0,Total,0.4439821616839368,0.1398065144674879,0.2391809918544439,0.8227002556065298,0.3148921883195248,35.0,35,7522,1.962167038069028,2.119905299221254,True,True,True,True,True,True,True,False,True,EN_AMBOS
VP_EJERCIDA,Conductas de riesgo inducidas por adultos,bin_0,1,Sin conductas,13.7040866889677,0.5823834824959807,12.56136715653805,14.84680622139734,0.0424970664382049,18548.0,0,13.704086688967596,0.5823834824959773,12.561367156537706,14.846806221397484,0.042497066438205,18548.0,2587,18548,1.962142757779508,1.962675738642432,True,True,True,True,True,True,True,False,True,EN_AMBOS
VP_EJERCIDA,Conductas de riesgo inducidas por adultos,bin_1,1,Al menos una,29.00893520947131,4.2815543687270345,20.6079143128362,37.40995610610642,0.1475943304299264,259.0,1,29.00893520947132,4.2815543687270345,20.60791431283436,37.40995610610828,0.1475943304299263,259.0,94,259,1.9725281820013163,1.999623584994939,True,True,True,True,True,True,True,False,True,EN_AMBOS
VP_EJERCIDA,Conductas de riesgo personales,bin_0,1,Sin conductas,11.31482435044194,0.7024984904556321,9.936422025043688,12.69322667584019,0.0620865573072898,15165.0,0,11.314824350442004,0.7024984904556356,9.936422025043443,12.693226675840569,0.0620865573072898,15165.0,1736,15165,1.962142757779508,1.9631362731193855,True,True,True,True,True,True,True,False,True,EN_AMBOS
VP_EJERCIDA,Conductas de riesgo personales,bin_1,1,Al menos una,24.15674054876918,1.3052205722264736,21.59571145567075,26.71776964186762,0.0540313197300525,3642.0,1,24.15674054876913,1.305220572226472,21.59571145567013,26.717769641868127,0.0540313197300526,3642.0,945,3642,1.9623558437740083,1.964216808531354,True,True,True,True,True,True,True,False,True,EN_AMBOS
VP_EJERCIDA,Departamento,amazonas,1,Amazonas,10.8,2.9,5.2,16.4,0.265,907.0,Amazonas,10.779164329042542,2.858604747972744,5.170173725453708,16.388154932631377,0.2651972509845444,907.0,107,907,2.000995378088267,2.0226909200367604,True,True,True,True,True,True,True,False,True,EN_AMBOS
VP_EJERCIDA,Departamento,ancash,1,Áncash,16.9,1.5,14.0,19.9,0.088,705.0,Áncash,16.931534748303807,1.4926119309634809,14.002817057788524,19.86025243881909,0.0881557373948637,705.0,126,705,2.016692199227824,2.0226909200367604,True,True,True,True,True,True,True,False,True,EN_AMBOS
VP_EJERCIDA,Departamento,apurimac,1,Apurímac,16.2,2.1,12.0,20.3,0.132,698.0,Apurímac,16.158379766959168,2.132221727770867,11.974656345833454,20.342103188084884,0.1319576441773486,698.0,109,698,2.016692199227824,2.0280940009804507,True,True,True,True,True,True,True,False,True,EN_AMBOS
VP_EJERCIDA,Departamento,arequipa,1,Arequipa,18.4,1.9,14.7,22.1,0.103,760.0,Arequipa,18.38049309233887,1.8960899257044128,14.660093976519272,22.100892208158463,0.1031577290216831,760.0,145,760,2.0226909200367604,2.0280940009804507,True,True,True,True,True,True,True,False,True,EN_AMBOS
VP_EJERCIDA,Departamento,ayacucho,1,Ayacucho,14.1,2.1,9.9,18.3,0.152,650.0,Ayacucho,14.114899288187068,2.14258811861847,9.910835528335411,18.31896304803872,0.1517962030668988,650.0,98,650,2.0210753903062733,2.039513446396408,True,True,True,True,True,True,True,False,True,EN_AMBOS
VP_EJERCIDA,Departamento,cajamarca,1,Cajamarca,6.7,1.2,4.3,9.1,0.183,783.0,Cajamarca,6.716209381163877,1.2267364349055043,4.309177369709788,9.123241392617963,0.1826530957099075,783.0,72,783,2.004044783289145,2.0452296421327034,True,True,True,True,True,True,True,False,True,EN_AMBOS
VP_EJERCIDA,Departamento,callao,1,Callao,13.3,1.9,9.7,17.0,0.14,610.0,Callao,13.340181842125448,1.862747132748348,9.685206046028734,16.995157638222164,0.1396343134443782,610.0,86,610,2.0422724563012378,2.051830516480285,True,True,True,True,True,True,True,False,True,EN_AMBOS
VP_EJERCIDA,Departamento,cusco,1,Cusco,15.6,1.9,11.9,19.3,0.12,716.0,Cusco,15.62449025534414,1.8793028324460408,11.937029812985624,19.311950697702656,0.1202793052274618,716.0,113,716,2.016692199227824,2.0369333434601016,True,True,True,True,True,True,True,False,True,EN_AMBOS
VP_EJERCIDA,Departamento,huancavelica,1,Huancavelica,5.2,1.2,2.9,7.6,0.226,771.0,Huancavelica,5.242003969520746,1.1850718141215753,2.916723891993474,7.567284047048018,0.2260722847621043,771.0,49,771,2.0057459953178687,2.063898561628025,True,True,True,True,True,True,True,False,True,EN_AMBOS
VP_EJERCIDA,Departamento,huanuco,1,Huánuco,9.7,1.6,6.5,12.9,0.168,687.0,Huánuco,9.700901636470368,1.6278196378654903,6.506887123061336,12.894916149879402,0.1678008600505474,687.0,75,687,2.016692199227824,2.0369333434601016,True,True,True,True,True,True,True,False,True,EN_AMBOS
VP_EJERCIDA,Departamento,ica,1,Ica,13.9,1.4,11.3,16.6,0.098,716.0,Ica,13.935118208322834,1.362472332437956,11.261752988554743,16.608483428090924,0.0977725708580075,716.0,103,716,2.026192463029109,2.032244509317718,True,True,True,True,True,True,True,False,True,EN_AMBOS
VP_EJERCIDA,Departamento,junin,1,Junín,21.0,2.2,16.7,25.3,0.105,696.0,Junín,21.02420324683421,2.19947693503597,16.708515507850315,25.33989098581811,0.1046164227587156,696.0,160,696,2.0226909200367604,2.0243941639119694,True,True,True,True,True,True,True,False,True,EN_AMBOS
VP_EJERCIDA,Departamento,la libertad,1,La Libertad,15.9,1.5,13.0,18.9,0.094,687.0,La Libertad,15.938703564541989,1.5040768779643008,12.987490011300723,18.889917117783256,0.0943663248314839,687.0,121,687,2.0226909200367604,2.0243941639119694,True,True,True,True,True,True,True,False,True,EN_AMBOS
VP_EJERCIDA,Departamento,lambayeque,1,Lambayeque,11.6,1.5,8.8,14.5,0.126,651.0,Lambayeque,11.633772452777627,1.4696555984966486,8.750098363757319,14.517446541797934,0.1263266583958121,651.0,77,651,2.0301079282503425,2.0452296421327034,True,True,True,True,True,True,True,False,True,EN_AMBOS
VP_EJERCIDA,Departamento,lima metropolitana,1,Lima Metropolitana,15.7,1.9,12.0,19.4,0.121,796.0,Lima Metropolitana,15.677641789540486,1.8952592405436055,11.958872596593158,19.39641098248781,0.1208893063118746,796.0,120,796,2.0210753903062733,2.026192463029109,True,True,True,True,True,True,True,False,True,EN_AMBOS
VP_EJERCIDA,Departamento,loreto,1,Loreto,10.7,1.8,7.1,14.2,0.17,674.0,Loreto,10.680243344935208,1.8108309937574472,7.127134424971361,14.233352264899052,0.1695496006292947,674.0,74,674,2.019540970441376,2.039513446396408,True,True,True,True,True,True,True,False,True,EN_AMBOS
VP_EJERCIDA,Departamento,madre de dios,1,Madre de Dios,17.4,1.8,13.9,21.0,0.104,644.0,Madre de Dios,17.409661582605917,1.810884609021804,13.85644746183941,20.962875703372426,0.1040160717903367,644.0,112,644,2.0301079282503425,2.0345152974493383,True,True,True,True,True,True,True,False,True,EN_AMBOS
VP_EJERCIDA,Departamento,moquegua,1,Moquegua,18.5,2.0,14.6,22.3,0.107,670.0,Moquegua,18.456727426059683,1.9734441446725068,14.584548289708149,22.328906562411216,0.1069227549996828,670.0,133,670,2.0301079282503425,2.0301079282503425,True,True,True,True,True,True,True,False,True,EN_AMBOS
VP_EJERCIDA,Departamento,pasco,1,Pasco,16.3,1.4,13.6,19.0,0.084,990.0,Pasco,16.269631188374774,1.3747246584952508,13.572225155767413,18.96703722098214,0.0844963627373151,990.0,168,990,1.999623584994939,2.004044783289145,True,True,True,True,True,True,True,False,True,EN_AMBOS
VP_EJERCIDA,Departamento,piura,1,Piura,11.2,1.9,7.4,15.1,0.173,658.0,Piura,11.248418375976724,1.94263286342366,7.436695371985522,15.060141379967924,0.1727027568224654,658.0,75,658,2.026192463029109,2.0595385527532977,True,True,True,True,True,True,True,False,True,EN_AMBOS
VP_EJERCIDA,Departamento,puno,1,Puno,12.8,1.2,10.4,15.2,0.094,979.0,Puno,12.79905209293187,1.2002274234462988,10.444034546328355,15.154069639535384,0.0937747119655142,979.0,149,979,2.000995378088267,2.006646805061688,True,True,True,True,True,True,True,False,True,EN_AMBOS
VP_EJERCIDA,Departamento,region lima,1,Región Lima,14.1,1.4,11.3,16.9,0.1,679.0,Región Lima,14.112431424699876,1.410050382193659,11.345711279174362,16.87915157022539,0.0999154815892149,679.0,94,679,2.026192463029109,2.0345152974493383,True,True,True,True,True,True,True,False,True,EN_AMBOS
VP_EJERCIDA,Departamento,san martin,1,San Martín,8.4,1.3,5.8,10.9,0.157,649.0,San Martín,8.373337751785966,1.312597982714374,5.797833126126966,10.948842377444969,0.1567592305033207,649.0,62,649,2.0226909200367604,2.0555294386428726,True,True,True,True,True,True,True,False,True,EN_AMBOS
VP_EJERCIDA,Departamento,tacna,1,Tacna,15.7,1.5,12.8,18.6,0.094,659.0,Tacna,15.673632008596256,1.4802223605622131,12.76922442391582,18.57803959327669,0.0944402905306428,659.0,106,659,2.0345152974493383,2.0369333434601016,True,True,True,True,True,True,True,False,True,EN_AMBOS
VP_EJERCIDA,Departamento,tumbes,1,Tumbes,13.4,1.7,10.0,16.8,0.13,677.0,Tumbes,13.377577512800068,1.7421614393948182,9.959208061608802,16.79594696399133,0.1302299641118031,677.0,77,677,2.0301079282503425,2.039513446396408,True,True,True,True,True,True,True,False,True,EN_AMBOS
VP_EJERCIDA,Departamento,ucayali,1,Ucayali,9.0,1.7,5.7,12.3,0.187,695.0,Ucayali,8.965405589567597,1.6784847366578777,5.671978919490899,12.258832259644295,0.1872179367558128,695.0,70,695,2.0226909200367604,2.0484071417952445,True,True,True,True,True,True,True,False,True,EN_AMBOS
VP_EJERCIDA,Desempeño escolar: expulsión de colegio,bin_0,1,No expulsado/a,13.80193169464329,0.5815393395290183,12.6608684912228,14.94299489806378,0.0421346339335037,18493.0,0,13.801931694643194,0.5815393395290146,12.66086849122246,14.942994898063928,0.0421346339335037,18493.0,2604,18493,1.962142757779508,1.9626664709726729,True,True,True,True,True,True,True,False,True,EN_AMBOS
VP_EJERCIDA,Desempeño escolar: expulsión de colegio,bin_1,1,Expulsado/a,21.37376979570567,3.4418201584487305,14.62042729822747,28.12711229318388,0.1610300939584484,314.0,1,21.37376979570568,3.4418201584487287,14.620427298225986,28.12711229318537,0.1610300939584482,314.0,77,314,1.971896223633908,2.016692199227824,True,True,True,True,True,True,True,False,True,EN_AMBOS
VP_EJERCIDA,Desempeño escolar: repitencia de año,bin_0,1,No repitió,13.91765058798074,0.6148548507274343,12.71121759554057,15.12408358042091,0.0441780634483252,17802.0,0,13.917650587980694,0.6148548507274322,12.711217595540262,15.124083580421123,0.0441780634483252,17802.0,2521,17802,1.962142757779508,1.9627102708438915,True,True,True,True,True,True,True,False,True,EN_AMBOS
VP_EJERCIDA,Desempeño escolar: repitencia de año,bin_1,1,Repitió,14.02678976362107,1.5877641437104972,10.91136984797822,17.14220967926391,0.1131951195154015,1005.0,1,14.02678976362108,1.5877641437104992,10.911369847977545,17.14220967926462,0.1131951195154015,1005.0,160,1005,1.9646355489631269,1.9823833701756908,True,True,True,True,True,True,True,False,True,EN_AMBOS
VP_EJERCIDA,Discapacidad,bin_0,1,Sin discapacidad,13.60769187922279,0.6085576928675054,12.41361480947207,14.80176894897351,0.0447215955702741,16778.0,0,13.607691879222816,0.6085576928675062,12.413614809471833,14.8017689489738,0.0447215955702741,16778.0,2320,16778,1.962142757779508,1.962802272523435,True,True,True,True,True,True,True,False,True,EN_AMBOS
VP_EJERCIDA,Discapacidad,bin_1,1,Con discapacidad,16.37423926257916,1.407827501573882,13.61188072616376,19.13659779899456,0.0859781928795469,2029.0,1,16.374239262579188,1.4078275015738848,13.611880726163172,19.136597798995204,0.085978192879547,2029.0,361,2029,1.9640483976635408,1.9708055923849015,True,True,True,True,True,True,True,False,True,EN_AMBOS
VP_EJERCIDA,Etnicidad,etnicidad_1,1,Indígena andino,12.2,0.8,10.7,13.6,0.062,5249.0,1,12.151626189236122,0.7534266060579916,10.67329563064104,13.629956747831203,0.06200212171811,5249.0,688,5249,1.9628366422266053,1.966310160802412,True,True,True,True,True,True,True,False,True,EN_AMBOS
VP_EJERCIDA,Etnicidad,etnicidad_3,1,Indígena amazónico,15.38396390553582,7.549648547612644,0.5704756840603564,30.19745212701127,0.4907479368757457,433.0,3,15.383963905535822,7.549648547612644,0.5704756840570951,30.197452127014547,0.4907479368757457,433.0,50,433,1.978524491479245,2.0555294386428726,True,True,True,True,True,True,True,False,True,EN_AMBOS
VP_EJERCIDA,Etnicidad,etnicidad_5,1,Afrodescendiente,13.7,1.9,10.0,17.5,0.139,1806.0,5,13.745595525755231,1.9082056370584937,10.001423654646876,17.48976739686359,0.1388230603383515,1806.0,260,1806,1.96362596651301,1.973157042159157,True,True,True,True,True,True,True,False,True,EN_AMBOS
VP_EJERCIDA,Etnicidad,etnicidad_6,1,No indígena ni afrodescendiente,14.7,0.8,13.2,16.2,0.051,8715.0,6,14.717727371202526,0.7523108258413397,13.241586132678822,16.19386860972623,0.0511159642291886,8715.0,1319,8715,1.962322551204167,1.963748653555787,True,True,True,True,True,True,True,False,True,EN_AMBOS
VP_EJERCIDA,Etnicidad,etnicidad_9,1,No sabe,13.8,1.3,11.4,16.3,0.091,2604.0,9,13.838609082847425,1.2607797023466902,11.36477932073246,16.312438844962386,0.0911059554322834,2604.0,364,2604,1.9629115987173988,1.9694983934211523,True,True,True,True,True,True,True,False,True,EN_AMBOS
VP_EJERCIDA,Exposición a discusiones entre cuidadores,bin_0,1,No es testigo,10.2758411907269,0.7346052483497439,8.834440822850949,11.71724155860285,0.0714885754572253,10229.0,0,10.27584119072694,0.7346052483497472,8.834440822850667,11.717241558603211,0.0714885754572253,10229.0,1089,10229,1.9621507915239005,1.9638100121758773,True,True,True,True,True,True,True,False,True,EN_AMBOS
VP_EJERCIDA,Exposición a discusiones entre cuidadores,bin_1,1,Es testigo,18.14763503893452,0.7378450968793132,16.69987762572998,19.59539245213907,0.0406579201805809,8531.0,1,18.147635038934503,0.7378450968793123,16.69987762572964,19.595392452139365,0.0406579201805809,8531.0,1583,8531,1.9621649940614452,1.9632920368193776,True,True,True,True,True,True,True,False,True,EN_AMBOS
VP_EJERCIDA,Lengua materna,idioma_1,1,Castellano,14.2,0.6,13.0,15.4,0.043,17498.0,1,14.186572624204183,0.6038403635294263,13.001751628049972,15.371393620358392,0.042564217554506,17498.0,2543,17498,1.9621649940614452,1.9627522328330025,True,True,True,True,True,True,True,False,True,EN_AMBOS
VP_EJERCIDA,Lengua materna,idioma_3,1,Quechua/Aymara,9.5,1.2,7.1,11.9,0.128,958.0,3,9.511642729269322,1.2138017233202203,7.129990468476266,11.893294990062378,0.1276122072568072,958.0,103,958,1.967404973747932,1.993943367845625,True,True,True,True,True,True,True,False,True,EN_AMBOS
VP_EJERCIDA,Lengua materna,idioma_4,1,Otra lengua nativa,6.6,1.9,2.9,10.3,0.288,275.0,4,6.60158679747773,1.9042504702874248,2.865175528205038,10.337998066750425,0.288453447437059,275.0,24,275,2.00957523712924,2.200985160091639,True,True,True,True,True,True,True,False,True,EN_AMBOS
VP_EJERCIDA,Nacional,national_single,1,Total,13.9,0.6,12.8,15.1,0.0409999999999999,18807.0,Total,13.924598251894007,0.5767834825592341,12.830658254578776,15.095655410454034,0.0414219119378026,18807.0,2681,18807,1.962142757779508,1.9626542121712196,True,True,True,True,True,True,True,False,True,EN_AMBOS
VP_EJERCIDA,Normas sobre castigo físico docente,bin_0,1,No justifica,13.63594231492078,0.6033834026052012,12.45201794133489,14.81986668850667,0.0442494833631676,17466.0,0,13.63594231492072,0.6033834026051985,12.45201794133457,14.819866688506869,0.0442494833631676,17466.0,2407,17466,1.962142757779508,1.962745693873552,True,True,True,True,True,True,True,False,True,EN_AMBOS
VP_EJERCIDA,Normas sobre castigo físico docente,bin_1,1,Justifica,19.28318711185918,1.7728849588518545,15.80453372947256,22.7618404942458,0.0919394158531775,1161.0,1,19.283187111859203,1.7728849588518558,15.804533729471814,22.761840494246595,0.0919394158531774,1161.0,242,1161,1.963730625922319,1.9738521694945037,True,True,True,True,True,True,True,False,True,EN_AMBOS
VP_EJERCIDA,Normas sobre castigo físico parental,bin_0,1,No justifica,12.09181062070233,0.6779490098536131,10.76157788087457,13.4220433605301,0.0560667902533058,9805.0,0,12.0918106207024,0.6779490098536161,10.761577880874338,13.42204336053046,0.0560667902533057,9805.0,1180,9805,1.9621467672596704,1.9638733931236336,True,True,True,True,True,True,True,False,True,EN_AMBOS
VP_EJERCIDA,Normas sobre castigo físico parental,bin_1,1,Justifica,16.54939112905951,0.811688632294927,14.95674215763042,18.1420401004886,0.0490464347579326,8548.0,1,16.54939112905948,0.8116886322949262,14.956742157630035,18.14204010048892,0.0490464347579327,8548.0,1436,8548,1.9621447606766775,1.963339390254202,True,True,True,True,True,True,True,False,True,EN_AMBOS
VP_EJERCIDA,Participación en decisiones del hogar,bin_0,1,Menor participación,17.63543441547339,1.310394835211524,15.06425267973199,20.20661615121479,0.0743046530263966,2565.0,0,17.635434415473394,1.3103948352115249,15.06425267973143,20.20661615121536,0.0743046530263966,2565.0,461,2565,1.962477488101132,1.9668840363001645,True,True,True,True,True,True,True,False,True,EN_AMBOS
VP_EJERCIDA,Participación en decisiones del hogar,bin_1,1,Mayor participación,13.86567003253444,0.7926782347857874,12.3103221749004,15.42101789016847,0.057168404622773,8969.0,1,13.86567003253445,0.7926782347857884,12.31032217490007,15.421017890168828,0.057168404622773,8969.0,1281,8969,1.9621447606766775,1.9635812953430185,True,True,True,True,True,True,True,False,True,EN_AMBOS
VP_EJERCIDA,Sexo,sexo_1,1,Mujer,13.1,0.7,11.7,14.5,0.055,9608.0,1,13.08394682135568,0.7253957039787549,11.6606168942694,14.50727674844196,0.05544165792502,9608.0,1277,9608,1.962202376365632,1.9635216226548615,True,True,True,True,True,True,True,False,True,EN_AMBOS
VP_EJERCIDA,Sexo,sexo_2,1,Hombre,14.8,0.7,13.4,16.2,0.049,9199.0,2,14.807752495736326,0.7233964297319957,13.388345430134136,16.227159561338514,0.0488525473356126,9199.0,1404,9199,1.9622476264013184,1.9634433538165263,True,True,True,True,True,True,True,False,True,EN_AMBOS
VP_EJERCIDA,Te piden o te han ordenado no ir al colegio para ayudar a tu mamá o papá u otra persona en la casa u otro lugar,bin_0,1,No dejó de ir,13.42778255009001,0.6177148204113478,12.21573788884709,14.63982721133294,0.0460027423073817,17420.0,0,13.42778255008998,0.6177148204113463,12.215737888846787,14.639827211333174,0.0460027423073817,17420.0,2385,17420,1.962142757779508,1.962768715523952,True,True,True,True,True,True,True,False,True,EN_AMBOS
VP_EJERCIDA,Te piden o te han ordenado no ir al colegio para ayudar a tu mamá o papá u otra persona en la casa u otro lugar,bin_1,1,Dejó de ir,20.25144051318906,2.0670408404046285,16.19561129815555,24.30726972822258,0.1020688300695665,1387.0,1,20.25144051318908,2.067040840404632,16.195611298154663,24.30726972822349,0.1020688300695665,1387.0,296,1387,1.9633345943574572,1.9703772833261533,True,True,True,True,True,True,True,False,True,EN_AMBOS
VP_EJERCIDA,Tipo de hogar,hogar_1,1,Nuclear biparental,14.08852920302406,0.7383398566046694,12.63980100060756,15.53725740544055,0.052407163726231,13464.0,1,14.08852920302408,0.7383398566046704,12.639801000607267,15.537257405440894,0.052407163726231,13464.0,1901,13464,1.962142757779508,1.9629524444018072,True,True,True,True,True,True,True,False,True,EN_AMBOS
VP_EJERCIDA,Tipo de hogar,hogar_2,1,Monoparental,13.3,1.0,11.3,15.3,0.077,4397.0,2,13.296706682422355,1.0180340966340196,11.29899541670266,15.294417948142057,0.076562875375736,4397.0,641,4397,1.962322551204167,1.9655091229752475,True,True,True,True,True,True,True,False,True,EN_AMBOS
VP_EJERCIDA,Tipo de hogar,hogar_3,1,Sin figuras parentales,14.4,2.0,10.5,18.3,0.138,929.0,3,14.35575624647946,1.9868881419946265,10.45303147072053,18.25848102223839,0.1384035858425697,929.0,135,929,1.9642398045825584,1.983971518523552,True,True,True,True,True,True,True,False,True,EN_AMBOS
VP_EJERCIDA,Área,area_1,1,Urbana,15.4,0.7,14.0,16.7,0.045,15576.0,1,15.365210026883958,0.6925011135925024,14.006423982094184,16.72399607167373,0.0450694206184528,15576.0,2374,15576,1.9630738928941311,1.963339390254202,True,True,True,True,True,True,True,False,True,EN_AMBOS
VP_EJERCIDA,Área,area_2,1,Rural,8.5,0.7,7.2,9.8,0.08,3231.0,2,8.504714385940447,0.6831997299053342,7.164178983789779,9.845249788091117,0.0803318840471309,3231.0,307,3231,1.967850227366019,1.9753871310551108,True,True,True,True,True,True,True,False,True,EN_AMBOS
VP_EJERCIDA,Área y sexo,area_1_sexo_1,1,Urbano Mujer,14.4,0.9,12.7,16.1,0.06,7990.0,Urbano Mujer,14.43663218972474,0.8717417787310697,12.724302024032742,16.148962355416742,0.0603840125089237,7990.0,1132,7990,1.9631967955598617,1.964263050675984,True,True,True,True,True,True,True,False,True,EN_AMBOS
VP_EJERCIDA,Área y sexo,area_1_sexo_2,1,Urbano Hombre,16.4,0.9,14.7,18.1,0.053,7586.0,Urbano Hombre,16.36221431477322,0.8716206182322029,14.650201893533715,18.07422673601272,0.0532703337986001,7586.0,1242,7586,1.9632873744486168,1.9641715505901611,True,True,True,True,True,True,True,False,True,EN_AMBOS
VP_EJERCIDA,Área y sexo,area_2_sexo_1,1,Rural Mujer,7.7,0.8,6.1,9.4,0.108,1618.0,Rural Mujer,7.726841368408188,0.8312386181406043,6.075687967463191,9.377994769353188,0.1075780617859181,1618.0,145,1618,1.967850227366019,1.9863771544186173,True,True,True,True,True,True,True,False,True,EN_AMBOS
VP_EJERCIDA,Área y sexo,area_2_sexo_2,1,Rural Hombre,9.3,1.0,7.2,11.3,0.1119999999999999,1613.0,Rural Hombre,9.257676136741818,1.03255336899056,7.207517217632724,11.30783505585091,0.1115348337681167,1613.0,162,1613,1.9678765312856947,1.985523441866604,True,True,True,True,True,True,True,False,True,EN_AMBOS
VP_ESCUELA,Departamento,amazonas,1,Amazonas,38.8,3.4,32.0,45.5,0.088,907.0,Amazonas,38.7607061953096,3.4269133033955503,32.03661307551376,45.48479931510543,0.0884120450780187,907.0,364,907,2.000995378088267,2.001717484145236,True,True,True,True,True,True,True,False,True,EN_AMBOS
VP_ESCUELA,Departamento,ancash,1,Áncash,43.9,2.9,38.2,49.5,0.066,705.0,Áncash,43.874263805347546,2.882791527126319,38.21781528820851,49.53071232248658,0.0657057526917398,705.0,292,705,2.016692199227824,2.016692199227824,True,True,True,True,True,True,True,False,True,EN_AMBOS
VP_ESCUELA,Departamento,apurimac,1,Apurímac,50.9,2.5,46.1,55.8,0.049,698.0,Apurímac,50.92960580832767,2.4716410512647453,46.07989321975802,55.77931839689733,0.0485305356685207,698.0,355,698,2.016692199227824,2.016692199227824,True,True,True,True,True,True,True,False,True,EN_AMBOS
VP_ESCUELA,Departamento,arequipa,1,Arequipa,42.2,1.7,38.9,45.5,0.04,760.0,Arequipa,42.21950528080137,1.6923484787167913,38.89887596964805,45.5401345919547,0.0400845170368767,760.0,322,760,2.0226909200367604,2.0226909200367604,True,True,True,True,True,True,True,False,True,EN_AMBOS
VP_ESCUELA,Departamento,ayacucho,1,Ayacucho,44.7,3.0,38.9,50.6,0.067,650.0,Ayacucho,44.7071161320931,2.984288227831504,38.85151659872687,50.56271566545932,0.0667519734221735,650.0,295,650,2.0210753903062733,2.0226909200367604,True,True,True,True,True,True,True,False,True,EN_AMBOS
VP_ESCUELA,Departamento,cajamarca,1,Cajamarca,33.6,2.3,29.1,38.2,0.069,783.0,Cajamarca,33.60439748786892,2.3168586461237943,29.05839007457828,38.150404901159554,0.068945103002075,783.0,258,783,2.004044783289145,2.0057459953178687,True,True,True,True,True,True,True,False,True,EN_AMBOS
VP_ESCUELA,Departamento,callao,1,Callao,35.7,2.2,31.3,40.1,0.063,610.0,Callao,35.71673118026904,2.248085559620314,31.305666380591347,40.12779597994673,0.0629420858329337,610.0,218,610,2.0422724563012378,2.0422724563012378,True,True,True,True,True,True,True,False,True,EN_AMBOS
VP_ESCUELA,Departamento,cusco,1,Cusco,35.8,2.5,30.8,40.8,0.071,716.0,Cusco,35.82781091918243,2.546438501208622,30.83133505590503,40.82428678245984,0.0710743535783606,716.0,251,716,2.016692199227824,2.0180817028184443,True,True,True,True,True,True,True,False,True,EN_AMBOS
VP_ESCUELA,Departamento,huancavelica,1,Huancavelica,30.7,2.8,25.3,36.1,0.09,771.0,Huancavelica,30.724107988942407,2.764973442989379,25.298835372328128,36.149380605556686,0.0899936116610608,771.0,229,771,2.0057459953178687,2.00957523712924,True,True,True,True,True,True,True,False,True,EN_AMBOS
VP_ESCUELA,Departamento,huanuco,1,Huánuco,35.8,3.3,29.4,42.3,0.092,687.0,Huánuco,35.84962759536246,3.29513323660085,29.38410577924756,42.31514941147737,0.0919154104972379,687.0,258,687,2.016692199227824,2.016692199227824,True,True,True,True,True,True,True,False,True,EN_AMBOS
VP_ESCUELA,Departamento,ica,1,Ica,38.4,2.2,34.2,42.7,0.0559999999999999,716.0,Ica,38.42711908431893,2.1626227461921186,34.18374452506883,42.670493643569024,0.0562785552944203,716.0,263,716,2.026192463029109,2.026192463029109,True,True,True,True,True,True,True,False,True,EN_AMBOS
VP_ESCUELA,Departamento,junin,1,Junín,48.5,1.8,44.9,52.0,0.037,696.0,Junín,48.46338632407278,1.8156806074994245,44.90076176962709,52.02601087851848,0.0374649966751815,696.0,335,696,2.0226909200367604,2.0226909200367604,True,True,True,True,True,True,True,False,True,EN_AMBOS
VP_ESCUELA,Departamento,la libertad,1,La Libertad,40.2,2.4,35.4,44.9,0.061,687.0,La Libertad,40.15537705184624,2.431207726401833,35.38500041882931,44.92575368486318,0.0605450105290457,687.0,282,687,2.0226909200367604,2.0243941639119694,True,True,True,True,True,True,True,False,True,EN_AMBOS
VP_ESCUELA,Departamento,lambayeque,1,Lambayeque,35.9,2.3,31.4,40.5,0.064,651.0,Lambayeque,35.928018009604926,2.3159511245708204,31.383791283156988,40.47224473605287,0.0644608651652222,651.0,235,651,2.0301079282503425,2.0301079282503425,True,True,True,True,True,True,True,False,True,EN_AMBOS
VP_ESCUELA,Departamento,lima metropolitana,1,Lima Metropolitana,42.0,2.3,37.5,46.4,0.054,796.0,Lima Metropolitana,41.96643307618137,2.266966356996828,37.51832145667024,46.41454469569248,0.054018561760577,796.0,336,796,2.0210753903062733,2.0210753903062733,True,True,True,True,True,True,True,False,True,EN_AMBOS
VP_ESCUELA,Departamento,loreto,1,Loreto,43.6,2.5,38.7,48.5,0.057,674.0,Loreto,43.60001655917815,2.503704551117772,38.68739080658282,48.51264231177348,0.0574243945003897,674.0,291,674,2.019540970441376,2.019540970441376,True,True,True,True,True,True,True,False,True,EN_AMBOS
VP_ESCUELA,Departamento,madre de dios,1,Madre de Dios,39.1,2.0,35.1,43.1,0.052,644.0,Madre de Dios,39.115914669592016,2.0248305605606207,35.142908049457375,43.08892128972666,0.0517648782513242,644.0,263,644,2.0301079282503425,2.0301079282503425,True,True,True,True,True,True,True,False,True,EN_AMBOS
VP_ESCUELA,Departamento,moquegua,1,Moquegua,37.8,1.9,34.1,41.6,0.051,670.0,Moquegua,37.8396040239907,1.916176544381118,34.07979209480633,41.59941595317508,0.0506394449362166,670.0,264,670,2.0301079282503425,2.0301079282503425,True,True,True,True,True,True,True,False,True,EN_AMBOS
VP_ESCUELA,Departamento,pasco,1,Pasco,45.8,2.2,41.5,50.0,0.047,990.0,Pasco,45.76291943678914,2.1693405928426244,41.50636350338588,50.0194753701924,0.0474038942344809,990.0,465,990,1.999623584994939,1.999623584994939,True,True,True,True,True,True,True,False,True,EN_AMBOS
VP_ESCUELA,Departamento,piura,1,Piura,38.5,2.9,32.8,44.3,0.076,658.0,Piura,38.530236089576015,2.9274968317622183,32.786069382711325,44.274402796440704,0.0759792082497575,658.0,243,658,2.026192463029109,2.026192463029109,True,True,True,True,True,True,True,False,True,EN_AMBOS
VP_ESCUELA,Departamento,puno,1,Puno,46.6,2.9,41.0,52.2,0.061,979.0,Puno,46.62326777538927,2.8555160913008937,41.02033755712037,52.22619799365816,0.0612465883999709,979.0,460,979,2.000995378088267,2.000995378088267,True,True,True,True,True,True,True,False,True,EN_AMBOS
VP_ESCUELA,Departamento,region lima,1,Región Lima,39.7,2.5,34.8,44.6,0.063,679.0,Región Lima,39.73044680258668,2.494559598603618,34.835764752337234,44.62512885283612,0.0627871015646672,679.0,267,679,2.026192463029109,2.026192463029109,True,True,True,True,True,True,True,False,True,EN_AMBOS
VP_ESCUELA,Departamento,san martin,1,San Martín,32.1,1.9,28.3,35.9,0.06,649.0,San Martín,32.1046773642645,1.9413140473514383,28.295542065678248,35.913812662850745,0.0604682621577223,649.0,213,649,2.0226909200367604,2.0226909200367604,True,True,True,True,True,True,True,False,True,EN_AMBOS
VP_ESCUELA,Departamento,tacna,1,Tacna,39.8,2.9,34.0,45.5,0.074,659.0,Tacna,39.76266662628623,2.947272834362044,33.97969657914247,45.54563667343,0.0741216091481567,659.0,259,659,2.0345152974493383,2.0345152974493383,True,True,True,True,True,True,True,False,True,EN_AMBOS
VP_ESCUELA,Departamento,tumbes,1,Tumbes,40.5,3.0,34.6,46.3,0.074,677.0,Tumbes,40.45062559995591,2.97446708093257,34.614296558850505,46.2869546410613,0.0735332775900457,677.0,271,677,2.0301079282503425,2.0301079282503425,True,True,True,True,True,True,True,False,True,EN_AMBOS
VP_ESCUELA,Departamento,ucayali,1,Ucayali,33.3,3.3,26.8,39.7,0.098,695.0,Ucayali,33.262313458871446,3.2730040532417,26.840212259620262,39.68441465812263,0.0983997717804187,695.0,233,695,2.0226909200367604,2.026192463029109,True,True,True,True,True,True,True,False,True,EN_AMBOS
VP_ESCUELA,Discapacidad,bin_0,1,No,39.5,0.8,38.0,41.0,0.019,16778.0,0,39.45798047060087,0.7631963635060501,37.96048025318382,40.95548068801793,0.0193420026672345,16778.0,6567,16778,1.962142757779508,1.9621981601875311,True,True,True,True,True,True,True,False,True,EN_AMBOS
VP_ESCUELA,Discapacidad,bin_1,1,Sí,46.0,2.2,41.8,50.2,0.047,2029.0,1,46.00241347971516,2.1594946950832257,41.76517660329434,50.23965035613598,0.0469430738897092,2029.0,955,2029,1.9640483976635408,1.9653578272030217,True,True,True,True,True,True,True,False,True,EN_AMBOS
VP_ESCUELA,Etnicidad,etnicidad_1,1,Indígena andino,39.3,1.3,36.8,41.8,0.032,5249.0,1,39.29575986750219,1.2630864327635052,36.81740397100573,41.77411576399865,0.0321430718485249,5249.0,2144,5249,1.9628366422266053,1.9635757879604208,True,True,True,True,True,True,True,False,True,EN_AMBOS
VP_ESCUELA,Etnicidad,etnicidad_3,1,Indígena amazónico/nativo,34.7,4.4,26.1,43.4,0.127,433.0,3,34.71369431087683,4.413092738813406,26.054576354004773,43.37281226774889,0.1271282940758815,433.0,172,433,1.978524491479245,1.991672609644664,True,True,True,True,True,True,True,False,True,EN_AMBOS
VP_ESCUELA,Etnicidad,etnicidad_5,1,Afrodescendiente,40.0,2.1,35.9,44.1,0.052,1806.0,5,39.96285339729462,2.08601724741832,35.869789762669626,44.05591703191962,0.0521989064864807,1806.0,733,1806,1.96362596651301,1.965641841541636,True,True,True,True,True,True,True,False,True,EN_AMBOS
VP_ESCUELA,Etnicidad,etnicidad_6,1,No indígena ni afrodescendiente,41.2,1.0,39.3,43.1,0.024,8715.0,6,41.19781960280231,0.9748168981290553,39.28508968597729,43.11054951962732,0.023661856562495,8715.0,3445,8715,1.962322551204167,1.9625685559767296,True,True,True,True,True,True,True,False,True,EN_AMBOS
VP_ESCUELA,Etnicidad,etnicidad_9,1,No sabe,39.2,2.0,35.3,43.0,0.05,2604.0,9,39.16480437729177,1.9588180940090432,35.32132364032447,43.008285114259074,0.0500147549605734,2604.0,1028,2604,1.9629115987173988,1.96444156598154,True,True,True,True,True,True,True,False,True,EN_AMBOS
VP_ESCUELA,Lengua materna,idioma_1,1,Castellano,40.4,0.8,38.9,41.9,0.019,17498.0,1,40.41314552696596,0.76543660294914,38.91124963994995,41.91504141398196,0.0189402876952103,17498.0,7017,17498,1.9621649940614452,1.9622172591365907,True,True,True,True,True,True,True,False,True,EN_AMBOS
VP_ESCUELA,Lengua materna,idioma_3,1,Quechua/Aymara,36.5,2.3,32.0,41.0,0.063,958.0,3,36.47976746938579,2.2895321061194545,31.98737862865984,40.97215631011174,0.0627616968238861,958.0,358,958,1.967404973747932,1.972461989767209,True,True,True,True,True,True,True,False,True,EN_AMBOS
VP_ESCUELA,Lengua materna,idioma_4,1,Otra lengua nativa,34.9,4.6,25.8,44.0,0.133,275.0,4,34.854330789496395,4.638920058667673,25.75210739246353,43.95655418652926,0.1330945094509071,275.0,113,275,2.00957523712924,2.0301079282503425,True,True,True,True,True,True,True,False,True,EN_AMBOS
VP_ESCUELA,Nacional,national_single,1,Total,40.2,0.7,38.8,41.6,0.018,18807.0,Total,40.2076414157143,0.7302019535937129,38.78361285976112,41.6483834929711,0.0181607756108849,18807.0,7522,18807,1.962142757779508,1.962167038069028,True,True,True,True,True,True,True,False,True,EN_AMBOS
VP_ESCUELA,Sexo,sexo_1,1,Mujer,44.9,1.1,42.8,46.9,0.024,9608.0,1,44.85221539635554,1.0590259271542235,42.77425534308915,46.93017544962193,0.0236114519159353,9608.0,4343,9608,1.962202376365632,1.962274314570696,True,True,True,True,True,True,True,False,True,EN_AMBOS
VP_ESCUELA,Sexo,sexo_2,1,Hombre,35.3,1.0,33.4,37.2,0.027,9199.0,2,35.32824066430395,0.9679469702364922,33.4289905267398,37.22749080186809,0.0273986746023986,9199.0,3179,9199,1.9622476264013184,1.9624278869109144,True,True,True,True,True,True,True,False,True,EN_AMBOS
VP_ESCUELA,Tipo de hogar,hogar_1,1,Biparental,39.3,0.8,37.8,40.9,0.02,13464.0,1,39.34597288682959,0.7755691511365953,37.82419549376972,40.86775027988946,0.0197115255827415,13464.0,5331,13464,1.962142757779508,1.9621939598625375,True,True,True,True,True,True,True,False,True,EN_AMBOS
VP_ESCUELA,Tipo de hogar,hogar_2,1,Monoparental,43.1,1.7,39.8,46.4,0.039,4397.0,2,43.08234682426602,1.665999291219894,39.81341838053311,46.35127526799893,0.038670114653121,4397.0,1806,4397,1.962322551204167,1.9629599928183288,True,True,True,True,True,True,True,False,True,EN_AMBOS
VP_ESCUELA,Tipo de hogar,hogar_3,1,Sin figuras parentales,39.4,3.1,33.4,45.4,0.078,929.0,3,39.38504082980744,3.070395936441631,33.36048567960287,45.40959598001202,0.0779584296918613,929.0,378,929,1.9642398045825584,1.9688886224492936,True,True,True,True,True,True,True,False,True,EN_AMBOS
VP_ESCUELA,Área,area_1,1,Urbana,41.1,0.9,39.4,42.8,0.021,15576.0,1,41.13594389536034,0.8655938265183608,39.436708624040016,42.83517916668066,0.0210422745791422,15576.0,6295,15576,1.9630738928941311,1.96308617190014,True,True,True,True,True,True,True,False,True,EN_AMBOS
VP_ESCUELA,Área,area_2,1,Rural,36.7,1.2,34.4,39.0,0.032,3231.0,2,36.71517264688632,1.1614856585568445,34.42926032689444,39.00108496687821,0.0316350319179377,3231.0,1227,3231,1.967850227366019,1.9680934526838216,True,True,True,True,True,True,True,False,True,EN_AMBOS
VP_ESCUELA,Área y sexo,area_1_sexo_1,1,Urbano Mujer,45.3,1.3,42.8,47.8,0.0279999999999999,7990.0,Urbano Mujer,45.3235225828491,1.2670017049642963,42.83748436335912,47.809560802339085,0.0279546167809062,7990.0,3633,7990,1.9631967955598617,1.9632145141769743,True,True,True,True,True,True,True,False,True,EN_AMBOS
VP_ESCUELA,Área y sexo,area_1_sexo_2,1,Urbano Hombre,36.6,1.1,34.4,38.9,0.031,7586.0,Urbano Hombre,36.63978456414843,1.1460099947458566,34.39114935261492,38.88841977568194,0.0312777492656769,7586.0,2662,7586,1.9632873744486168,1.9633733475126152,True,True,True,True,True,True,True,False,True,EN_AMBOS
VP_ESCUELA,Área y sexo,area_2_sexo_1,1,Rural Mujer,43.0,1.6,39.9,46.1,0.037,1618.0,Rural Mujer,42.985674693085976,1.578877753471588,39.887691143692514,46.08365824247943,0.0367303238752128,1618.0,710,1618,1.967850227366019,1.9686916197952944,True,True,True,True,True,True,True,False,True,EN_AMBOS
VP_ESCUELA,Área y sexo,area_2_sexo_2,1,Rural Hombre,30.6,1.6,27.6,33.7,0.051,1613.0,Rural Hombre,30.645482488345426,1.558189684549329,27.588091883560224,33.702873093130634,0.0508456567829177,1613.0,517,1613,1.9678765312856947,1.9697743954267464,True,True,True,True,True,True,True,False,True,EN_AMBOS
VP_HOGAR,Conductas de riesgo inducidas por adultos,bin_0,1,Sin conductas,28.11775961196511,0.6514891863365386,26.83944482322348,29.39607440070672,0.0231700247575666,18548.0,0,28.117759611964928,0.6514891863365356,26.83944482322303,29.396074400706823,0.0231700247575666,18548.0,5104,18548,1.962142757779508,1.9622498268425952,True,True,True,True,True,True,True,False,True,EN_AMBOS
VP_HOGAR,Conductas de riesgo inducidas por adultos,bin_1,1,Al menos una,53.34359355746056,6.13212929703594,41.3114804675166,65.37570664740451,0.114955309308709,259.0,1,53.343593557460586,6.132129297035952,41.31148046751395,65.37570664740723,0.1149553093087092,259.0,165,259,1.9725281820013163,1.9799304050824225,True,True,True,True,True,True,True,False,True,EN_AMBOS
VP_HOGAR,Conductas de riesgo personales,bin_0,1,Sin conductas,23.48777624761351,0.5779214398388568,22.35381187986844,24.62174061535858,0.0246052003283017,15165.0,0,23.487776247613613,0.5779214398388599,22.35381187986829,24.621740615358934,0.0246052003283017,15165.0,3494,15165,1.962142757779508,1.9623296070709264,True,True,True,True,True,True,True,False,True,EN_AMBOS
VP_HOGAR,Conductas de riesgo personales,bin_1,1,Al menos una,48.05898031558466,1.6496270688188397,44.82217650946544,51.29578412170386,0.0343250534652707,3642.0,1,48.05898031558458,1.649627068818838,44.82217650946466,51.2957841217045,0.0343250534652708,3642.0,1775,3642,1.9623558437740083,1.962926321861701,True,True,True,True,True,True,True,False,True,EN_AMBOS
VP_HOGAR,Departamento,amazonas,1,Amazonas,26.3,2.7,20.9,31.6,0.104,907.0,Amazonas,26.277285577916302,2.736773001094374,20.907346254132488,31.64722490170012,0.10414976055953,907.0,232,907,2.000995378088267,2.004044783289145,True,True,True,True,True,True,True,False,True,EN_AMBOS
VP_HOGAR,Departamento,ancash,1,Áncash,28.3,2.6,23.2,33.4,0.091,705.0,Áncash,28.31065120293789,2.5838843663036704,23.24070120665545,33.38060119922034,0.09126898381043,705.0,206,705,2.016692199227824,2.0226909200367604,True,True,True,True,True,True,True,False,True,EN_AMBOS
VP_HOGAR,Departamento,apurimac,1,Apurímac,35.7,3.0,29.8,41.6,0.084,698.0,Apurímac,35.66676875928745,3.011948290501949,29.75689623427268,41.57664128430222,0.0844469066101664,698.0,253,698,2.016692199227824,2.016692199227824,True,True,True,True,True,True,True,False,True,EN_AMBOS
VP_HOGAR,Departamento,arequipa,1,Arequipa,33.2,1.9,29.5,36.8,0.0559999999999999,760.0,Arequipa,33.159124067596494,1.8597256470749,29.510076857731672,36.80817127746132,0.0560848846092483,760.0,247,760,2.0226909200367604,2.0226909200367604,True,True,True,True,True,True,True,False,True,EN_AMBOS
VP_HOGAR,Departamento,ayacucho,1,Ayacucho,26.0,3.1,20.0,32.1,0.118,650.0,Ayacucho,26.037764260332185,3.08413128919951,19.98625838718819,32.089270133476184,0.118448391281355,650.0,177,650,2.0210753903062733,2.026192463029109,True,True,True,True,True,True,True,False,True,EN_AMBOS
VP_HOGAR,Departamento,cajamarca,1,Cajamarca,18.8,2.2,14.5,23.1,0.1159999999999999,783.0,Cajamarca,18.84714808864128,2.192662790154889,14.544830674686256,23.1494655025963,0.1163392349782805,783.0,157,783,2.004044783289145,2.011740513729765,True,True,True,True,True,True,True,False,True,EN_AMBOS
VP_HOGAR,Departamento,callao,1,Callao,30.4,2.2,26.1,34.8,0.073,610.0,Callao,30.41485815382782,2.2159427294075997,26.06686217566654,34.762854131989094,0.0728572435945658,610.0,175,610,2.0422724563012378,2.0422724563012378,True,True,True,True,True,True,True,False,True,EN_AMBOS
VP_HOGAR,Departamento,cusco,1,Cusco,25.5,2.3,21.1,29.9,0.088,716.0,Cusco,25.510563858767743,2.254704211792834,21.08651231866348,29.934615398872005,0.0883831586112869,716.0,192,716,2.016692199227824,2.0210753903062733,True,True,True,True,True,True,True,False,True,EN_AMBOS
VP_HOGAR,Departamento,huancavelica,1,Huancavelica,19.4,2.6,14.3,24.5,0.134,771.0,Huancavelica,19.39091339120214,2.606075009163994,14.277422185740846,24.50440459666344,0.1343967123460206,771.0,137,771,2.0057459953178687,2.0226909200367604,True,True,True,True,True,True,True,False,True,EN_AMBOS
VP_HOGAR,Departamento,huanuco,1,Huánuco,20.6,2.2,16.4,24.8,0.105,687.0,Huánuco,20.58855701325496,2.1522903317040645,16.36545612626297,24.81165790024694,0.1045381825602646,687.0,158,687,2.016692199227824,2.019540970441376,True,True,True,True,True,True,True,False,True,EN_AMBOS
VP_HOGAR,Departamento,ica,1,Ica,26.5,2.0,22.7,30.4,0.074,716.0,Ica,26.5475318167237,1.969647405369148,22.682802424899428,30.41226120854797,0.0741932402216149,716.0,184,716,2.026192463029109,2.026192463029109,True,True,True,True,True,True,True,False,True,EN_AMBOS
VP_HOGAR,Departamento,junin,1,Junín,31.6,2.0,27.6,35.6,0.064,696.0,Junín,31.576815612980585,2.0283697339049938,27.596864629499755,35.556766596461415,0.0642360445323426,696.0,223,696,2.0226909200367604,2.0226909200367604,True,True,True,True,True,True,True,False,True,EN_AMBOS
VP_HOGAR,Departamento,la libertad,1,La Libertad,29.3,2.1,25.3,33.3,0.07,687.0,La Libertad,29.305318288941105,2.0608772967627345,25.2615828264259,33.34905375145632,0.0703243444225086,687.0,210,687,2.0226909200367604,2.0243941639119694,True,True,True,True,True,True,True,False,True,EN_AMBOS
VP_HOGAR,Departamento,lambayeque,1,Lambayeque,20.8,1.9,17.1,24.5,0.091,651.0,Lambayeque,20.767013502181804,1.893271551376972,17.052144439137503,24.4818825652261,0.09116725191025,651.0,150,651,2.0301079282503425,2.032244509317718,True,True,True,True,True,True,True,False,True,EN_AMBOS
VP_HOGAR,Departamento,lima metropolitana,1,Lima Metropolitana,32.8,2.0,28.9,36.7,0.06,796.0,Lima Metropolitana,32.77116978634055,1.9777644578110407,28.890513578852904,36.65182599382821,0.060350743373079,796.0,263,796,2.0210753903062733,2.0210753903062733,True,True,True,True,True,True,True,False,True,EN_AMBOS
VP_HOGAR,Departamento,loreto,1,Loreto,29.6,2.4,24.8,34.4,0.083,674.0,Loreto,29.56836254540337,2.442143827555811,24.77652772070881,34.360197370097936,0.0825931373036232,674.0,214,674,2.019540970441376,2.0210753903062733,True,True,True,True,True,True,True,False,True,EN_AMBOS
VP_HOGAR,Departamento,madre de dios,1,Madre de Dios,25.8,2.9,20.1,31.4,0.111,644.0,Madre de Dios,25.75952905605047,2.8684452531301394,20.13122997653416,31.38782813556678,0.1113547241833751,644.0,166,644,2.0301079282503425,2.032244509317718,True,True,True,True,True,True,True,False,True,EN_AMBOS
VP_HOGAR,Departamento,moquegua,1,Moquegua,29.4,2.1,25.3,33.4,0.07,670.0,Moquegua,29.37314526814606,2.0663095940229312,25.31875086290365,33.42753967338847,0.0703468959540998,670.0,209,670,2.0301079282503425,2.0301079282503425,True,True,True,True,True,True,True,False,True,EN_AMBOS
VP_HOGAR,Departamento,pasco,1,Pasco,28.7,1.5,25.7,31.7,0.054,990.0,Pasco,28.709461424807227,1.5369191069021595,25.693806729906203,31.725116119708247,0.053533540185959,990.0,306,990,1.999623584994939,1.999623584994939,True,True,True,True,True,True,True,False,True,EN_AMBOS
VP_HOGAR,Departamento,piura,1,Piura,27.4,2.2,23.0,31.8,0.0819999999999999,658.0,Piura,27.36686303852921,2.235138625780771,22.98120197132023,31.75252410573819,0.0816731761559214,658.0,193,658,2.026192463029109,2.0280940009804507,True,True,True,True,True,True,True,False,True,EN_AMBOS
VP_HOGAR,Departamento,puno,1,Puno,34.1,2.1,30.0,38.2,0.062,979.0,Puno,34.09287592798489,2.10102400220809,29.97036689813137,38.21538495783842,0.0616264819267851,979.0,333,979,2.000995378088267,2.000995378088267,True,True,True,True,True,True,True,False,True,EN_AMBOS
VP_HOGAR,Departamento,region lima,1,Región Lima,32.6,2.0,28.8,36.5,0.06,679.0,Región Lima,32.61365553495151,1.9672530753716144,28.753624160391634,36.47368690951139,0.0603199194663518,679.0,221,679,2.026192463029109,2.026192463029109,True,True,True,True,True,True,True,False,True,EN_AMBOS
VP_HOGAR,Departamento,san martin,1,San Martín,16.8,2.1,12.8,20.8,0.122,649.0,San Martín,16.80086949182714,2.0541099244086367,12.77041257996572,20.83132640368856,0.1222621201484761,649.0,118,649,2.0226909200367604,2.0280940009804507,True,True,True,True,True,True,True,False,True,EN_AMBOS
VP_HOGAR,Departamento,tacna,1,Tacna,25.4,2.1,21.3,29.4,0.0819999999999999,659.0,Tacna,25.358636154388464,2.0776065678392346,21.28207547378757,29.43519683498936,0.0819289552951645,659.0,179,659,2.0345152974493383,2.0345152974493383,True,True,True,True,True,True,True,False,True,EN_AMBOS
VP_HOGAR,Departamento,tumbes,1,Tumbes,31.6,3.1,25.5,37.7,0.099,677.0,Tumbes,31.585982655111,3.126301624686666,25.451732563597744,37.72023274662424,0.0989775008370934,677.0,206,677,2.0301079282503425,2.032244509317718,True,True,True,True,True,True,True,False,True,EN_AMBOS
VP_HOGAR,Departamento,ucayali,1,Ucayali,21.3,2.2,16.9,25.7,0.104,695.0,Ucayali,21.30103235178031,2.2245553379494334,16.936137206143083,25.66592749741754,0.104434156110913,695.0,160,695,2.0226909200367604,2.026192463029109,True,True,True,True,True,True,True,False,True,EN_AMBOS
VP_HOGAR,Desempeño escolar: expulsión de colegio,bin_0,1,No expulsado/a,28.42041609211929,0.66827710389347,27.10916101252514,29.73167117171344,0.0235139802924552,18493.0,0,28.420416092119083,0.6682771038934668,27.10916101252465,29.731671171713515,0.0235139802924552,18493.0,5162,18493,1.962142757779508,1.9622498268425952,True,True,True,True,True,True,True,False,True,EN_AMBOS
VP_HOGAR,Desempeño escolar: expulsión de colegio,bin_1,1,Expulsado/a,32.17318230888704,4.1557493533338725,24.01900881209791,40.32735580567618,0.1291681162725998,314.0,1,32.17318230888706,4.155749353333875,24.01900881209612,40.32735580567799,0.1291681162725998,314.0,107,314,1.971896223633908,1.9954689314298435,True,True,True,True,True,True,True,False,True,EN_AMBOS
VP_HOGAR,Desempeño escolar: repitencia de año,bin_0,1,No repitió,28.68971597546003,0.7037087305751569,27.30893898617608,30.07049296474398,0.0245282571349636,17802.0,0,28.68971597545995,0.7037087305751544,27.3089389861757,30.0704929647442,0.0245282571349635,17802.0,5007,17802,1.962142757779508,1.9622586711772017,True,True,True,True,True,True,True,False,True,EN_AMBOS
VP_HOGAR,Desempeño escolar: repitencia de año,bin_1,1,Repitió,25.41438178637286,2.122217237677801,21.25028860302945,29.57847496971628,0.0835045784515494,1005.0,1,25.414381786372903,2.122217237677806,21.250288603028565,29.57847496971724,0.0835045784515494,1005.0,262,1005,1.9646355489631269,1.9730840773359009,True,True,True,True,True,True,True,False,True,EN_AMBOS
VP_HOGAR,Discapacidad,bin_0,1,Sin discapacidad,27.46831246862489,0.738933574934919,26.01841930608654,28.91820563116325,0.0269013094917625,16778.0,0,27.468312468624905,0.7389335749349198,26.018419306086237,28.91820563116358,0.0269013094917625,16778.0,4550,16778,1.962142757779508,1.9622833497895968,True,True,True,True,True,True,True,False,True,EN_AMBOS
VP_HOGAR,Discapacidad,bin_1,1,Con discapacidad,36.31078321642324,1.7209820532763138,32.93397074431936,39.68759568852712,0.0473958945754141,2029.0,1,36.31078321642326,1.720982053276315,32.93397074431863,39.687595688527885,0.0473958945754141,2029.0,719,2029,1.9640483976635408,1.966431267062808,True,True,True,True,True,True,True,False,True,EN_AMBOS
VP_HOGAR,Etnicidad,etnicidad_1,1,Indígena andino,27.6,1.1,25.4,29.8,0.04,5249.0,1,27.626203007349535,1.1165701568683213,25.435332960497632,29.817073054201444,0.0404170691343748,5249.0,1446,5249,1.9628366422266053,1.9642016147577697,True,True,True,True,True,True,True,False,True,EN_AMBOS
VP_HOGAR,Etnicidad,etnicidad_3,1,Indígena amazónico,22.62983077824404,2.944903797863471,16.85150911891014,28.40815243757794,0.130133708321613,433.0,3,22.62983077824405,2.944903797863475,16.85150911890887,28.40815243757924,0.1301337083216131,433.0,120,433,1.978524491479245,1.9954689314298435,True,True,True,True,True,True,True,False,True,EN_AMBOS
VP_HOGAR,Etnicidad,etnicidad_5,1,Afrodescendiente,30.7,2.0,26.8,34.7,0.066,1806.0,5,30.72278347357481,2.0150558874124846,26.768956157567448,34.67661078958217,0.0655883243504179,1806.0,514,1806,1.96362596651301,1.9676960046166052,True,True,True,True,True,True,True,False,True,EN_AMBOS
VP_HOGAR,Etnicidad,etnicidad_6,1,No indígena ni afrodescendiente,29.4,1.0,27.3,31.4,0.035,8715.0,6,29.359857644194,1.0379748484745044,27.323202812502466,31.39651247588553,0.0353535381899158,8715.0,2477,8715,1.962322551204167,1.9628297018559573,True,True,True,True,True,True,True,False,True,EN_AMBOS
VP_HOGAR,Etnicidad,etnicidad_9,1,No sabe,26.0,1.6,22.9,29.1,0.061,2604.0,9,25.98386166802353,1.5933822295126416,22.857418266010733,29.11030507003633,0.0613219947777624,2604.0,712,2604,1.9629115987173988,1.9657668396636967,True,True,True,True,True,True,True,False,True,EN_AMBOS
VP_HOGAR,Exposición a discusiones entre cuidadores,bin_0,1,No es testigo,16.31313074449811,0.6153362608192152,15.10575315673283,17.52050833226339,0.0377203046096316,10229.0,0,16.313130744498203,0.6153362608192172,15.105753156732654,17.520508332263752,0.0377203046096315,10229.0,1610,10229,1.9621507915239005,1.9629790317490072,True,True,True,True,True,True,True,False,True,EN_AMBOS
VP_HOGAR,Exposición a discusiones entre cuidadores,bin_1,1,Es testigo,42.82003944094085,0.9720237084845124,40.9127901609484,44.72728872093329,0.0227002058189406,8531.0,1,42.820039440940825,0.9720237084845108,40.91279016094797,44.727288720933686,0.0227002058189405,8531.0,3651,8531,1.9621649940614452,1.9624101027053704,True,True,True,True,True,True,True,False,True,EN_AMBOS
VP_HOGAR,Lengua materna,idioma_1,1,Castellano,28.8,0.7,27.4,30.1,0.024,17498.0,1,28.77388032968797,0.687757458529611,27.42440201332525,30.123358646050686,0.0239021449540125,17498.0,4943,17498,1.9621649940614452,1.962343846216334,True,True,True,True,True,True,True,False,True,EN_AMBOS
VP_HOGAR,Lengua materna,idioma_3,1,Quechua/Aymara,23.4,2.2,19.2,27.7,0.093,958.0,3,23.448896397776046,2.188864903705185,19.15403097921318,27.74376181633892,0.0933461799896383,958.0,228,958,1.967404973747932,1.9763456545938063,True,True,True,True,True,True,True,False,True,EN_AMBOS
VP_HOGAR,Lengua materna,idioma_4,1,Otra lengua nativa,24.0,3.6,16.9,31.1,0.151,275.0,4,23.998866836557617,3.623166979452004,16.88969598760001,31.10803768551522,0.1509724189949174,275.0,80,275,2.00957523712924,2.0369333434601016,True,True,True,True,True,True,True,False,True,EN_AMBOS
VP_HOGAR,Nacional,national_single,1,Total,28.5,0.7,27.2,29.8,0.023,18807.0,Total,28.481212282665403,0.6543195160476389,27.21487246877439,29.782365615315253,0.0229737242064615,18807.0,5269,18807,1.962142757779508,1.9622454301924284,True,True,True,True,True,True,True,False,True,EN_AMBOS
VP_HOGAR,Normas sobre castigo físico,bin_0,1,No justifica,26.96270031504429,0.8262618202805879,25.34145666835138,28.58394396173719,0.0306446242633777,9805.0,0,26.96270031504435,0.826261820280591,25.341456668351075,28.583943961737628,0.0306446242633777,9805.0,2517,9805,1.9621467672596704,1.9626210668528932,True,True,True,True,True,True,True,False,True,EN_AMBOS
VP_HOGAR,Normas sobre castigo físico,bin_1,1,Justifica,30.7077498260865,0.869710559980218,29.00125354945733,32.41424610271567,0.0283221846245924,8548.0,1,30.70774982608639,0.8697105599802165,29.001253549456845,32.414246102715936,0.0283221846245924,8548.0,2605,8548,1.9621447606766775,1.962515333482994,True,True,True,True,True,True,True,False,True,EN_AMBOS
VP_HOGAR,Participación en decisiones del hogar,bin_0,1,Menor participación,51.59317628624846,1.7519341471074374,48.15563138739575,55.03072118510119,0.0339567026729927,2565.0,0,51.59317628624851,1.751934147107438,48.15563138739503,55.030721185102,0.0339567026729926,2565.0,1281,2565,1.962477488101132,1.9633155462838376,True,True,True,True,True,True,True,False,True,EN_AMBOS
VP_HOGAR,Participación en decisiones del hogar,bin_1,1,Mayor participación,30.16428269430162,0.821500689235088,28.55238106640846,31.77618432219476,0.0272342192771677,8969.0,1,30.164282694301605,0.821500689235089,28.5523810664081,31.776184322195107,0.0272342192771678,8969.0,2682,8969,1.9621447606766775,1.962523591959987,True,True,True,True,True,True,True,False,True,EN_AMBOS
VP_HOGAR,Sexo,sexo_1,1,Mujer,34.3,1.0,32.4,36.2,0.0279999999999999,9608.0,1,34.29388975052434,0.9769593050393944,32.403356409541736,36.23559647194767,0.0284878534382194,9608.0,3276,9608,1.962202376365632,1.962390089689365,True,True,True,True,True,True,True,False,True,EN_AMBOS
VP_HOGAR,Sexo,sexo_2,1,Hombre,22.4,0.8,20.9,23.9,0.035,9199.0,2,22.374649458476902,0.7756265032775471,20.889655986744405,23.93327096125165,0.0346654147461377,9199.0,1993,9199,1.9622476264013184,1.9628576665180693,True,True,True,True,True,True,True,False,True,EN_AMBOS
VP_HOGAR,Te piden o te han ordenado no ir al colegio para ayudar a tu mamá o papá u otra persona en la casa u otro lugar,bin_0,1,No dejó de ir,27.07070173925393,0.6863165616522103,25.72405066826421,28.41735281024365,0.025352743651156,17420.0,0,27.070701739253806,0.6863165616522089,25.724050668263796,28.417352810243816,0.0253527436511561,17420.0,4632,17420,1.962142757779508,1.9622901727171849,True,True,True,True,True,True,True,False,True,EN_AMBOS
VP_HOGAR,Te piden o te han ordenado no ir al colegio para ayudar a tu mamá o papá u otra persona en la casa u otro lugar,bin_1,1,Dejó de ir,46.44376395656344,2.296913523047161,41.93689172207163,50.95063619105525,0.0494558004643067,1387.0,1,46.443763956563465,2.2969135230471616,41.93689172207066,50.95063619105626,0.0494558004643066,1387.0,637,1387,1.9633345943574572,1.9655091229752475,True,True,True,True,True,True,True,False,True,EN_AMBOS
VP_HOGAR,Tipo de hogar,hogar_1,1,Nuclear biparental,28.7730395567003,0.7444302293785537,27.31236117345335,30.23371793994724,0.0258724917786866,13464.0,1,28.7730395567004,0.7444302293785544,27.31236117345313,30.233717939947663,0.0258724917786865,13464.0,3846,13464,1.962142757779508,1.9623039397119733,True,True,True,True,True,True,True,False,True,EN_AMBOS
VP_HOGAR,Tipo de hogar,hogar_2,1,Monoparental,29.9,1.2,27.5,32.4,0.0409999999999999,4397.0,2,29.93973413381183,1.2289279668431037,27.52818107067012,32.351287196953535,0.0410467227715038,4397.0,1257,4397,1.962322551204167,1.963620322372364,True,True,True,True,True,True,True,False,True,EN_AMBOS
VP_HOGAR,Tipo de hogar,hogar_3,1,Sin figuras parentales,16.2,2.1,12.0,20.4,0.132,929.0,3,16.187033258322554,2.136474258301516,11.990485478700716,20.38358103794439,0.1319867713994501,929.0,161,929,1.9642398045825584,1.9799304050824225,True,True,True,True,True,True,True,False,True,EN_AMBOS
VP_HOGAR,Área,area_1,1,Urbana,30.3,0.8,28.8,31.8,0.025,15576.0,1,30.26548481391908,0.7614355927884379,28.7714394800137,31.75953014782446,0.0251585460292462,15576.0,4494,15576,1.9630738928941311,1.9631278115521544,True,True,True,True,True,True,True,False,True,EN_AMBOS
VP_HOGAR,Área,area_2,1,Rural,21.8,1.0,19.8,23.7,0.046,3231.0,2,21.76840452106468,0.9999998050866088,19.806262145733072,23.73054689639629,0.0459381303815324,3231.0,775,3231,1.967850227366019,1.9689223241414533,True,True,True,True,True,True,True,False,True,EN_AMBOS
VP_HOGAR,Área y sexo,area_1_sexo_1,1,Urbana - Mujer,36.0,1.2,33.7,38.2,0.032,7990.0,Urbano Mujer,35.967030838635324,1.1501235391953322,33.710324265651465,38.22373741161918,0.0319771610938727,7990.0,2791,7990,1.9631967955598617,1.963296712290151,True,True,True,True,True,True,True,False,True,EN_AMBOS
VP_HOGAR,Área y sexo,area_1_sexo_2,1,Urbana - Hombre,24.1,0.9,22.4,25.9,0.038,7586.0,Urbano Hombre,24.1437946262333,0.9132159867725248,22.35193449149912,25.935654760967477,0.0378240455118962,7586.0,1703,7586,1.9632873744486168,1.9637187026107812,True,True,True,True,True,True,True,False,True,EN_AMBOS
VP_HOGAR,Área y sexo,area_2_sexo_1,1,Rural - Mujer,27.7,1.5,24.7,30.6,0.054,1618.0,Rural Mujer,27.66766797252376,1.504927630651905,24.714785121057847,30.620550823989667,0.0543930060222791,1618.0,485,1618,1.967850227366019,1.9698151341354369,True,True,True,True,True,True,True,False,True,EN_AMBOS
VP_HOGAR,Área y sexo,area_2_sexo_2,1,Rural - Hombre,16.1,1.2,13.7,18.4,0.075,1613.0,Rural Hombre,16.058064096941475,1.205481894486797,13.692736528039887,18.423391665843067,0.0750701882374726,1613.0,290,1613,1.9678765312856947,1.974534575858472,True,True,True,True,True,True,True,False,True,EN_AMBOS
VP_ICVAC_203_AISLAMIENTO,Nacional,national_single,1,ICVAC - Aislamiento de menores: encierro o restricción de interacción con pares,27.6,1.2,25.3,29.9,0.043,1492.0,Total,27.55295260339545,1.176505371973776,25.305332484466124,29.920239671842204,0.0426997929735048,1492.0,1492,5269,1.9622454301924284,1.9631880084924225,True,True,True,True,True,True,True,False,True,EN_AMBOS
VP_ICVAC_401_ATERRORIZAR,Nacional,national_single,1,"ICVAC - Aterrorizar a menores: amenazas de golpear, abandonar, matar o expulsar del hogar",37.6,1.3,35.0,40.3,0.036,2039.0,Total,37.61149004617541,1.3478529991605432,35.00506805426967,40.291674138304,0.035836203179023,2039.0,2039,5269,1.9622454301924284,1.9628159212388527,True,True,True,True,True,True,True,False,True,EN_AMBOS
VP_ICVAC_402_HOSTIGAR_HUMILLAR,Nacional,national_single,1,"ICVAC - Hostigar, desdeñar y humillar a menores: insultos, apodos ofensivos, burlas, humillación o desvalorización",91.2,0.7,89.7,92.6,0.008,4789.0,Total,91.2460652714906,0.7226641495446481,89.7202753906107,92.5641558422538,0.0079199486289568,4789.0,4789,5269,1.9622454301924284,1.962278823363675,True,True,True,True,True,True,True,False,True,EN_AMBOS
VP_ICVAC_409_OTROS,Nacional,national_single,1,ICVAC - Otros actos de violencia psicológica no clasificados en otros grupos,1.9,0.6,1.0,3.7,0.341,65.0,Total,1.8995517243341251,0.6470609346784477,0.9701425723233004,3.686203906082184,0.3406387551280134,65.0,65,5269,1.9622454301924284,2.0226909200367604,True,True,True,True,True,True,True,False,True,EN_AMBOS
VP_VF_E,Departamento,amazonas,1,Amazonas,8.7,1.3,6.1,11.2,0.152,907.0,Amazonas,8.668346375133277,1.3142230495455476,6.08965313636058,11.247039613905972,0.1516117368493297,907.0,89,907,2.000995378088267,2.015367574443764,True,True,True,True,True,True,True,False,True,EN_AMBOS
VP_VF_E,Departamento,ancash,1,Áncash,10.1,1.8,6.5,13.7,0.18,705.0,Áncash,10.090134752430409,1.815303663148651,6.528249816612671,13.652019688248146,0.1799087631323654,705.0,69,705,2.016692199227824,2.0452296421327034,True,True,True,True,True,True,True,False,True,EN_AMBOS
VP_VF_E,Departamento,apurimac,1,Apurímac,13.8,1.5,10.8,16.8,0.1119999999999999,698.0,Apurímac,13.811762092036004,1.5427789362680446,10.78460957538289,16.838914608689123,0.1117003700170614,698.0,102,698,2.016692199227824,2.019540970441376,True,True,True,True,True,True,True,False,True,EN_AMBOS
VP_VF_E,Departamento,arequipa,1,Arequipa,11.8,1.6,8.7,14.8,0.133,760.0,Arequipa,11.758207302200068,1.559334525723372,8.698570355596411,14.817844248803729,0.1326166894022702,760.0,86,760,2.0226909200367604,2.0369333434601016,True,True,True,True,True,True,True,False,True,EN_AMBOS
VP_VF_E,Departamento,ayacucho,1,Ayacucho,10.1,1.6,6.9,13.3,0.16,650.0,Ayacucho,10.124440208919069,1.6221153050764483,6.941618410780018,13.307262007058116,0.1602177771416394,650.0,66,650,2.0210753903062733,2.0452296421327034,True,True,True,True,True,True,True,False,True,EN_AMBOS
VP_VF_E,Departamento,cajamarca,1,Cajamarca,8.6,1.5,5.7,11.5,0.1689999999999999,783.0,Cajamarca,8.602308690837035,1.453755275912354,5.74983330462186,11.45478407705221,0.1689959437820289,783.0,63,783,2.004044783289145,2.0301079282503425,True,True,True,True,True,True,True,False,True,EN_AMBOS
VP_VF_E,Departamento,callao,1,Callao,7.9,1.3,5.4,10.5,0.165,610.0,Callao,7.92936460206646,1.3057326515054428,5.367330736318822,10.4913984678141,0.1646705274676305,610.0,46,610,2.0422724563012378,2.068657610419048,True,True,True,True,True,True,True,False,True,EN_AMBOS
VP_VF_E,Departamento,cusco,1,Cusco,9.7,1.5,6.9,12.6,0.149,716.0,Cusco,9.718913134932675,1.4519567572297654,6.869966699125274,12.56785957074008,0.1493949721611359,716.0,69,716,2.016692199227824,2.0422724563012378,True,True,True,True,True,True,True,False,True,EN_AMBOS
VP_VF_E,Departamento,huancavelica,1,Huancavelica,6.0,1.4,3.4,8.7,0.225,771.0,Huancavelica,6.041986325592796,1.3609429094509018,3.371622052062336,8.712350599123257,0.225247598407528,771.0,43,771,2.0057459953178687,2.07961384472768,True,True,True,True,True,True,True,False,True,EN_AMBOS
VP_VF_E,Departamento,huanuco,1,Huánuco,7.8,1.4,5.1,10.5,0.176,687.0,Huánuco,7.804422753919056,1.3765368805434324,5.103460882944365,10.505384624893749,0.1763790768320684,687.0,63,687,2.016692199227824,2.0369333434601016,True,True,True,True,True,True,True,False,True,EN_AMBOS
VP_VF_E,Departamento,ica,1,Ica,7.9,1.3,5.3,10.5,0.1689999999999999,716.0,Ica,7.889708082927798,1.33696312854728,5.266395562830518,10.513020603025076,0.1694566027658586,716.0,55,716,2.026192463029109,2.0452296421327034,True,True,True,True,True,True,True,False,True,EN_AMBOS
VP_VF_E,Departamento,junin,1,Junín,17.0,2.3,12.5,21.5,0.135,696.0,Junín,16.984616152334947,2.2864551807843063,12.498264678371584,21.47096762629831,0.1346191848127211,696.0,109,696,2.0226909200367604,2.0345152974493383,True,True,True,True,True,True,True,False,True,EN_AMBOS
VP_VF_E,Departamento,la libertad,1,La Libertad,12.3,1.7,9.0,15.6,0.136,687.0,La Libertad,12.3397035011603,1.6830480507925,9.037322957302878,15.64208404501772,0.1363929085195801,687.0,97,687,2.0226909200367604,2.0369333434601016,True,True,True,True,True,True,True,False,True,EN_AMBOS
VP_VF_E,Departamento,lambayeque,1,Lambayeque,6.6,1.2,4.3,8.9,0.177,651.0,Lambayeque,6.570209993251798,1.1645448569199333,4.285206736136978,8.855213250366619,0.1772462155876336,651.0,45,651,2.0301079282503425,2.063898561628025,True,True,True,True,True,True,True,False,True,EN_AMBOS
VP_VF_E,Departamento,lima metropolitana,1,Lima Metropolitana,10.2,1.1,8.1,12.3,0.105,796.0,Lima Metropolitana,10.209490487948766,1.0762976679056886,8.097640813652646,12.321340162244889,0.105421291020952,796.0,84,796,2.0210753903062733,2.0280940009804507,True,True,True,True,True,True,True,False,True,EN_AMBOS
VP_VF_E,Departamento,loreto,1,Loreto,12.1,1.3,9.5,14.7,0.11,674.0,Loreto,12.092558827144108,1.3273844908884558,9.488040961558486,14.69707669272973,0.109768702378266,674.0,78,674,2.019540970441376,2.0301079282503425,True,True,True,True,True,True,True,False,True,EN_AMBOS
VP_VF_E,Departamento,madre de dios,1,Madre de Dios,11.6,1.6,8.5,14.7,0.136,644.0,Madre de Dios,11.634827852908431,1.5849681484529614,8.524894079110258,14.744761626706609,0.1362261795783043,644.0,77,644,2.0301079282503425,2.0422724563012378,True,True,True,True,True,True,True,False,True,EN_AMBOS
VP_VF_E,Departamento,moquegua,1,Moquegua,7.0,1.0,5.0,9.1,0.149,670.0,Moquegua,7.013892773660683,1.042984449321918,4.967408389947034,9.060377157374331,0.1487026510069621,670.0,54,670,2.0301079282503425,2.0452296421327034,True,True,True,True,True,True,True,False,True,EN_AMBOS
VP_VF_E,Departamento,pasco,1,Pasco,10.4,1.4,7.7,13.1,0.133,990.0,Pasco,10.38771794768155,1.3864839243548723,7.6672385567309265,13.108197338632174,0.1334733895681412,990.0,124,990,1.999623584994939,2.011740513729765,True,True,True,True,True,True,True,False,True,EN_AMBOS
VP_VF_E,Departamento,piura,1,Piura,9.6,2.0,5.7,13.5,0.206,658.0,Piura,9.58843609928932,1.978043052457144,5.707233249334464,13.469638949244176,0.2062946482590371,658.0,56,658,2.026192463029109,2.063898561628025,True,True,True,True,True,True,True,False,True,EN_AMBOS
VP_VF_E,Departamento,puno,1,Puno,13.2,1.2,10.8,15.6,0.094,979.0,Puno,13.178858568978104,1.233748035036102,10.75806879710732,15.59964834084889,0.0936156973366599,979.0,142,979,2.000995378088267,2.010634757624232,True,True,True,True,True,True,True,False,True,EN_AMBOS
VP_VF_E,Departamento,region lima,1,Región Lima,10.6,1.6,7.4,13.9,0.154,679.0,Región Lima,10.644434453533282,1.6416931574668157,7.423198114113597,13.865670792952969,0.1542301908695465,679.0,69,679,2.026192463029109,2.039513446396408,True,True,True,True,True,True,True,False,True,EN_AMBOS
VP_VF_E,Departamento,san martin,1,San Martín,5.3,0.8,3.7,6.8,0.152,649.0,San Martín,5.255263775458908,0.7970225968905906,3.69139165918342,6.819135891734396,0.1516617682660452,649.0,34,649,2.0226909200367604,2.068657610419048,True,True,True,True,True,True,True,False,True,EN_AMBOS
VP_VF_E,Departamento,tacna,1,Tacna,8.7,1.0,6.6,10.7,0.12,659.0,Tacna,8.688623909532458,1.0405129181617845,6.646989022785291,10.730258796279626,0.1197557782447249,659.0,60,659,2.0345152974493383,2.0452296421327034,True,True,True,True,True,True,True,False,True,EN_AMBOS
VP_VF_E,Departamento,tumbes,1,Tumbes,9.3,1.3,6.7,11.9,0.143,677.0,Tumbes,9.260645594544812,1.3288655366518551,6.653221705740596,11.868069483349029,0.1434959931340697,677.0,65,677,2.0301079282503425,2.0452296421327034,True,True,True,True,True,True,True,False,True,EN_AMBOS
VP_VF_E,Departamento,ucayali,1,Ucayali,8.6,1.5,5.7,11.4,0.172,695.0,Ucayali,8.55960561309274,1.468802828546516,5.677604780454139,11.441606445731344,0.1715970215146175,695.0,64,695,2.0226909200367604,2.0484071417952445,True,True,True,True,True,True,True,False,True,EN_AMBOS
VP_VF_E,Discapacidad,bin_0,1,No,9.3,0.4,8.5,10.2,0.048,16778.0,0,9.337892260810786,0.4479466757351168,8.458956935145723,10.216827586475851,0.0479708550092248,16778.0,1606,16778,1.962142757779508,1.9631576263846908,True,True,True,True,True,True,True,False,True,EN_AMBOS
VP_VF_E,Discapacidad,bin_1,1,Sí,16.4,1.4,13.6,19.2,0.088,2029.0,1,16.40840625671519,1.4412756456401146,13.580417686658452,19.236394826771924,0.0878376377992389,2029.0,303,2029,1.9640483976635408,1.9716034992645104,True,True,True,True,True,True,True,False,True,EN_AMBOS
VP_VF_E,Etnicidad,etnicidad_1,1,Indígena andino,9.9,0.7,8.5,11.2,0.07,5249.0,1,9.87758450900242,0.6896602624102135,8.524372619785906,11.230796398218937,0.0698207402611091,5249.0,526,5249,1.9628366422266053,1.967523531690583,True,True,True,True,True,True,True,False,True,EN_AMBOS
VP_VF_E,Etnicidad,etnicidad_3,1,Indígena amazónico/nativo,10.3,2.2,6.1,14.6,0.21,433.0,3,10.329719944118276,2.1723106461450925,6.067336342137359,14.592103546099194,0.2102971482186215,433.0,45,433,1.978524491479245,2.0555294386428726,True,True,True,True,True,True,True,False,True,EN_AMBOS
VP_VF_E,Etnicidad,etnicidad_5,1,Afrodescendiente,12.9,2.0,9.1,16.8,0.153,1806.0,5,12.939455948626067,1.973270737953632,9.067617061012124,16.811294836240013,0.1525002863944335,1806.0,218,1806,1.96362596651301,1.9751891630765868,True,True,True,True,True,True,True,False,True,EN_AMBOS
VP_VF_E,Etnicidad,etnicidad_6,1,No indígena ni afrodescendiente,9.5,0.5,8.5,10.6,0.055,8715.0,6,9.53483088230342,0.527472439374209,8.499854655457026,10.569807109149815,0.0553205867922832,8715.0,842,8715,1.962322551204167,1.9646172223304037,True,True,True,True,True,True,True,False,True,EN_AMBOS
VP_VF_E,Etnicidad,etnicidad_9,1,No sabe,10.7,1.1,8.5,12.8,0.103,2604.0,9,10.684088801676646,1.1007544350298155,8.52425145888922,12.843926144464074,0.1030274509565172,2604.0,278,2604,1.9629115987173988,1.9721412216620404,True,True,True,True,True,True,True,False,True,EN_AMBOS
VP_VF_E,Lengua materna,idioma_1,1,Castellano,10.2,0.4,9.4,11.0,0.04,17498.0,1,10.170885484432874,0.411680673702227,9.36310923201026,10.97866173685549,0.0404763847093085,17498.0,1775,17498,1.9621649940614452,1.963006096420356,True,True,True,True,True,True,True,False,True,EN_AMBOS
VP_VF_E,Lengua materna,idioma_3,1,Quechua/Aymara,9.6,1.2,7.2,12.0,0.128,958.0,3,9.564599139356408,1.228795732350937,7.153526492333649,11.975671786379165,0.1284733123100464,958.0,99,958,1.967404973747932,1.997137908392004,True,True,True,True,True,True,True,False,True,EN_AMBOS
VP_VF_E,Lengua materna,idioma_4,1,Otra lengua nativa,7.0,1.9,3.4,10.7,0.263,275.0,4,7.024403531218422,1.850064197466231,3.3943134647329,10.654493597703944,0.263376696575592,275.0,26,275,2.00957523712924,2.144786687917804,True,True,True,True,True,True,True,False,True,EN_AMBOS
VP_VF_E,Nacional,national_single,1,Total,10.1,0.4,9.4,10.9,0.039,18807.0,Total,10.147815472986014,0.3930536991997297,9.37658800368282,10.91904294228921,0.0387328386336998,18807.0,1909,18807,1.962142757779508,1.9628471160446777,True,True,True,True,True,True,True,False,True,EN_AMBOS
VP_VF_E,Sexo,sexo_1,1,Mujer,8.6,0.4,7.8,9.5,0.052,9608.0,1,8.624706005652158,0.4444965401905246,7.75162854238183,9.497783468922483,0.0515375874724571,9608.0,888,9608,1.962202376365632,1.9641940585096571,True,True,True,True,True,True,True,False,True,EN_AMBOS
VP_VF_E,Sexo,sexo_2,1,Hombre,11.7,0.7,10.4,13.1,0.057,9199.0,2,11.747932407362637,0.6729797665450623,10.426218665825884,13.069646148899386,0.0572849539143836,9199.0,1021,9199,1.9622476264013184,1.9639724806618672,True,True,True,True,True,True,True,False,True,EN_AMBOS
VP_VF_E,Tipo de hogar,hogar_1,1,Biparental,9.6,0.5,8.7,10.5,0.047,13464.0,1,9.630435607142356,0.4534565306709435,8.740689159518544,10.52018205476617,0.0470857756771293,13464.0,1340,13464,1.962142757779508,1.963339390254202,True,True,True,True,True,True,True,False,True,EN_AMBOS
VP_VF_E,Tipo de hogar,hogar_2,1,Monoparental,11.0,0.9,9.3,12.7,0.079,4397.0,2,11.028964419391125,0.8676507482472239,9.326509787435864,12.731419051346386,0.0786701919830043,4397.0,458,4397,1.962322551204167,1.967007310667243,True,True,True,True,True,True,True,False,True,EN_AMBOS
VP_VF_E,Tipo de hogar,hogar_3,1,Sin figuras parentales,13.9,2.1,9.7,18.0,0.154,929.0,3,13.85066081651958,2.132496976244787,9.666397318594171,18.03492431444499,0.1539635548436341,929.0,109,929,1.9642398045825584,1.9912543953883843,True,True,True,True,True,True,True,False,True,EN_AMBOS
VP_VF_E,Área,area_1,1,Urbana,10.4,0.5,9.5,11.3,0.045,15576.0,1,10.429573930086528,0.4650866077404693,9.516269114760249,11.342878745412808,0.0445930592043476,15576.0,1608,15576,1.9630738928941311,1.963730625922319,True,True,True,True,True,True,True,False,True,EN_AMBOS
VP_VF_E,Área,area_2,1,Rural,9.1,0.7,7.7,10.4,0.075,3231.0,2,9.087781019397228,0.6833737737168532,7.738732546962064,10.436829491832391,0.0751969894805167,3231.0,301,3231,1.967850227366019,1.9741004473989736,True,True,True,True,True,True,True,False,True,EN_AMBOS
VP_VF_E,Área y sexo,area_1_sexo_1,1,Urbano Mujer,8.5,0.5,7.5,9.5,0.059,7990.0,Urbano Mujer,8.522272471069197,0.5024092887406342,7.536473723725607,9.508071218412786,0.0589525024512156,7990.0,744,7990,1.9631967955598617,1.965333410275514,True,True,True,True,True,True,True,False,True,EN_AMBOS
VP_VF_E,Área y sexo,area_1_sexo_2,1,Urbano Hombre,12.5,0.8,10.9,14.1,0.065,7586.0,Urbano Hombre,12.477423509132288,0.8171147251393923,10.874127768925035,14.08071924933954,0.0654874561676408,7586.0,864,7586,1.9632873744486168,1.965045851837141,True,True,True,True,True,True,True,False,True,EN_AMBOS
VP_VF_E,Área y sexo,area_2_sexo_1,1,Rural Mujer,9.0,1.0,7.1,10.9,0.108,1618.0,Rural Mujer,9.030378499427034,0.9728315319408626,7.121544154489726,10.93921284436434,0.1077287659650797,1618.0,144,1618,1.967850227366019,1.9847231860139845,True,True,True,True,True,True,True,False,True,EN_AMBOS
VP_VF_E,Área y sexo,area_2_sexo_2,1,Rural Hombre,9.1,0.9,7.3,11.0,0.104,1613.0,Rural Hombre,9.143345232273884,0.9479573229760349,7.283317636312407,11.00337282823536,0.1036772974107951,1613.0,157,1613,1.9678765312856947,1.9832641447734567,True,True,True,True,True,True,True,False,True,EN_AMBOS
VP_VF_HOGAR,Departamento,amazonas,1,Amazonas,12.5,2.2,8.1,16.9,0.178,907.0,Amazonas,12.519200548481466,2.229765715798606,8.14408189768219,16.89431919928074,0.1781076760583621,907.0,106,907,2.000995378088267,2.011740513729765,True,True,True,True,True,True,True,False,True,EN_AMBOS
VP_VF_HOGAR,Departamento,ancash,1,Áncash,11.4,1.5,8.5,14.3,0.131,705.0,Áncash,11.418313677901091,1.494018117048191,8.486836849543607,14.34979050625858,0.1308440247126597,705.0,81,705,2.016692199227824,2.0452296421327034,True,True,True,True,True,True,True,False,True,EN_AMBOS
VP_VF_HOGAR,Departamento,apurimac,1,Apurímac,14.7,2.0,10.8,18.7,0.136,698.0,Apurímac,14.736990113706456,2.001788191922828,10.809195910316545,18.66478431709637,0.1358342630671253,698.0,112,698,2.016692199227824,2.026192463029109,True,True,True,True,True,True,True,False,True,EN_AMBOS
VP_VF_HOGAR,Departamento,arequipa,1,Arequipa,12.1,1.5,9.1,15.1,0.127,760.0,Arequipa,12.10236002423922,1.536383787159591,9.087755703094176,15.116964345384265,0.126949106131568,760.0,94,760,2.0226909200367604,2.0369333434601016,True,True,True,True,True,True,True,False,True,EN_AMBOS
VP_VF_HOGAR,Departamento,ayacucho,1,Ayacucho,9.5,1.5,6.6,12.4,0.157,650.0,Ayacucho,9.493117156512662,1.49286985509793,6.563893382024916,12.42234093100041,0.1572581303364365,650.0,69,650,2.0210753903062733,2.0422724563012378,True,True,True,True,True,True,True,False,True,EN_AMBOS
VP_VF_HOGAR,Departamento,cajamarca,1,Cajamarca,8.5,1.4,5.8,11.1,0.159,783.0,Cajamarca,8.485183242297465,1.3503801663508068,5.835544578643144,11.134821905951789,0.1591456693144054,783.0,67,783,2.004044783289145,2.032244509317718,True,True,True,True,True,True,True,False,True,EN_AMBOS
VP_VF_HOGAR,Departamento,callao,1,Callao,11.4,1.8,7.8,15.0,0.162,610.0,Callao,11.399800616250344,1.8468738178439124,7.7759705300353215,15.023630702465368,0.1620093087602958,610.0,66,610,2.0422724563012378,2.068657610419048,True,True,True,True,True,True,True,False,True,EN_AMBOS
VP_VF_HOGAR,Departamento,cusco,1,Cusco,11.3,1.4,8.6,13.9,0.12,716.0,Cusco,11.2846171289147,1.3526367623270954,8.630550701808268,13.93868355602113,0.1198655432324078,716.0,84,716,2.016692199227824,2.0280940009804507,True,True,True,True,True,True,True,False,True,EN_AMBOS
VP_VF_HOGAR,Departamento,huancavelica,1,Huancavelica,8.2,1.6,5.0,11.4,0.1989999999999999,771.0,Huancavelica,8.18018105007139,1.63151002401454,4.97892547220659,11.381436627936193,0.1994466887747309,771.0,68,771,2.0057459953178687,2.0422724563012378,True,True,True,True,True,True,True,False,True,EN_AMBOS
VP_VF_HOGAR,Departamento,huanuco,1,Huánuco,9.7,1.6,6.6,12.9,0.163,687.0,Huánuco,9.747561171244946,1.5919992873927085,6.623831299097207,12.871291043392684,0.163322831159969,687.0,67,687,2.016692199227824,2.0422724563012378,True,True,True,True,True,True,True,False,True,EN_AMBOS
VP_VF_HOGAR,Departamento,ica,1,Ica,7.8,1.1,5.7,9.9,0.138,716.0,Ica,7.81274384959066,1.0778148969330137,5.697917155346681,9.92757054383464,0.1379560008215915,716.0,57,716,2.026192463029109,2.0422724563012378,True,True,True,True,True,True,True,False,True,EN_AMBOS
VP_VF_HOGAR,Departamento,junin,1,Junín,14.2,1.5,11.2,17.1,0.105,696.0,Junín,14.156578418862404,1.4828132083018328,11.247087221053164,17.06606961667164,0.1047437568901616,696.0,91,696,2.0226909200367604,2.0301079282503425,True,True,True,True,True,True,True,False,True,EN_AMBOS
VP_VF_HOGAR,Departamento,la libertad,1,La Libertad,13.0,1.5,10.0,16.0,0.1169999999999999,687.0,La Libertad,13.006074007198364,1.5160769248718085,10.031314648824516,15.980833365572208,0.1165668382351752,687.0,90,687,2.0226909200367604,2.0369333434601016,True,True,True,True,True,True,True,False,True,EN_AMBOS
VP_VF_HOGAR,Departamento,lambayeque,1,Lambayeque,9.4,1.3,6.9,11.9,0.136,651.0,Lambayeque,9.42531540464005,1.2784469121725266,6.916820054715153,11.93381075456495,0.1356396955738109,651.0,66,651,2.0301079282503425,2.0452296421327034,True,True,True,True,True,True,True,False,True,EN_AMBOS
VP_VF_HOGAR,Departamento,lima metropolitana,1,Lima Metropolitana,12.4,1.5,9.4,15.4,0.124,796.0,Lima Metropolitana,12.422009035457094,1.5393659668098942,9.401553252108808,15.44246481880538,0.1239224639441143,796.0,106,796,2.0210753903062733,2.0243941639119694,True,True,True,True,True,True,True,False,True,EN_AMBOS
VP_VF_HOGAR,Departamento,loreto,1,Loreto,17.7,1.9,14.0,21.4,0.108,674.0,Loreto,17.708926694869195,1.9057461552726824,13.96958067813476,21.44827271160363,0.107615000508463,674.0,116,674,2.019540970441376,2.026192463029109,True,True,True,True,True,True,True,False,True,EN_AMBOS
VP_VF_HOGAR,Departamento,madre de dios,1,Madre de Dios,10.3,1.5,7.4,13.2,0.144,644.0,Madre de Dios,10.31499243962687,1.482207309492383,7.4066901017785405,13.2232947774752,0.1436944639724816,644.0,68,644,2.0301079282503425,2.0422724563012378,True,True,True,True,True,True,True,False,True,EN_AMBOS
VP_VF_HOGAR,Departamento,moquegua,1,Moquegua,11.4,2.2,7.0,15.7,0.195,670.0,Moquegua,11.353623477826558,2.2134017447257373,7.010613274356425,15.69663368129669,0.1949511315967519,670.0,80,670,2.0301079282503425,2.0369333434601016,True,True,True,True,True,True,True,False,True,EN_AMBOS
VP_VF_HOGAR,Departamento,pasco,1,Pasco,12.6,1.4,9.9,15.3,0.109,990.0,Pasco,12.636301103954729,1.3825548532975185,9.923531111324092,15.349071096585366,0.1094113571624869,990.0,126,990,1.999623584994939,2.00957523712924,True,True,True,True,True,True,True,False,True,EN_AMBOS
VP_VF_HOGAR,Departamento,piura,1,Piura,10.2,1.5,7.3,13.0,0.144,658.0,Piura,10.177722566045311,1.46236462524534,7.308354407387223,13.047090724703397,0.1436828932755593,658.0,76,658,2.026192463029109,2.0555294386428726,True,True,True,True,True,True,True,False,True,EN_AMBOS
VP_VF_HOGAR,Departamento,puno,1,Puno,15.6,2.3,11.1,20.1,0.146,979.0,Puno,15.627280216756091,2.284128069472843,11.145494867399066,20.10906556611312,0.1461628663331783,979.0,150,979,2.000995378088267,2.004879288188057,True,True,True,True,True,True,True,False,True,EN_AMBOS
VP_VF_HOGAR,Departamento,region lima,1,Región Lima,12.2,1.5,9.3,15.2,0.121,679.0,Región Lima,12.249794440589277,1.4840632347740224,9.337850512390595,15.161738368787953,0.1211500521067218,679.0,87,679,2.026192463029109,2.0369333434601016,True,True,True,True,True,True,True,False,True,EN_AMBOS
VP_VF_HOGAR,Departamento,san martin,1,San Martín,7.0,1.4,4.2,9.8,0.201,649.0,San Martín,6.99052574939839,1.4085581051581226,4.226733664450754,9.754317834346027,0.2014953031650508,649.0,49,649,2.0226909200367604,2.0595385527532977,True,True,True,True,True,True,True,False,True,EN_AMBOS
VP_VF_HOGAR,Departamento,tacna,1,Tacna,8.9,1.3,6.5,11.4,0.14,659.0,Tacna,8.925019741342167,1.2516571804805676,6.469089669439504,11.38094981324483,0.1402413906921331,659.0,72,659,2.0345152974493383,2.051830516480285,True,True,True,True,True,True,True,False,True,EN_AMBOS
VP_VF_HOGAR,Departamento,tumbes,1,Tumbes,16.0,2.1,11.9,20.2,0.131,677.0,Tumbes,16.04786626800925,2.10440780309215,11.918717737757303,20.1770147982612,0.1311331841845665,677.0,98,677,2.0301079282503425,2.0345152974493383,True,True,True,True,True,True,True,False,True,EN_AMBOS
VP_VF_HOGAR,Departamento,ucayali,1,Ucayali,8.9,1.2,6.5,11.3,0.1369999999999999,695.0,Ucayali,8.884617501664295,1.2146459345951304,6.501308777832136,11.267926225496453,0.1367133626594053,695.0,68,695,2.0226909200367604,2.0452296421327034,True,True,True,True,True,True,True,False,True,EN_AMBOS
VP_VF_HOGAR,Discapacidad,bin_0,1,No,11.0,0.5,10.1,12.0,0.045,16778.0,0,11.040908604928145,0.491759160710677,10.076006929167962,12.00581028068833,0.0445397365658093,16778.0,1893,16778,1.962142757779508,1.9629226273038616,True,True,True,True,True,True,True,False,True,EN_AMBOS
VP_VF_HOGAR,Discapacidad,bin_1,1,Sí,16.6,1.9,13.0,20.3,0.113,2029.0,1,16.64445576262415,1.876941055529001,12.961629463738896,20.327282061509404,0.1127667424094306,2029.0,321,2029,1.9640483976635408,1.9713247932433295,True,True,True,True,True,True,True,False,True,EN_AMBOS
VP_VF_HOGAR,Etnicidad,etnicidad_1,1,Indígena andino,11.4,0.8,9.9,12.9,0.069,5249.0,1,11.402389129038912,0.7817953676643371,9.86785253466433,12.936925723413497,0.0685641718430138,5249.0,637,5249,1.9628366422266053,1.966484596376788,True,True,True,True,True,True,True,False,True,EN_AMBOS
VP_VF_HOGAR,Etnicidad,etnicidad_3,1,Indígena amazónico/nativo,13.9,2.5,9.0,18.8,0.179,433.0,3,13.900251293146246,2.485372776652747,8.98288038408301,18.81762220220948,0.1788005644098105,433.0,63,433,1.978524491479245,2.0180817028184443,True,True,True,True,True,True,True,False,True,EN_AMBOS
VP_VF_HOGAR,Etnicidad,etnicidad_5,1,Afrodescendiente,11.5,1.3,9.0,14.0,0.111,1806.0,5,11.494012164581369,1.2752491834909936,8.98989975410394,13.998124575058796,0.1109490024223791,1806.0,205,1806,1.96362596651301,1.977825758087115,True,True,True,True,True,True,True,False,True,EN_AMBOS
VP_VF_HOGAR,Etnicidad,etnicidad_6,1,No indígena ni afrodescendiente,12.1,0.7,10.7,13.5,0.06,8715.0,6,12.089552205901963,0.7193613565572925,10.677933193464764,13.50117121833916,0.0595027296549585,8715.0,1048,8715,1.962322551204167,1.9641199521774604,True,True,True,True,True,True,True,False,True,EN_AMBOS
VP_VF_HOGAR,Etnicidad,etnicidad_9,1,No sabe,10.5,1.0,8.5,12.5,0.098,2604.0,9,10.486680295913692,1.026335504865324,8.47207442923807,12.501286162589317,0.0978703913826049,2604.0,261,2604,1.9629115987173988,1.9723964913155796,True,True,True,True,True,True,True,False,True,EN_AMBOS
VP_VF_HOGAR,Lengua materna,idioma_1,1,Castellano,11.7,0.5,10.7,12.7,0.043,17498.0,1,11.734560998679983,0.5062962036698903,10.741135569357848,12.727986428002117,0.0431457302686349,17498.0,2073,17498,1.9621649940614452,1.9628612005226764,True,True,True,True,True,True,True,False,True,EN_AMBOS
VP_VF_HOGAR,Lengua materna,idioma_3,1,Quechua/Aymara,9.8,1.4,7.0,12.7,0.147,958.0,3,9.83054420031294,1.4410244748249046,7.0030484632522345,12.658039937373648,0.1465864397190779,958.0,95,958,1.967404973747932,1.9954689314298435,True,True,True,True,True,True,True,False,True,EN_AMBOS
VP_VF_HOGAR,Lengua materna,idioma_4,1,Otra lengua nativa,13.3,3.0,7.5,19.2,0.223,275.0,4,13.329123576489655,2.969700529675854,7.502147189412211,19.1560999635671,0.2227978840944882,275.0,39,275,2.00957523712924,2.07961384472768,True,True,True,True,True,True,True,False,True,EN_AMBOS
VP_VF_HOGAR,Nacional,national_single,1,Total,11.7,0.5,10.7,12.6,0.0409999999999999,18807.0,Total,11.682791630146031,0.4800654411291813,10.740834701574183,12.62474855871788,0.041091671950258,18807.0,2214,18807,1.962142757779508,1.96270392699674,True,True,True,True,True,True,True,False,True,EN_AMBOS
VP_VF_HOGAR,Sexo,sexo_1,1,Mujer,14.7,0.7,13.2,16.1,0.05,9608.0,1,14.651528922699368,0.7358729772852219,13.207641089673524,16.095416755725207,0.0502249957098433,9608.0,1456,9608,1.962202376365632,1.963241459296616,True,True,True,True,True,True,True,False,True,EN_AMBOS
VP_VF_HOGAR,Sexo,sexo_2,1,Hombre,8.6,0.5,7.6,9.5,0.059,9199.0,2,8.5639568271261,0.5013905599802988,7.580156971041744,9.547756683210457,0.0585466006078122,9199.0,758,9199,1.9622476264013184,1.964767991998229,True,True,True,True,True,True,True,False,True,EN_AMBOS
VP_VF_HOGAR,Tipo de hogar,hogar_1,1,Biparental,12.1,0.5,11.0,13.1,0.045,13464.0,1,12.053299463377115,0.5367530613832228,11.000113331268048,13.106485595486186,0.0445316291206486,13464.0,1656,13464,1.962142757779508,1.962986715247151,True,True,True,True,True,True,True,False,True,EN_AMBOS
VP_VF_HOGAR,Tipo de hogar,hogar_2,1,Monoparental,11.6,0.9,9.8,13.4,0.079,4397.0,2,11.6282849238844,0.9193353450542664,9.82425244416535,13.43231740360345,0.0790602699428149,4397.0,511,4397,1.962322551204167,1.966575460260627,True,True,True,True,True,True,True,False,True,EN_AMBOS
VP_VF_HOGAR,Tipo de hogar,hogar_3,1,Sin figuras parentales,6.1,1.7,2.8,9.3,0.273,929.0,3,6.051464982565997,1.6502280028731566,2.810021452685761,9.292908512446232,0.2726989262314812,929.0,46,929,1.9642398045825584,2.068657610419048,True,True,True,True,True,True,True,False,True,EN_AMBOS
VP_VF_HOGAR,Área,area_1,1,Urbana,12.3,0.6,11.1,13.4,0.047,15576.0,1,12.266546220985685,0.5756625579096146,11.136229513906857,13.396862928064516,0.0469294736708175,15576.0,1892,15576,1.9630738928941311,1.9635056884423965,True,True,True,True,True,True,True,False,True,EN_AMBOS
VP_VF_HOGAR,Área,area_2,1,Rural,9.5,0.7,8.1,10.9,0.075,3231.0,2,9.486584335789964,0.7110432326421141,8.083147583913114,10.890021087666812,0.0749525021307792,3231.0,322,3231,1.967850227366019,1.9737713368875196,True,True,True,True,True,True,True,False,True,EN_AMBOS
VP_VF_HOGAR,Área y sexo,area_1_sexo_1,1,Urbana - Mujer,15.1,0.9,13.3,16.8,0.0579999999999999,7990.0,Urbano Mujer,15.05633911788498,0.8777383209153735,13.33228409060823,16.78039414516173,0.058296928226911,7990.0,1234,7990,1.9631967955598617,1.9642016147577697,True,True,True,True,True,True,True,False,True,EN_AMBOS
VP_VF_HOGAR,Área y sexo,area_1_sexo_2,1,Urbana - Hombre,9.3,0.6,8.1,10.4,0.064,7586.0,Urbano Hombre,9.27117483775216,0.5945050382000432,8.102516547645516,10.439833127858805,0.0641240240426944,7586.0,658,7586,1.9632873744486168,1.9657668396636967,True,True,True,True,True,True,True,False,True,EN_AMBOS
VP_VF_HOGAR,Área y sexo,area_2_sexo_1,1,Rural - Mujer,13.0,1.1,10.8,15.3,0.086,1618.0,Rural Mujer,13.048339478392537,1.1281025058697869,10.818158112131352,15.278520844653714,0.0864556373428108,1618.0,222,1618,1.967850227366019,1.976931488634245,True,True,True,True,True,True,True,False,True,EN_AMBOS
VP_VF_HOGAR,Área y sexo,area_2_sexo_2,1,Rural - Hombre,6.0,0.8,4.4,7.7,0.1369999999999999,1613.0,Rural Hombre,6.038893867482137,0.8279072739425358,4.383930808126257,7.693856926838016,0.137095847701613,1613.0,100,1613,1.9678765312856947,1.9989715170333784,True,True,True,True,True,True,True,False,True,EN_AMBOS
VP_VF_VS_E,Departamento,amazonas,1,Amazonas,2.6,0.7,1.3,3.9,0.252,907.0,Amazonas,2.6171563008321788,0.6597531608242749,1.3226264143986886,3.9116861872656687,0.2520877949148443,907.0,29,907,2.000995378088267,2.073873067904026,True,True,True,True,True,True,True,False,True,EN_AMBOS
VP_VF_VS_E,Departamento,ancash,1,Áncash,4.5,1.3,2.0,7.0,0.286,705.0,Áncash,4.472159412395458,1.277424627882806,1.9656699301860272,6.978648894604889,0.2856393321629313,705.0,30,705,2.016692199227824,2.1009220402410382,True,True,True,True,True,True,True,False,True,EN_AMBOS
VP_VF_VS_E,Departamento,apurimac,1,Apurímac,3.9,0.8,2.4,5.5,0.2019999999999999,698.0,Apurímac,3.910857169791189,0.7900884287888021,2.360590881237851,5.461123458344527,0.2020243630710213,698.0,26,698,2.016692199227824,2.07961384472768,True,True,True,True,True,True,True,False,True,EN_AMBOS
VP_VF_VS_E,Departamento,arequipa,1,Arequipa,4.1,0.9,2.3,5.9,0.22,760.0,Arequipa,4.084132402982207,0.9004858399168583,2.3172506337063465,5.851014172258068,0.2204839978398666,760.0,37,760,2.0226909200367604,2.093024054408309,True,True,True,True,True,True,True,False,True,EN_AMBOS
VP_VF_VS_E,Departamento,ayacucho,1,Ayacucho,2.0,0.7,0.5,3.4,0.369,650.0,Ayacucho,1.9859230462451896,0.7330483924933995,0.5475774518123558,3.424268640678024,0.3691222547013508,650.0,17,650,2.0210753903062733,2.200985160091639,True,True,True,True,True,True,True,False,True,EN_AMBOS
VP_VF_VS_E,Departamento,cajamarca,1,Cajamarca,2.8,0.9,1.1,4.5,0.31,783.0,Cajamarca,2.77058410847372,0.857767994268498,1.0875208506647325,4.453647366282707,0.3095982510132247,783.0,22,783,2.004044783289145,2.119905299221254,True,True,True,True,True,True,True,False,True,EN_AMBOS
VP_VF_VS_E,Departamento,callao,1,Callao,3.0,0.8,1.4,4.5,0.261,610.0,Callao,2.9615326258184105,0.7733520602511275,1.444105481582799,4.478959770054022,0.2611323790624842,610.0,19,610,2.0422724563012378,2.160368656462792,True,True,True,True,True,True,True,False,True,EN_AMBOS
VP_VF_VS_E,Departamento,cusco,1,Cusco,3.5,0.7,2.1,4.9,0.203,716.0,Cusco,3.4741143111762818,0.7037004280911717,2.0933536125508496,4.854875009801714,0.2025553465029507,716.0,28,716,2.016692199227824,2.1009220402410382,True,True,True,True,True,True,True,False,True,EN_AMBOS
VP_VF_VS_E,Departamento,huancavelica,1,Huancavelica,2.3,1.1,0.1,4.4,0.479,771.0,Huancavelica,2.2763806605997883,1.0894390145581003,0.1387457881421677,4.414015533057408,0.4785838473390699,771.0,13,771,2.0057459953178687,2.262157162798205,True,True,True,True,True,True,True,False,True,EN_AMBOS
VP_VF_VS_E,Departamento,huanuco,1,Huánuco,2.9,1.0,1.0,4.9,0.3389999999999999,687.0,Huánuco,2.9340958862668387,0.9957435402106216,0.9803049102368392,4.887886862296838,0.3393698020815345,687.0,22,687,2.016692199227824,2.131449545559775,True,True,True,True,True,True,True,False,True,EN_AMBOS
VP_VF_VS_E,Departamento,ica,1,Ica,3.0,0.8,1.4,4.7,0.27,716.0,Ica,3.043711284099487,0.8208917624472895,1.433004457492682,4.654418110706293,0.2697009294986921,716.0,23,716,2.026192463029109,2.131449545559775,True,True,True,True,True,True,True,False,True,EN_AMBOS
VP_VF_VS_E,Departamento,junin,1,Junín,6.3,1.2,4.0,8.6,0.184,696.0,Junín,6.316569010192823,1.1598305338842212,4.040815927880358,8.592322092505288,0.1836171712859693,696.0,39,696,2.0226909200367604,2.073873067904026,True,True,True,True,True,True,True,False,True,EN_AMBOS
VP_VF_VS_E,Departamento,la libertad,1,La Libertad,4.6,0.8,3.1,6.1,0.166,687.0,La Libertad,4.601227296176857,0.7647018942203918,3.100773012572044,6.10168157978167,0.1661952007578021,687.0,35,687,2.0226909200367604,2.068657610419048,True,True,True,True,True,True,True,False,True,EN_AMBOS
VP_VF_VS_E,Departamento,lambayeque,1,Lambayeque,2.3,0.8,0.7,3.9,0.356,651.0,Lambayeque,2.280642943020923,0.8119344196747847,0.6875117016641366,3.8737741843777096,0.3560111950708524,651.0,15,651,2.0301079282503425,2.262157162798205,True,True,True,True,True,True,True,False,True,EN_AMBOS
VP_VF_VS_E,Departamento,lima metropolitana,1,Lima Metropolitana,4.3,0.7,3.0,5.7,0.162,796.0,Lima Metropolitana,4.333786657636977,0.7036081039533002,2.9532071121500376,5.714366203123916,0.1623541165122666,796.0,41,796,2.0210753903062733,2.0595385527532977,True,True,True,True,True,True,True,False,True,EN_AMBOS
VP_VF_VS_E,Departamento,loreto,1,Loreto,4.1,0.8,2.4,5.7,0.207,674.0,Loreto,4.052604160124631,0.8375700589106482,2.4091721349001465,5.696036185349115,0.2066745297139729,674.0,26,674,2.019540970441376,2.1009220402410382,True,True,True,True,True,True,True,False,True,EN_AMBOS
VP_VF_VS_E,Departamento,madre de dios,1,Madre de Dios,4.2,1.4,1.4,7.1,0.342,644.0,Madre de Dios,4.236877069299063,1.4481387319417052,1.395422144159646,7.07833199443848,0.3417938987267528,644.0,20,644,2.0301079282503425,2.144786687917804,True,True,True,True,True,True,True,False,True,EN_AMBOS
VP_VF_VS_E,Departamento,moquegua,1,Moquegua,2.9,0.7,1.6,4.3,0.233,670.0,Moquegua,2.9264255772292285,0.68191626127173,1.588408523762825,4.2644426306956325,0.2330201958928255,670.0,23,670,2.0301079282503425,2.1098155778333165,True,True,True,True,True,True,True,False,True,EN_AMBOS
VP_VF_VS_E,Departamento,pasco,1,Pasco,3.8,0.8,2.1,5.4,0.222,990.0,Pasco,3.779854435796064,0.8375638159339024,2.136434660183189,5.423274211408939,0.2215862621591948,990.0,44,990,1.999623584994939,2.0422724563012378,True,True,True,True,True,True,True,False,True,EN_AMBOS
VP_VF_VS_E,Departamento,piura,1,Piura,2.7,0.9,0.9,4.5,0.342,658.0,Piura,2.6744939703031583,0.9134332597585756,0.8822075149529408,4.466780425653376,0.341534985646289,658.0,15,658,2.026192463029109,2.262157162798205,True,True,True,True,True,True,True,False,True,EN_AMBOS
VP_VF_VS_E,Departamento,puno,1,Puno,4.5,0.8,2.9,6.1,0.183,979.0,Puno,4.511491291387024,0.8236755896799101,2.895322198336823,6.127660384437225,0.1825727983233404,979.0,45,979,2.000995378088267,2.0484071417952445,True,True,True,True,True,True,True,False,True,EN_AMBOS
VP_VF_VS_E,Departamento,region lima,1,Región Lima,3.7,0.7,2.3,5.0,0.187,679.0,Región Lima,3.684710275687006,0.6875999680204753,2.335540978186209,5.033879573187803,0.1866089642264408,679.0,24,679,2.026192463029109,2.093024054408309,True,True,True,True,True,True,True,False,True,EN_AMBOS
VP_VF_VS_E,Departamento,san martin,1,San Martín,2.6,0.7,1.2,4.0,0.2739999999999999,649.0,San Martín,2.615279167863473,0.7171823786228582,1.208064957641551,4.022493378085395,0.2742278481913475,649.0,13,649,2.0226909200367604,2.228138851986274,True,True,True,True,True,True,True,False,True,EN_AMBOS
VP_VF_VS_E,Departamento,tacna,1,Tacna,3.5,0.9,1.8,5.1,0.25,659.0,Tacna,3.453101634142488,0.8640662079261554,1.7576803820181797,5.148522886266796,0.2502290113278782,659.0,25,659,2.0345152974493383,2.119905299221254,True,True,True,True,True,True,True,False,True,EN_AMBOS
VP_VF_VS_E,Departamento,tumbes,1,Tumbes,0.9,0.4,0.1,1.7,0.431,677.0,Tumbes,0.9077798354183744,0.3913162852130626,0.1399614203863833,1.6755982504503657,0.4310695941298521,677.0,8,677,2.0301079282503425,2.446911851144969,True,True,True,True,True,True,True,False,True,EN_AMBOS
VP_VF_VS_E,Departamento,ucayali,1,Ucayali,1.9,0.5,0.9,2.9,0.266,695.0,Ucayali,1.922443585689432,0.5123266609479624,0.9171855382930302,2.927701633085834,0.26649763080784,695.0,16,695,2.0226909200367604,2.200985160091639,True,True,True,True,True,True,True,False,True,EN_AMBOS
VP_VF_VS_E,Discapacidad,bin_0,1,No,3.4,0.2,2.9,3.9,0.074,16778.0,0,3.384853929298199,0.249451230079973,2.89539500477759,3.874312853818808,0.0736963057462551,16778.0,549,16778,1.962142757779508,1.9664489463121344,True,True,True,True,True,True,True,False,True,EN_AMBOS
VP_VF_VS_E,Discapacidad,bin_1,1,Sí,6.2,0.8,4.5,7.8,0.138,2029.0,1,6.1647174742109465,0.847820363134298,4.501172888788991,7.828262059632901,0.1375278537387984,2029.0,106,2029,1.9640483976635408,1.9921021540022417,True,True,True,True,True,True,True,False,True,EN_AMBOS
VP_VF_VS_E,Etnicidad,etnicidad_1,1,Indígena andino,3.3,0.5,2.4,4.2,0.138,5249.0,1,3.278239158565773,0.4533254229340289,2.388749963038436,4.16772835409311,0.1382832066261933,5249.0,163,5249,1.9628366422266053,1.9804475986834025,True,True,True,True,True,True,True,False,True,EN_AMBOS
VP_VF_VS_E,Etnicidad,etnicidad_3,1,Indígena amazónico/nativo,4.6,1.6,1.5,7.7,0.347,433.0,3,4.571325515513231,1.587407387920866,1.456605605658618,7.686045425367843,0.3472531944036465,433.0,20,433,1.978524491479245,2.200985160091639,True,True,True,True,True,True,True,False,True,EN_AMBOS
VP_VF_VS_E,Etnicidad,etnicidad_5,1,Afrodescendiente,3.9,0.8,2.4,5.4,0.2,1806.0,5,3.873975622911684,0.7730307148133496,2.3571790042995544,5.390772241523814,0.1995445480455395,1806.0,66,1806,1.96362596651301,2.0226909200367604,True,True,True,True,True,True,True,False,True,EN_AMBOS
VP_VF_VS_E,Etnicidad,etnicidad_6,1,No indígena ni afrodescendiente,3.6,0.3,3.0,4.3,0.091,8715.0,6,3.639327306349277,0.3303749926937563,2.9910844070837643,4.287570205614788,0.0907791371546534,8715.0,315,8715,1.962322551204167,1.9702419362015688,True,True,True,True,True,True,True,False,True,EN_AMBOS
VP_VF_VS_E,Etnicidad,etnicidad_9,1,No sabe,4.3,0.7,2.9,5.8,0.172,2604.0,9,4.347913356145283,0.7466427432795352,2.8828937047707197,5.812933007519847,0.1717243841173238,2604.0,91,2604,1.9629115987173988,1.9989715170333784,True,True,True,True,True,True,True,False,True,EN_AMBOS
VP_VF_VS_E,Lengua materna,idioma_1,1,Castellano,3.7,0.2,3.2,4.2,0.067,17498.0,1,3.704083396517609,0.247268222917148,3.2189078436917185,4.1892589493435,0.0667555766021945,17498.0,608,17498,1.9621649940614452,1.965853274877808,True,True,True,True,True,True,True,False,True,EN_AMBOS
VP_VF_VS_E,Lengua materna,idioma_3,1,Quechua/Aymara,4.0,0.9,2.2,5.7,0.2289999999999999,958.0,3,3.953706819257252,0.9061596875682348,2.1756921509034988,5.731721487611005,0.2291924335802083,958.0,32,958,1.967404973747932,2.1009220402410382,True,True,True,True,True,True,True,False,True,EN_AMBOS
VP_VF_VS_E,Lengua materna,idioma_4,1,Otra lengua nativa,3.4,1.3,0.9,5.9,0.375,275.0,4,3.383459489886115,1.270124227751275,0.8912944349236605,5.875624544848569,0.3753921781974775,275.0,14,275,2.00957523712924,2.262157162798205,True,True,True,True,True,True,True,False,True,EN_AMBOS
VP_VF_VS_E,Nacional,national_single,1,Total,3.7,0.2,3.2,4.2,0.064,18807.0,Total,3.703285660429587,0.2353015293462357,3.2408164041029863,4.165754916756188,0.0635385846305306,18807.0,655,18807,1.962142757779508,1.9654324288139144,True,True,True,True,True,True,True,False,True,EN_AMBOS
VP_VF_VS_E,Sexo,sexo_1,1,Mujer,3.1,0.3,2.5,3.6,0.09,9608.0,1,3.0555604156260725,0.2751236264308515,2.513463072000412,3.597657759251733,0.0900403163438939,9608.0,289,9608,1.962202376365632,1.9703772833261533,True,True,True,True,True,True,True,False,True,EN_AMBOS
VP_VF_VS_E,Sexo,sexo_2,1,Hombre,4.4,0.4,3.7,5.1,0.081,9199.0,2,4.383759490618291,0.3553416205591201,3.684131416816746,5.083387564419837,0.0810586487054293,9199.0,366,9199,1.9622476264013184,1.9688886224492936,True,True,True,True,True,True,True,False,True,EN_AMBOS
VP_VF_VS_E,Tipo de hogar,hogar_1,1,Biparental,3.5,0.2,3.0,4.0,0.07,13464.0,1,3.498402800168528,0.2464267131281078,3.0148784096808026,3.981927190656253,0.0704397770080211,13464.0,471,13464,1.962142757779508,1.9668639088811688,True,True,True,True,True,True,True,False,True,EN_AMBOS
VP_VF_VS_E,Tipo de hogar,hogar_2,1,Monoparental,4.0,0.6,2.8,5.1,0.145,4397.0,2,3.96888584196188,0.5748148869712731,2.840913626490276,5.096858057433484,0.144830289874786,4397.0,147,4397,1.962322551204167,1.981765282132372,True,True,True,True,True,True,True,False,True,EN_AMBOS
VP_VF_VS_E,Tipo de hogar,hogar_3,1,Sin figuras parentales,5.6,1.6,2.4,8.8,0.292,929.0,3,5.566476781476228,1.6262548849724814,2.3721222040164496,8.760831358936006,0.2921515617174997,929.0,36,929,1.9642398045825584,2.093024054408309,True,True,True,True,True,True,True,False,True,EN_AMBOS
VP_VF_VS_E,Área,area_1,1,Urbana,3.8,0.3,3.2,4.3,0.073,15576.0,1,3.7825083878852994,0.2744161771810061,3.2428068943225363,4.322209881448062,0.0725487293193882,15576.0,555,15576,1.9630738928941311,1.966726229870818,True,True,True,True,True,True,True,False,True,EN_AMBOS
VP_VF_VS_E,Área,area_2,1,Rural,3.4,0.4,2.5,4.3,0.13,3231.0,2,3.4052331317689464,0.4426354343574692,2.5204175060586675,4.290048757479225,0.129986822408112,3231.0,100,3231,1.967850227366019,1.9989715170333784,True,True,True,True,True,True,True,False,True,EN_AMBOS
VP_VF_VS_E,Área y sexo,area_1_sexo_1,1,Urbano Mujer,2.8,0.3,2.2,3.4,0.109,7990.0,Urbano Mujer,2.783207239135165,0.3035434892492842,2.1876115800335603,3.3788028982367706,0.109062481938501,7990.0,233,7990,1.9631967955598617,1.9734572015938008,True,True,True,True,True,True,True,False,True,EN_AMBOS
VP_VF_VS_E,Área y sexo,area_1_sexo_2,1,Urbano Hombre,4.9,0.4,4.0,5.7,0.088,7586.0,Urbano Hombre,4.855447553916373,0.4262279274931699,4.01912751282228,5.691767595010465,0.0877834479232253,7586.0,322,7586,1.9632873744486168,1.970469512651475,True,True,True,True,True,True,True,False,True,EN_AMBOS
VP_VF_VS_E,Área y sexo,area_2_sexo_1,1,Rural Mujer,4.1,0.7,2.9,5.4,0.158,1618.0,Rural Mujer,4.134173906260748,0.6523999928332499,2.854071985147584,5.414275827373912,0.1578066156929834,1618.0,56,1618,1.967850227366019,2.0301079282503425,True,True,True,True,True,True,True,False,True,EN_AMBOS
VP_VF_VS_E,Área y sexo,area_2_sexo_2,1,Rural Hombre,2.7,0.6,1.6,3.8,0.204,1613.0,Rural Hombre,2.699636576262904,0.5509177965044156,1.6186572117199205,3.780615940805888,0.2040710965870261,1613.0,44,1613,1.9678765312856947,2.073873067904026,True,True,True,True,True,True,True,False,True,EN_AMBOS
VP_VF_VS_HOGAR,Departamento,amazonas,1,Amazonas,2.9,1.1,0.8,5.1,0.373,907.0,Amazonas,2.938472581020948,1.0973268018389797,0.7853607438752453,5.091584418166651,0.3734344192715667,907.0,17,907,2.000995378088267,2.160368656462792,True,True,True,True,True,True,True,False,True,EN_AMBOS
VP_VF_VS_HOGAR,Departamento,ancash,1,Áncash,0.1,0.1,-0.1,0.2,0.997,705.0,Áncash,0.0708476944923133,0.0706348760408181,-0.0677480159778312,0.2094434049624577,0.9969961132395312,705.0,1,705,2.016692199227824,,True,True,True,True,True,True,True,False,True,EN_AMBOS
VP_VF_VS_HOGAR,Departamento,apurimac,1,Apurímac,0.4,0.3,-0.2,1.0,0.7070000000000001,698.0,Apurímac,0.407915230975991,0.2882976911019159,-0.157765995704187,0.9735964576561692,0.7067588293090348,698.0,2,698,2.016692199227824,12.706204736174694,True,True,True,True,True,True,True,False,True,EN_AMBOS
VP_VF_VS_HOGAR,Departamento,arequipa,1,Arequipa,0.4,0.2,-0.1,0.8,0.613,760.0,Arequipa,0.3778439624951051,0.2317437546180941,-0.0768703672894196,0.83255829227963,0.6133318978759554,760.0,3,760,2.0226909200367604,4.302652729749462,True,True,True,True,True,True,True,False,True,EN_AMBOS
VP_VF_VS_HOGAR,Departamento,ayacucho,1,Ayacucho,0.5,0.3,-0.0,1.0,0.5479999999999999,650.0,Ayacucho,0.4804994088148044,0.2631255256872069,-0.0357904357992744,0.9967892534288832,0.5476084275238339,650.0,5,650,2.0210753903062733,3.182446305283708,True,True,True,True,True,True,True,False,True,EN_AMBOS
VP_VF_VS_HOGAR,Departamento,cajamarca,1,Cajamarca,0.3,0.3,-0.3,0.9,1.0,783.0,Cajamarca,0.2879589448654474,0.2880453271530448,-0.2772271077201285,0.8531449974510232,1.0002999812616962,783.0,1,783,2.004044783289145,,True,True,True,True,True,True,True,False,True,EN_AMBOS
VP_VF_VS_HOGAR,Departamento,callao,1,Callao,0.4,0.3,-0.2,0.9,0.71,610.0,Callao,0.3854630744587575,0.2737281318707506,-0.1516305970919498,0.9225567460094648,0.7101280252462628,610.0,2,610,2.0422724563012378,12.706204736174694,True,True,True,True,True,True,True,False,True,EN_AMBOS
VP_VF_VS_HOGAR,Departamento,cusco,1,Cusco,0.0,0.0,0.0,0.0,,716.0,Cusco,0.0,0.0,0.0,0.0,,716.0,0,716,2.016692199227824,,True,True,True,True,True,True,True,False,True,EN_AMBOS
VP_VF_VS_HOGAR,Departamento,huancavelica,1,Huancavelica,0.0,0.0,0.0,0.0,,771.0,Huancavelica,0.0,0.0,0.0,0.0,,771.0,0,771,2.0057459953178687,,True,True,True,True,True,True,True,False,True,EN_AMBOS
VP_VF_VS_HOGAR,Departamento,huanuco,1,Huánuco,0.3,0.2,-0.0,0.6,0.595,687.0,Huánuco,0.2579682620272708,0.1535865976552218,-0.0433905682539178,0.5593270923084596,0.5953701298301013,687.0,3,687,2.016692199227824,4.302652729749462,True,True,True,True,True,True,True,False,True,EN_AMBOS
VP_VF_VS_HOGAR,Departamento,ica,1,Ica,0.2,0.2,-0.2,0.6,1.0,716.0,Ica,0.2028162317453111,0.2027974440673155,-0.1951013044275668,0.6007337679181892,0.9999073660040227,716.0,1,716,2.026192463029109,,True,True,True,True,True,True,True,False,True,EN_AMBOS
VP_VF_VS_HOGAR,Departamento,junin,1,Junín,0.6,0.3,0.1,1.2,0.439,696.0,Junín,0.6353582729665131,0.278701910047299,0.0885053385878894,1.182211207345137,0.4386531535129442,696.0,6,696,2.0226909200367604,2.5705818356363137,True,True,True,True,True,True,True,False,True,EN_AMBOS
VP_VF_VS_HOGAR,Departamento,la libertad,1,La Libertad,0.4,0.2,-0.1,0.9,0.605,687.0,La Libertad,0.3964337654499815,0.2396445542752684,-0.0737830611625346,0.8666505920624977,0.6045008653671421,687.0,3,687,2.0226909200367604,4.302652729749462,True,True,True,True,True,True,True,False,True,EN_AMBOS
VP_VF_VS_HOGAR,Departamento,lambayeque,1,Lambayeque,0.4,0.2,0.0,0.7,0.452,651.0,Lambayeque,0.3876052236990964,0.1753668190332255,0.0435104897782234,0.7316999576199695,0.4524366760582291,651.0,5,651,2.0301079282503425,2.7764451051977934,True,True,True,True,True,True,True,False,True,EN_AMBOS
VP_VF_VS_HOGAR,Departamento,lima metropolitana,1,Lima Metropolitana,0.8,0.3,0.2,1.5,0.408,796.0,Lima Metropolitana,0.8294108913593161,0.3380209267753307,0.1661655779091836,1.4926562048094485,0.4075433904917145,796.0,6,796,2.0210753903062733,2.5705818356363137,True,True,True,True,True,True,True,False,True,EN_AMBOS
VP_VF_VS_HOGAR,Departamento,loreto,1,Loreto,1.7,0.7,0.4,2.9,0.4,674.0,Loreto,1.6520137729885531,0.660416769145048,0.3561817922944561,2.94784575368265,0.3997646871613727,674.0,10,674,2.019540970441376,2.3646242515927844,True,True,True,True,True,True,True,False,True,EN_AMBOS
VP_VF_VS_HOGAR,Departamento,madre de dios,1,Madre de Dios,0.6,0.4,-0.1,1.3,0.62,644.0,Madre de Dios,0.584036017536313,0.3623880344520626,-0.1270210397697525,1.2950930748423783,0.6204891882879995,644.0,3,644,2.0301079282503425,4.302652729749462,True,True,True,True,True,True,True,False,True,EN_AMBOS
VP_VF_VS_HOGAR,Departamento,moquegua,1,Moquegua,0.5,0.4,-0.3,1.2,0.802,670.0,Moquegua,0.4772773422402462,0.3827974545038679,-0.2738259108109489,1.2283805952914413,0.8020440541071817,670.0,3,670,2.0301079282503425,4.302652729749462,True,True,True,True,True,True,True,False,True,EN_AMBOS
VP_VF_VS_HOGAR,Departamento,pasco,1,Pasco,1.5,0.6,0.4,2.6,0.365,990.0,Pasco,1.518727510795503,0.5538580357615581,0.4319789770879779,2.605476044503028,0.364685588312975,990.0,8,990,1.999623584994939,2.3646242515927844,True,True,True,True,True,True,True,False,True,EN_AMBOS
VP_VF_VS_HOGAR,Departamento,piura,1,Piura,0.3,0.2,-0.2,0.8,0.74,658.0,Piura,0.3313949762175128,0.2453646427414909,-0.15004548055286,0.8128354329878856,0.7403994035819198,658.0,3,658,2.026192463029109,4.302652729749462,True,True,True,True,True,True,True,False,True,EN_AMBOS
VP_VF_VS_HOGAR,Departamento,puno,1,Puno,1.1,0.4,0.2,2.0,0.397,979.0,Puno,1.102795216599335,0.4374527385110895,0.2444504938589879,1.9611399393396824,0.3966763111831884,979.0,9,979,2.000995378088267,2.306004135204166,True,True,True,True,True,True,True,False,True,EN_AMBOS
VP_VF_VS_HOGAR,Departamento,region lima,1,Región Lima,0.3,0.3,-0.3,0.9,0.976,679.0,Región Lima,0.3049671207065619,0.2977906402365238,-0.279340627368056,0.88927486878118,0.976468019065756,679.0,1,679,2.026192463029109,,True,True,True,True,True,True,True,False,True,EN_AMBOS
VP_VF_VS_HOGAR,Departamento,san martin,1,San Martín,0.9,0.5,-0.1,1.8,0.5589999999999999,649.0,San Martín,0.8586919852557884,0.4799680180574404,-0.0830737853414023,1.8004577558529793,0.5589524838926578,649.0,4,649,2.0226909200367604,3.182446305283708,True,True,True,True,True,True,True,False,True,EN_AMBOS
VP_VF_VS_HOGAR,Departamento,tacna,1,Tacna,0.4,0.2,-0.0,0.9,0.569,659.0,Tacna,0.4229597203327527,0.2404900092898673,-0.0489160097136869,0.8948354503791923,0.5685884440737475,659.0,3,659,2.0345152974493383,4.302652729749462,True,True,True,True,True,True,True,False,True,EN_AMBOS
VP_VF_VS_HOGAR,Departamento,tumbes,1,Tumbes,0.7,0.4,-0.0,1.5,0.54,677.0,Tumbes,0.7201294364080996,0.3891666165049341,-0.0434710217366119,1.483729894552811,0.5404120382108533,677.0,5,677,2.0301079282503425,2.7764451051977934,True,True,True,True,True,True,True,False,True,EN_AMBOS
VP_VF_VS_HOGAR,Departamento,ucayali,1,Ucayali,0.4,0.2,-0.1,0.8,0.65,695.0,Ucayali,0.3561113803853151,0.231315566036774,-0.0977627822754085,0.8099855430460389,0.6495596006690068,695.0,3,695,2.0226909200367604,4.302652729749462,True,True,True,True,True,True,True,False,True,EN_AMBOS
VP_VF_VS_HOGAR,Discapacidad,bin_0,1,No,0.6,0.1,0.4,0.8,0.1969999999999999,16778.0,0,0.5778481667667743,0.1139737175123426,0.3542154623727236,0.801480871160825,0.1972381744326684,16778.0,85,16778,1.962142757779508,2.002465459291007,True,True,True,True,True,True,True,False,True,EN_AMBOS
VP_VF_VS_HOGAR,Discapacidad,bin_1,1,Sí,0.8,0.2,0.4,1.3,0.29,2029.0,1,0.837659030382769,0.2429705392635244,0.3609161464130629,1.314401914352475,0.2900589982925378,2029.0,22,2029,1.9640483976635408,2.262157162798205,True,True,True,True,True,True,True,False,True,EN_AMBOS
VP_VF_VS_HOGAR,Etnicidad,etnicidad_1,1,Indígena andino,0.3,0.1,0.1,0.4,0.273,5249.0,1,0.2885168981299926,0.078670492738723,0.1340995723204049,0.4429342239395805,0.2726720453762737,5249.0,20,5249,1.9628366422266053,2.228138851986274,True,True,True,True,True,True,True,False,True,EN_AMBOS
VP_VF_VS_HOGAR,Etnicidad,etnicidad_3,1,Indígena amazónico/nativo,2.6,1.1,0.3,4.8,0.445,433.0,3,2.557541444908019,1.1390776442847723,0.3038484279941134,4.8112344618219245,0.4453799357006075,433.0,11,433,1.978524491479245,2.5705818356363137,True,True,True,True,True,True,True,False,True,EN_AMBOS
VP_VF_VS_HOGAR,Etnicidad,etnicidad_5,1,Afrodescendiente,0.7,0.3,0.1,1.3,0.4479999999999999,1806.0,5,0.7179604386947173,0.3214735700762018,0.0867065889454475,1.3492142884439868,0.4477594485020017,1806.0,12,1806,1.96362596651301,3.182446305283708,True,True,True,True,True,True,True,False,True,EN_AMBOS
VP_VF_VS_HOGAR,Etnicidad,etnicidad_6,1,No indígena ni afrodescendiente,0.6,0.2,0.3,0.9,0.261,8715.0,6,0.601904191331751,0.1569321976409694,0.2939526008908472,0.9098557817726548,0.2607262084248775,8715.0,50,8715,1.962322551204167,2.0452296421327034,True,True,True,True,True,True,True,False,True,EN_AMBOS
VP_VF_VS_HOGAR,Etnicidad,etnicidad_9,1,No sabe,0.8,0.4,-0.0,1.5,0.532,2604.0,9,0.7566173885416029,0.4024381682552465,-0.0333331596932045,1.5465679367764102,0.5318912495930805,2604.0,14,2604,1.9629115987173988,3.182446305283708,True,True,True,True,True,True,True,False,True,EN_AMBOS
VP_VF_VS_HOGAR,Lengua materna,idioma_1,1,Castellano,0.6,0.1,0.4,0.8,0.182,17498.0,1,0.5851425057909903,0.10634509461705,0.3764782485627689,0.7938067630192114,0.1817422141864292,17498.0,95,17498,1.9621649940614452,1.9949454151072377,True,True,True,True,True,True,True,False,True,EN_AMBOS
VP_VF_VS_HOGAR,Lengua materna,idioma_3,1,Quechua/Aymara,0.2,0.2,-0.2,0.6,0.873,958.0,3,0.2225539987324062,0.1943681198088898,-0.1588239998938266,0.6039319973586391,0.8733526286471873,958.0,2,958,1.967404973747932,,True,True,True,True,True,True,True,False,True,EN_AMBOS
VP_VF_VS_HOGAR,Lengua materna,idioma_4,1,Otra lengua nativa,3.6,1.7,0.3,7.0,0.467,275.0,4,3.6311450222693824,1.6946432995151732,0.3060129451061155,6.956277099432649,0.466696672570808,275.0,9,275,2.00957523712924,2.5705818356363137,True,True,True,True,True,True,True,False,True,EN_AMBOS
VP_VF_VS_HOGAR,Nacional,national_single,1,Total,0.6,0.1,0.4,0.8,0.17,18807.0,Total,0.6076093481094286,0.1032291408870512,0.4020959155584935,0.8131227806603636,0.1698939313693047,18807.0,107,18807,1.962142757779508,1.9908470688116908,True,True,True,True,True,True,True,False,True,EN_AMBOS
VP_VF_VS_HOGAR,Sexo,sexo_1,1,Mujer,1.1,0.2,0.7,1.4,0.185,9608.0,1,1.0620791119311157,0.1968483422244633,0.6758345628544825,1.448323661007748,0.1853424476699722,9608.0,89,9608,1.962202376365632,1.9983405425207412,True,True,True,True,True,True,True,False,True,EN_AMBOS
VP_VF_VS_HOGAR,Sexo,sexo_2,1,Hombre,0.1,0.0,0.0,0.2,0.371,9199.0,2,0.1301618757841689,0.0482538725748212,0.0354808891766682,0.2248428623916695,0.3707220127561357,9199.0,18,9199,1.9622476264013184,2.7764451051977934,True,True,True,True,True,True,True,False,True,EN_AMBOS
VP_VF_VS_HOGAR,Tipo de hogar,hogar_1,1,Biparental,0.6,0.1,0.4,0.9,0.2,13464.0,1,0.6193605202223454,0.123900660003474,0.3762497375124277,0.8624713029322632,0.2000461055525377,13464.0,80,13464,1.962142757779508,2.0057459953178687,True,True,True,True,True,True,True,False,True,EN_AMBOS
VP_VF_VS_HOGAR,Tipo de hogar,hogar_2,1,Monoparental,0.4,0.1,0.2,0.7,0.308,4397.0,2,0.409529610418934,0.1262054318073023,0.1618738454990048,0.6571853753388632,0.3081716891684554,4397.0,23,4397,1.962322551204167,2.306004135204166,True,True,True,True,True,True,True,False,True,EN_AMBOS
VP_VF_VS_HOGAR,Tipo de hogar,hogar_3,1,Sin figuras parentales,1.5,1.1,-0.8,3.7,0.784,929.0,3,1.4503261557685256,1.1372153051022955,-0.7834374128939021,3.6840897244309527,0.7841100435092732,929.0,4,929,1.9642398045825584,,True,True,True,True,True,True,True,False,True,EN_AMBOS
VP_VF_VS_HOGAR,Área,area_1,1,Urbana,0.6,0.1,0.3,0.8,0.208,15576.0,1,0.5858481094932257,0.1221099358450307,0.3462509832219783,0.825445235764473,0.2084327556346628,15576.0,78,15576,1.9630738928941311,2.004044783289145,True,True,True,True,True,True,True,False,True,EN_AMBOS
VP_VF_VS_HOGAR,Área,area_2,1,Rural,0.7,0.2,0.3,1.0,0.259,3231.0,2,0.6894796952263307,0.1788305633593658,0.3385886004611215,1.0403707899915398,0.2593703115516149,3231.0,29,3231,1.967850227366019,2.144786687917804,True,True,True,True,True,True,True,False,True,EN_AMBOS
VP_VF_VS_HOGAR,Área y sexo,area_1_sexo_1,1,Urbana - Mujer,1.1,0.2,0.6,1.5,0.223,7990.0,Urbano Mujer,1.0609295203969602,0.2362271190080808,0.5974181896441364,1.5244408511497838,0.2226605202951591,7990.0,65,7990,1.9631967955598617,2.016692199227824,True,True,True,True,True,True,True,False,True,EN_AMBOS
VP_VF_VS_HOGAR,Área y sexo,area_1_sexo_2,1,Urbana - Hombre,0.1,0.0,0.0,0.1,0.374,7586.0,Urbano Hombre,0.0757581796963244,0.0283529873860169,0.0201255708354376,0.1313907885572113,0.3742564499261921,7586.0,13,7586,1.9632873744486168,,True,True,True,True,True,True,True,False,True,EN_AMBOS
VP_VF_VS_HOGAR,Área y sexo,area_2_sexo_1,1,Rural - Mujer,1.1,0.3,0.5,1.6,0.265,1618.0,Rural Mujer,1.066631895024874,0.2827755868964337,0.5117858251191865,1.621477964930561,0.2651107549055988,1618.0,24,1618,1.967850227366019,2.200985160091639,True,True,True,True,True,True,True,False,True,EN_AMBOS
VP_VF_VS_HOGAR,Área y sexo,area_2_sexo_2,1,Rural - Hombre,0.3,0.2,-0.1,0.7,0.6,1613.0,Rural Hombre,0.3244057380658071,0.1946754071164247,-0.057575202125463,0.7063866782570772,0.6000985317865557,1613.0,5,1613,1.9678765312856947,4.302652729749462,True,True,True,True,True,True,True,False,True,EN_AMBOS
VP_o_VF_E,Departamento,amazonas,1,Amazonas,41.2,3.4,34.5,47.9,0.0819999999999999,907.0,Amazonas,41.20592768191515,3.395577768471119,34.543319355032445,47.86853600879786,0.0824050800332157,907.0,393,907,2.000995378088267,2.001717484145236,True,True,True,True,True,True,True,False,True,EN_AMBOS
VP_o_VF_E,Departamento,ancash,1,Áncash,46.1,2.9,40.3,51.8,0.064,705.0,Áncash,46.07208867162584,2.934016255239589,40.315129925200125,51.82904741805155,0.0636831613203276,705.0,307,705,2.016692199227824,2.016692199227824,True,True,True,True,True,True,True,False,True,EN_AMBOS
VP_o_VF_E,Departamento,apurimac,1,Apurímac,54.1,2.6,49.0,59.3,0.048,698.0,Apurímac,54.1210997806354,2.6212706733231097,48.97779251279464,59.26440704847615,0.0484334332441079,698.0,382,698,2.016692199227824,2.016692199227824,True,True,True,True,True,True,True,False,True,EN_AMBOS
VP_o_VF_E,Departamento,arequipa,1,Arequipa,46.6,1.8,43.1,50.2,0.039,760.0,Arequipa,46.60653806509255,1.8102642994432483,43.05454108027319,50.15853504991191,0.0388414238559182,760.0,349,760,2.0226909200367604,2.0226909200367604,True,True,True,True,True,True,True,False,True,EN_AMBOS
VP_o_VF_E,Departamento,ayacucho,1,Ayacucho,47.1,3.0,41.2,53.0,0.064,650.0,Ayacucho,47.08891103517418,2.992164270823644,41.21785758109097,52.9599644892574,0.0635428640213951,650.0,318,650,2.0210753903062733,2.0226909200367604,True,True,True,True,True,True,True,False,True,EN_AMBOS
VP_o_VF_E,Departamento,cajamarca,1,Cajamarca,34.7,2.4,30.0,39.5,0.07,783.0,Cajamarca,34.71970774138514,2.417042873888335,29.97712457114258,39.4622909116277,0.0696158761442358,783.0,267,783,2.004044783289145,2.0057459953178687,True,True,True,True,True,True,True,False,True,EN_AMBOS
VP_o_VF_E,Departamento,callao,1,Callao,40.3,2.7,34.9,45.6,0.068,610.0,Callao,40.26827941932499,2.7223166925221607,34.926705436710364,45.60985340193961,0.0676044949468515,610.0,239,610,2.0422724563012378,2.0422724563012378,True,True,True,True,True,True,True,False,True,EN_AMBOS
VP_o_VF_E,Departamento,cusco,1,Cusco,39.5,2.8,33.9,45.0,0.072,716.0,Cusco,39.45441877487983,2.8324942417532126,33.896660711971606,45.01217683778805,0.0717915592145696,716.0,276,716,2.016692199227824,2.016692199227824,True,True,True,True,True,True,True,False,True,EN_AMBOS
VP_o_VF_E,Departamento,huancavelica,1,Huancavelica,32.1,2.9,26.5,37.7,0.089,771.0,Huancavelica,32.12201368536466,2.8615176853100484,26.507307482875564,37.73671988785375,0.0890827615397538,771.0,239,771,2.0057459953178687,2.00957523712924,True,True,True,True,True,True,True,False,True,EN_AMBOS
VP_o_VF_E,Departamento,huanuco,1,Huánuco,39.0,3.5,32.2,45.8,0.089,687.0,Huánuco,38.98641402918573,3.467803797035075,32.18208792343307,45.790740134938375,0.0889490322048863,687.0,274,687,2.016692199227824,2.016692199227824,True,True,True,True,True,True,True,False,True,EN_AMBOS
VP_o_VF_E,Departamento,ica,1,Ica,41.5,2.3,37.0,45.9,0.055,716.0,Ica,41.4553696021761,2.275192971923266,36.991116189766025,45.919623014586165,0.0548829498749381,716.0,285,716,2.026192463029109,2.026192463029109,True,True,True,True,True,True,True,False,True,EN_AMBOS
VP_o_VF_E,Departamento,junin,1,Junín,52.6,2.1,48.6,56.7,0.039,696.0,Junín,52.644834870808886,2.07035444460418,48.58250389129218,56.7071658503256,0.0393268294921022,696.0,361,696,2.0226909200367604,2.0226909200367604,True,True,True,True,True,True,True,False,True,EN_AMBOS
VP_o_VF_E,Departamento,la libertad,1,La Libertad,42.8,2.7,37.6,48.1,0.062,687.0,La Libertad,42.82461157415482,2.668804956072052,37.58803525767199,48.061187890637655,0.062319420024412,687.0,308,687,2.0226909200367604,2.0243941639119694,True,True,True,True,True,True,True,False,True,EN_AMBOS
VP_o_VF_E,Departamento,lambayeque,1,Lambayeque,37.4,2.3,32.8,41.9,0.063,651.0,Lambayeque,37.354859744574526,2.3385196473239507,32.766350354652744,41.94336913449631,0.0626028223185498,651.0,245,651,2.0301079282503425,2.0301079282503425,True,True,True,True,True,True,True,False,True,EN_AMBOS
VP_o_VF_E,Departamento,lima metropolitana,1,Lima Metropolitana,45.6,2.5,40.6,50.6,0.0559999999999999,796.0,Lima Metropolitana,45.6430319542112,2.547632870270104,40.64421256832969,50.6418513400927,0.0558164688276158,796.0,363,796,2.0210753903062733,2.0210753903062733,True,True,True,True,True,True,True,False,True,EN_AMBOS
VP_o_VF_E,Departamento,loreto,1,Loreto,45.8,2.6,40.7,50.9,0.057,674.0,Loreto,45.82465242025112,2.589406221367311,40.74386775604605,50.9054370844562,0.0565068382324048,674.0,306,674,2.019540970441376,2.019540970441376,True,True,True,True,True,True,True,False,True,EN_AMBOS
VP_o_VF_E,Departamento,madre de dios,1,Madre de Dios,42.0,2.2,37.7,46.4,0.052,644.0,Madre de Dios,42.04524482502575,2.207117182288054,37.71456583022852,46.375923819822965,0.0524938596855156,644.0,280,644,2.0301079282503425,2.0301079282503425,True,True,True,True,True,True,True,False,True,EN_AMBOS
VP_o_VF_E,Departamento,moquegua,1,Moquegua,41.0,1.9,37.2,44.8,0.047,670.0,Moquegua,41.02553784161217,1.9308462412593552,37.23694187293935,44.81413381028499,0.0470644955031131,670.0,288,670,2.0301079282503425,2.0301079282503425,True,True,True,True,True,True,True,False,True,EN_AMBOS
VP_o_VF_E,Departamento,pasco,1,Pasco,48.4,2.2,44.2,52.7,0.045,990.0,Pasco,48.439191368924384,2.1852459926067938,44.15142677056427,52.726955967284496,0.0451131806879978,990.0,492,990,1.999623584994939,1.999623584994939,True,True,True,True,True,True,True,False,True,EN_AMBOS
VP_o_VF_E,Departamento,piura,1,Piura,40.7,3.2,34.5,46.9,0.078,658.0,Piura,40.65975229684092,3.1638639813456737,34.45179949924406,46.867705094437774,0.077813164188693,658.0,258,658,2.026192463029109,2.026192463029109,True,True,True,True,True,True,True,False,True,EN_AMBOS
VP_o_VF_E,Departamento,puno,1,Puno,49.7,2.8,44.1,55.2,0.057,979.0,Puno,49.67577319516242,2.825011558113137,44.13269722576732,55.21884916455752,0.0568690002471515,979.0,492,979,2.000995378088267,2.000995378088267,True,True,True,True,True,True,True,False,True,EN_AMBOS
VP_o_VF_E,Departamento,region lima,1,Región Lima,42.5,2.4,37.8,47.1,0.0559999999999999,679.0,Región Lima,42.4663811518804,2.358919310724594,37.83784471015591,47.09491759360488,0.0555479239516066,679.0,286,679,2.026192463029109,2.026192463029109,True,True,True,True,True,True,True,False,True,EN_AMBOS
VP_o_VF_E,Departamento,san martin,1,San Martín,33.7,1.9,30.0,37.4,0.0559999999999999,649.0,San Martín,33.720198766679346,1.8882457652543576,30.015191013477686,37.42520651988101,0.0559974684111361,649.0,223,649,2.0226909200367604,2.0226909200367604,True,True,True,True,True,True,True,False,True,EN_AMBOS
VP_o_VF_E,Departamento,tacna,1,Tacna,42.1,3.0,36.3,48.0,0.071,659.0,Tacna,42.13352210057008,2.982860760368407,36.280723462148536,47.98632073899163,0.0707954287146587,659.0,276,659,2.0345152974493383,2.0345152974493383,True,True,True,True,True,True,True,False,True,EN_AMBOS
VP_o_VF_E,Departamento,tumbes,1,Tumbes,43.1,3.0,37.3,48.9,0.069,677.0,Tumbes,43.11726424868525,2.9665291644614604,37.2965105328955,48.93801796447501,0.0688014236559991,677.0,289,677,2.0301079282503425,2.0301079282503425,True,True,True,True,True,True,True,False,True,EN_AMBOS
VP_o_VF_E,Departamento,ucayali,1,Ucayali,35.4,3.4,28.6,42.1,0.0969999999999999,695.0,Ucayali,35.384937385393386,3.4377914767938687,28.639499736446183,42.1303750343406,0.0971540924137105,695.0,248,695,2.0226909200367604,2.026192463029109,True,True,True,True,True,True,True,False,True,EN_AMBOS
VP_o_VF_E,Discapacidad,bin_0,1,No,42.3,0.9,40.7,44.0,0.02,16778.0,0,42.34538254307821,0.8620042205334901,40.65396306817138,44.03680201798504,0.020356510409525,16778.0,7019,16778,1.962142757779508,1.9621939598625375,True,True,True,True,True,True,True,False,True,EN_AMBOS
VP_o_VF_E,Discapacidad,bin_1,1,Sí,49.4,2.1,45.2,53.5,0.043,2029.0,1,49.35020142408237,2.111724091684591,45.20030777659419,53.50009507157056,0.0427905870846981,2029.0,1025,2029,1.9640483976635408,1.9651684913902163,True,True,True,True,True,True,True,False,True,EN_AMBOS
VP_o_VF_E,Etnicidad,etnicidad_1,1,Indígena andino,42.0,1.3,39.4,44.6,0.031,5249.0,1,42.01624241794404,1.322552672657875,39.42120526950647,44.611279566381626,0.0314771763619929,5249.0,2309,5249,1.9628366422266053,1.9634638867864405,True,True,True,True,True,True,True,False,True,EN_AMBOS
VP_o_VF_E,Etnicidad,etnicidad_3,1,Indígena amazónico/nativo,35.7,4.5,26.9,44.5,0.126,433.0,3,35.67535909493457,4.479511168359882,26.88591869754481,44.46479949232434,0.1255631697060034,433.0,179,433,1.978524491479245,1.9908470688116908,True,True,True,True,True,True,True,False,True,EN_AMBOS
VP_o_VF_E,Etnicidad,etnicidad_5,1,Afrodescendiente,45.3,2.3,40.8,49.9,0.051,1806.0,5,45.34132969064756,2.31613848425008,40.79673533776186,49.88592404353326,0.0510822796784414,1806.0,804,1806,1.96362596651301,1.9653948718289656,True,True,True,True,True,True,True,False,True,EN_AMBOS
VP_o_VF_E,Etnicidad,etnicidad_6,1,No indígena ni afrodescendiente,44.2,1.1,42.0,46.4,0.026,8715.0,6,44.19414100438636,1.131128096763173,41.97470620120159,46.41357580757114,0.025594526130758,8715.0,3673,8715,1.962322551204167,1.9625458782197165,True,True,True,True,True,True,True,False,True,EN_AMBOS
VP_o_VF_E,Etnicidad,etnicidad_9,1,No sabe,40.8,2.0,36.8,44.7,0.049,2604.0,9,40.77776364749439,2.007953750068109,36.83787173884205,44.71765555614674,0.0492413896805615,2604.0,1079,2604,1.9629115987173988,1.9643423968425169,True,True,True,True,True,True,True,False,True,EN_AMBOS
VP_o_VF_E,Lengua materna,idioma_1,1,Castellano,43.3,0.8,41.7,45.0,0.02,17498.0,1,43.34871634087772,0.8483933243179956,41.68404752381868,45.013385157936746,0.0195713597986744,17498.0,7498,17498,1.9621649940614452,1.9622172591365907,True,True,True,True,True,True,True,False,True,EN_AMBOS
VP_o_VF_E,Lengua materna,idioma_3,1,Quechua/Aymara,39.9,2.4,35.1,44.7,0.061,958.0,3,39.906844928319344,2.4459192995327896,35.10760208862796,44.70608776801074,0.0612907210260833,958.0,391,958,1.967404973747932,1.9716608894937604,True,True,True,True,True,True,True,False,True,EN_AMBOS
VP_o_VF_E,Lengua materna,idioma_4,1,Otra lengua nativa,36.2,4.9,26.6,45.8,0.136,275.0,4,36.200507671167486,4.912633555000575,26.56121931959851,45.83979602273647,0.1357062061014499,275.0,119,275,2.00957523712924,2.0301079282503425,True,True,True,True,True,True,True,False,True,EN_AMBOS
VP_o_VF_E,Nacional,national_single,1,Total,43.1,0.8,41.6,44.7,0.019,18807.0,Total,43.14778041855018,0.8095453110999123,41.56690377846419,44.74274358861211,0.0187621542347487,18807.0,8044,18807,1.962142757779508,1.9621649940614452,True,True,True,True,True,True,True,False,True,EN_AMBOS
VP_o_VF_E,Sexo,sexo_1,1,Mujer,46.4,1.1,44.2,48.7,0.024,9608.0,1,46.44188939508626,1.1297439220310777,44.225029518417074,48.65874927175546,0.0243259681452712,9608.0,4514,9608,1.962202376365632,1.962267584218264,True,True,True,True,True,True,True,False,True,EN_AMBOS
VP_o_VF_E,Sexo,sexo_2,1,Hombre,39.7,1.0,37.7,41.7,0.025,9199.0,2,39.687123341640266,1.0087473786340166,37.70754983643667,41.66669684684386,0.025417498011896,9199.0,3530,9199,1.9622476264013184,1.9624075830404772,True,True,True,True,True,True,True,False,True,EN_AMBOS
VP_o_VF_E,Tipo de hogar,hogar_1,1,Biparental,42.2,0.8,40.6,43.9,0.02,13464.0,1,42.24718550656083,0.8371649209559736,40.604548419840015,43.88982259328165,0.0198158743811694,13464.0,5701,13464,1.962142757779508,1.962191865617041,True,True,True,True,True,True,True,False,True,EN_AMBOS
VP_o_VF_E,Tipo de hogar,hogar_2,1,Monoparental,46.4,1.9,42.6,50.2,0.0409999999999999,4397.0,2,46.40353690619148,1.9188371097070576,42.63850456802122,50.16856924436175,0.0413510960077492,4397.0,1932,4397,1.962322551204167,1.962904291890916,True,True,True,True,True,True,True,False,True,EN_AMBOS
VP_o_VF_E,Tipo de hogar,hogar_3,1,Sin figuras parentales,40.9,3.1,34.9,47.0,0.075,929.0,3,40.907188901875685,3.086736301631316,34.850571622454694,46.96380618129668,0.0754570623035351,929.0,403,929,1.9642398045825584,1.9685031265484385,True,True,True,True,True,True,True,False,True,EN_AMBOS
VP_o_VF_E,Área,area_1,1,Urbana,44.3,1.0,42.5,46.2,0.022,15576.0,1,44.34764024890494,0.9588587183742616,42.4743017377397,46.237192411718965,0.0216214146455726,15576.0,6746,15576,1.9630738928941311,1.96308617190014,True,True,True,True,True,True,True,False,True,EN_AMBOS
VP_o_VF_E,Área,area_2,1,Rural,38.6,1.2,36.2,41.1,0.032,3231.0,2,38.63365589947849,1.238915473207603,36.22565989925664,41.09856488762301,0.0320682949713885,3231.0,1298,3231,1.967850227366019,1.9680656892939568,True,True,True,True,True,True,True,False,True,EN_AMBOS
VP_o_VF_E,Área y sexo,area_1_sexo_1,1,Urbano Mujer,47.0,1.4,44.4,49.7,0.0289999999999999,7990.0,Urbano Mujer,47.02057774410286,1.35674100409943,44.35845820872667,49.68269727947906,0.0288541968047082,7990.0,3781,7990,1.9631967955598617,1.9632145141769743,True,True,True,True,True,True,True,False,True,EN_AMBOS
VP_o_VF_E,Área y sexo,area_1_sexo_2,1,Urbano Hombre,41.5,1.2,39.2,43.8,0.0279999999999999,7586.0,Urbano Hombre,41.47773528528327,1.1768839180964372,39.16852102864318,43.78694954192337,0.0283738711865979,7586.0,2965,7586,1.9632873744486168,1.9633587110998183,True,True,True,True,True,True,True,False,True,EN_AMBOS
VP_o_VF_E,Área y sexo,area_2_sexo_1,1,Rural Mujer,44.2,1.6,41.0,47.3,0.037,1618.0,Rural Mujer,44.150081867211696,1.630061563082892,40.95166837647386,47.34849535794954,0.036920918243947,1618.0,733,1618,1.967850227366019,1.9685963443305996,True,True,True,True,True,True,True,False,True,EN_AMBOS
VP_o_VF_E,Área y sexo,area_2_sexo_2,1,Rural Hombre,33.3,1.7,30.0,36.5,0.05,1613.0,Rural Hombre,33.29389264607797,1.6576544167103728,30.0413380374285,36.54644725472744,0.0497885433323052,1613.0,565,1613,1.9678765312856947,1.9695756536260949,True,True,True,True,True,True,True,False,True,EN_AMBOS
VP_o_VF_EJERCIDA,Departamento,amazonas,1,Amazonas,13.4,3.1,7.2,19.5,0.2339999999999999,907.0,Amazonas,13.3735991390563,3.1240484444327428,7.243770108860256,19.50342816925234,0.2335981819067136,907.0,133,907,2.000995378088267,2.019540970441376,True,True,True,True,True,True,True,False,True,EN_AMBOS
VP_o_VF_EJERCIDA,Departamento,ancash,1,Áncash,21.3,1.7,18.0,24.5,0.078,705.0,Áncash,21.27644040118588,1.651171683979311,18.036605839615284,24.51627496275648,0.0776056357569699,705.0,154,705,2.016692199227824,2.0226909200367604,True,True,True,True,True,True,True,False,True,EN_AMBOS
VP_o_VF_EJERCIDA,Departamento,apurimac,1,Apurímac,20.5,2.4,15.8,25.2,0.1169999999999999,698.0,Apurímac,20.467872353194988,2.3985829839266755,15.7615101223501,25.17423458403988,0.1171877048350002,698.0,137,698,2.016692199227824,2.0210753903062733,True,True,True,True,True,True,True,False,True,EN_AMBOS
VP_o_VF_EJERCIDA,Departamento,arequipa,1,Arequipa,20.7,1.8,17.1,24.3,0.089,760.0,Arequipa,20.695147092273466,1.8481745603849729,17.068764763501758,24.321529421045163,0.0893047317878204,760.0,162,760,2.0226909200367604,2.026192463029109,True,True,True,True,True,True,True,False,True,EN_AMBOS
VP_o_VF_EJERCIDA,Departamento,ayacucho,1,Ayacucho,16.8,2.3,12.2,21.3,0.14,650.0,Ayacucho,16.7553796262353,2.3399629512367337,12.16403826799378,21.34672098447682,0.1396544276187486,650.0,120,650,2.0210753903062733,2.032244509317718,True,True,True,True,True,True,True,False,True,EN_AMBOS
VP_o_VF_EJERCIDA,Departamento,cajamarca,1,Cajamarca,10.8,1.6,7.7,13.9,0.144,783.0,Cajamarca,10.81035736415243,1.5597499088085764,7.749905376636434,13.870809351668424,0.1442829183409577,783.0,99,783,2.004044783289145,2.0243941639119694,True,True,True,True,True,True,True,False,True,EN_AMBOS
VP_o_VF_EJERCIDA,Departamento,callao,1,Callao,17.6,2.6,12.5,22.8,0.149,610.0,Callao,17.63132393328175,2.6236954483978487,12.483258910588852,22.77938895597465,0.1488087598144137,610.0,109,610,2.0422724563012378,2.051830516480285,True,True,True,True,True,True,True,False,True,EN_AMBOS
VP_o_VF_EJERCIDA,Departamento,cusco,1,Cusco,18.8,2.3,14.2,23.4,0.124,716.0,Cusco,18.795896565911043,2.3309184531071425,14.222301804172252,23.36949132764984,0.1240120919442909,716.0,137,716,2.016692199227824,2.0301079282503425,True,True,True,True,True,True,True,False,True,EN_AMBOS
VP_o_VF_EJERCIDA,Departamento,huancavelica,1,Huancavelica,7.4,1.6,4.3,10.6,0.215,771.0,Huancavelica,7.428632727482015,1.5966574498957196,4.295762875514432,10.5615025794496,0.2149328831386334,771.0,67,771,2.0057459953178687,2.0555294386428726,True,True,True,True,True,True,True,False,True,EN_AMBOS
VP_o_VF_EJERCIDA,Departamento,huanuco,1,Huánuco,13.8,1.7,10.4,17.2,0.125,687.0,Huánuco,13.833948150619523,1.7264535032567725,10.446399912561189,17.22149638867786,0.1247983210909647,687.0,98,687,2.016692199227824,2.026192463029109,True,True,True,True,True,True,True,False,True,EN_AMBOS
VP_o_VF_EJERCIDA,Departamento,ica,1,Ica,17.4,1.7,14.1,20.8,0.0969999999999999,716.0,Ica,17.43577481058228,1.6960021827661174,14.107976410489506,20.76357321067505,0.0972713975255498,716.0,131,716,2.026192463029109,2.0301079282503425,True,True,True,True,True,True,True,False,True,EN_AMBOS
VP_o_VF_EJERCIDA,Departamento,junin,1,Junín,26.9,2.2,22.6,31.3,0.0819999999999999,696.0,Junín,26.92396756405576,2.214289918302384,22.57921463723456,31.268720490876955,0.0822423334538005,696.0,190,696,2.0226909200367604,2.0226909200367604,True,True,True,True,True,True,True,False,True,EN_AMBOS
VP_o_VF_EJERCIDA,Departamento,la libertad,1,La Libertad,21.1,1.8,17.6,24.5,0.083,687.0,La Libertad,21.05471264280974,1.7522941804316745,17.61646130717655,24.492963978442926,0.0832257466610492,687.0,156,687,2.0226909200367604,2.0243941639119694,True,True,True,True,True,True,True,False,True,EN_AMBOS
VP_o_VF_EJERCIDA,Departamento,lambayeque,1,Lambayeque,15.2,1.7,11.9,18.5,0.11,651.0,Lambayeque,15.204971649351654,1.667837238643784,11.93243689039178,18.477506408311527,0.10969025639156,651.0,95,651,2.0301079282503425,2.0422724563012378,True,True,True,True,True,True,True,False,True,EN_AMBOS
VP_o_VF_EJERCIDA,Departamento,lima metropolitana,1,Lima Metropolitana,18.9,1.7,15.6,22.1,0.088,796.0,Lima Metropolitana,18.86414606208214,1.650791009412041,15.62505843835678,22.103233685807496,0.0875094480279821,796.0,143,796,2.0210753903062733,2.0226909200367604,True,True,True,True,True,True,True,False,True,EN_AMBOS
VP_o_VF_EJERCIDA,Departamento,loreto,1,Loreto,14.2,2.0,10.3,18.2,0.142,674.0,Loreto,14.227821079139169,2.0206240581995045,10.263068217147971,18.19257394113037,0.1420192204386196,674.0,107,674,2.019540970441376,2.0369333434601016,True,True,True,True,True,True,True,False,True,EN_AMBOS
VP_o_VF_EJERCIDA,Departamento,madre de dios,1,Madre de Dios,21.9,2.0,18.1,25.8,0.09,644.0,Madre de Dios,21.944529893286767,1.971188915475257,18.076775838571745,25.812283948001784,0.0898259805546474,644.0,149,644,2.0301079282503425,2.0345152974493383,True,True,True,True,True,True,True,False,True,EN_AMBOS
VP_o_VF_EJERCIDA,Departamento,moquegua,1,Moquegua,20.7,2.3,16.1,25.3,0.1119999999999999,670.0,Moquegua,20.70219106325063,2.3244242204979644,16.141338912993273,25.26304321350799,0.112279140570012,670.0,151,670,2.0301079282503425,2.0301079282503425,True,True,True,True,True,True,True,False,True,EN_AMBOS
VP_o_VF_EJERCIDA,Departamento,pasco,1,Pasco,21.4,1.6,18.2,24.6,0.077,990.0,Pasco,21.37774046455984,1.6414497276151838,18.15698176926056,24.59849915985912,0.0767831254353747,990.0,220,990,1.999623584994939,2.002465459291007,True,True,True,True,True,True,True,False,True,EN_AMBOS
VP_o_VF_EJERCIDA,Departamento,piura,1,Piura,14.2,2.2,9.9,18.4,0.154,658.0,Piura,14.151889315220718,2.18356142040932,9.867430087997835,18.4363485424436,0.1542946932223985,658.0,96,658,2.026192463029109,2.0422724563012378,True,True,True,True,True,True,True,False,True,EN_AMBOS
VP_o_VF_EJERCIDA,Departamento,puno,1,Puno,15.5,1.4,12.8,18.2,0.088,979.0,Puno,15.477601831387863,1.3637861962789022,12.801658623199552,18.153545039576173,0.0881135340691609,979.0,176,979,2.000995378088267,2.004879288188057,True,True,True,True,True,True,True,False,True,EN_AMBOS
VP_o_VF_EJERCIDA,Departamento,region lima,1,Región Lima,17.5,1.6,14.4,20.5,0.089,679.0,Región Lima,17.465425647512458,1.5621273286252055,14.400308822921062,20.530542472103853,0.0894411255787341,679.0,123,679,2.026192463029109,2.0280940009804507,True,True,True,True,True,True,True,False,True,EN_AMBOS
VP_o_VF_EJERCIDA,Departamento,san martin,1,San Martín,13.9,1.9,10.2,17.6,0.136,649.0,San Martín,13.888561204168203,1.895076685278298,10.170150210712595,17.60697219762381,0.1364487406160943,649.0,93,649,2.0226909200367604,2.0422724563012378,True,True,True,True,True,True,True,False,True,EN_AMBOS
VP_o_VF_EJERCIDA,Departamento,tacna,1,Tacna,18.0,1.6,14.9,21.1,0.088,659.0,Tacna,17.981861949917732,1.574525085981707,14.892418955516568,21.071304944318896,0.0875618492882996,659.0,122,659,2.0345152974493383,2.0345152974493383,True,True,True,True,True,True,True,False,True,EN_AMBOS
VP_o_VF_EJERCIDA,Departamento,tumbes,1,Tumbes,18.7,2.2,14.5,22.9,0.115,677.0,Tumbes,18.69354464331609,2.158266480647115,14.458717698956091,22.9283715876761,0.1154551756677568,677.0,116,677,2.0301079282503425,2.032244509317718,True,True,True,True,True,True,True,False,True,EN_AMBOS
VP_o_VF_EJERCIDA,Departamento,ucayali,1,Ucayali,14.0,2.0,10.1,17.8,0.14,695.0,Ucayali,13.969537056766615,1.9570414122706468,10.129542423005184,17.809531690528043,0.140093505197632,695.0,104,695,2.0226909200367604,2.0345152974493383,True,True,True,True,True,True,True,False,True,EN_AMBOS
VP_o_VF_EJERCIDA,Discapacidad,bin_0,1,No,17.3,0.6,16.2,18.4,0.032,16778.0,0,17.32208263704275,0.5591428102820916,16.224964621283263,18.41920065280224,0.0322791907877394,16778.0,2945,16778,1.962142757779508,1.962600396315544,True,True,True,True,True,True,True,False,True,EN_AMBOS
VP_o_VF_EJERCIDA,Discapacidad,bin_1,1,Sí,19.7,1.7,16.4,23.0,0.086,2029.0,1,19.685703844300264,1.6874151104710693,16.374754505921747,22.996653182678777,0.0857177941828906,2029.0,443,2029,1.9640483976635408,1.969024973903276,True,True,True,True,True,True,True,False,True,EN_AMBOS
VP_o_VF_EJERCIDA,Etnicidad,etnicidad_1,1,Indígena andino,14.9,0.8,13.3,16.6,0.057,5249.0,1,14.939709384013028,0.8475882676591155,13.276620203046816,16.602798564979242,0.0567339193737007,5249.0,838,5249,1.9628366422266053,1.9656554636526025,True,True,True,True,True,True,True,False,True,EN_AMBOS
VP_o_VF_EJERCIDA,Etnicidad,etnicidad_3,1,Indígena amazónico/nativo,18.5,7.4,3.9,33.1,0.402,433.0,3,18.524715821962182,7.440632643529168,3.925132367163633,33.12429927676074,0.4016597455550623,433.0,69,433,1.978524491479245,2.0243941639119694,True,True,True,True,True,True,True,False,True,EN_AMBOS
VP_o_VF_EJERCIDA,Etnicidad,etnicidad_5,1,Afrodescendiente,17.7,2.0,13.9,21.6,0.111,1806.0,5,17.747244544086477,1.9654300046753077,13.89079029449028,21.603698793682675,0.1107456427837528,1806.0,351,1806,1.96362596651301,1.9701100622681027,True,True,True,True,True,True,True,False,True,EN_AMBOS
VP_o_VF_EJERCIDA,Etnicidad,etnicidad_6,1,No indígena ni afrodescendiente,18.8,0.7,17.3,20.2,0.04,8715.0,6,18.75250033478497,0.7478798294127866,17.285053343813296,20.21994732575664,0.0398816059757912,8715.0,1653,8715,1.962322551204167,1.9633061027532035,True,True,True,True,True,True,True,False,True,EN_AMBOS
VP_o_VF_EJERCIDA,Etnicidad,etnicidad_9,1,No sabe,17.4,1.3,14.8,20.1,0.077,2604.0,9,17.44340353674024,1.348887572886672,14.79669355454188,20.0901135189386,0.0773293795586149,2604.0,477,2604,1.9629115987173988,1.9676708853560143,True,True,True,True,True,True,True,False,True,EN_AMBOS
VP_o_VF_EJERCIDA,Lengua materna,idioma_1,1,Castellano,17.9,0.6,16.8,19.0,0.032,17498.0,1,17.888262813101306,0.5707468352458661,16.768376043798057,19.00814958240456,0.0319062192460551,17498.0,3213,17498,1.9621649940614452,1.962560005286588,True,True,True,True,True,True,True,False,True,EN_AMBOS
VP_o_VF_EJERCIDA,Lengua materna,idioma_3,1,Quechua/Aymara,12.8,1.5,9.9,15.7,0.114,958.0,3,12.811187136591649,1.46193593813606,9.942660123240389,15.679714149942908,0.1141140100873587,958.0,128,958,1.967404973747932,1.986674540703768,True,True,True,True,True,True,True,False,True,EN_AMBOS
VP_o_VF_EJERCIDA,Lengua materna,idioma_4,1,Otra lengua nativa,8.7,2.2,4.3,13.1,0.255,275.0,4,8.702635192472613,2.223068963438928,4.340656525816524,13.064613859128702,0.2554477941763871,275.0,32,275,2.00957523712924,2.144786687917804,True,True,True,True,True,True,True,False,True,EN_AMBOS
VP_o_VF_EJERCIDA,Nacional,national_single,1,Total,17.6,0.5,16.5,18.7,0.031,18807.0,Total,17.59283405365212,0.5471239062449893,16.54474708816641,18.69244465497069,0.0310992478287721,18807.0,3388,18807,1.962142757779508,1.9624828256980584,True,True,True,True,True,True,True,False,True,EN_AMBOS
VP_o_VF_EJERCIDA,Sexo,sexo_1,1,Mujer,16.3,0.7,14.8,17.7,0.045,9608.0,1,16.252508536386753,0.7330286396686831,14.813491933591816,17.691525139181692,0.0451024922108208,9608.0,1594,9608,1.962202376365632,1.9631110231182085,True,True,True,True,True,True,True,False,True,EN_AMBOS
VP_o_VF_EJERCIDA,Sexo,sexo_2,1,Hombre,19.0,0.7,17.5,20.5,0.039,9199.0,2,19.00092559516659,0.7489986708673608,17.530610033807474,20.471241156525707,0.0394190623565143,9199.0,1794,9199,1.9622476264013184,1.96304161615728,True,True,True,True,True,True,True,False,True,EN_AMBOS
VP_o_VF_EJERCIDA,Tipo de hogar,hogar_1,1,Biparental,17.4,0.8,15.9,18.9,0.043,13464.0,1,17.374893116357367,0.7532929205796306,15.896824867755472,18.852961364959263,0.0433552549379686,13464.0,2395,13464,1.962142757779508,1.962707095252552,True,True,True,True,True,True,True,False,True,EN_AMBOS
VP_o_VF_EJERCIDA,Tipo de hogar,hogar_2,1,Monoparental,17.8,1.1,15.7,20.0,0.061,4397.0,2,17.84430112395086,1.096049130760866,15.6936962598579,19.99490598804382,0.0614229228226671,4397.0,806,4397,1.962322551204167,1.9646726387396167,True,True,True,True,True,True,True,False,True,EN_AMBOS
VP_o_VF_EJERCIDA,Tipo de hogar,hogar_3,1,Sin figuras parentales,19.4,2.1,15.3,23.6,0.109,929.0,3,19.43145085379558,2.12188490096941,15.268009762516764,23.5948919450744,0.1091984801821907,929.0,181,929,1.9642398045825584,1.9774312123081657,True,True,True,True,True,True,True,False,True,EN_AMBOS
VP_o_VF_EJERCIDA,Área,area_1,1,Urbana,18.9,0.6,17.7,20.2,0.034,15576.0,1,18.933665661453837,0.6378941671860665,17.6820262410799,20.185305081827764,0.0336910019745793,15576.0,2964,15576,1.9630738928941311,1.9631967955598617,True,True,True,True,True,True,True,False,True,EN_AMBOS
VP_o_VF_EJERCIDA,Área,area_2,1,Rural,12.5,0.9,10.8,14.3,0.073,3231.0,2,12.548344119411666,0.9125888339346968,10.757714548076256,14.338973690747078,0.0727258373894103,3231.0,424,3231,1.967850227366019,1.972940542389358,True,True,True,True,True,True,True,False,True,EN_AMBOS
VP_o_VF_EJERCIDA,Área y sexo,area_1_sexo_1,1,Urbano Mujer,17.5,0.9,15.8,19.2,0.049,7990.0,Urbano Mujer,17.498887597488327,0.8586216964394655,15.813244234440196,19.18453096053646,0.0490672159390695,7990.0,1391,7990,1.9631967955598617,1.9638477917083184,True,True,True,True,True,True,True,False,True,EN_AMBOS
VP_o_VF_EJERCIDA,Área y sexo,area_1_sexo_2,1,Urbano Hombre,20.5,0.9,18.7,22.2,0.044,7586.0,Urbano Hombre,20.47417182550284,0.8927676583834585,18.72141235348253,22.226931297523137,0.0436045797599206,7586.0,1573,7586,1.9632873744486168,1.963791396699176,True,True,True,True,True,True,True,False,True,EN_AMBOS
VP_o_VF_EJERCIDA,Área y sexo,area_2_sexo_1,1,Rural Mujer,11.3,1.2,9.0,13.6,0.103,1618.0,Rural Mujer,11.31641310665849,1.1682457675537363,9.01748040735848,13.6153458059585,0.1032346342028066,1618.0,203,1618,1.967850227366019,1.98009987645692,True,True,True,True,True,True,True,False,True,EN_AMBOS
VP_o_VF_EJERCIDA,Área y sexo,area_2_sexo_2,1,Rural Hombre,13.7,1.2,11.3,16.1,0.089,1613.0,Rural Hombre,13.740822726230892,1.2241387364122434,11.331868835807512,16.149776616654272,0.0890877322851558,1613.0,221,1613,1.9678765312856947,1.9788195347028403,True,True,True,True,True,True,True,False,True,EN_AMBOS
VP_o_VF_ESCUELA,Nacional,national_single,1,Total,100.0,0.0,100.0,100.0,0.0,8044.0,Total,100.0,0.0,100.0,100.0,0.0,8044.0,8044,8044,1.9621649940614452,1.9621649940614452,True,True,True,True,True,True,True,False,True,EN_AMBOS
VP_o_VF_HOGAR__VP_o_VF_HOGAR,Departamento,amazonas,1,Amazonas,31.5,2.9,25.8,37.2,0.093,907.0,Amazonas,31.47670907786004,2.915957702066566,25.75518379075875,37.19823436496132,0.0926385822245179,907.0,282,907,2.000995378088267,2.002465459291007,True,True,True,True,True,True,True,False,True,EN_AMBOS
VP_o_VF_HOGAR__VP_o_VF_HOGAR,Departamento,ancash,1,Áncash,33.1,2.7,27.8,38.5,0.0819999999999999,705.0,Áncash,33.14901168295756,2.707233787762571,27.837032512683248,38.46099085323187,0.0816686124357186,705.0,236,705,2.016692199227824,2.0180817028184443,True,True,True,True,True,True,True,False,True,EN_AMBOS
VP_o_VF_HOGAR__VP_o_VF_HOGAR,Departamento,apurimac,1,Apurímac,40.1,2.7,34.8,45.4,0.068,698.0,Apurímac,40.108834638664845,2.714729288444865,34.78214822601084,45.43552105131886,0.0676840729206296,698.0,288,698,2.016692199227824,2.016692199227824,True,True,True,True,True,True,True,False,True,EN_AMBOS
VP_o_VF_HOGAR__VP_o_VF_HOGAR,Departamento,arequipa,1,Arequipa,37.2,1.7,33.9,40.6,0.046,760.0,Arequipa,37.2369902130484,1.7159275295379726,33.870095438090985,40.603884988005824,0.0460812627368762,760.0,276,760,2.0226909200367604,2.0226909200367604,True,True,True,True,True,True,True,False,True,EN_AMBOS
VP_o_VF_HOGAR__VP_o_VF_HOGAR,Departamento,ayacucho,1,Ayacucho,29.7,3.0,23.9,35.6,0.1,650.0,Ayacucho,29.70964120938981,2.9783843879623864,23.865625852665868,35.55365656611376,0.1002497595636079,650.0,199,650,2.0210753903062733,2.0243941639119694,True,True,True,True,True,True,True,False,True,EN_AMBOS
VP_o_VF_HOGAR__VP_o_VF_HOGAR,Departamento,cajamarca,1,Cajamarca,25.1,2.5,20.2,30.0,0.099,783.0,Cajamarca,25.133133873309944,2.490143834159163,20.247116183285247,30.01915156333464,0.0990781271731323,783.0,199,783,2.004044783289145,2.00957523712924,True,True,True,True,True,True,True,False,True,EN_AMBOS
VP_o_VF_HOGAR__VP_o_VF_HOGAR,Departamento,callao,1,Callao,33.9,2.5,29.1,38.7,0.073,610.0,Callao,33.87779675027504,2.4565838665618145,29.05762850762279,38.69796499292728,0.0725130941858511,610.0,196,610,2.0422724563012378,2.0422724563012378,True,True,True,True,True,True,True,False,True,EN_AMBOS
VP_o_VF_HOGAR__VP_o_VF_HOGAR,Departamento,cusco,1,Cusco,29.4,2.5,24.5,34.2,0.084,716.0,Cusco,29.3638811935544,2.459502401942112,24.537986367842382,34.18977601926642,0.0837594453447792,716.0,218,716,2.016692199227824,2.0180817028184443,True,True,True,True,True,True,True,False,True,EN_AMBOS
VP_o_VF_HOGAR__VP_o_VF_HOGAR,Departamento,huancavelica,1,Huancavelica,21.9,2.8,16.4,27.4,0.128,771.0,Huancavelica,21.87365781464437,2.79678818169403,16.38596013889012,27.36135549039864,0.127861019194585,771.0,160,771,2.0057459953178687,2.016692199227824,True,True,True,True,True,True,True,False,True,EN_AMBOS
VP_o_VF_HOGAR__VP_o_VF_HOGAR,Departamento,huanuco,1,Huánuco,22.9,2.3,18.4,27.4,0.1009999999999999,687.0,Huánuco,22.919994778515854,2.305105513712133,18.39704868886798,27.442940868163728,0.1005718167035898,687.0,183,687,2.016692199227824,2.019540970441376,True,True,True,True,True,True,True,False,True,EN_AMBOS
VP_o_VF_HOGAR__VP_o_VF_HOGAR,Departamento,ica,1,Ica,30.3,2.2,26.0,34.6,0.072,716.0,Ica,30.32689758196564,2.196260403464042,26.017521137110773,34.63627402682051,0.07241955421019,716.0,212,716,2.026192463029109,2.026192463029109,True,True,True,True,True,True,True,False,True,EN_AMBOS
VP_o_VF_HOGAR__VP_o_VF_HOGAR,Departamento,junin,1,Junín,39.4,2.3,34.9,43.8,0.0579999999999999,696.0,Junín,39.3621876673665,2.269879693851869,34.90835966504429,43.81601566968871,0.0576665025082873,696.0,272,696,2.0226909200367604,2.0226909200367604,True,True,True,True,True,True,True,False,True,EN_AMBOS
VP_o_VF_HOGAR__VP_o_VF_HOGAR,Departamento,la libertad,1,La Libertad,33.9,2.4,29.1,38.7,0.072,687.0,La Libertad,33.90284352960798,2.436481376853153,29.12211924155092,38.68356781766504,0.0718665788232579,687.0,252,687,2.0226909200367604,2.0243941639119694,True,True,True,True,True,True,True,False,True,EN_AMBOS
VP_o_VF_HOGAR__VP_o_VF_HOGAR,Departamento,lambayeque,1,Lambayeque,27.8,2.0,23.8,31.8,0.073,651.0,Lambayeque,27.781828392535346,2.039319549328036,23.780392308023167,31.78326447704752,0.0734047997314668,651.0,192,651,2.0301079282503425,2.032244509317718,True,True,True,True,True,True,True,False,True,EN_AMBOS
VP_o_VF_HOGAR__VP_o_VF_HOGAR,Departamento,lima metropolitana,1,Lima Metropolitana,37.6,1.8,34.1,41.1,0.048,796.0,Lima Metropolitana,37.58721656919784,1.8008030554675185,34.05378389572504,41.12064924267064,0.047909986954002,796.0,300,796,2.0210753903062733,2.0210753903062733,True,True,True,True,True,True,True,False,True,EN_AMBOS
VP_o_VF_HOGAR__VP_o_VF_HOGAR,Departamento,loreto,1,Loreto,37.1,2.3,32.5,41.7,0.063,674.0,Loreto,37.08537293931655,2.32991702795916,32.51374311667933,41.65700276195376,0.0628257677702646,674.0,265,674,2.019540970441376,2.019540970441376,True,True,True,True,True,True,True,False,True,EN_AMBOS
VP_o_VF_HOGAR__VP_o_VF_HOGAR,Departamento,madre de dios,1,Madre de Dios,31.4,3.2,25.2,37.6,0.1009999999999999,644.0,Madre de Dios,31.38816837993721,3.16619563156431,25.175640551750185,37.60069620812423,0.1008722647731203,644.0,203,644,2.0301079282503425,2.032244509317718,True,True,True,True,True,True,True,False,True,EN_AMBOS
VP_o_VF_HOGAR__VP_o_VF_HOGAR,Departamento,moquegua,1,Moquegua,34.1,2.3,29.7,38.6,0.067,670.0,Moquegua,34.13202790104861,2.2705733032195,29.676838938128974,38.58721686396825,0.0665232464300705,670.0,234,670,2.0301079282503425,2.0301079282503425,True,True,True,True,True,True,True,False,True,EN_AMBOS
VP_o_VF_HOGAR__VP_o_VF_HOGAR,Departamento,pasco,1,Pasco,34.0,1.5,31.1,36.9,0.044,990.0,Pasco,33.988904960166145,1.4927934591351215,31.059831085463543,36.91797883486874,0.0439200221626623,990.0,361,990,1.999623584994939,1.999623584994939,True,True,True,True,True,True,True,False,True,EN_AMBOS
VP_o_VF_HOGAR__VP_o_VF_HOGAR,Departamento,piura,1,Piura,34.9,2.8,29.3,40.4,0.081,658.0,Piura,34.8585857042487,2.808950787480186,29.347023259635414,40.370148148862,0.0805813182242164,658.0,234,658,2.026192463029109,2.026192463029109,True,True,True,True,True,True,True,False,True,EN_AMBOS
VP_o_VF_HOGAR__VP_o_VF_HOGAR,Departamento,puno,1,Puno,39.8,2.1,35.6,43.9,0.053,979.0,Puno,39.759609981318725,2.106491519562497,35.62637290188522,43.892847060752224,0.0529806887077676,979.0,390,979,2.000995378088267,2.000995378088267,True,True,True,True,True,True,True,False,True,EN_AMBOS
VP_o_VF_HOGAR__VP_o_VF_HOGAR,Departamento,region lima,1,Región Lima,34.9,2.0,31.0,38.8,0.057,679.0,Región Lima,34.88469595047814,1.980004388027522,30.99964468013829,38.76974722081799,0.0567585393560061,679.0,240,679,2.026192463029109,2.026192463029109,True,True,True,True,True,True,True,False,True,EN_AMBOS
VP_o_VF_HOGAR__VP_o_VF_HOGAR,Departamento,san martin,1,San Martín,19.2,2.2,14.9,23.5,0.114,649.0,San Martín,19.21532912910088,2.2000471233106627,14.898522599323224,23.532135658878538,0.1144943762622715,649.0,139,649,2.0226909200367604,2.026192463029109,True,True,True,True,True,True,True,False,True,EN_AMBOS
VP_o_VF_HOGAR__VP_o_VF_HOGAR,Departamento,tacna,1,Tacna,30.6,2.3,26.0,35.2,0.077,659.0,Tacna,30.56658263444818,2.339734713577081,25.9756891110776,35.15747615781876,0.076545511860401,659.0,215,659,2.0345152974493383,2.0345152974493383,True,True,True,True,True,True,True,False,True,EN_AMBOS
VP_o_VF_HOGAR__VP_o_VF_HOGAR,Departamento,tumbes,1,Tumbes,36.7,3.1,30.7,42.7,0.084,677.0,Tumbes,36.72028390118929,3.070848862481582,30.69484004543562,42.74572775694297,0.0836281350859088,677.0,239,677,2.0301079282503425,2.0301079282503425,True,True,True,True,True,True,True,False,True,EN_AMBOS
VP_o_VF_HOGAR__VP_o_VF_HOGAR,Departamento,ucayali,1,Ucayali,28.2,2.9,22.6,33.8,0.1009999999999999,695.0,Ucayali,28.196355052100515,2.852752694255769,22.598847013330577,33.793863090870445,0.101174520216692,695.0,204,695,2.0226909200367604,2.0243941639119694,True,True,True,True,True,True,True,False,True,EN_AMBOS
VP_o_VF_HOGAR__VP_o_VF_HOGAR,Discapacidad,bin_0,1,No,32.5,0.7,31.1,33.9,0.022,16778.0,0,32.546164581824655,0.713084621114893,31.14692377702558,33.945405386623726,0.0219099433151983,16778.0,5364,16778,1.962142757779508,1.962236687437444,True,True,True,True,True,True,True,False,True,EN_AMBOS
VP_o_VF_HOGAR__VP_o_VF_HOGAR,Discapacidad,bin_1,1,Sí,41.2,1.7,37.8,44.7,0.042,2029.0,1,41.23721102901017,1.7485868980509252,37.79942954777892,44.67499251024142,0.042403131890292,2029.0,825,2029,1.9640483976635408,1.96603410734874,True,True,True,True,True,True,True,False,True,EN_AMBOS
VP_o_VF_HOGAR__VP_o_VF_HOGAR,Etnicidad,etnicidad_1,1,Indígena andino,31.9,1.2,29.5,34.2,0.037,5249.0,1,31.853669302434906,1.181669726476345,29.53506460654205,34.17227399832775,0.0370968165474744,5249.0,1676,5249,1.9628366422266053,1.9639724806618672,True,True,True,True,True,True,True,False,True,EN_AMBOS
VP_o_VF_HOGAR__VP_o_VF_HOGAR,Etnicidad,etnicidad_3,1,Indígena amazónico/nativo,27.2,3.5,20.4,34.0,0.127,433.0,3,27.214788311846966,3.4644425245953854,20.417057502468776,34.012519121225154,0.1272999989894195,433.0,139,433,1.978524491479245,1.993463566661872,True,True,True,True,True,True,True,False,True,EN_AMBOS
VP_o_VF_HOGAR__VP_o_VF_HOGAR,Etnicidad,etnicidad_5,1,Afrodescendiente,36.6,2.0,32.6,40.6,0.0559999999999999,1806.0,5,36.61941402079791,2.0454065386270006,32.60603439431608,40.63279364727973,0.0558557965309143,1806.0,627,1806,1.96362596651301,1.9666312043657344,True,True,True,True,True,True,True,False,True,EN_AMBOS
VP_o_VF_HOGAR__VP_o_VF_HOGAR,Etnicidad,etnicidad_6,1,No indígena ni afrodescendiente,34.6,1.0,32.6,36.5,0.0289999999999999,8715.0,6,34.554354402493864,1.0025409114648784,32.58722601368539,36.52148279130234,0.0290134464613965,8715.0,2887,8715,1.962322551204167,1.9627424358816556,True,True,True,True,True,True,True,False,True,EN_AMBOS
VP_o_VF_HOGAR__VP_o_VF_HOGAR,Etnicidad,etnicidad_9,1,No sabe,31.4,1.8,27.7,35.0,0.059,2604.0,9,31.355216738645712,1.841570278703426,27.741792953345797,34.96864052394563,0.0587325003699836,2604.0,860,2604,1.9629115987173988,1.965034988774587,True,True,True,True,True,True,True,False,True,EN_AMBOS
VP_o_VF_HOGAR__VP_o_VF_HOGAR,Lengua materna,idioma_1,1,Castellano,33.8,0.7,32.5,35.2,0.02,17498.0,1,33.82318625451589,0.6767022948836651,32.49539974743713,35.150972761594645,0.0200070534393641,17498.0,5795,17498,1.9621649940614452,1.9622901727171849,True,True,True,True,True,True,True,False,True,EN_AMBOS
VP_o_VF_HOGAR__VP_o_VF_HOGAR,Lengua materna,idioma_3,1,Quechua/Aymara,28.5,2.3,24.0,32.9,0.08,958.0,3,28.47937489259153,2.2676553326509468,24.029911404490395,32.92883838069267,0.0796244770541239,958.0,275,958,1.967404973747932,1.9741004473989736,True,True,True,True,True,True,True,False,True,EN_AMBOS
VP_o_VF_HOGAR__VP_o_VF_HOGAR,Lengua materna,idioma_4,1,Otra lengua nativa,29.5,4.2,21.2,37.8,0.143,275.0,4,29.513776038942563,4.222086219215574,21.22944014118806,37.79811193669707,0.1430547624148348,275.0,97,275,2.00957523712924,2.026192463029109,True,True,True,True,True,True,True,False,True,EN_AMBOS
VP_o_VF_HOGAR__VP_o_VF_HOGAR,Nacional,national_single,1,Total,33.5,0.6,32.3,34.8,0.019,18807.0,Total,33.54171883145148,0.6484349075909505,32.28157674233426,34.82575424461532,0.0193321907815566,18807.0,6189,18807,1.962142757779508,1.9622044904276708,True,True,True,True,True,True,True,False,True,EN_AMBOS
VP_o_VF_HOGAR__VP_o_VF_HOGAR,Sexo,sexo_1,1,Mujer,38.9,0.9,37.1,40.8,0.024,9608.0,1,38.94871398436492,0.9352413458756462,37.11346660526672,40.78396136346312,0.024012123898393,9608.0,3716,9608,1.962202376365632,1.9623248984783652,True,True,True,True,True,True,True,False,True,EN_AMBOS
VP_o_VF_HOGAR__VP_o_VF_HOGAR,Sexo,sexo_2,1,Hombre,27.9,0.8,26.2,29.5,0.03,9199.0,2,27.861349367650725,0.8245322016215874,26.24307272666761,29.47962600863384,0.0295941230534561,9199.0,2473,9199,1.9622476264013184,1.962660327638503,True,True,True,True,True,True,True,False,True,EN_AMBOS
VP_o_VF_HOGAR__VP_o_VF_HOGAR,Tipo de hogar,hogar_1,1,Biparental,33.6,0.8,32.1,35.1,0.022,13464.0,1,33.57045887371117,0.7544273256203008,32.09016476047433,35.050752986948005,0.0224729524388803,13464.0,4519,13464,1.962142757779508,1.96225424047134,True,True,True,True,True,True,True,False,True,EN_AMBOS
VP_o_VF_HOGAR__VP_o_VF_HOGAR,Tipo de hogar,hogar_2,1,Monoparental,35.9,1.3,33.3,38.5,0.037,4397.0,2,35.861013813696886,1.3253410050862149,33.26050555897876,38.461522068415015,0.0369577115686564,4397.0,1471,4397,1.962322551204167,1.963339390254202,True,True,True,True,True,True,True,False,True,EN_AMBOS
VP_o_VF_HOGAR__VP_o_VF_HOGAR,Tipo de hogar,hogar_3,1,Sin figuras parentales,21.1,2.4,16.4,25.8,0.113,929.0,3,21.117815054185066,2.387862463889194,16.43248801409135,25.803142094278776,0.1130733675696234,929.0,194,929,1.9642398045825584,1.9763456545938063,True,True,True,True,True,True,True,False,True,EN_AMBOS
VP_o_VF_HOGAR__VP_o_VF_HOGAR,Área,area_1,1,Urbana,35.3,0.7,33.9,36.8,0.021,15576.0,1,35.32999861579764,0.7395432598664636,33.878202315982705,36.78179491561258,0.0209324451978829,15576.0,5263,15576,1.9630738928941311,1.963098548254076,True,True,True,True,True,True,True,False,True,EN_AMBOS
VP_o_VF_HOGAR__VP_o_VF_HOGAR,Área,area_2,1,Rural,26.8,1.1,24.6,29.0,0.0409999999999999,3231.0,2,26.81383494263884,1.1049076400913005,24.638786714278957,28.98888317099873,0.0412066249551755,3231.0,926,3231,1.967850227366019,1.9685339746407768,True,True,True,True,True,True,True,False,True,EN_AMBOS
VP_o_VF_HOGAR__VP_o_VF_HOGAR,Área y sexo,area_1_sexo_1,1,Urbana - Mujer,40.5,1.1,38.4,42.7,0.027,7990.0,Urbano Mujer,40.518313243911166,1.1004872432859245,38.35784021433773,42.6787862734846,0.0271602432376994,7990.0,3157,7990,1.9631967955598617,1.963259672266856,True,True,True,True,True,True,True,False,True,EN_AMBOS
VP_o_VF_HOGAR__VP_o_VF_HOGAR,Área y sexo,area_1_sexo_2,1,Urbana - Hombre,29.8,1.0,27.9,31.6,0.032,7586.0,Urbano Hombre,29.75935959756225,0.9507756692781048,27.89271373013561,31.62600546498889,0.0319487946694924,7586.0,2106,7586,1.9632873744486168,1.9635377008920107,True,True,True,True,True,True,True,False,True,EN_AMBOS
VP_o_VF_HOGAR__VP_o_VF_HOGAR,Área y sexo,area_2_sexo_1,1,Rural - Mujer,32.7,1.5,29.8,35.7,0.046,1618.0,Rural Mujer,32.73255393053384,1.4917698625409477,29.796974267354862,35.66813359371282,0.0455745025489558,1618.0,559,1618,1.967850227366019,1.9690947240422112,True,True,True,True,True,True,True,False,True,EN_AMBOS
VP_o_VF_HOGAR__VP_o_VF_HOGAR,Área y sexo,area_2_sexo_2,1,Rural - Hombre,21.1,1.4,18.4,23.8,0.065,1613.0,Rural Hombre,21.08466204271637,1.366527901055926,18.39550385688132,23.77382022855143,0.0648114680845922,1613.0,367,1613,1.9678765312856947,1.9723964913155796,True,True,True,True,True,True,True,False,True,EN_AMBOS
VP_o_VF_o_VS_HOGAR,Departamento,amazonas,1,Amazonas,32.1,2.9,26.3,37.8,0.092,907.0,Amazonas,32.05486527139013,2.949939011362044,26.26666380435485,37.8430667384254,0.0920278087705752,907.0,288,907,2.000995378088267,2.002465459291007,True,True,True,True,True,True,True,False,True,EN_AMBOS
VP_o_VF_o_VS_HOGAR,Departamento,ancash,1,Áncash,33.7,2.8,28.3,39.2,0.0819999999999999,705.0,Áncash,33.747209100696345,2.7724541287187163,28.307258310755024,39.18715989063767,0.0821535825509644,705.0,239,705,2.016692199227824,2.0180817028184443,True,True,True,True,True,True,True,False,True,EN_AMBOS
VP_o_VF_o_VS_HOGAR,Departamento,apurimac,1,Apurímac,40.2,2.7,34.9,45.6,0.067,698.0,Apurímac,40.24186253456533,2.7118150564590624,34.920894261096755,45.56283080803391,0.0673879111368112,698.0,289,698,2.016692199227824,2.016692199227824,True,True,True,True,True,True,True,False,True,EN_AMBOS
VP_o_VF_o_VS_HOGAR,Departamento,arequipa,1,Arequipa,37.2,1.7,33.9,40.6,0.046,760.0,Arequipa,37.2369902130484,1.7159275295379726,33.870095438090985,40.603884988005824,0.0460812627368762,760.0,276,760,2.0226909200367604,2.0226909200367604,True,True,True,True,True,True,True,False,True,EN_AMBOS
VP_o_VF_o_VS_HOGAR,Departamento,ayacucho,1,Ayacucho,30.1,3.1,24.1,36.1,0.102,650.0,Ayacucho,30.076286108710143,3.0628217037824386,24.066592684263536,36.085979533156745,0.1018351033339665,650.0,202,650,2.0210753903062733,2.0243941639119694,True,True,True,True,True,True,True,False,True,EN_AMBOS
VP_o_VF_o_VS_HOGAR,Departamento,cajamarca,1,Cajamarca,27.2,2.5,22.4,32.0,0.09,783.0,Cajamarca,27.198772344230942,2.4553080731668926,22.38110739034897,32.01643729811292,0.0902727535674117,783.0,207,783,2.004044783289145,2.0085591121007607,True,True,True,True,True,True,True,False,True,EN_AMBOS
VP_o_VF_o_VS_HOGAR,Departamento,callao,1,Callao,34.2,2.5,29.4,39.0,0.072,610.0,Callao,34.17852653475233,2.455156666596764,29.361158662175413,38.995894407329246,0.0718333092592622,610.0,199,610,2.0422724563012378,2.0422724563012378,True,True,True,True,True,True,True,False,True,EN_AMBOS
VP_o_VF_o_VS_HOGAR,Departamento,cusco,1,Cusco,30.4,2.4,25.6,35.2,0.08,716.0,Cusco,30.397271666613413,2.4223519278362304,25.644271374616324,35.1502719586105,0.0796897811883821,716.0,224,716,2.016692199227824,2.0180817028184443,True,True,True,True,True,True,True,False,True,EN_AMBOS
VP_o_VF_o_VS_HOGAR,Departamento,huancavelica,1,Huancavelica,21.9,2.8,16.4,27.4,0.128,771.0,Huancavelica,21.919396500667183,2.8118689465891715,16.402108211292145,27.43668479004222,0.1282822246727269,771.0,161,771,2.0057459953178687,2.016692199227824,True,True,True,True,True,True,True,False,True,EN_AMBOS
VP_o_VF_o_VS_HOGAR,Departamento,huanuco,1,Huánuco,23.2,2.3,18.6,27.7,0.1,687.0,Huánuco,23.15391205284261,2.3177913307019287,18.60607457926169,27.701749526423527,0.1001036596067303,687.0,185,687,2.016692199227824,2.019540970441376,True,True,True,True,True,True,True,False,True,EN_AMBOS
VP_o_VF_o_VS_HOGAR,Departamento,ica,1,Ica,30.7,2.2,26.4,34.9,0.071,716.0,Ica,30.66740342330509,2.1668224054556835,26.41578853304585,34.91901831356433,0.0706555548752148,716.0,214,716,2.026192463029109,2.026192463029109,True,True,True,True,True,True,True,False,True,EN_AMBOS
VP_o_VF_o_VS_HOGAR,Departamento,junin,1,Junín,39.9,2.3,35.4,44.4,0.057,696.0,Junín,39.883378917082254,2.2856298124315777,35.3986469336547,44.36811090050981,0.057307827834332,696.0,276,696,2.0226909200367604,2.0226909200367604,True,True,True,True,True,True,True,False,True,EN_AMBOS
VP_o_VF_o_VS_HOGAR,Departamento,la libertad,1,La Libertad,34.3,2.5,29.4,39.3,0.074,687.0,La Libertad,34.34502441252324,2.53065364762192,29.37952068539359,39.31052813965288,0.0736832682727448,687.0,257,687,2.0226909200367604,2.0243941639119694,True,True,True,True,True,True,True,False,True,EN_AMBOS
VP_o_VF_o_VS_HOGAR,Departamento,lambayeque,1,Lambayeque,28.5,2.2,24.2,32.9,0.078,651.0,Lambayeque,28.53965803682168,2.221591002159826,24.18057934118566,32.8987367324577,0.0778422432144612,651.0,195,651,2.0301079282503425,2.032244509317718,True,True,True,True,True,True,True,False,True,EN_AMBOS
VP_o_VF_o_VS_HOGAR,Departamento,lima metropolitana,1,Lima Metropolitana,38.3,1.9,34.7,42.0,0.049,796.0,Lima Metropolitana,38.345547155088624,1.8635770298527217,34.688942982398856,42.00215132777839,0.0485995680884531,796.0,306,796,2.0210753903062733,2.0210753903062733,True,True,True,True,True,True,True,False,True,EN_AMBOS
VP_o_VF_o_VS_HOGAR,Departamento,loreto,1,Loreto,39.2,2.2,34.8,43.5,0.057,674.0,Loreto,39.15403740418711,2.2302848938305515,34.77790005197245,43.53017475640176,0.0569618113914363,674.0,274,674,2.019540970441376,2.019540970441376,True,True,True,True,True,True,True,False,True,EN_AMBOS
VP_o_VF_o_VS_HOGAR,Departamento,madre de dios,1,Madre de Dios,31.8,3.3,25.4,38.2,0.103,644.0,Madre de Dios,31.780694669658796,3.274728389787712,25.355210075941887,38.2061792633757,0.1030414351802735,644.0,206,644,2.0301079282503425,2.032244509317718,True,True,True,True,True,True,True,False,True,EN_AMBOS
VP_o_VF_o_VS_HOGAR,Departamento,moquegua,1,Moquegua,34.4,2.3,29.9,38.9,0.067,670.0,Moquegua,34.4454341410317,2.2919346681000663,29.948331130715367,38.94253715134802,0.0665381269028597,670.0,236,670,2.0301079282503425,2.0301079282503425,True,True,True,True,True,True,True,False,True,EN_AMBOS
VP_o_VF_o_VS_HOGAR,Departamento,pasco,1,Pasco,34.5,1.5,31.5,37.5,0.044,990.0,Pasco,34.50187987750684,1.5300310901521683,31.499740454787272,37.5040193002264,0.0443463108556486,990.0,366,990,1.999623584994939,1.999623584994939,True,True,True,True,True,True,True,False,True,EN_AMBOS
VP_o_VF_o_VS_HOGAR,Departamento,piura,1,Piura,35.1,2.8,29.6,40.6,0.08,658.0,Piura,35.08573835914829,2.795460759415062,29.600645275405224,40.57083144289136,0.0796751298433533,658.0,237,658,2.026192463029109,2.026192463029109,True,True,True,True,True,True,True,False,True,EN_AMBOS
VP_o_VF_o_VS_HOGAR,Departamento,puno,1,Puno,40.4,2.3,35.9,45.0,0.0579999999999999,979.0,Puno,40.43198203776961,2.3282292783648058,35.8636638207759,45.00030025476332,0.057583852213574,979.0,394,979,2.000995378088267,2.000995378088267,True,True,True,True,True,True,True,False,True,EN_AMBOS
VP_o_VF_o_VS_HOGAR,Departamento,region lima,1,Región Lima,35.8,2.0,31.9,39.8,0.0559999999999999,679.0,Región Lima,35.81618985710438,2.0087406594662784,31.87475391987539,39.75762579433337,0.0560847110616885,679.0,245,679,2.026192463029109,2.026192463029109,True,True,True,True,True,True,True,False,True,EN_AMBOS
VP_o_VF_o_VS_HOGAR,Departamento,san martin,1,San Martín,20.3,2.1,16.2,24.3,0.102,649.0,San Martín,20.25647573422848,2.070922699774804,16.193029756944167,24.3199217115128,0.1022350939495092,649.0,146,649,2.0226909200367604,2.0243941639119694,True,True,True,True,True,True,True,False,True,EN_AMBOS
VP_o_VF_o_VS_HOGAR,Departamento,tacna,1,Tacna,30.7,2.3,26.2,35.3,0.076,659.0,Tacna,30.74784404597081,2.336131588526908,26.1640203683228,35.331667723618814,0.075977085906712,659.0,217,659,2.0345152974493383,2.0345152974493383,True,True,True,True,True,True,True,False,True,EN_AMBOS
VP_o_VF_o_VS_HOGAR,Departamento,tumbes,1,Tumbes,37.4,3.0,31.6,43.3,0.08,677.0,Tumbes,37.4495669585188,3.0033678872502607,31.556530409603155,43.34260350743444,0.0801976666533142,677.0,244,677,2.0301079282503425,2.0301079282503425,True,True,True,True,True,True,True,False,True,EN_AMBOS
VP_o_VF_o_VS_HOGAR,Departamento,ucayali,1,Ucayali,29.4,3.0,23.6,35.3,0.1009999999999999,695.0,Ucayali,29.449221229970647,2.960001288037747,23.64127613962936,35.257166320311924,0.1005120395178849,695.0,213,695,2.0226909200367604,2.0243941639119694,True,True,True,True,True,True,True,False,True,EN_AMBOS
VP_o_VF_o_VS_HOGAR,Discapacidad,bin_0,1,No,33.2,0.7,31.8,34.6,0.022,16778.0,0,33.16213192930567,0.7159274250973487,31.77267265739485,34.58155590751011,0.021588703242106,16778.0,5454,16778,1.962142757779508,1.9622280114330743,True,True,True,True,True,True,True,False,True,EN_AMBOS
VP_o_VF_o_VS_HOGAR,Discapacidad,bin_1,1,Sí,42.8,1.7,39.5,46.1,0.04,2029.0,1,42.77702772990315,1.6900769075180675,39.497955702952616,46.12080708904607,0.0395089840787751,2029.0,842,2029,1.9640483976635408,1.965987866067301,True,True,True,True,True,True,True,False,True,EN_AMBOS
VP_o_VF_o_VS_HOGAR,Etnicidad,etnicidad_1,1,Indígena andino,32.4,1.2,30.1,34.8,0.037,5249.0,1,32.421307074413455,1.1947170192440555,30.077101727507817,34.7655124213191,0.0368497487316578,5249.0,1695,5249,1.9628366422266053,1.963952263347006,True,True,True,True,True,True,True,False,True,EN_AMBOS
VP_o_VF_o_VS_HOGAR,Etnicidad,etnicidad_3,1,Indígena amazónico/nativo,29.8,3.9,22.3,37.4,0.129,433.0,3,29.845725661580964,3.864486827460965,22.263050820544123,37.428400502617805,0.1294820863556868,433.0,150,433,1.978524491479245,1.992543495180932,True,True,True,True,True,True,True,False,True,EN_AMBOS
VP_o_VF_o_VS_HOGAR,Etnicidad,etnicidad_5,1,Afrodescendiente,36.9,2.0,32.9,40.9,0.055,1806.0,5,36.87897012220169,2.0444298817382194,32.86750683596103,40.89043340844236,0.0554361977832846,1806.0,634,1806,1.96362596651301,1.9665570854591856,True,True,True,True,True,True,True,False,True,EN_AMBOS
VP_o_VF_o_VS_HOGAR,Etnicidad,etnicidad_6,1,No indígena ni afrodescendiente,35.0,1.0,33.1,37.0,0.0289999999999999,8715.0,6,35.04228719352177,0.999857305799704,33.08042442213395,37.00414996490959,0.0285328780132977,8715.0,2938,8715,1.962322551204167,1.962726259730347,True,True,True,True,True,True,True,False,True,EN_AMBOS
VP_o_VF_o_VS_HOGAR,Etnicidad,etnicidad_9,1,No sabe,33.2,2.2,29.0,37.4,0.065,2604.0,9,33.19622089947988,2.150667680649622,28.976303885502773,37.41613791345699,0.0647865215490031,2604.0,879,2604,1.9629115987173988,1.9649497280744448,True,True,True,True,True,True,True,False,True,EN_AMBOS
VP_o_VF_o_VS_HOGAR,Lengua materna,idioma_1,1,Castellano,34.5,0.7,33.2,35.9,0.02,17498.0,1,34.5137812081878,0.6915304364366803,33.156899770549465,35.87066264582614,0.0200363568472939,17498.0,5887,17498,1.9621649940614452,1.962285619647268,True,True,True,True,True,True,True,False,True,EN_AMBOS
VP_o_VF_o_VS_HOGAR,Lengua materna,idioma_3,1,Quechua/Aymara,28.6,2.3,24.2,33.1,0.079,958.0,3,28.634794863601808,2.272577803575321,24.17567278482603,33.09391694237759,0.079364207580339,958.0,277,958,1.967404973747932,1.973933954103104,True,True,True,True,True,True,True,False,True,EN_AMBOS
VP_o_VF_o_VS_HOGAR,Lengua materna,idioma_4,1,Otra lengua nativa,34.7,4.6,25.7,43.7,0.132,275.0,4,34.6670734309653,4.582860566918402,25.67484675967307,43.65930010225753,0.1321963498316215,275.0,109,275,2.00957523712924,2.0243941639119694,True,True,True,True,True,True,True,False,True,EN_AMBOS
VP_o_VF_o_VS_HOGAR,Nacional,national_single,1,Total,34.3,0.7,33.0,35.6,0.019,18807.0,Total,34.263512578019586,0.6613207267649371,32.97788024755901,35.57266320273111,0.019301019568822,18807.0,6296,18807,1.962142757779508,1.962200266289339,True,True,True,True,True,True,True,False,True,EN_AMBOS
VP_o_VF_o_VS_HOGAR,Sexo,sexo_1,1,Mujer,40.0,1.0,38.1,41.9,0.024,9608.0,1,40.03201834310772,0.9678160051151752,38.13302517780789,41.93101150840756,0.0241760482027207,9608.0,3797,9608,1.962202376365632,1.962320208592758,True,True,True,True,True,True,True,False,True,EN_AMBOS
VP_o_VF_o_VS_HOGAR,Sexo,sexo_2,1,Hombre,28.2,0.8,26.6,29.8,0.0289999999999999,9199.0,2,28.20335475041189,0.8244468230073253,26.585672387473743,29.821037113350037,0.0292322253967069,9199.0,2499,9199,1.9622476264013184,1.96264812438164,True,True,True,True,True,True,True,False,True,EN_AMBOS
VP_o_VF_o_VS_HOGAR,Tipo de hogar,hogar_1,1,Biparental,34.3,0.8,32.8,35.8,0.022,13464.0,1,34.29295850776334,0.7526608711858676,32.81613043030197,35.76978658522471,0.0219479713602277,13464.0,4584,13464,1.962142757779508,1.9622476264013184,True,True,True,True,True,True,True,False,True,EN_AMBOS
VP_o_VF_o_VS_HOGAR,Tipo de hogar,hogar_2,1,Monoparental,36.3,1.3,33.7,38.9,0.036,4397.0,2,36.2908980404319,1.323175111267991,33.69463957858331,38.88715650228048,0.0364602471339737,4397.0,1496,4397,1.962322551204167,1.963296712290151,True,True,True,True,True,True,True,False,True,EN_AMBOS
VP_o_VF_o_VS_HOGAR,Tipo de hogar,hogar_3,1,Sin figuras parentales,23.3,2.4,18.6,28.0,0.103,929.0,3,23.325518651448476,2.4032268865574427,18.610044420688794,28.040992882208155,0.1030299442627058,929.0,210,929,1.9642398045825584,1.9751891630765868,True,True,True,True,True,True,True,False,True,EN_AMBOS
VP_o_VF_o_VS_HOGAR,Área,area_1,1,Urbana,36.0,0.8,34.5,37.5,0.021,15576.0,1,35.993653985010006,0.7596604025891184,34.5030918276979,37.4842161423221,0.0211053982711921,15576.0,5348,15576,1.9630738928941311,1.963098548254076,True,True,True,True,True,True,True,False,True,EN_AMBOS
VP_o_VF_o_VS_HOGAR,Área,area_2,1,Rural,27.8,1.1,25.6,29.9,0.04,3231.0,2,27.754357467420164,1.1013700851095556,25.593312131287448,29.915402803552883,0.0396827808535079,3231.0,948,3231,1.967850227366019,1.9684724997370189,True,True,True,True,True,True,True,False,True,EN_AMBOS
VP_o_VF_o_VS_HOGAR,Área y sexo,area_1_sexo_1,1,Urbana - Mujer,41.5,1.1,39.3,43.8,0.0279999999999999,7990.0,Urbano Mujer,41.54709775488434,1.1442934618331826,39.30062449743333,43.79357101233534,0.0275420793188534,7990.0,3222,7990,1.9631967955598617,1.963259672266856,True,True,True,True,True,True,True,False,True,EN_AMBOS
VP_o_VF_o_VS_HOGAR,Área y sexo,area_1_sexo_2,1,Urbana - Hombre,30.0,1.0,28.2,31.9,0.032,7586.0,Urbano Hombre,30.030979635538905,0.9524452051639112,28.16105598938648,31.900903281691328,0.031715422431201,7586.0,2126,7586,1.9632873744486168,1.9635216226548615,True,True,True,True,True,True,True,False,True,EN_AMBOS
VP_o_VF_o_VS_HOGAR,Área y sexo,area_2_sexo_1,1,Rural - Mujer,34.0,1.5,31.1,37.0,0.044,1618.0,Rural Mujer,34.03177588594044,1.4994140120749953,31.081153681362867,36.98239809051802,0.0440592350249476,1618.0,575,1618,1.967850227366019,1.969024973903276,True,True,True,True,True,True,True,False,True,EN_AMBOS
VP_o_VF_o_VS_HOGAR,Área y sexo,area_2_sexo_2,1,Rural - Hombre,21.7,1.4,19.0,24.4,0.064,1613.0,Rural Hombre,21.67797243234498,1.3775726167971565,18.967079609608035,24.388865255081924,0.0635471154461718,1613.0,373,1613,1.9678765312856947,1.972331675795748,True,True,True,True,True,True,True,False,True,EN_AMBOS
VS_12M,Conductas de riesgo inducidas por adultos,bin_0,1,Sin conductas,18.85309849142745,0.6176651789722112,17.64115123377481,20.06504574908009,0.0327619982069825,18548.0,0,18.853098491427296,0.6176651789722081,17.641151233774394,20.065045749080195,0.0327619982069826,18548.0,3309,18548,1.962142757779508,1.9624433376274224,True,True,True,True,True,True,True,False,True,EN_AMBOS
VS_12M,Conductas de riesgo inducidas por adultos,bin_1,1,Al menos una,40.74078707402958,5.76471804090614,29.42958731942722,52.05198682863193,0.1414974637193715,259.0,1,40.74078707402959,5.764718040906127,29.42958731942476,52.05198682863442,0.1414974637193711,259.0,120,259,1.9725281820013163,1.9889597801751624,True,True,True,True,True,True,True,False,True,EN_AMBOS
VS_12M,Conductas de riesgo personales,bin_0,1,Sin conductas,15.09537127008704,0.57282411170173,13.97140858783025,16.21933395234382,0.0379470038499044,15165.0,0,15.09537127008712,0.5728241117017333,13.971408587830084,16.219333952344154,0.0379470038499044,15165.0,2202,15165,1.962142757779508,1.96271984188672,True,True,True,True,True,True,True,False,True,EN_AMBOS
VS_12M,Conductas de riesgo personales,bin_1,1,Al menos una,35.13779868012328,1.5678132950393353,32.06152517771209,38.21407218253445,0.0446189958941911,3642.0,1,35.137798680123254,1.5678132950393338,32.061525177711395,38.21407218253511,0.0446189958941911,3642.0,1227,3642,1.9623558437740083,1.9635216226548615,True,True,True,True,True,True,True,False,True,EN_AMBOS
VS_12M,Creencia: VS ocurre en sitios oscuros,bin_0,1,No cree,19.12361550311251,1.3257789482018305,16.52224794148233,21.7249830647427,0.0693267937742238,4717.0,0,19.123615503112447,1.3257789482018254,16.522247941481698,21.724983064743192,0.0693267937742237,4717.0,884,4717,1.9622280114330743,1.964366775011548,True,True,True,True,True,True,True,False,True,EN_AMBOS
VS_12M,Creencia: VS ocurre en sitios oscuros,bin_1,1,Cree,19.56952913347085,0.6900408928521158,18.21557039298967,20.92348787395203,0.0352609860025656,13484.0,1,19.569529133470848,0.6900408928521153,18.215570392989363,20.92348787395233,0.0352609860025656,13484.0,2479,13484,1.962142757779508,1.9626121684946212,True,True,True,True,True,True,True,False,True,EN_AMBOS
VS_12M,Creencia: VS ocurre fuera de la casa,bin_0,1,No cree,19.75340632070805,0.9093647374619134,17.96910288691748,21.53770975449861,0.0460358442841628,8314.0,0,19.753406320708027,0.9093647374619128,17.96910288691707,21.537709754498984,0.0460358442841628,8314.0,1577,8314,1.9621467672596704,1.963098548254076,True,True,True,True,True,True,True,False,True,EN_AMBOS
VS_12M,Creencia: VS ocurre fuera de la casa,bin_1,1,Cree,18.75703439103008,0.8065488053455696,17.17447049382591,20.33959828823426,0.0429998041551427,9989.0,1,18.757034391030164,0.806548805345573,17.174470493825634,20.339598288234694,0.0429998041551426,9989.0,1779,9989,1.9621447606766775,1.9628861823359884,True,True,True,True,True,True,True,False,True,EN_AMBOS
VS_12M,Creencia: VS solo afecta a NNA pobres,bin_0,1,No cree,19.29541372630083,0.6288531197078482,18.0615141317593,20.52931332084237,0.0325908077757712,17107.0,0,19.29541372630073,0.6288531197078477,18.061514131758926,20.529313320842533,0.0325908077757713,17107.0,3117,17107,1.962142757779508,1.962477488101132,True,True,True,True,True,True,True,False,True,EN_AMBOS
VS_12M,Creencia: VS solo afecta a NNA pobres,bin_1,1,Cree,18.77935203343296,2.037175378738357,14.78212311771565,22.77658094915028,0.1084795351358005,1442.0,1,18.77935203343298,2.0371753787383597,14.78212311771478,22.77658094915117,0.1084795351358005,1442.0,272,1442,1.9631447800684132,1.9715466694452255,True,True,True,True,True,True,True,False,True,EN_AMBOS
VS_12M,Creencia: VS solo la cometen personas locas,bin_0,1,No cree,20.19863087642585,0.94370242720226,18.34695199339239,22.0503097594593,0.0467211086224497,10246.0,0,20.19863087642588,0.9437024272022606,18.346951993392025,22.05030975945974,0.0467211086224497,10246.0,1942,10246,1.9621447606766775,1.9628193539529264,True,True,True,True,True,True,True,False,True,EN_AMBOS
VS_12M,Creencia: VS solo la cometen personas locas,bin_1,1,Cree,18.08840664435051,0.8895509532122243,16.34298068382967,19.83383260487135,0.0491779608177956,8265.0,1,18.08840664435038,0.8895509532122176,16.34298068382917,19.83383260487159,0.0491779608177956,8265.0,1442,8265,1.9621487775386712,1.9632551000738132,True,True,True,True,True,True,True,False,True,EN_AMBOS
VS_12M,Departamento,amazonas,1,Amazonas,16.2,1.9,12.4,20.0,0.12,907.0,Amazonas,16.158699226468872,1.939296659957252,12.35352232994776,19.963876122989983,0.1200156419014578,907.0,177,907,2.000995378088267,2.006646805061688,True,True,True,True,True,True,True,False,True,EN_AMBOS
VS_12M,Departamento,ancash,1,Áncash,19.4,2.0,15.5,23.4,0.104,705.0,Áncash,19.41528280505657,2.0207062412256978,15.450368688235717,23.38019692187742,0.1040781255423907,705.0,146,705,2.016692199227824,2.0243941639119694,True,True,True,True,True,True,True,False,True,EN_AMBOS
VS_12M,Departamento,apurimac,1,Apurímac,20.2,1.9,16.6,23.8,0.092,698.0,Apurímac,20.20088278669524,1.851287479567907,16.568392466093194,23.833373107297287,0.0916438899782739,698.0,130,698,2.016692199227824,2.019540970441376,True,True,True,True,True,True,True,False,True,EN_AMBOS
VS_12M,Departamento,arequipa,1,Arequipa,23.3,2.1,19.2,27.4,0.09,760.0,Arequipa,23.298704083129223,2.08989721708134,19.198027394129525,27.39938077212892,0.0897001485415084,760.0,177,760,2.0226909200367604,2.0226909200367604,True,True,True,True,True,True,True,False,True,EN_AMBOS
VS_12M,Departamento,ayacucho,1,Ayacucho,14.6,2.3,10.1,19.1,0.158,650.0,Ayacucho,14.58277455968106,2.3069282158090365,10.05625206831416,19.109297051047964,0.1581954247710383,650.0,101,650,2.0210753903062733,2.0452296421327034,True,True,True,True,True,True,True,False,True,EN_AMBOS
VS_12M,Departamento,cajamarca,1,Cajamarca,13.9,1.5,10.8,16.9,0.111,783.0,Cajamarca,13.869127691775798,1.54170278654492,10.844086734508195,16.8941686490434,0.111160760850095,783.0,101,783,2.004044783289145,2.0128955989194286,True,True,True,True,True,True,True,False,True,EN_AMBOS
VS_12M,Departamento,callao,1,Callao,19.5,2.0,15.6,23.4,0.102,610.0,Callao,19.471613646818135,1.988537359106328,15.569819469073668,23.373407824562605,0.1021249391640058,610.0,116,610,2.0422724563012378,2.0452296421327034,True,True,True,True,True,True,True,False,True,EN_AMBOS
VS_12M,Departamento,cusco,1,Cusco,16.3,1.9,12.6,20.1,0.1169999999999999,716.0,Cusco,16.3363063511036,1.903514638406374,12.601338889027256,20.071273813179943,0.1165205033191472,716.0,120,716,2.016692199227824,2.026192463029109,True,True,True,True,True,True,True,False,True,EN_AMBOS
VS_12M,Departamento,huancavelica,1,Huancavelica,8.8,1.6,5.6,12.0,0.187,771.0,Huancavelica,8.771261223322218,1.6401360317825016,5.553080186786962,11.989442259857476,0.1869897600839301,771.0,71,771,2.0057459953178687,2.051830516480285,True,True,True,True,True,True,True,False,True,EN_AMBOS
VS_12M,Departamento,huanuco,1,Huánuco,11.2,1.7,7.8,14.5,0.152,687.0,Huánuco,11.186088581071976,1.7044993165298856,7.84161759150274,14.530559570641213,0.152376704705707,687.0,93,687,2.016692199227824,2.0369333434601016,True,True,True,True,True,True,True,False,True,EN_AMBOS
VS_12M,Departamento,ica,1,Ica,13.9,1.7,10.5,17.2,0.123,716.0,Ica,13.893966632464824,1.7090706546354708,10.540526024938352,17.247407239991297,0.1230081156695766,716.0,103,716,2.026192463029109,2.0369333434601016,True,True,True,True,True,True,True,False,True,EN_AMBOS
VS_12M,Departamento,junin,1,Junín,24.2,1.8,20.6,27.8,0.075,696.0,Junín,24.22016983648718,1.827491324389004,20.63437096943241,27.805968703541943,0.0754532828104254,696.0,169,696,2.0226909200367604,2.0226909200367604,True,True,True,True,True,True,True,False,True,EN_AMBOS
VS_12M,Departamento,la libertad,1,La Libertad,20.7,1.9,16.9,24.4,0.093,687.0,La Libertad,20.67843303021345,1.9203875010685367,16.910358602861532,24.446507457565367,0.0928691017478278,687.0,132,687,2.0226909200367604,2.0280940009804507,True,True,True,True,True,True,True,False,True,EN_AMBOS
VS_12M,Departamento,lambayeque,1,Lambayeque,14.2,1.5,11.3,17.2,0.106,651.0,Lambayeque,14.233769906872393,1.502691585700013,11.285274494814908,17.18226531892988,0.1055722830656746,651.0,100,651,2.0301079282503425,2.039513446396408,True,True,True,True,True,True,True,False,True,EN_AMBOS
VS_12M,Departamento,lima metropolitana,1,Lima Metropolitana,22.9,2.0,18.9,26.9,0.089,796.0,Lima Metropolitana,22.886658053265236,2.0422255921268597,18.879519897921547,26.893796208608915,0.0892321450940494,796.0,189,796,2.0210753903062733,2.0210753903062733,True,True,True,True,True,True,True,False,True,EN_AMBOS
VS_12M,Departamento,loreto,1,Loreto,25.0,2.1,20.9,29.1,0.084,674.0,Loreto,24.977695108412533,2.0946807918248243,20.867632362873607,29.08775785395146,0.0838620530330411,674.0,160,674,2.019540970441376,2.019540970441376,True,True,True,True,True,True,True,False,True,EN_AMBOS
VS_12M,Departamento,madre de dios,1,Madre de Dios,20.5,2.6,15.4,25.6,0.128,644.0,Madre de Dios,20.478223517991506,2.6114893014251312,15.354108698181518,25.60233833780149,0.1275251878724129,644.0,128,644,2.0301079282503425,2.0345152974493383,True,True,True,True,True,True,True,False,True,EN_AMBOS
VS_12M,Departamento,moquegua,1,Moquegua,19.7,1.9,16.1,23.4,0.094,670.0,Moquegua,19.746863336584404,1.864259327652924,16.088920398207325,23.40480627496148,0.0944078710566182,670.0,140,670,2.0301079282503425,2.0301079282503425,True,True,True,True,True,True,True,False,True,EN_AMBOS
VS_12M,Departamento,pasco,1,Pasco,19.7,1.5,16.8,22.7,0.076,990.0,Pasco,19.7099099080327,1.506429059846388,16.754081038146516,22.66573877791888,0.0764300327538508,990.0,202,990,1.999623584994939,2.003240718847872,True,True,True,True,True,True,True,False,True,EN_AMBOS
VS_12M,Departamento,piura,1,Piura,16.6,2.1,12.3,20.8,0.13,658.0,Piura,16.55447601607297,2.1488639033875137,12.338098270587356,20.770853761558588,0.1298056127721077,658.0,116,658,2.026192463029109,2.0484071417952445,True,True,True,True,True,True,True,False,True,EN_AMBOS
VS_12M,Departamento,puno,1,Puno,16.2,1.5,13.3,19.2,0.093,979.0,Puno,16.23083193978911,1.5142807931801734,13.259596848206025,19.202067031372195,0.0932965604472797,979.0,169,979,2.000995378088267,2.007583770315836,True,True,True,True,True,True,True,False,True,EN_AMBOS
VS_12M,Departamento,region lima,1,Región Lima,18.6,1.6,15.4,21.7,0.087,679.0,Región Lima,18.566175583279257,1.6087264811052988,15.40962456913038,21.72272659742813,0.086648242331292,679.0,119,679,2.026192463029109,2.026192463029109,True,True,True,True,True,True,True,False,True,EN_AMBOS
VS_12M,Departamento,san martin,1,San Martín,15.5,1.6,12.4,18.7,0.103,649.0,San Martín,15.549327617384392,1.598738176332131,12.412375083108683,18.6862801516601,0.1028171902780359,649.0,97,649,2.0226909200367604,2.032244509317718,True,True,True,True,True,True,True,False,True,EN_AMBOS
VS_12M,Departamento,tacna,1,Tacna,21.3,1.9,17.7,25.0,0.087,659.0,Tacna,21.309317011485252,1.8626653325621785,17.65450171903142,24.96413230393909,0.0874108415374478,659.0,140,659,2.0345152974493383,2.0345152974493383,True,True,True,True,True,True,True,False,True,EN_AMBOS
VS_12M,Departamento,tumbes,1,Tumbes,14.8,1.5,11.9,17.8,0.103,677.0,Tumbes,14.846320342939956,1.5233847828087428,11.857221924040273,17.835418761839637,0.1026102594864979,677.0,110,677,2.0301079282503425,2.0369333434601016,True,True,True,True,True,True,True,False,True,EN_AMBOS
VS_12M,Departamento,ucayali,1,Ucayali,16.2,1.8,12.8,19.6,0.108,695.0,Ucayali,16.20097299174544,1.754097736362254,12.759182821904815,19.642763161586068,0.1082711351507088,695.0,123,695,2.0226909200367604,2.032244509317718,True,True,True,True,True,True,True,False,True,EN_AMBOS
VS_12M,Desempeño escolar: expulsión de colegio,bin_0,1,No expulsado/a,19.05551063018686,0.6254431313184827,17.82830191966763,20.28271934070609,0.0328221659055247,18493.0,0,19.055510630186696,0.6254431313184794,17.828301919667204,20.282719340706187,0.0328221659055248,18493.0,3351,18493,1.962142757779508,1.9624355881226767,True,True,True,True,True,True,True,False,True,EN_AMBOS
VS_12M,Desempeño escolar: expulsión de colegio,bin_1,1,Expulsado/a,26.0272467633624,3.991655679340911,18.19504848059591,33.85944504612888,0.15336449973494,314.0,1,26.02724676336241,3.9916556793409086,18.19504848059421,33.85944504613062,0.1533644997349398,314.0,78,314,1.971896223633908,2.0085591121007607,True,True,True,True,True,True,True,False,True,EN_AMBOS
VS_12M,Desempeño escolar: repitencia de año,bin_0,1,No repitió,19.12409827283833,0.6405676606470297,17.86721307663228,20.38098346904438,0.0334953131650038,17802.0,0,19.124098272838204,0.6405676606470276,17.867213076631877,20.380983469044534,0.0334953131650039,17802.0,3254,17802,1.962142757779508,1.9624511358808363,True,True,True,True,True,True,True,False,True,EN_AMBOS
VS_12M,Desempeño escolar: repitencia de año,bin_1,1,Repitió,19.82089234647294,2.5059861327542468,14.9037898049944,24.73799488795148,0.1264315495462634,1005.0,1,19.82089234647297,2.505986132754248,14.903789804993348,24.737994887952595,0.1264315495462632,1005.0,175,1005,1.9646355489631269,1.979438685093288,True,True,True,True,True,True,True,False,True,EN_AMBOS
VS_12M,Discapacidad,bin_0,1,Sin discapacidad,18.67129518953298,0.6681385647753255,17.36031194346617,19.98227843559979,0.0357842644547701,16778.0,0,18.671295189532984,0.6681385647753264,17.36031194346588,19.982278435600083,0.0357842644547701,16778.0,2985,16778,1.962142757779508,1.962562849271686,True,True,True,True,True,True,True,False,True,EN_AMBOS
VS_12M,Discapacidad,bin_1,1,Con discapacidad,23.01143209893246,1.9552084871017783,19.17503392601752,26.8478302718474,0.0849668320813672,2029.0,1,23.01143209893248,1.955208487101782,19.17503392601669,26.847830271848277,0.0849668320813673,2029.0,444,2029,1.9640483976635408,1.96872384736559,True,True,True,True,True,True,True,False,True,EN_AMBOS
VS_12M,Etnicidad,etnicidad_1,1,Indígena andino,16.2,0.8,14.7,17.7,0.047,5249.0,1,16.194872242356492,0.7543489246893474,14.71473196293853,17.675012521774455,0.0465794921627355,5249.0,851,5249,1.9628366422266053,1.9653212845225936,True,True,True,True,True,True,True,False,True,EN_AMBOS
VS_12M,Etnicidad,etnicidad_3,1,Indígena amazónico,24.26426348310525,3.304621199666709,17.78012492897602,30.74840203723448,0.1361929325391498,433.0,3,24.26426348310527,3.3046211996667143,17.7801249289746,30.748402037235945,0.1361929325391498,433.0,116,433,1.978524491479245,2.004044783289145,True,True,True,True,True,True,True,False,True,EN_AMBOS
VS_12M,Etnicidad,etnicidad_5,1,Afrodescendiente,18.7,2.1,14.5,22.8,0.113,1806.0,5,18.65845095732441,2.117213714950992,14.504175399861872,22.812726514786945,0.1134721054707854,1806.0,307,1806,1.96362596651301,1.970956300527388,True,True,True,True,True,True,True,False,True,EN_AMBOS
VS_12M,Etnicidad,etnicidad_6,1,No indígena ni afrodescendiente,20.5,0.9,18.8,22.1,0.042,8715.0,6,20.470640709553173,0.8550156104908913,18.79297802164005,22.1483033974663,0.0417678968930305,8715.0,1737,8715,1.962322551204167,1.9631490506753464,True,True,True,True,True,True,True,False,True,EN_AMBOS
VS_12M,Etnicidad,etnicidad_9,1,No sabe,18.9,1.5,15.9,21.9,0.081,2604.0,9,18.87262651947724,1.5240947026002614,15.882135136600024,21.863117902354457,0.080756894173015,2604.0,418,2604,1.9629115987173988,1.9681778964022143,True,True,True,True,True,True,True,False,True,EN_AMBOS
VS_12M,Exposición a violencia entre cuidadores,bin_0,1,No es testigo,13.61911730388912,0.6531983375066127,12.33744891655719,14.90078569122105,0.0479618702836257,10229.0,0,13.619117303889167,0.6531983375066155,12.33744891655695,14.90078569122139,0.0479618702836257,10229.0,1365,10229,1.9621507915239005,1.963368454705128,True,True,True,True,True,True,True,False,True,EN_AMBOS
VS_12M,Exposición a violencia entre cuidadores,bin_1,1,Es testigo,25.70476843361915,1.115501675025146,23.51599490067813,27.89354196656016,0.0433966825223831,8531.0,1,25.704768433619112,1.115501675025144,23.51599490067762,27.89354196656061,0.0433966825223831,8531.0,2055,8531,1.9621649940614452,1.9628401250336696,True,True,True,True,True,True,True,False,True,EN_AMBOS
VS_12M,Justificación del castigo físico docente,bin_0,1,No justifica,18.89532855386228,0.6585340716866628,17.60319069435153,20.18746641337303,0.0348516867441321,17466.0,0,18.895328553862143,0.6585340716866602,17.603190694351113,20.187466413373173,0.0348516867441322,17466.0,3106,17466,1.962142757779508,1.9624935691904752,True,True,True,True,True,True,True,False,True,EN_AMBOS
VS_12M,Justificación del castigo físico docente,bin_1,1,Justifica,24.42292229263638,1.8250040044815643,20.84200390232506,28.00384068294769,0.074725046520408,1161.0,1,24.42292229263641,1.8250040044815656,20.84200390232431,28.00384068294852,0.074725046520408,1161.0,290,1161,1.963730625922319,1.9705633902926971,True,True,True,True,True,True,True,False,True,EN_AMBOS
VS_12M,Justificación del castigo físico parental,bin_0,1,No justifica,17.71733840744362,0.8080429879833763,16.13184271059787,19.30283410428936,0.0456074704563915,9805.0,0,17.717338407443716,0.8080429879833795,16.131842710597617,19.30283410428982,0.0456074704563914,9805.0,1620,9805,1.9621467672596704,1.9631447800684132,True,True,True,True,True,True,True,False,True,EN_AMBOS
VS_12M,Justificación del castigo físico parental,bin_1,1,Justifica,21.46592021435009,0.9784423245959633,19.5460766932396,23.38576373546058,0.0455811963719994,8548.0,1,21.46592021435004,0.9784423245959616,19.54607669323913,23.385763735460955,0.0455811963719994,8548.0,1734,8548,1.9621447606766775,1.9629790317490072,True,True,True,True,True,True,True,False,True,EN_AMBOS
VS_12M,Lengua materna,idioma_1,1,Castellano,19.3,0.7,18.0,20.6,0.034,17498.0,1,19.32779060289216,0.6577020418467577,18.037285304705748,20.61829590107857,0.0340288269549206,17498.0,3205,17498,1.9621649940614452,1.9625402703505064,True,True,True,True,True,True,True,False,True,EN_AMBOS
VS_12M,Lengua materna,idioma_3,1,Quechua/Aymara,13.4,1.4,10.6,16.2,0.107,958.0,3,13.3702111958909,1.4316466373146028,10.561116114784664,16.17930627699713,0.1070773390441726,958.0,131,958,1.967404973747932,1.985523441866604,True,True,True,True,True,True,True,False,True,EN_AMBOS
VS_12M,Lengua materna,idioma_4,1,Otra lengua nativa,26.9,3.7,19.7,34.2,0.138,275.0,4,26.94620981611141,3.7129894458224912,19.660794465279054,34.23162516694376,0.1377926421252186,275.0,78,275,2.00957523712924,2.0484071417952445,True,True,True,True,True,True,True,False,True,EN_AMBOS
VS_12M,Nacional,national_single,1,Total,100.0,0.0,100.0,100.0,0.0,3429.0,Total,19.168455315229256,0.6280387389953535,17.966094713406516,20.43124164533992,0.0327641809768771,18807.0,3429,18807,1.962142757779508,1.9624304486435091,False,False,False,False,False,False,False,True,True,EN_AMBOS
VS_12M,Participación en decisiones del hogar,bin_0,1,Menor participación,28.33170528480159,1.878204496799721,24.64639993377792,32.01701063582526,0.0662933797284442,2565.0,0,28.33170528480162,1.878204496799721,24.646399933777147,32.0170106358261,0.0662933797284441,2565.0,692,2565,1.962477488101132,1.9652262151230748,True,True,True,True,True,True,True,False,True,EN_AMBOS
VS_12M,Participación en decisiones del hogar,bin_1,1,Mayor participación,20.15851611966361,0.9571779221155354,18.28039639187859,22.03663584744863,0.0474825585590527,8969.0,1,20.158516119663624,0.9571779221155368,18.280396391878188,22.036635847449062,0.0474825585590527,8969.0,1645,8969,1.9621447606766775,1.9630496223675349,True,True,True,True,True,True,True,False,True,EN_AMBOS
VS_12M,Sexo,sexo_1,1,Mujer,23.0,1.0,21.0,24.9,0.044,9608.0,1,22.95889549158964,1.0133934542494023,20.970472864553013,24.94731811862626,0.0441394689313617,9608.0,2101,9608,1.962202376365632,1.962729479874634,True,True,True,True,True,True,True,False,True,EN_AMBOS
VS_12M,Sexo,sexo_2,1,Hombre,15.2,0.7,13.8,16.6,0.047,9199.0,2,15.1863728418319,0.7213402719927782,13.771000251246573,16.60174543241723,0.0474991809766317,9199.0,1328,9199,1.9622476264013184,1.963423060363903,True,True,True,True,True,True,True,False,True,EN_AMBOS
VS_12M,Te piden o te han ordenado no ir al colegio para ayudar a tu mamá o papá u otra persona en la casa u otro lugar,bin_0,1,No dejó de ir,18.54174670168302,0.6426430436049774,17.28078930783642,19.80270409552963,0.0346592504980474,17420.0,0,18.541746701682925,0.642643043604976,17.280789307836038,19.80270409552981,0.0346592504980475,17420.0,3046,17420,1.962142757779508,1.9624801540689127,True,True,True,True,True,True,True,False,True,EN_AMBOS
VS_12M,Te piden o te han ordenado no ir al colegio para ayudar a tu mamá o papá u otra persona en la casa u otro lugar,bin_1,1,Dejó de ir,27.14945617189427,2.123971184232996,22.98192149502005,31.31699084876849,0.0782325498818565,1387.0,1,27.14945617189429,2.123971184232996,22.981921495019147,31.31699084876943,0.0782325498818564,1387.0,383,1387,1.9633345943574572,1.9684420918340824,True,True,True,True,True,True,True,False,True,EN_AMBOS
VS_12M,Tipo de hogar,hogar_1,1,Nuclear biparental,18.54842284135772,0.6170229604488635,17.33773570812958,19.75910997458586,0.0332655215878019,13464.0,1,18.54842284135774,0.6170229604488645,17.33773570812933,19.75910997458615,0.0332655215878019,13464.0,2373,13464,1.962142757779508,1.9626092156048225,True,True,True,True,True,True,True,False,True,EN_AMBOS
VS_12M,Tipo de hogar,hogar_2,1,Monoparental,20.9,1.4,18.2,23.7,0.067,4397.0,2,20.9190316756358,1.407458188901339,18.157144731677725,23.68091861959387,0.0672812303516224,4397.0,848,4397,1.962322551204167,1.9645990389270347,True,True,True,True,True,True,True,False,True,EN_AMBOS
VS_12M,Tipo de hogar,hogar_3,1,Sin figuras parentales,20.2,2.1,16.1,24.4,0.104,929.0,3,20.233942954102044,2.1141740969860234,16.08119803898471,24.38668786921938,0.1044865107004473,929.0,205,929,1.9642398045825584,1.975590315005244,True,True,True,True,True,True,True,False,True,EN_AMBOS
VS_12M,Área,area_1,1,Urbana,20.3,0.8,18.8,21.8,0.037,15576.0,1,20.312498174360247,0.7524322935601926,18.836118598831693,21.7888777498888,0.0370428239353621,15576.0,2946,15576,1.9630738928941311,1.9632551000738132,True,True,True,True,True,True,True,False,True,EN_AMBOS
VS_12M,Área,area_2,1,Rural,14.9,0.9,13.1,16.6,0.06,3231.0,2,14.864325957264867,0.8979606348954663,13.10239900073364,16.626252913796097,0.0604104510004096,3231.0,483,3231,1.967850227366019,1.970956300527388,True,True,True,True,True,True,True,False,True,EN_AMBOS
VS_12M,Área y sexo,area_1_sexo_1,1,Urbana - Mujer,23.9,1.2,21.5,26.3,0.051,7990.0,Urbano Mujer,23.91282078533583,1.21891847894319,21.519843933425857,26.3057976372458,0.0509734292698196,7990.0,1800,7990,1.9631967955598617,1.9635757879604208,True,True,True,True,True,True,True,False,True,EN_AMBOS
VS_12M,Área y sexo,area_1_sexo_2,1,Urbana - Hombre,16.4,0.9,14.7,18.2,0.053,7586.0,Urbano Hombre,16.446869535291356,0.8744681375161654,14.730037281548272,18.16370178903444,0.0531692755049676,7586.0,1146,7586,1.9632873744486168,1.9642865509120813,True,True,True,True,True,True,True,False,True,EN_AMBOS
VS_12M,Área y sexo,area_2_sexo_1,1,Rural - Mujer,19.2,1.4,16.4,22.0,0.074,1618.0,Rural Mujer,19.181018897127952,1.4263289171240725,16.37421721326662,21.98782058098929,0.0743614781244828,1618.0,301,1618,1.967850227366019,1.9734572015938008,True,True,True,True,True,True,True,False,True,EN_AMBOS
VS_12M,Área y sexo,area_2_sexo_2,1,Rural - Hombre,10.7,0.9,8.8,12.5,0.088,1613.0,Rural Hombre,10.685874461437752,0.9446469530904488,8.826925892100517,12.544823030774984,0.0884014646156856,1613.0,182,1613,1.9678765312856947,1.9809922979758567,True,True,True,True,True,True,True,False,True,EN_AMBOS
VS_E,Departamento,amazonas,1,Amazonas,9.6,1.5,6.7,12.4,0.152,907.0,Amazonas,9.560359713169062,1.4529094713272668,6.709543916295012,12.411175510043112,0.1519722599272007,907.0,111,907,2.000995378088267,2.019540970441376,True,True,True,True,True,True,True,False,True,EN_AMBOS
VS_E,Departamento,ancash,1,Áncash,13.5,1.7,10.1,16.9,0.128,705.0,Áncash,13.503676879647925,1.7218896351166764,10.12508360240814,16.88227015688771,0.127512650847846,705.0,100,705,2.016692199227824,2.0301079282503425,True,True,True,True,True,True,True,False,True,EN_AMBOS
VS_E,Departamento,apurimac,1,Apurímac,15.1,1.9,11.3,19.0,0.129,698.0,Apurímac,15.14412692932208,1.9477339901695372,11.32239478642994,18.96585907221422,0.1286131580420349,698.0,85,698,2.016692199227824,2.0280940009804507,True,True,True,True,True,True,True,False,True,EN_AMBOS
VS_E,Departamento,arequipa,1,Arequipa,15.9,1.5,12.9,18.9,0.096,760.0,Arequipa,15.925709340439909,1.535935565110763,12.91198449494185,18.93943418593797,0.0964437773085927,760.0,119,760,2.0226909200367604,2.0280940009804507,True,True,True,True,True,True,True,False,True,EN_AMBOS
VS_E,Departamento,ayacucho,1,Ayacucho,8.9,1.5,5.9,11.8,0.171,650.0,Ayacucho,8.867351923465847,1.5124120909142824,5.899783492500225,11.83492035443147,0.1705596105768574,650.0,66,650,2.0210753903062733,2.0484071417952445,True,True,True,True,True,True,True,False,True,EN_AMBOS
VS_E,Departamento,cajamarca,1,Cajamarca,8.1,1.1,6.0,10.2,0.13,783.0,Cajamarca,8.103112140222535,1.0528064965391353,6.037355497695055,10.168868782750016,0.1299261911128163,783.0,67,783,2.004044783289145,2.0226909200367604,True,True,True,True,True,True,True,False,True,EN_AMBOS
VS_E,Departamento,callao,1,Callao,11.5,1.4,8.8,14.2,0.121,610.0,Callao,11.494483406330348,1.385171904575555,8.776578385487776,14.21238842717292,0.1205075387566091,610.0,67,610,2.0422724563012378,2.0595385527532977,True,True,True,True,True,True,True,False,True,EN_AMBOS
VS_E,Departamento,cusco,1,Cusco,12.1,1.5,9.1,15.2,0.127,716.0,Cusco,12.131128215738093,1.5437836597947008,9.102004288093577,15.160252143382609,0.1272580449518209,716.0,89,716,2.016692199227824,2.0280940009804507,True,True,True,True,True,True,True,False,True,EN_AMBOS
VS_E,Departamento,huancavelica,1,Huancavelica,6.2,1.5,3.2,9.1,0.244,771.0,Huancavelica,6.175110168134424,1.509079339113519,3.2140810719781463,9.1361392642907,0.2443809580759966,771.0,44,771,2.0057459953178687,2.068657610419048,True,True,True,True,True,True,True,False,True,EN_AMBOS
VS_E,Departamento,huanuco,1,Huánuco,7.1,1.3,4.5,9.6,0.185,687.0,Huánuco,7.073224019622676,1.306509203692149,4.509666447625854,9.636781591619496,0.1847119785924503,687.0,59,687,2.016692199227824,2.0555294386428726,True,True,True,True,True,True,True,False,True,EN_AMBOS
VS_E,Departamento,ica,1,Ica,8.4,1.5,5.5,11.3,0.175,716.0,Ica,8.372277426034717,1.4675961050464674,5.492644357172377,11.251910494897055,0.1752923404667385,716.0,65,716,2.026192463029109,2.0452296421327034,True,True,True,True,True,True,True,False,True,EN_AMBOS
VS_E,Departamento,junin,1,Junín,15.8,1.6,12.7,19.0,0.102,696.0,Junín,15.843374836263852,1.6162446185714368,12.672072163133803,19.0146775093939,0.1020139102479617,696.0,110,696,2.0226909200367604,2.0345152974493383,True,True,True,True,True,True,True,False,True,EN_AMBOS
VS_E,Departamento,la libertad,1,La Libertad,12.7,1.8,9.2,16.2,0.141,687.0,La Libertad,12.706464565084,1.7895874826016838,9.195038446684244,16.217890683483756,0.1408407093440671,687.0,86,687,2.0226909200367604,2.0369333434601016,True,True,True,True,True,True,True,False,True,EN_AMBOS
VS_E,Departamento,lambayeque,1,Lambayeque,8.3,1.4,5.5,11.1,0.173,651.0,Lambayeque,8.264359975021646,1.4296054611707878,5.4592699729033525,11.06944997713994,0.1729844132505909,651.0,61,651,2.0301079282503425,2.0555294386428726,True,True,True,True,True,True,True,False,True,EN_AMBOS
VS_E,Departamento,lima metropolitana,1,Lima Metropolitana,14.1,1.9,10.5,17.8,0.133,796.0,Lima Metropolitana,14.146955047829108,1.882436623415654,10.453345660215172,17.840564435443042,0.1330630243081545,796.0,119,796,2.0210753903062733,2.026192463029109,True,True,True,True,True,True,True,False,True,EN_AMBOS
VS_E,Departamento,loreto,1,Loreto,12.6,1.3,9.9,15.2,0.107,674.0,Loreto,12.58599153409476,1.3440565836702043,9.948760642400403,15.22322242578912,0.1067898846133202,674.0,82,674,2.019540970441376,2.0301079282503425,True,True,True,True,True,True,True,False,True,EN_AMBOS
VS_E,Departamento,madre de dios,1,Madre de Dios,12.7,2.6,7.7,17.7,0.201,644.0,Madre de Dios,12.711784232078156,2.559887141798222,7.688920216065892,17.734648248090423,0.2013790586012585,644.0,83,644,2.0301079282503425,2.0422724563012378,True,True,True,True,True,True,True,False,True,EN_AMBOS
VS_E,Departamento,moquegua,1,Moquegua,12.3,1.2,9.8,14.7,0.1,670.0,Moquegua,12.255904569030482,1.2274435363107383,9.847485123675098,14.664324014385866,0.1001511989096563,670.0,93,670,2.0301079282503425,2.0301079282503425,True,True,True,True,True,True,True,False,True,EN_AMBOS
VS_E,Departamento,pasco,1,Pasco,10.5,1.2,8.2,12.9,0.113,990.0,Pasco,10.53795031544039,1.1876315421071022,8.207647686184432,12.868252944696351,0.1127004309715679,990.0,119,990,1.999623584994939,2.011740513729765,True,True,True,True,True,True,True,False,True,EN_AMBOS
VS_E,Departamento,piura,1,Piura,10.7,1.7,7.4,14.1,0.161,658.0,Piura,10.733482204206233,1.7243411488222389,7.350078707103481,14.116885701308984,0.160650673846229,658.0,68,658,2.026192463029109,2.063898561628025,True,True,True,True,True,True,True,False,True,EN_AMBOS
VS_E,Departamento,puno,1,Puno,11.0,1.1,8.8,13.3,0.103,979.0,Puno,11.036787892329446,1.1337425068433475,8.812223243339988,13.261352541318905,0.1027239553666966,979.0,116,979,2.000995378088267,2.0141033888808466,True,True,True,True,True,True,True,False,True,EN_AMBOS
VS_E,Departamento,region lima,1,Región Lima,12.3,1.5,9.4,15.2,0.121,679.0,Región Lima,12.284448067457877,1.4853422890426733,9.369994452189156,15.198901682726593,0.120912415509934,679.0,80,679,2.026192463029109,2.0369333434601016,True,True,True,True,True,True,True,False,True,EN_AMBOS
VS_E,Departamento,san martin,1,San Martín,8.9,1.3,6.4,11.4,0.145,649.0,San Martín,8.897933565226493,1.2869460349933015,6.372761723011333,11.423105407441652,0.1446342598041799,649.0,57,649,2.0226909200367604,2.0555294386428726,True,True,True,True,True,True,True,False,True,EN_AMBOS
VS_E,Departamento,tacna,1,Tacna,12.1,1.9,8.4,15.9,0.157,659.0,Tacna,12.127587689199434,1.905999339533245,8.387744888801752,15.867430489597115,0.1571622806100744,659.0,80,659,2.0345152974493383,2.0452296421327034,True,True,True,True,True,True,True,False,True,EN_AMBOS
VS_E,Departamento,tumbes,1,Tumbes,7.7,1.1,5.5,9.9,0.148,677.0,Tumbes,7.692329465023946,1.140543243900616,5.454420799070006,9.930238130977887,0.1482702020352251,677.0,64,677,2.0301079282503425,2.051830516480285,True,True,True,True,True,True,True,False,True,EN_AMBOS
VS_E,Departamento,ucayali,1,Ucayali,7.6,1.2,5.3,9.9,0.155,695.0,Ucayali,7.557125919884834,1.1749427064246127,5.251720597667926,9.862531242101742,0.1554748086614544,695.0,60,695,2.0226909200367604,2.0452296421327034,True,True,True,True,True,True,True,False,True,EN_AMBOS
VS_E,Discapacidad,bin_0,1,No,11.7,0.6,10.5,12.8,0.049,16778.0,0,11.670742876156208,0.5734309546184992,10.545112130673138,12.79637362163928,0.0491340577633701,16778.0,1879,16778,1.962142757779508,1.962975204629383,True,True,True,True,True,True,True,False,True,EN_AMBOS
VS_E,Discapacidad,bin_1,1,Sí,13.9,1.5,10.9,17.0,0.111,2029.0,1,13.927204107706512,1.5485787543469127,10.871728025003954,16.98268019040907,0.1111909283709009,2029.0,271,2029,1.9640483976635408,1.9730840773359009,True,True,True,True,True,True,True,False,True,EN_AMBOS
VS_E,Etnicidad,etnicidad_1,1,Indígena andino,10.2,0.7,8.9,11.6,0.067,5249.0,1,10.220616797229605,0.6813516882699892,8.88323473725031,11.5579988572089,0.0666644393178576,5249.0,541,5249,1.9628366422266053,1.9671350567190555,True,True,True,True,True,True,True,False,True,EN_AMBOS
VS_E,Etnicidad,etnicidad_3,1,Indígena amazónico/nativo,10.3,2.1,6.1,14.5,0.207,433.0,3,10.289802824496006,2.131144667882908,6.07328090420427,14.50632474478774,0.2071122940091217,433.0,56,433,1.978524491479245,2.0369333434601016,True,True,True,True,True,True,True,False,True,EN_AMBOS
VS_E,Etnicidad,etnicidad_5,1,Afrodescendiente,10.8,1.2,8.4,13.2,0.113,1806.0,5,10.759915060582944,1.2187082807798388,8.366827834839222,13.153002286326664,0.1132637454773562,1806.0,192,1806,1.96362596651301,1.9774312123081657,True,True,True,True,True,True,True,False,True,EN_AMBOS
VS_E,Etnicidad,etnicidad_6,1,No indígena ni afrodescendiente,13.1,0.7,11.6,14.5,0.057,8715.0,6,13.05895707332349,0.7450837317271727,11.596862464019903,14.521051682627078,0.0570553779711253,8715.0,1087,8715,1.962322551204167,1.9639657188208488,True,True,True,True,True,True,True,False,True,EN_AMBOS
VS_E,Etnicidad,etnicidad_9,1,No sabe,11.7,1.1,9.5,14.0,0.0969999999999999,2604.0,9,11.74372922002327,1.1410721602721694,9.503905441651511,13.98355299839503,0.0971643792950045,2604.0,274,2604,1.9629115987173988,1.971777384669988,True,True,True,True,True,True,True,False,True,EN_AMBOS
VS_E,Lengua materna,idioma_1,1,Castellano,12.1,0.6,10.9,13.2,0.048,17498.0,1,12.05859060961339,0.5834902031113238,10.91369953334321,13.203481685883569,0.0483879270804791,17498.0,2016,17498,1.9621649940614452,1.962926321861701,True,True,True,True,True,True,True,False,True,EN_AMBOS
VS_E,Lengua materna,idioma_3,1,Quechua/Aymara,10.0,1.3,7.4,12.6,0.134,958.0,3,9.983110123940822,1.337216166635873,7.359301106990568,12.606919140891076,0.1339478529270203,958.0,93,958,1.967404973747932,1.9983405425207412,True,True,True,True,True,True,True,False,True,EN_AMBOS
VS_E,Lengua materna,idioma_4,1,Otra lengua nativa,10.0,2.1,6.0,14.1,0.205,275.0,4,10.042960910394918,2.0593239928409397,6.002273251920489,14.083648568869345,0.2050514794605489,275.0,35,275,2.00957523712924,2.1009220402410382,True,True,True,True,True,True,True,False,True,EN_AMBOS
VS_E,Nacional,national_single,1,Total,11.9,0.6,10.8,13.0,0.046,18807.0,Total,11.929219180688625,0.5540782768761695,10.842038502473098,13.016399858904148,0.0464471537058458,18807.0,2150,18807,1.962142757779508,1.962785394248052,True,True,True,True,True,True,True,False,True,EN_AMBOS
VS_E,Sexo,sexo_1,1,Mujer,11.9,0.8,10.4,13.5,0.065,9608.0,1,11.946049919562652,0.780826829824035,10.412697561691347,13.479402277433955,0.0653627630121791,9608.0,1071,9608,1.962202376365632,1.963754701176004,True,True,True,True,True,True,True,False,True,EN_AMBOS
VS_E,Sexo,sexo_2,1,Hombre,11.9,0.6,10.7,13.1,0.052,9199.0,2,11.911537490128625,0.6230462080910645,10.687949598743662,13.135125381513586,0.0523061114996613,9199.0,1079,9199,1.9622476264013184,1.9638798463020608,True,True,True,True,True,True,True,False,True,EN_AMBOS
VS_E,Tipo de hogar,hogar_1,1,Biparental,11.4,0.5,10.4,12.5,0.046,13464.0,1,11.443766362413372,0.5256190967422468,10.412426658389968,12.475106066436778,0.045930603622652,13464.0,1509,13464,1.962142757779508,1.9631576263846908,True,True,True,True,True,True,True,False,True,EN_AMBOS
VS_E,Tipo de hogar,hogar_2,1,Monoparental,13.5,1.3,10.8,16.1,0.1,4397.0,2,13.452234736627364,1.346496102613458,10.810217160506037,16.094252312748694,0.1000946035343299,4397.0,529,4397,1.962322551204167,1.966431267062808,True,True,True,True,True,True,True,False,True,EN_AMBOS
VS_E,Tipo de hogar,hogar_3,1,Sin figuras parentales,11.9,1.8,8.4,15.5,0.153,929.0,3,11.944370447027712,1.8226918581305824,8.367988817933115,15.520752076122308,0.1525984032573394,929.0,111,929,1.9642398045825584,1.9912543953883843,True,True,True,True,True,True,True,False,True,EN_AMBOS
VS_E,Área,area_1,1,Urbana,12.6,0.7,11.3,13.9,0.053,15576.0,1,12.608685334255176,0.6738527892742348,11.286489963971215,13.930880704539137,0.0534435408141653,15576.0,1847,15576,1.9630738928941311,1.9636034938603135,True,True,True,True,True,True,True,False,True,EN_AMBOS
VS_E,Área,area_2,1,Rural,9.4,0.7,8.0,10.8,0.076,3231.0,2,9.372924898557978,0.7083615823897084,7.983018349782779,10.762831447333175,0.0755752969383857,3231.0,303,3231,1.967850227366019,1.9744456300923792,True,True,True,True,True,True,True,False,True,EN_AMBOS
VS_E,Área y sexo,area_1_sexo_1,1,Urbano Mujer,12.1,0.9,10.3,14.0,0.078,7990.0,Urbano Mujer,12.117169114119791,0.9391306588323356,10.27446069328323,13.95987753495636,0.077504130708054,7990.0,901,7990,1.9631967955598617,1.964787527965364,True,True,True,True,True,True,True,False,True,EN_AMBOS
VS_E,Área y sexo,area_1_sexo_2,1,Urbano Hombre,13.1,0.8,11.6,14.6,0.0579999999999999,7586.0,Urbano Hombre,13.136421146409903,0.7575772375578543,11.649946456277156,14.622895836542654,0.0576699870622597,7586.0,946,7586,1.9632873744486168,1.9647293909876884,True,True,True,True,True,True,True,False,True,EN_AMBOS
VS_E,Área y sexo,area_2_sexo_1,1,Rural Mujer,11.3,1.1,9.2,13.4,0.096,1618.0,Rural Mujer,11.2683582761827,1.07934449174528,9.150530298555497,13.386186253809909,0.0957854254622548,1618.0,170,1618,1.967850227366019,1.9815667570749007,True,True,True,True,True,True,True,False,True,EN_AMBOS
VS_E,Área y sexo,area_2_sexo_2,1,Rural Hombre,7.5,0.8,5.9,9.2,0.1119999999999999,1613.0,Rural Hombre,7.5381924905985,0.8412595988465826,5.887521061309184,9.188863919887815,0.1115996440653096,1613.0,133,1613,1.9678765312856947,1.9882679074772216,True,True,True,True,True,True,True,False,True,EN_AMBOS
VS_E_1,Departamento,amazonas,1,Amazonas,15.4,2.0,11.6,19.3,0.128,907.0,Amazonas,15.445414524460125,1.975436635079861,11.569325837485856,19.321503211434397,0.1278979357887392,907.0,159,907,2.000995378088267,2.007583770315836,True,True,True,True,True,True,True,False,True,EN_AMBOS
VS_E_1,Departamento,ancash,1,Áncash,17.2,1.8,13.7,20.7,0.104,705.0,Áncash,17.167924812743887,1.7831468433349584,13.66913614803681,20.66671347745097,0.1038650193767923,705.0,134,705,2.016692199227824,2.0226909200367604,True,True,True,True,True,True,True,False,True,EN_AMBOS
VS_E_1,Departamento,apurimac,1,Apurímac,21.3,2.1,17.1,25.5,0.1,698.0,Apurímac,21.274044956976493,2.136912132873728,17.081118291447144,25.46697162250584,0.1004469125262876,698.0,129,698,2.016692199227824,2.0210753903062733,True,True,True,True,True,True,True,False,True,EN_AMBOS
VS_E_1,Departamento,arequipa,1,Arequipa,23.5,1.9,19.8,27.1,0.08,760.0,Arequipa,23.474779365460822,1.866822032536004,19.81180803425708,27.137750696664565,0.0795245826796871,760.0,171,760,2.0226909200367604,2.0243941639119694,True,True,True,True,True,True,True,False,True,EN_AMBOS
VS_E_1,Departamento,ayacucho,1,Ayacucho,14.2,2.1,10.1,18.3,0.148,650.0,Ayacucho,14.180432031888037,2.091986519282741,10.075655833705044,18.285208230071028,0.1475262893668132,650.0,95,650,2.0210753903062733,2.032244509317718,True,True,True,True,True,True,True,False,True,EN_AMBOS
VS_E_1,Departamento,cajamarca,1,Cajamarca,9.7,1.2,7.3,12.1,0.126,783.0,Cajamarca,9.70384192679601,1.2234291333296563,7.3032993131767645,12.104384540415255,0.1260767789251906,783.0,83,783,2.004044783289145,2.0210753903062733,True,True,True,True,True,True,True,False,True,EN_AMBOS
VS_E_1,Departamento,callao,1,Callao,17.7,1.5,14.7,20.7,0.086,610.0,Callao,17.720137334790273,1.5277517810932342,14.722470241833442,20.717804427747105,0.0862155722740235,610.0,102,610,2.0422724563012378,2.0452296421327034,True,True,True,True,True,True,True,False,True,EN_AMBOS
VS_E_1,Departamento,cusco,1,Cusco,17.0,1.9,13.2,20.8,0.115,716.0,Cusco,16.999932693469145,1.947887039759526,13.177900245432426,20.821965141505864,0.1145820442282012,716.0,130,716,2.016692199227824,2.0243941639119694,True,True,True,True,True,True,True,False,True,EN_AMBOS
VS_E_1,Departamento,huancavelica,1,Huancavelica,8.1,1.7,4.8,11.4,0.207,771.0,Huancavelica,8.10973969186074,1.6804951427368904,4.812368318055911,11.407111065665571,0.2072193691276555,771.0,63,771,2.0057459953178687,2.0595385527532977,True,True,True,True,True,True,True,False,True,EN_AMBOS
VS_E_1,Departamento,huanuco,1,Huánuco,11.8,1.9,8.1,15.5,0.159,687.0,Huánuco,11.813522313321815,1.8820246721487413,8.120721232902811,15.50632339374082,0.1593110523883659,687.0,90,687,2.016692199227824,2.0345152974493383,True,True,True,True,True,True,True,False,True,EN_AMBOS
VS_E_1,Departamento,ica,1,Ica,13.0,1.9,9.3,16.7,0.146,716.0,Ica,12.97336362571397,1.89413843205358,9.256793619028208,16.689933632399736,0.1460021076029416,716.0,96,716,2.026192463029109,2.0422724563012378,True,True,True,True,True,True,True,False,True,EN_AMBOS
VS_E_1,Departamento,junin,1,Junín,22.1,2.0,18.2,26.1,0.091,696.0,Junín,22.11625950825775,2.0190416467904857,18.154611563352592,26.07790745316291,0.0912921846497875,696.0,158,696,2.0226909200367604,2.0280940009804507,True,True,True,True,True,True,True,False,True,EN_AMBOS
VS_E_1,Departamento,la libertad,1,La Libertad,19.1,1.9,15.3,22.9,0.1009999999999999,687.0,La Libertad,19.09965459117578,1.931494016524656,15.309787594957472,22.88952158739409,0.1011271699864679,687.0,131,687,2.0226909200367604,2.032244509317718,True,True,True,True,True,True,True,False,True,EN_AMBOS
VS_E_1,Departamento,lambayeque,1,Lambayeque,13.1,2.0,9.2,17.0,0.151,651.0,Lambayeque,13.11229664920474,1.986070632874186,9.21534254047209,17.009250757937387,0.1514662675813272,651.0,95,651,2.0301079282503425,2.0422724563012378,True,True,True,True,True,True,True,False,True,EN_AMBOS
VS_E_1,Departamento,lima metropolitana,1,Lima Metropolitana,20.2,2.1,16.1,24.4,0.105,796.0,Lima Metropolitana,20.24484640576355,2.116889719846279,16.091206572949282,24.398486238577817,0.104564375417717,796.0,166,796,2.0210753903062733,2.0226909200367604,True,True,True,True,True,True,True,False,True,EN_AMBOS
VS_E_1,Departamento,loreto,1,Loreto,18.5,1.9,14.7,22.4,0.105,674.0,Loreto,18.540211240335022,1.9420812960889493,14.729570490195048,22.350851990475,0.1047496854762835,674.0,117,674,2.019540970441376,2.0280940009804507,True,True,True,True,True,True,True,False,True,EN_AMBOS
VS_E_1,Departamento,madre de dios,1,Madre de Dios,19.4,2.6,14.3,24.4,0.133,644.0,Madre de Dios,19.37076075836038,2.583146353991933,14.302258847590563,24.43926266913019,0.1333528603349794,644.0,133,644,2.0301079282503425,2.0345152974493383,True,True,True,True,True,True,True,False,True,EN_AMBOS
VS_E_1,Departamento,moquegua,1,Moquegua,18.2,1.5,15.3,21.1,0.08,670.0,Moquegua,18.218239742560836,1.4661524393801677,15.341439351830278,21.095040133291388,0.0804771734315797,670.0,137,670,2.0301079282503425,2.0301079282503425,True,True,True,True,True,True,True,False,True,EN_AMBOS
VS_E_1,Departamento,pasco,1,Pasco,16.1,1.5,13.1,19.1,0.094,990.0,Pasco,16.104448273467767,1.5137066788221865,13.13433967621434,19.074556870721192,0.0939930790001687,990.0,162,990,1.999623584994939,2.004879288188057,True,True,True,True,True,True,True,False,True,EN_AMBOS
VS_E_1,Departamento,piura,1,Piura,14.5,2.0,10.7,18.4,0.135,658.0,Piura,14.516428841857564,1.9595138302784945,10.671582971007831,18.36127471270729,0.1349859425913563,658.0,94,658,2.026192463029109,2.0484071417952445,True,True,True,True,True,True,True,False,True,EN_AMBOS
VS_E_1,Departamento,puno,1,Puno,14.9,1.2,12.6,17.2,0.077,979.0,Puno,14.895438578565765,1.1509363105073054,12.637137232238388,17.15373992489314,0.0772677020845481,979.0,154,979,2.000995378088267,2.0085591121007607,True,True,True,True,True,True,True,False,True,EN_AMBOS
VS_E_1,Departamento,region lima,1,Región Lima,17.3,1.9,13.5,21.1,0.1119999999999999,679.0,Región Lima,17.31975942135648,1.931175590098098,13.530517223244932,21.10900161946803,0.1115012941644456,679.0,115,679,2.026192463029109,2.0301079282503425,True,True,True,True,True,True,True,False,True,EN_AMBOS
VS_E_1,Departamento,san martin,1,San Martín,11.9,1.6,8.7,15.0,0.1369999999999999,649.0,San Martín,11.865897460856138,1.6222720939655275,8.68276802053388,15.049026901178395,0.1367171846307594,649.0,78,649,2.0226909200367604,2.039513446396408,True,True,True,True,True,True,True,False,True,EN_AMBOS
VS_E_1,Departamento,tacna,1,Tacna,18.7,1.8,15.1,22.2,0.0969999999999999,659.0,Tacna,18.68326376399396,1.817347633929343,15.117368265711772,22.24915926227614,0.097271422000245,659.0,119,659,2.0345152974493383,2.0369333434601016,True,True,True,True,True,True,True,False,True,EN_AMBOS
VS_E_1,Departamento,tumbes,1,Tumbes,11.2,1.8,7.8,14.7,0.158,677.0,Tumbes,11.242463423373747,1.778263348968985,7.753256871769521,14.731669974977976,0.1581738167163497,677.0,89,677,2.0301079282503425,2.0452296421327034,True,True,True,True,True,True,True,False,True,EN_AMBOS
VS_E_1,Departamento,ucayali,1,Ucayali,12.3,1.6,9.0,15.5,0.134,695.0,Ucayali,12.261908715765308,1.644558492305844,9.035050180342608,15.488767251188005,0.1341192901062305,695.0,100,695,2.0226909200367604,2.0369333434601016,True,True,True,True,True,True,True,False,True,EN_AMBOS
VS_E_1,Discapacidad,bin_0,1,No,17.0,0.7,15.6,18.3,0.039,16778.0,0,16.95089359565653,0.6665531709689675,15.642704281635469,18.259082909677595,0.0393225977856273,16778.0,2711,16778,1.962142757779508,1.9626180940964548,True,True,True,True,True,True,True,False,True,EN_AMBOS
VS_E_1,Discapacidad,bin_1,1,Sí,18.4,1.7,15.0,21.9,0.095,2029.0,1,18.43701538476753,1.742677216472266,15.00426342984745,21.86976733968762,0.0945205707162368,2029.0,389,2029,1.9640483976635408,1.9698151341354369,True,True,True,True,True,True,True,False,True,EN_AMBOS
VS_E_1,Etnicidad,etnicidad_1,1,Indígena andino,15.9,0.9,14.1,17.7,0.0579999999999999,5249.0,1,15.862460298321489,0.9225120983958496,14.052359865490091,17.67256073115288,0.0581569366319212,5249.0,808,5249,1.9628366422266053,1.9655221149743796,True,True,True,True,True,True,True,False,True,EN_AMBOS
VS_E_1,Etnicidad,etnicidad_3,1,Indígena amazónico/nativo,16.4,3.0,10.6,22.2,0.181,433.0,3,16.38547342785812,2.96514805381598,10.56742964831909,22.203517207397148,0.1809620006935362,433.0,84,433,1.978524491479245,2.0141033888808466,True,True,True,True,True,True,True,False,True,EN_AMBOS
VS_E_1,Etnicidad,etnicidad_5,1,Afrodescendiente,14.4,1.3,11.7,17.0,0.094,1806.0,5,14.37111559621689,1.3467149309127358,11.728668647732936,17.013562544700843,0.0937098391489697,1806.0,268,1806,1.96362596651301,1.973305433841471,True,True,True,True,True,True,True,False,True,EN_AMBOS
VS_E_1,Etnicidad,etnicidad_6,1,No indígena ni afrodescendiente,18.8,0.8,17.2,20.4,0.044,8715.0,6,18.796376359216847,0.8351847849504265,17.157624582018734,20.43512813641496,0.044433286979854,8715.0,1559,8715,1.962322551204167,1.9634382581630527,True,True,True,True,True,True,True,False,True,EN_AMBOS
VS_E_1,Etnicidad,etnicidad_9,1,No sabe,15.3,1.2,13.0,17.7,0.078,2604.0,9,15.304023558365982,1.1960547824911043,12.957193328993515,17.650853787738445,0.078152962711383,2604.0,381,2604,1.9629115987173988,1.9687563138232451,True,True,True,True,True,True,True,False,True,EN_AMBOS
VS_E_1,Lengua materna,idioma_1,1,Castellano,17.3,0.7,16.0,18.6,0.039,17498.0,1,17.287180013778258,0.666963834117588,15.97850175696358,18.59585827059293,0.0385814131388695,17498.0,2906,17498,1.9621649940614452,1.9626240462761144,True,True,True,True,True,True,True,False,True,EN_AMBOS
VS_E_1,Lengua materna,idioma_3,1,Quechua/Aymara,13.4,1.6,10.2,16.5,0.119,958.0,3,13.36732379506972,1.5966337410053968,10.234500463329576,16.50014712680986,0.1194430362788312,958.0,130,958,1.967404973747932,1.98793420623902,True,True,True,True,True,True,True,False,True,EN_AMBOS
VS_E_1,Lengua materna,idioma_4,1,Otra lengua nativa,17.6,3.4,10.8,24.3,0.196,275.0,4,17.558660469826716,3.4357951752568603,10.817139849482691,24.30018109017073,0.195675244199922,275.0,53,275,2.00957523712924,2.063898561628025,True,True,True,True,True,True,True,False,True,EN_AMBOS
VS_E_1,Nacional,national_single,1,Total,17.1,0.6,15.9,18.4,0.037,18807.0,Total,17.121127970953374,0.6355579776046076,15.909852124467085,18.404439179799784,0.0371212678675642,18807.0,3100,18807,1.962142757779508,1.96251259248712,True,True,True,True,True,True,True,False,True,EN_AMBOS
VS_E_1,Sexo,sexo_1,1,Mujer,16.9,0.9,15.1,18.6,0.053,9608.0,1,16.877190565645968,0.8873357697082297,15.136058209690251,18.61832292160168,0.0525760354637713,9608.0,1530,9608,1.962202376365632,1.9631576263846908,True,True,True,True,True,True,True,False,True,EN_AMBOS
VS_E_1,Sexo,sexo_2,1,Hombre,17.4,0.7,16.0,18.8,0.0409999999999999,9199.0,2,17.37739869970378,0.7123607444098911,15.97957051984399,18.775226879563565,0.0409935201879228,9199.0,1570,9199,1.9622476264013184,1.9631749170926325,True,True,True,True,True,True,True,False,True,EN_AMBOS
VS_E_1,Tipo de hogar,hogar_1,1,Biparental,16.2,0.6,15.0,17.4,0.039,13464.0,1,16.180746574584873,0.6256820264843009,14.952685727183074,17.408807421986673,0.0386683039376601,13464.0,2166,13464,1.962142757779508,1.9627555138546289,True,True,True,True,True,True,True,False,True,EN_AMBOS
VS_E_1,Tipo de hogar,hogar_2,1,Monoparental,20.2,1.6,17.2,23.3,0.077,4397.0,2,20.230457316442912,1.5560024066705829,17.173197130908413,23.28771750197741,0.076913852333229,4397.0,777,4397,1.962322551204167,1.9648171316625376,True,True,True,True,True,True,True,False,True,EN_AMBOS
VS_E_1,Tipo de hogar,hogar_3,1,Sin figuras parentales,16.3,2.0,12.3,20.4,0.125,929.0,3,16.34721484667857,2.0481251668560625,12.28831149754165,20.406118195815484,0.1252889367433866,929.0,155,929,1.9642398045825584,1.981765282132372,True,True,True,True,True,True,True,False,True,EN_AMBOS
VS_E_1,Área,area_1,1,Urbana,18.1,0.8,16.6,19.6,0.043,15576.0,1,18.117424479868664,0.7715369752250151,16.602624381287534,19.63222457844979,0.0425853562178396,15576.0,2648,15576,1.9630738928941311,1.963353860181937,True,True,True,True,True,True,True,False,True,EN_AMBOS
VS_E_1,Área,area_2,1,Rural,13.4,0.8,11.7,15.0,0.063,3231.0,2,13.372851392821495,0.8376907928946634,11.721352043273942,15.024350742369052,0.0626411502145558,3231.0,452,3231,1.967850227366019,1.971490391867332,True,True,True,True,True,True,True,False,True,EN_AMBOS
VS_E_1,Área y sexo,area_1_sexo_1,1,Urbano Mujer,17.3,1.1,15.2,19.4,0.061,7990.0,Urbano Mujer,17.335215483117793,1.0639926477775614,15.245414027825255,19.42501693841033,0.0613775265045738,7990.0,1295,7990,1.9631967955598617,1.9641126841032743,True,True,True,True,True,True,True,False,True,EN_AMBOS
VS_E_1,Área y sexo,area_1_sexo_2,1,Urbano Hombre,19.0,0.9,17.3,20.7,0.046,7586.0,Urbano Hombre,18.957274078446208,0.8629871173205486,17.262337709306262,20.652210447586157,0.0455227430773782,7586.0,1353,7586,1.9632873744486168,1.964034381419831,True,True,True,True,True,True,True,False,True,EN_AMBOS
VS_E_1,Área y sexo,area_2_sexo_1,1,Rural Mujer,15.1,1.3,12.5,17.6,0.086,1618.0,Rural Mujer,15.063252276409806,1.2939285836834515,12.50614751000282,17.62035704281679,0.0858996822160272,1618.0,235,1618,1.967850227366019,1.9762333088953208,True,True,True,True,True,True,True,False,True,EN_AMBOS
VS_E_1,Área y sexo,area_2_sexo_2,1,Rural Hombre,11.7,1.0,9.8,13.7,0.083,1613.0,Rural Hombre,11.736585344025109,0.9771270983674536,9.803865793285686,13.669304894764526,0.0832548028004492,1613.0,217,1613,1.9678765312856947,1.9779612641677156,True,True,True,True,True,True,True,False,True,EN_AMBOS
VS_H,Departamento,amazonas,1,Amazonas,4.5,1.3,1.8,7.1,0.302,907.0,Amazonas,4.460156486104221,1.3484575674422603,1.8142902359744173,7.106022736234024,0.3023341381952469,907.0,28,907,2.000995378088267,2.093024054408309,True,True,True,True,True,True,True,False,True,EN_AMBOS
VS_H,Departamento,ancash,1,Áncash,0.7,0.4,-0.0,1.4,0.542,705.0,Áncash,0.6690451122311001,0.3624008264728874,-0.0420370448459841,1.380127269308184,0.5416687452724529,705.0,4,705,2.016692199227824,3.182446305283708,True,True,True,True,True,True,True,False,True,EN_AMBOS
VS_H,Departamento,apurimac,1,Apurímac,2.2,1.1,0.1,4.3,0.481,698.0,Apurímac,2.189425147420222,1.0532059083098728,0.1228848019794167,4.255965492861027,0.481042208522568,698.0,8,698,2.016692199227824,2.3646242515927844,True,True,True,True,True,True,True,False,True,EN_AMBOS
VS_H,Departamento,arequipa,1,Arequipa,0.8,0.3,0.2,1.4,0.3939999999999999,760.0,Arequipa,0.7965877353194545,0.3139017828296369,0.1806676254862065,1.4125078451527022,0.3940580163511472,760.0,7,760,2.0226909200367604,2.446911851144969,True,True,True,True,True,True,True,False,True,EN_AMBOS
VS_H,Departamento,ayacucho,1,Ayacucho,1.1,0.5,0.1,2.0,0.4429999999999999,650.0,Ayacucho,1.0656463427622067,0.4724375763641292,0.1386563737964275,1.9926363117279864,0.4433343008896818,650.0,9,650,2.0210753903062733,2.5705818356363137,True,True,True,True,True,True,True,False,True,EN_AMBOS
VS_H,Departamento,cajamarca,1,Cajamarca,2.7,1.3,0.2,5.3,0.477,783.0,Cajamarca,2.7144734149900462,1.2956911872057637,0.1721423356955242,5.256804494284568,0.4773269025405117,783.0,11,783,2.004044783289145,2.306004135204166,True,True,True,True,True,True,True,False,True,EN_AMBOS
VS_H,Departamento,callao,1,Callao,1.6,0.5,0.6,2.7,0.33,610.0,Callao,1.6232561565358103,0.5362948525253183,0.5709690956188278,2.675543217452793,0.330382146013125,610.0,10,610,2.0422724563012378,2.306004135204166,True,True,True,True,True,True,True,False,True,EN_AMBOS
VS_H,Departamento,cusco,1,Cusco,1.1,0.5,0.1,2.2,0.487,716.0,Cusco,1.1195915001712615,0.5449886639811546,0.0502459400687093,2.1889370602738136,0.4867745636670061,716.0,7,716,2.016692199227824,2.7764451051977934,True,True,True,True,True,True,True,False,True,EN_AMBOS
VS_H,Departamento,huancavelica,1,Huancavelica,0.4,0.2,-0.1,0.8,0.61,771.0,Huancavelica,0.3718326480223995,0.2268610424861933,-0.0733011035141937,0.8169663995589929,0.61011598549175,771.0,4,771,2.0057459953178687,4.302652729749462,True,True,True,True,True,True,True,False,True,EN_AMBOS
VS_H,Departamento,huanuco,1,Huánuco,0.8,0.3,0.2,1.4,0.386,687.0,Huánuco,0.8213934316040375,0.3170504473892385,0.1992951924084904,1.4434916707995846,0.3859909699668458,687.0,8,687,2.016692199227824,2.446911851144969,True,True,True,True,True,True,True,False,True,EN_AMBOS
VS_H,Departamento,ica,1,Ica,1.2,0.5,0.2,2.1,0.4029999999999999,716.0,Ica,1.1906220135258294,0.4797232952101942,0.249336424091026,2.131907602960633,0.4029182139758808,716.0,7,716,2.026192463029109,2.5705818356363137,True,True,True,True,True,True,True,False,True,EN_AMBOS
VS_H,Departamento,junin,1,Junín,1.8,0.6,0.6,2.9,0.326,696.0,Junín,1.7607124064954622,0.5739792026951788,0.6344832708110612,2.8869415421798634,0.3259925928719001,696.0,14,696,2.0226909200367604,2.228138851986274,True,True,True,True,True,True,True,False,True,EN_AMBOS
VS_H,Departamento,la libertad,1,La Libertad,1.1,0.4,0.3,2.0,0.389,687.0,La Libertad,1.1232198318845197,0.436743474695771,0.2662667860027548,1.9801728777662848,0.388831698210857,687.0,11,687,2.0226909200367604,2.306004135204166,True,True,True,True,True,True,True,False,True,EN_AMBOS
VS_H,Departamento,lambayeque,1,Lambayeque,1.1,0.4,0.3,2.0,0.362,651.0,Lambayeque,1.1454348679854374,0.4141349761295422,0.3328429238296666,1.958026812141208,0.3615526187516123,651.0,8,651,2.0301079282503425,2.3646242515927844,True,True,True,True,True,True,True,False,True,EN_AMBOS
VS_H,Departamento,lima metropolitana,1,Lima Metropolitana,2.1,0.5,1.1,3.1,0.25,796.0,Lima Metropolitana,2.0756957666261893,0.5179146704306202,1.059473246892987,3.0919182863593915,0.2495137672667861,796.0,16,796,2.0210753903062733,2.144786687917804,True,True,True,True,True,True,True,False,True,EN_AMBOS
VS_H,Departamento,loreto,1,Loreto,4.0,1.0,1.9,6.1,0.262,674.0,Loreto,4.001905865889622,1.047823927058639,1.94592573598343,6.0578859957958135,0.2618312279631065,674.0,22,674,2.019540970441376,2.144786687917804,True,True,True,True,True,True,True,False,True,EN_AMBOS
VS_H,Departamento,madre de dios,1,Madre de Dios,1.5,0.7,0.1,2.9,0.483,644.0,Madre de Dios,1.4763783517696127,0.7135593222423917,0.0762730953856498,2.876483608153576,0.4833173836416032,644.0,10,644,2.0301079282503425,2.446911851144969,True,True,True,True,True,True,True,False,True,EN_AMBOS
VS_H,Departamento,moquegua,1,Moquegua,1.2,0.5,0.2,2.2,0.4379999999999999,670.0,Moquegua,1.203809989473755,0.5270259040337474,0.1697099287117396,2.2379100502357705,0.4377982477651115,670.0,6,670,2.0301079282503425,2.5705818356363137,True,True,True,True,True,True,True,False,True,EN_AMBOS
VS_H,Departamento,pasco,1,Pasco,2.4,0.8,0.9,3.9,0.321,990.0,Pasco,2.3793890380311025,0.7628791947116023,0.882511151067069,3.876266924995136,0.3206197820188622,990.0,17,990,1.999623584994939,2.160368656462792,True,True,True,True,True,True,True,False,True,EN_AMBOS
VS_H,Departamento,piura,1,Piura,1.3,0.5,0.3,2.4,0.39,658.0,Piura,1.3316419824863506,0.5194544917095988,0.3123981135823258,2.3508858513903754,0.3900856976134899,658.0,11,658,2.026192463029109,2.306004135204166,True,True,True,True,True,True,True,False,True,EN_AMBOS
VS_H,Departamento,puno,1,Puno,2.1,0.9,0.3,3.8,0.426,979.0,Puno,2.0572105313952296,0.876991138714083,0.3364287199305877,3.777992342859872,0.4263011127593708,979.0,17,979,2.000995378088267,2.1788128296672284,True,True,True,True,True,True,True,False,True,EN_AMBOS
VS_H,Departamento,region lima,1,Región Lima,1.9,0.6,0.8,3.0,0.3,679.0,Región Lima,1.867025161676376,0.5604785473651711,0.7672862390730263,2.966764084279725,0.3001987112278258,679.0,10,679,2.026192463029109,2.262157162798205,True,True,True,True,True,True,True,False,True,EN_AMBOS
VS_H,Departamento,san martin,1,San Martín,2.1,0.7,0.8,3.5,0.3279999999999999,649.0,San Martín,2.1147993219065504,0.6937211807945713,0.7536193310922338,3.475979312720867,0.3280316830105479,649.0,13,649,2.0226909200367604,2.228138851986274,True,True,True,True,True,True,True,False,True,EN_AMBOS
VS_H,Departamento,tacna,1,Tacna,1.1,0.4,0.3,1.8,0.368,659.0,Tacna,1.0539126870533695,0.3874754243369281,0.2936305893731243,1.8141947847336148,0.36765419858477,659.0,7,659,2.0345152974493383,2.446911851144969,True,True,True,True,True,True,True,False,True,EN_AMBOS
VS_H,Departamento,tumbes,1,Tumbes,1.7,0.5,0.7,2.7,0.291,677.0,Tumbes,1.699401192466638,0.4952502474473706,0.7276495061492707,2.6711528787840058,0.2914263268984337,677.0,12,677,2.0301079282503425,2.200985160091639,True,True,True,True,True,True,True,False,True,EN_AMBOS
VS_H,Departamento,ucayali,1,Ucayali,2.3,0.6,1.1,3.5,0.266,695.0,Ucayali,2.290095930438395,0.6084451913939233,1.096239604639042,3.4839522562377483,0.2656854602931188,695.0,16,695,2.0226909200367604,2.144786687917804,True,True,True,True,True,True,True,False,True,EN_AMBOS
VS_H,Discapacidad,bin_0,1,No,1.5,0.2,1.2,1.9,0.109,16778.0,0,1.5435257051293971,0.1688740215400949,1.212170766787399,1.8748806434713952,0.1094079748584024,16778.0,237,16778,1.962142757779508,1.9736124619543816,True,True,True,True,True,True,True,False,True,EN_AMBOS
VS_H,Discapacidad,bin_1,1,Sí,3.6,1.0,1.5,5.6,0.29,2029.0,1,3.5710215605731275,1.03458970529141,1.5410088630623515,5.601034258083903,0.2897181346408237,2029.0,56,2029,1.9640483976635408,2.032244509317718,True,True,True,True,True,True,True,False,True,EN_AMBOS
VS_H,Etnicidad,etnicidad_1,1,Indígena andino,1.5,0.4,0.8,2.2,0.246,5249.0,1,1.4676044035001232,0.3616611119577548,0.7577227208810234,2.177486086119223,0.2464295630997161,5249.0,59,5249,1.9628366422266053,2.026192463029109,True,True,True,True,True,True,True,False,True,EN_AMBOS
VS_H,Etnicidad,etnicidad_3,1,Indígena amazónico/nativo,6.1,1.7,2.7,9.5,0.283,433.0,3,6.083405169284808,1.7232125935923794,2.6739868488368144,9.4928234897328,0.2832644786332665,433.0,26,433,1.978524491479245,2.131449545559775,True,True,True,True,True,True,True,False,True,EN_AMBOS
VS_H,Etnicidad,etnicidad_5,1,Afrodescendiente,1.4,0.4,0.6,2.1,0.2739999999999999,1806.0,5,1.3559351506167858,0.3717926194671119,0.6258735088732745,2.085996792360297,0.2741964608690846,1806.0,29,1806,1.96362596651301,2.131449545559775,True,True,True,True,True,True,True,False,True,EN_AMBOS
VS_H,Etnicidad,etnicidad_6,1,No indígena ni afrodescendiente,1.5,0.2,1.1,1.9,0.1369999999999999,8715.0,6,1.460930848262367,0.1996017945299482,1.0692477455954292,1.852613950929305,0.1366264493404015,8715.0,134,8715,1.962322551204167,1.9834952585628791,True,True,True,True,True,True,True,False,True,EN_AMBOS
VS_H,Etnicidad,etnicidad_9,1,No sabe,3.0,0.9,1.3,4.7,0.286,2604.0,9,3.029648494609696,0.8657921438205034,1.3301750534260273,4.729121935793364,0.2857731335370778,2604.0,45,2604,1.9629115987173988,2.073873067904026,True,True,True,True,True,True,True,False,True,EN_AMBOS
VS_H,Lengua materna,idioma_1,1,Castellano,1.7,0.2,1.4,2.1,0.107,17498.0,1,1.711340034676616,0.1834800415623864,1.351325999927896,2.071354069425336,0.1072142518988389,17498.0,257,17498,1.9621649940614452,1.9721412216620404,True,True,True,True,True,True,True,False,True,EN_AMBOS
VS_H,Lengua materna,idioma_3,1,Quechua/Aymara,0.6,0.3,0.1,1.1,0.465,958.0,3,0.5856050296073648,0.2720327379476745,0.0518379629644044,1.119372096250325,0.4645327894981818,958.0,7,958,1.967404973747932,,True,True,True,True,True,True,True,False,True,EN_AMBOS
VS_H,Lengua materna,idioma_4,1,Otra lengua nativa,11.0,2.7,5.7,16.3,0.246,275.0,4,10.988032217808204,2.7052195539169466,5.680005261886556,16.29605917372985,0.2461969077167995,275.0,27,275,2.00957523712924,2.160368656462792,True,True,True,True,True,True,True,False,True,EN_AMBOS
VS_H,Nacional,national_single,1,Total,1.8,0.2,1.4,2.1,0.1,18807.0,Total,1.775774160738727,0.1772145786092493,1.428053858747641,2.1234944627298127,0.0997956736432788,18807.0,293,18807,1.962142757779508,1.9707562704894732,True,True,True,True,True,True,True,False,True,EN_AMBOS
VS_H,Sexo,sexo_1,1,Mujer,2.7,0.3,2.1,3.3,0.119,9608.0,1,2.687482835796301,0.3206027965418692,2.0584143804378154,3.3165512911547874,0.1192948257274635,9608.0,228,9608,1.962202376365632,1.9737713368875196,True,True,True,True,True,True,True,False,True,EN_AMBOS
VS_H,Sexo,sexo_2,1,Hombre,0.8,0.2,0.5,1.2,0.218,9199.0,2,0.8179700623036117,0.1783499826925158,0.4680219354133912,1.1679181891938322,0.2180397436432293,9199.0,65,9199,1.9622476264013184,2.0226909200367604,True,True,True,True,True,True,True,False,True,EN_AMBOS
VS_H,Tipo de hogar,hogar_1,1,Biparental,1.7,0.2,1.3,2.1,0.13,13464.0,1,1.6951316338044915,0.2199739977353074,1.263511247248352,2.126752020360631,0.1297680919573224,13464.0,194,13464,1.962142757779508,1.9757989238179336,True,True,True,True,True,True,True,False,True,EN_AMBOS
VS_H,Tipo de hogar,hogar_2,1,Monoparental,1.6,0.3,0.9,2.2,0.216,4397.0,2,1.5756596290164473,0.340121207396149,0.9082932651568716,2.243025992876023,0.2158595683564338,4397.0,73,4397,1.962322551204167,2.011740513729765,True,True,True,True,True,True,True,False,True,EN_AMBOS
VS_H,Tipo de hogar,hogar_3,1,Sin figuras parentales,4.1,1.5,1.2,7.0,0.362,929.0,3,4.11411991360368,1.4885647643915083,1.1933433416671215,7.034896485540237,0.3618185166332768,929.0,25,929,1.9642398045825584,2.306004135204166,True,True,True,True,True,True,True,False,True,EN_AMBOS
VS_H,Área,area_1,1,Urbana,1.7,0.2,1.3,2.1,0.1159999999999999,15576.0,1,1.7074760797404245,0.1985139701302215,1.3156061860052124,2.099345973475637,0.1162616404912683,15576.0,228,15576,1.9630738928941311,1.974016707630967,True,True,True,True,True,True,True,False,True,EN_AMBOS
VS_H,Área,area_2,1,Rural,2.0,0.4,1.2,2.8,0.196,3231.0,2,2.0327258764644096,0.3994140288010768,1.2218722899409329,2.8435794629878863,0.1964918307114737,3231.0,65,3231,1.967850227366019,2.0301079282503425,True,True,True,True,True,True,True,False,True,EN_AMBOS
VS_H,Área y sexo,area_1_sexo_1,1,Urbana - Mujer,2.6,0.4,1.9,3.3,0.1369999999999999,7990.0,Urbano Mujer,2.6162747329331557,0.3592950469509238,1.9109078480985715,3.3216416177677384,0.1373307789232483,7990.0,178,7990,1.9631967955598617,1.9782385392303683,True,True,True,True,True,True,True,False,True,EN_AMBOS
VS_H,Área y sexo,area_1_sexo_2,1,Urbana - Hombre,0.7,0.2,0.3,1.1,0.278,7586.0,Urbano Hombre,0.7317084942969868,0.2034327126258758,0.332311618048771,1.1311053705452023,0.2780242599497639,7586.0,50,7586,1.9632873744486168,2.051830516480285,True,True,True,True,True,True,True,False,True,EN_AMBOS
VS_H,Área y sexo,area_2_sexo_1,1,Rural - Mujer,3.0,0.7,1.6,4.4,0.239,1618.0,Rural Mujer,2.9694917382819868,0.7099130637886193,1.572489154295445,4.366494322268529,0.2390688799152351,1618.0,50,1618,1.967850227366019,2.051830516480285,True,True,True,True,True,True,True,False,True,EN_AMBOS
VS_H,Área y sexo,area_2_sexo_2,1,Rural - Hombre,1.1,0.4,0.4,1.9,0.3339999999999999,1613.0,Rural Hombre,1.1259598008872145,0.3762124373593435,0.3856201746299728,1.8662994271444564,0.3341259937192271,1613.0,15,1613,1.9678765312856947,2.446911851144969,True,True,True,True,True,True,True,False,True,EN_AMBOS
VS_H_1,Departamento,amazonas,1,Amazonas,8.2,1.5,5.2,11.2,0.186,907.0,Amazonas,8.225103085820669,1.5316647079982824,5.219758271675374,11.230447899965965,0.1862182992744168,907.0,67,907,2.000995378088267,2.026192463029109,True,True,True,True,True,True,True,False,True,EN_AMBOS
VS_H_1,Departamento,ancash,1,Áncash,3.9,0.8,2.3,5.6,0.209,705.0,Áncash,3.941409768548275,0.8244580813242891,2.3237053151850326,5.559114221911518,0.209178474134639,705.0,32,705,2.016692199227824,2.085963447265865,True,True,True,True,True,True,True,False,True,EN_AMBOS
VS_H_1,Departamento,apurimac,1,Apurímac,7.7,1.3,5.1,10.3,0.17,698.0,Apurímac,7.717855088373457,1.3105262734454288,5.146415452052742,10.289294724694171,0.1698044674898946,698.0,49,698,2.016692199227824,2.0484071417952445,True,True,True,True,True,True,True,False,True,EN_AMBOS
VS_H_1,Departamento,arequipa,1,Arequipa,5.1,0.9,3.3,6.8,0.18,760.0,Arequipa,5.050569248367997,0.9101462469712072,3.2647323813532427,6.836406115382751,0.1802066662614922,760.0,43,760,2.0226909200367604,2.0595385527532977,True,True,True,True,True,True,True,False,True,EN_AMBOS
VS_H_1,Departamento,ayacucho,1,Ayacucho,4.2,1.1,2.2,6.3,0.248,650.0,Ayacucho,4.227362008815407,1.0504678466938495,2.166194131144836,6.288529886485978,0.248492521932895,650.0,34,650,2.0210753903062733,2.093024054408309,True,True,True,True,True,True,True,False,True,EN_AMBOS
VS_H_1,Departamento,cajamarca,1,Cajamarca,4.8,1.4,2.1,7.5,0.286,783.0,Cajamarca,4.814953392848606,1.3778055511574552,2.111502209016602,7.518404576680609,0.2861513785790401,783.0,27,783,2.004044783289145,2.085963447265865,True,True,True,True,True,True,True,False,True,EN_AMBOS
VS_H_1,Departamento,callao,1,Callao,9.0,1.6,5.9,12.0,0.175,610.0,Callao,8.95991608178276,1.568708711406471,5.881885644630929,12.037946518934593,0.1750807370390397,610.0,48,610,2.0422724563012378,2.063898561628025,True,True,True,True,True,True,True,False,True,EN_AMBOS
VS_H_1,Departamento,cusco,1,Cusco,2.4,0.7,0.9,3.8,0.312,716.0,Cusco,2.3740368467185298,0.7401131363044654,0.9218292163812452,3.8262444770558144,0.3117530114696718,716.0,16,716,2.016692199227824,2.200985160091639,True,True,True,True,True,True,True,False,True,EN_AMBOS
VS_H_1,Departamento,huancavelica,1,Huancavelica,2.0,0.7,0.6,3.4,0.355,771.0,Huancavelica,1.995692203791162,0.7079081928223524,0.606675270072004,3.38470913751032,0.3547181231041332,771.0,14,771,2.0057459953178687,2.228138851986274,True,True,True,True,True,True,True,False,True,EN_AMBOS
VS_H_1,Departamento,huanuco,1,Huánuco,3.3,0.7,2.0,4.6,0.198,687.0,Huánuco,3.344788660716475,0.662619225687086,2.044635145869094,4.644942175563856,0.1981049605523204,687.0,31,687,2.016692199227824,2.07961384472768,True,True,True,True,True,True,True,False,True,EN_AMBOS
VS_H_1,Departamento,ica,1,Ica,6.8,1.4,4.1,9.6,0.207,716.0,Ica,6.838077716928799,1.416940706448298,4.057837771568291,9.618317662289307,0.2072133083454763,716.0,43,716,2.026192463029109,2.068657610419048,True,True,True,True,True,True,True,False,True,EN_AMBOS
VS_H_1,Departamento,junin,1,Junín,5.1,0.8,3.5,6.8,0.165,696.0,Junín,5.126761397171861,0.8442162357904028,3.470288624115845,6.783234170227878,0.1646685247056959,696.0,42,696,2.0226909200367604,2.0555294386428726,True,True,True,True,True,True,True,False,True,EN_AMBOS
VS_H_1,Departamento,la libertad,1,La Libertad,5.2,0.8,3.7,6.8,0.151,687.0,La Libertad,5.245981162432799,0.7942087442574318,3.6876302267229226,6.804332098142677,0.1513937468828274,687.0,41,687,2.0226909200367604,2.0595385527532977,True,True,True,True,True,True,True,False,True,EN_AMBOS
VS_H_1,Departamento,lambayeque,1,Lambayeque,5.1,1.1,2.9,7.4,0.221,651.0,Lambayeque,5.128573713615822,1.1339686019198734,2.9035654338093893,7.353581993422255,0.2211079854247403,651.0,31,651,2.0301079282503425,2.093024054408309,True,True,True,True,True,True,True,False,True,EN_AMBOS
VS_H_1,Departamento,lima metropolitana,1,Lima Metropolitana,7.5,1.1,5.3,9.8,0.152,796.0,Lima Metropolitana,7.532092971703712,1.1443388925202636,5.286736701299654,9.77744924210777,0.1519284077904074,796.0,50,796,2.0210753903062733,2.0484071417952445,True,True,True,True,True,True,True,False,True,EN_AMBOS
VS_H_1,Departamento,loreto,1,Loreto,9.1,2.0,5.2,13.0,0.2189999999999999,674.0,Loreto,9.08747428505964,1.9934461874936007,5.1760482852459,12.998900284873375,0.2193619618567666,674.0,53,674,2.019540970441376,2.0484071417952445,True,True,True,True,True,True,True,False,True,EN_AMBOS
VS_H_1,Departamento,madre de dios,1,Madre de Dios,6.6,1.4,4.0,9.3,0.206,644.0,Madre de Dios,6.644691316077419,1.3664703761564418,3.963481363781817,9.325901268373022,0.2056484358950047,644.0,47,644,2.0301079282503425,2.068657610419048,True,True,True,True,True,True,True,False,True,EN_AMBOS
VS_H_1,Departamento,moquegua,1,Moquegua,4.0,0.8,2.3,5.7,0.212,670.0,Moquegua,3.9937013984884375,0.8459915044943948,2.333745294801771,5.653657502175104,0.211831436575251,670.0,25,670,2.0301079282503425,2.1098155778333165,True,True,True,True,True,True,True,False,True,EN_AMBOS
VS_H_1,Departamento,pasco,1,Pasco,4.8,0.8,3.3,6.4,0.1639999999999999,990.0,Pasco,4.811800890049634,0.7872334124602679,3.267136551108671,6.356465228990596,0.1636047356174265,990.0,44,990,1.999623584994939,2.0369333434601016,True,True,True,True,True,True,True,False,True,EN_AMBOS
VS_H_1,Departamento,piura,1,Piura,4.8,0.9,3.1,6.6,0.185,658.0,Piura,4.822809902362189,0.8926228652058497,3.0713564119701373,6.574263392754241,0.1850835681432617,658.0,37,658,2.026192463029109,2.068657610419048,True,True,True,True,True,True,True,False,True,EN_AMBOS
VS_H_1,Departamento,puno,1,Puno,5.6,1.3,3.1,8.1,0.23,979.0,Puno,5.597468212528548,1.2879148836919403,3.07039535085597,8.124541074201126,0.2300888249457605,979.0,43,979,2.000995378088267,2.051830516480285,True,True,True,True,True,True,True,False,True,EN_AMBOS
VS_H_1,Departamento,region lima,1,Región Lima,5.3,1.0,3.4,7.1,0.181,679.0,Región Lima,5.253974271160019,0.9517686515709932,3.386468304398428,7.121480237921612,0.1811521340702822,679.0,37,679,2.026192463029109,2.063898561628025,True,True,True,True,True,True,True,False,True,EN_AMBOS
VS_H_1,Departamento,san martin,1,San Martín,4.9,0.8,3.4,6.4,0.154,649.0,San Martín,4.9172944648319135,0.75926993547384,3.427498459742204,6.407090469921623,0.15440806746557,649.0,34,649,2.0226909200367604,2.0595385527532977,True,True,True,True,True,True,True,False,True,EN_AMBOS
VS_H_1,Departamento,tacna,1,Tacna,4.8,1.1,2.7,7.0,0.228,659.0,Tacna,4.839726422724235,1.1020609632584184,2.677325485035221,7.002127360413249,0.2277114173404204,659.0,33,659,2.0345152974493383,2.085963447265865,True,True,True,True,True,True,True,False,True,EN_AMBOS
VS_H_1,Departamento,tumbes,1,Tumbes,7.4,1.1,5.2,9.6,0.154,677.0,Tumbes,7.390348854852209,1.141128356859402,5.151292113743704,9.629405595960714,0.1544079148726764,677.0,50,677,2.0301079282503425,2.0555294386428726,True,True,True,True,True,True,True,False,True,EN_AMBOS
VS_H_1,Departamento,ucayali,1,Ucayali,10.1,1.6,6.9,13.4,0.162,695.0,Ucayali,10.134452506177247,1.6397474914897756,6.917033841163471,13.351871171191029,0.1617993167850262,695.0,63,695,2.0226909200367604,2.0484071417952445,True,True,True,True,True,True,True,False,True,EN_AMBOS
VS_H_1,Discapacidad,bin_0,1,No,5.7,0.4,5.0,6.5,0.068,16778.0,0,5.727806723106605,0.3919207046054691,4.957914550048362,6.497698896164848,0.0684242195227045,16778.0,869,16778,1.962142757779508,1.9644080142008895,True,True,True,True,True,True,True,False,True,EN_AMBOS
VS_H_1,Discapacidad,bin_1,1,Sí,8.2,1.2,5.7,10.6,0.152,2029.0,1,8.15334146956959,1.240539461080549,5.695842351833901,10.610840587305276,0.1521510494452572,2029.0,165,2029,1.9640483976635408,1.9809922979758567,True,True,True,True,True,True,True,False,True,EN_AMBOS
VS_H_1,Etnicidad,etnicidad_1,1,Indígena andino,4.7,0.5,3.7,5.6,0.108,5249.0,1,4.657962882099881,0.5035836893882438,3.669859793030853,5.646065971168909,0.1081124307201908,5249.0,237,5249,1.9628366422266053,1.9736124619543816,True,True,True,True,True,True,True,False,True,EN_AMBOS
VS_H_1,Etnicidad,etnicidad_3,1,Indígena amazónico/nativo,10.3,2.6,5.1,15.5,0.257,433.0,3,10.290390540693377,2.6495191994857943,5.091655631824566,15.489125449562188,0.2574750869763653,433.0,51,433,1.978524491479245,2.0484071417952445,True,True,True,True,True,True,True,False,True,EN_AMBOS
VS_H_1,Etnicidad,etnicidad_5,1,Afrodescendiente,6.5,1.1,4.3,8.7,0.173,1806.0,5,6.532588846115077,1.128619300519102,4.318076659311347,8.747101032918806,0.1727675393485525,1806.0,111,1806,1.96362596651301,1.991672609644664,True,True,True,True,True,True,True,False,True,EN_AMBOS
VS_H_1,Etnicidad,etnicidad_6,1,No indígena ni afrodescendiente,6.2,0.6,5.0,7.4,0.0969999999999999,8715.0,6,6.180776125386407,0.5987859062243698,5.00587269602782,7.355679554744994,0.0968787566605051,8715.0,501,8715,1.962322551204167,1.966726229870818,True,True,True,True,True,True,True,False,True,EN_AMBOS
VS_H_1,Etnicidad,etnicidad_9,1,No sabe,6.5,1.0,4.6,8.4,0.149,2604.0,9,6.487506888163241,0.9662150853844388,4.591654955918855,8.383358820407627,0.1489347297877006,2604.0,134,2604,1.9629115987173988,1.9852510035054975,True,True,True,True,True,True,True,False,True,EN_AMBOS
VS_H_1,Lengua materna,idioma_1,1,Castellano,6.0,0.4,5.2,6.7,0.063,17498.0,1,5.967664238677186,0.3743990787497958,5.233039797788954,6.7022886795654175,0.0627379597403064,17498.0,946,17498,1.9621649940614452,1.9641419100017252,True,True,True,True,True,True,True,False,True,EN_AMBOS
VS_H_1,Lengua materna,idioma_3,1,Quechua/Aymara,3.2,0.6,2.0,4.4,0.191,958.0,3,3.1765568628478507,0.60749555016357,1.984563868711124,4.368549856984577,0.1912434048540649,958.0,35,958,1.967404973747932,2.07961384472768,True,True,True,True,True,True,True,False,True,EN_AMBOS
VS_H_1,Lengua materna,idioma_4,1,Otra lengua nativa,15.5,3.0,9.7,21.3,0.192,275.0,4,15.480909583538836,2.9694802607197834,9.654365395598306,21.307453771479363,0.191815619405031,275.0,46,275,2.00957523712924,2.093024054408309,True,True,True,True,True,True,True,False,True,EN_AMBOS
VS_H_1,Nacional,national_single,1,Total,6.0,0.4,5.3,6.7,0.06,18807.0,Total,6.005650299151552,0.3606744505542251,5.297955538080476,6.713345060222628,0.0600558528366494,18807.0,1034,18807,1.962142757779508,1.9638605503645368,True,True,True,True,True,True,True,False,True,EN_AMBOS
VS_H_1,Sexo,sexo_1,1,Mujer,10.0,0.7,8.6,11.4,0.071,9608.0,1,9.992561599760885,0.7121388686901265,8.595243476027258,11.389879723494506,0.0712668980401549,9608.0,848,9608,1.962202376365632,1.9644331306300824,True,True,True,True,True,True,True,False,True,EN_AMBOS
VS_H_1,Sexo,sexo_2,1,Hombre,1.8,0.2,1.4,2.2,0.119,9199.0,2,1.8171632437007048,0.216094797898655,1.393154401010032,2.241172086391377,0.1189187590315616,9199.0,186,9199,1.9622476264013184,1.976692197929791,True,True,True,True,True,True,True,False,True,EN_AMBOS
VS_H_1,Tipo de hogar,hogar_1,1,Biparental,5.4,0.4,4.5,6.2,0.078,13464.0,1,5.356221048156741,0.4173359135638592,4.53734840779612,6.175093688517363,0.0779161109692212,13464.0,659,13464,1.962142757779508,1.9651120203087344,True,True,True,True,True,True,True,False,True,EN_AMBOS
VS_H_1,Tipo de hogar,hogar_2,1,Monoparental,7.2,0.7,5.8,8.7,0.103,4397.0,2,7.243537317501316,0.7424947443426206,5.786656632200095,8.700418002802536,0.1025044411034727,4397.0,298,4397,1.962322551204167,1.9707073953203915,True,True,True,True,True,True,True,False,True,EN_AMBOS
VS_H_1,Tipo de hogar,hogar_3,1,Sin figuras parentales,10.1,2.0,6.2,13.9,0.195,929.0,3,10.091759817003611,1.964406856177799,6.237313130821934,13.946206503185293,0.1946545391288414,929.0,75,929,1.9642398045825584,2.011740513729765,True,True,True,True,True,True,True,False,True,EN_AMBOS
VS_H_1,Área,area_1,1,Urbana,6.3,0.4,5.5,7.1,0.068,15576.0,1,6.289430121682489,0.4258712690232531,5.453809895422144,7.1250503479428335,0.0677122188789543,15576.0,868,15576,1.9630738928941311,1.9648072234709044,True,True,True,True,True,True,True,False,True,EN_AMBOS
VS_H_1,Área,area_2,1,Rural,4.9,0.6,3.8,6.1,0.121,3231.0,2,4.938011044551316,0.5984992608807663,3.763670054277732,6.1123520348249,0.1212024953935978,3231.0,166,3231,1.967850227366019,1.9852510035054975,True,True,True,True,True,True,True,False,True,EN_AMBOS
VS_H_1,Área y sexo,area_1_sexo_1,1,Urbana - Mujer,10.6,0.8,9.0,12.3,0.08,7990.0,Urbano Mujer,10.62046610313808,0.8488435031542707,8.954019257813808,12.28691294846235,0.0799252589209299,7990.0,722,7990,1.9631967955598617,1.9654198522355184,True,True,True,True,True,True,True,False,True,EN_AMBOS
VS_H_1,Área y sexo,area_1_sexo_2,1,Urbana - Hombre,1.6,0.2,1.2,2.1,0.148,7586.0,Urbano Hombre,1.6392421980464102,0.241855191722501,1.1644109536927745,2.1140734424000462,0.1475408527249575,7586.0,146,7586,1.9632873744486168,1.982815273795048,True,True,True,True,True,True,True,False,True,EN_AMBOS
VS_H_1,Área y sexo,area_2_sexo_1,1,Rural - Mujer,7.5,1.0,5.5,9.5,0.136,1618.0,Rural Mujer,7.505840949394152,1.0199803752226555,5.498672336103372,9.513009562684932,0.1358915519392913,1618.0,126,1618,1.967850227366019,1.993463566661872,True,True,True,True,True,True,True,False,True,EN_AMBOS
VS_H_1,Área y sexo,area_2_sexo_2,1,Rural - Hombre,2.5,0.5,1.5,3.4,0.195,1613.0,Rural Hombre,2.452415507320337,0.4789447861128333,1.5099113029472462,3.394919711693429,0.1952951221696352,1613.0,40,1613,1.9678765312856947,2.068657610419048,True,True,True,True,True,True,True,False,True,EN_AMBOS
VS_OtraPersona_12M,Departamento,amazonas,1,Amazonas,3.0,0.7,1.7,4.3,0.218,907.0,Amazonas,3.027081249992334,0.6586606916391142,1.734694944058604,4.319467555926064,0.2175893665360922,907.0,52,907,2.000995378088267,2.0484071417952445,True,True,True,True,True,True,True,False,True,EN_AMBOS
VS_OtraPersona_12M,Departamento,ancash,1,Áncash,6.9,1.2,4.5,9.2,0.175,705.0,Áncash,6.878950592217962,1.2058361656797456,4.512927892660839,9.244973291775086,0.1752936221178688,705.0,58,705,2.016692199227824,2.068657610419048,True,True,True,True,True,True,True,False,True,EN_AMBOS
VS_OtraPersona_12M,Departamento,apurimac,1,Apurímac,5.6,0.9,3.8,7.3,0.158,698.0,Apurímac,5.553657194813287,0.8775216924111784,3.831834361254276,7.275480028372297,0.1580078967118676,698.0,48,698,2.016692199227824,2.0484071417952445,True,True,True,True,True,True,True,False,True,EN_AMBOS
VS_OtraPersona_12M,Departamento,arequipa,1,Arequipa,7.5,1.2,5.2,9.8,0.156,760.0,Arequipa,7.536714212895464,1.1788599047875594,5.223622788279913,9.849805637511016,0.156415630404362,760.0,61,760,2.0226909200367604,2.039513446396408,True,True,True,True,True,True,True,False,True,EN_AMBOS
VS_OtraPersona_12M,Departamento,ayacucho,1,Ayacucho,5.0,1.8,1.3,8.6,0.371,650.0,Ayacucho,4.972536299501884,1.8463022825452824,1.3498276471338826,8.595244951869885,0.3712999104159849,650.0,30,650,2.0210753903062733,2.1009220402410382,True,True,True,True,True,True,True,False,True,EN_AMBOS
VS_OtraPersona_12M,Departamento,cajamarca,1,Cajamarca,3.9,1.0,1.9,6.0,0.267,783.0,Cajamarca,3.9142364267550143,1.0462810976254702,1.861283548447604,5.9671893050624245,0.2673014564153089,783.0,30,783,2.004044783289145,2.085963447265865,True,True,True,True,True,True,True,False,True,EN_AMBOS
VS_OtraPersona_12M,Departamento,callao,1,Callao,7.9,1.4,5.2,10.6,0.175,610.0,Callao,7.915102077069987,1.387204106703447,5.193209585539826,10.636994568600148,0.1752604190313819,610.0,49,610,2.0422724563012378,2.07961384472768,True,True,True,True,True,True,True,False,True,EN_AMBOS
VS_OtraPersona_12M,Departamento,cusco,1,Cusco,3.9,1.0,2.0,5.8,0.25,716.0,Cusco,3.889286119454568,0.97099929717057,1.9840468807023417,5.794525358206794,0.2496600320335246,716.0,32,716,2.016692199227824,2.085963447265865,True,True,True,True,True,True,True,False,True,EN_AMBOS
VS_OtraPersona_12M,Departamento,huancavelica,1,Huancavelica,2.4,0.7,1.1,3.7,0.2769999999999999,771.0,Huancavelica,2.3921113707140123,0.6617460767146114,1.0936710987994347,3.6905516426285896,0.2766368175061554,771.0,27,771,2.0057459953178687,2.1098155778333165,True,True,True,True,True,True,True,False,True,EN_AMBOS
VS_OtraPersona_12M,Departamento,huanuco,1,Huánuco,4.0,0.9,2.3,5.8,0.2239999999999999,687.0,Huánuco,4.043002653327266,0.9052061283555556,2.266859004276785,5.819146302377747,0.2238945175093068,687.0,35,687,2.016692199227824,2.1009220402410382,True,True,True,True,True,True,True,False,True,EN_AMBOS
VS_OtraPersona_12M,Departamento,ica,1,Ica,5.0,0.9,3.3,6.8,0.177,716.0,Ica,5.029225602240895,0.8881746038019871,3.286500235747142,6.771950968734648,0.1766026569590036,716.0,36,716,2.026192463029109,2.073873067904026,True,True,True,True,True,True,True,False,True,EN_AMBOS
VS_OtraPersona_12M,Departamento,junin,1,Junín,9.1,1.4,6.4,11.8,0.151,696.0,Junín,9.135716140221929,1.380805272701172,6.426379074487566,11.845053205956292,0.151143627002801,696.0,63,696,2.0226909200367604,2.0422724563012378,True,True,True,True,True,True,True,False,True,EN_AMBOS
VS_OtraPersona_12M,Departamento,la libertad,1,La Libertad,7.9,1.5,4.9,10.9,0.1939999999999999,687.0,La Libertad,7.897004857562423,1.5334737367793,4.888110470695841,10.905899244429005,0.1941842210354976,687.0,44,687,2.0226909200367604,2.0595385527532977,True,True,True,True,True,True,True,False,True,EN_AMBOS
VS_OtraPersona_12M,Departamento,lambayeque,1,Lambayeque,6.2,1.0,4.1,8.2,0.168,651.0,Lambayeque,6.192243890208542,1.0431666472564014,4.145402008137262,8.239085772279822,0.1684634303416091,651.0,43,651,2.0301079282503425,2.068657610419048,True,True,True,True,True,True,True,False,True,EN_AMBOS
VS_OtraPersona_12M,Departamento,lima metropolitana,1,Lima Metropolitana,10.2,1.3,7.6,12.9,0.131,796.0,Lima Metropolitana,10.237955191859776,1.342257834873146,7.604253702090631,12.871656681628924,0.1311060470298188,796.0,83,796,2.0210753903062733,2.0280940009804507,True,True,True,True,True,True,True,False,True,EN_AMBOS
VS_OtraPersona_12M,Departamento,loreto,1,Loreto,12.2,1.9,8.4,15.9,0.158,674.0,Loreto,12.16823527331093,1.9169083158499127,8.40698750403871,15.92948304258315,0.157533797859279,674.0,80,674,2.019540970441376,2.0369333434601016,True,True,True,True,True,True,True,False,True,EN_AMBOS
VS_OtraPersona_12M,Departamento,madre de dios,1,Madre de Dios,7.0,1.6,3.9,10.0,0.222,644.0,Madre de Dios,6.9958084845828346,1.5565426541183436,3.941649588629633,10.049967380536035,0.2224964644970782,644.0,48,644,2.0301079282503425,2.068657610419048,True,True,True,True,True,True,True,False,True,EN_AMBOS
VS_OtraPersona_12M,Departamento,moquegua,1,Moquegua,7.7,1.4,4.9,10.5,0.184,670.0,Moquegua,7.6943532348467665,1.416289281231682,4.915391478757277,10.473314990936256,0.1840686589247663,670.0,51,670,2.0301079282503425,2.0555294386428726,True,True,True,True,True,True,True,False,True,EN_AMBOS
VS_OtraPersona_12M,Departamento,pasco,1,Pasco,9.1,1.3,6.6,11.6,0.138,990.0,Pasco,9.097870753101686,1.2558496782904949,6.633714401984267,11.562027104219103,0.1380377576656983,990.0,81,990,1.999623584994939,2.0180817028184443,True,True,True,True,True,True,True,False,True,EN_AMBOS
VS_OtraPersona_12M,Departamento,piura,1,Piura,6.1,1.1,4.0,8.3,0.182,658.0,Piura,6.149964374042764,1.1163761300514077,3.959475035504481,8.340453712581047,0.1815256255407447,658.0,47,658,2.026192463029109,2.07961384472768,True,True,True,True,True,True,True,False,True,EN_AMBOS
VS_OtraPersona_12M,Departamento,puno,1,Puno,3.8,0.7,2.4,5.1,0.187,979.0,Puno,3.758717062237517,0.7045843035262138,2.376222073828438,5.141212050646596,0.1874534028126032,979.0,46,979,2.000995378088267,2.039513446396408,True,True,True,True,True,True,True,False,True,EN_AMBOS
VS_OtraPersona_12M,Departamento,san martin,1,San Martín,6.0,1.4,3.3,8.6,0.228,649.0,San Martín,5.958750898016105,1.3579404105487356,3.294277955961772,8.62322384007044,0.2278901121711339,649.0,34,649,2.0226909200367604,2.085963447265865,True,True,True,True,True,True,True,False,True,EN_AMBOS
VS_OtraPersona_12M,Departamento,tacna,1,Tacna,9.6,1.3,7.1,12.1,0.132,659.0,Tacna,9.61703572956984,1.2667685069789305,7.131455077817971,12.102616381321708,0.1317213060864433,659.0,64,659,2.0345152974493383,2.051830516480285,True,True,True,True,True,True,True,False,True,EN_AMBOS
VS_OtraPersona_12M,Discapacidad,bin_0,1,No,7.2,0.5,6.2,8.1,0.066,16778.0,0,7.173428839933628,0.4724790917316822,6.245527466211638,8.101330213655618,0.0658651674498319,16778.0,1111,16778,1.962142757779508,1.963899334298879,True,True,True,True,True,True,True,False,True,EN_AMBOS
VS_OtraPersona_12M,Discapacidad,bin_1,1,Sí,9.1,1.1,7.0,11.2,0.1159999999999999,2029.0,1,9.116453973144113,1.0559152368181222,7.026164298646783,11.20674364764144,0.1158252144889571,2029.0,172,2029,1.9640483976635408,1.9795998784866224,True,True,True,True,True,True,True,False,True,EN_AMBOS
VS_OtraPersona_12M,Etnicidad,etnicidad_1,1,Indígena andino,5.8,0.5,4.7,6.8,0.092,5249.0,1,5.771393699181277,0.5321298253882463,4.726909779487582,6.815877618874971,0.092201269420198,5249.0,322,5249,1.9628366422266053,1.9705633902926971,True,True,True,True,True,True,True,False,True,EN_AMBOS
VS_OtraPersona_12M,Etnicidad,etnicidad_3,1,Indígena amazónico/nativo,10.9,2.6,5.8,16.0,0.237,433.0,3,10.9100730409051,2.5810542558062117,5.803393981955775,16.016752099854425,0.2365753415333768,433.0,44,433,1.978524491479245,2.051830516480285,True,True,True,True,True,True,True,False,True,EN_AMBOS
VS_OtraPersona_12M,Etnicidad,etnicidad_5,1,Afrodescendiente,8.3,1.9,4.6,12.1,0.23,1806.0,5,8.3245687931673,1.913307192446991,4.567549108162283,12.081588478172318,0.2298385946449753,1806.0,115,1806,1.96362596651301,1.9889597801751624,True,True,True,True,True,True,True,False,True,EN_AMBOS
VS_OtraPersona_12M,Etnicidad,etnicidad_6,1,No indígena ni afrodescendiente,8.0,0.6,6.9,9.1,0.07,8715.0,6,7.966656440750443,0.555120926397098,6.877330128236069,9.055982753264818,0.0696805404532803,8715.0,662,8715,1.962322551204167,1.965724566559978,True,True,True,True,True,True,True,False,True,EN_AMBOS
VS_OtraPersona_12M,Etnicidad,etnicidad_9,1,No sabe,6.7,1.2,4.3,9.2,0.183,2604.0,9,6.741089177124983,1.2365789247107886,4.313794063080686,9.16838429116928,0.1834390396298212,2604.0,140,2604,1.9629115987173988,1.983731002955606,True,True,True,True,True,True,True,False,True,EN_AMBOS
VS_OtraPersona_12M,Lengua materna,idioma_1,1,Castellano,7.6,0.4,6.7,8.4,0.0579999999999999,17498.0,1,7.582098371172913,0.4413340836244826,6.716137895227879,8.448058847117947,0.0582073803345036,17498.0,1217,17498,1.9621649940614452,1.963748653555787,True,True,True,True,True,True,True,False,True,EN_AMBOS
VS_OtraPersona_12M,Lengua materna,idioma_3,1,Quechua/Aymara,3.2,0.7,1.7,4.6,0.2339999999999999,958.0,3,3.1642600622974237,0.740757720323234,1.7107876660959316,4.6177324584989154,0.2341014030892909,958.0,38,958,1.967404973747932,2.085963447265865,True,True,True,True,True,True,True,False,True,EN_AMBOS
VS_OtraPersona_12M,Lengua materna,idioma_4,1,Otra lengua nativa,6.8,2.7,1.6,12.1,0.392,275.0,4,6.831139403089096,2.68066454269117,1.5712928846112992,12.09098592156689,0.3924183631033722,275.0,22,275,2.00957523712924,2.200985160091639,True,True,True,True,True,True,True,False,True,EN_AMBOS
VS_OtraPersona_12M,Nacional,national_single,1,Total,7.4,0.4,6.6,8.2,0.057,18807.0,Total,7.396001224082588,0.4229944900712533,6.566025648808642,8.225976799356534,0.0571923228857661,18807.0,1283,18807,1.962142757779508,1.9635812953430185,True,True,True,True,True,True,True,False,True,EN_AMBOS
VS_OtraPersona_12M,Sexo,sexo_1,1,Mujer,11.2,0.7,9.9,12.6,0.062,9608.0,1,11.230379269343016,0.6914540437525352,9.873606501544169,12.587152037141866,0.0615699636823561,9608.0,1018,9608,1.962202376365632,1.96408386425262,True,True,True,True,True,True,True,False,True,EN_AMBOS
VS_OtraPersona_12M,Sexo,sexo_2,1,Hombre,3.4,0.6,2.3,4.5,0.1669999999999999,9199.0,2,3.367759410470207,0.560787000134676,2.267356450539224,4.468162370401191,0.1665163486415375,9199.0,265,9199,1.9622476264013184,1.971777384669988,True,True,True,True,True,True,True,False,True,EN_AMBOS
VS_OtraPersona_12M,Tipo de hogar,hogar_1,1,Biparental,7.1,0.5,6.2,8.0,0.065,13464.0,1,7.077299339915473,0.459501734268103,6.175691339834191,7.978907339996755,0.0649261409188312,13464.0,871,13464,1.962142757779508,1.9643504928475484,True,True,True,True,True,True,True,False,True,EN_AMBOS
VS_OtraPersona_12M,Tipo de hogar,hogar_2,1,Monoparental,8.2,0.9,6.5,9.9,0.105,4397.0,2,8.21234547294486,0.8640964700661242,6.516709483318188,9.90798146257153,0.1052192060006297,4397.0,322,4397,1.962322551204167,1.9699394059169584,True,True,True,True,True,True,True,False,True,EN_AMBOS
VS_OtraPersona_12M,Tipo de hogar,hogar_3,1,Sin figuras parentales,8.4,1.5,5.4,11.3,0.179,929.0,3,8.374487320284754,1.5024413854978214,5.423332146837765,11.325642493731744,0.1794069688133141,929.0,88,929,1.9642398045825584,2.0002978220142595,True,True,True,True,True,True,True,False,True,EN_AMBOS
VS_OtraPersona_12M,Área,area_1,1,Urbana,8.2,0.5,7.2,9.2,0.061,15576.0,1,8.196437935714568,0.501029042492121,7.213347428551452,9.179528442877684,0.0611276564797707,15576.0,1144,15576,1.9630738928941311,1.9642865509120813,True,True,True,True,True,True,True,False,True,EN_AMBOS
VS_OtraPersona_12M,Área,area_2,1,Rural,4.4,0.6,3.2,5.6,0.143,3231.0,2,4.384590312130719,0.6270320100590624,3.1542639946974016,5.614916629564036,0.1430081183011035,3231.0,139,3231,1.967850227366019,1.9889597801751624,True,True,True,True,True,True,True,False,True,EN_AMBOS
VS_OtraPersona_12M,Área y sexo,area_1_sexo_1,1,Urbana - Mujer,12.5,0.8,10.8,14.1,0.066,7990.0,Urbano Mujer,12.464074459768613,0.8230858700058266,10.849062480906037,14.079086438631192,0.0660366618205445,7990.0,922,7990,1.9631967955598617,1.9647582832370232,True,True,True,True,True,True,True,False,True,EN_AMBOS
VS_OtraPersona_12M,Área y sexo,area_1_sexo_2,1,Urbana - Hombre,3.6,0.7,2.2,5.0,0.1939999999999999,7586.0,Urbano Hombre,3.614321344765652,0.7015171874088504,2.237844476033526,4.990798213497777,0.1940937510785544,7586.0,222,7586,1.9632873744486168,1.9748080917517836,True,True,True,True,True,True,True,False,True,EN_AMBOS
VS_OtraPersona_12M,Área y sexo,area_2_sexo_1,1,Rural - Mujer,6.3,1.0,4.4,8.3,0.157,1618.0,Rural Mujer,6.344516387664472,0.9991841550924094,4.383974434061864,8.30505834126708,0.1574878358002361,1618.0,96,1618,1.967850227366019,2.001717484145236,True,True,True,True,True,True,True,False,True,EN_AMBOS
VS_OtraPersona_12M,Área y sexo,area_2_sexo_2,1,Rural - Hombre,2.5,0.5,1.5,3.5,0.208,1613.0,Rural Hombre,2.487430575240948,0.5183504880488654,1.4703529191243931,3.5045082313575024,0.2083879217407524,1613.0,43,1613,1.9678765312856947,2.063898561628025,True,True,True,True,True,True,True,False,True,EN_AMBOS
VS_OtraPersona_VIDA,Departamento,amazonas,1,Amazonas,9.7,1.4,6.9,12.5,0.147,907.0,Amazonas,9.67534418280439,1.4221139831410168,6.884953530047275,12.465734835561504,0.146983296539309,907.0,116,907,2.000995378088267,2.011740513729765,True,True,True,True,True,True,True,False,True,EN_AMBOS
VS_OtraPersona_VIDA,Departamento,ancash,1,Áncash,12.8,1.8,9.4,16.3,0.1369999999999999,705.0,Áncash,12.82233858714035,1.75504895084425,9.37868199869278,16.265995175587918,0.1368743259208898,705.0,104,705,2.016692199227824,2.0422724563012378,True,True,True,True,True,True,True,False,True,EN_AMBOS
VS_OtraPersona_VIDA,Departamento,apurimac,1,Apurímac,12.1,1.7,8.9,15.4,0.1369999999999999,698.0,Apurímac,12.142018361301403,1.6626735111089217,8.879615572927207,15.4044211496756,0.1369355128310573,698.0,90,698,2.016692199227824,2.032244509317718,True,True,True,True,True,True,True,False,True,EN_AMBOS
VS_OtraPersona_VIDA,Departamento,arequipa,1,Arequipa,15.7,1.8,12.2,19.1,0.114,760.0,Arequipa,15.657493006940165,1.77966931106336,12.165527756994749,19.14945825688558,0.1136624688431617,760.0,116,760,2.0226909200367604,2.026192463029109,True,True,True,True,True,True,True,False,True,EN_AMBOS
VS_OtraPersona_VIDA,Departamento,ayacucho,1,Ayacucho,9.2,1.9,5.6,12.9,0.2019999999999999,650.0,Ayacucho,9.220117480518034,1.865905704539122,5.558944115657126,12.881290845378944,0.2023733112383602,650.0,61,650,2.0210753903062733,2.051830516480285,True,True,True,True,True,True,True,False,True,EN_AMBOS
VS_OtraPersona_VIDA,Departamento,cajamarca,1,Cajamarca,7.5,1.3,4.9,10.0,0.173,783.0,Cajamarca,7.495460411385099,1.2991324992995523,4.946376986488491,10.044543836281708,0.1733225749983627,783.0,64,783,2.004044783289145,2.0369333434601016,True,True,True,True,True,True,True,False,True,EN_AMBOS
VS_OtraPersona_VIDA,Departamento,callao,1,Callao,16.9,2.0,13.0,20.8,0.119,610.0,Callao,16.896282239087846,2.01073691503004,12.950929363461745,20.841635114713945,0.1190046950315734,610.0,107,610,2.0422724563012378,2.0452296421327034,True,True,True,True,True,True,True,False,True,EN_AMBOS
VS_OtraPersona_VIDA,Departamento,cusco,1,Cusco,11.1,1.7,7.7,14.5,0.158,716.0,Cusco,11.080216381947364,1.747990690943319,7.650409107046932,14.510023656847792,0.1577578118231755,716.0,84,716,2.016692199227824,2.039513446396408,True,True,True,True,True,True,True,False,True,EN_AMBOS
VS_OtraPersona_VIDA,Departamento,huancavelica,1,Huancavelica,4.9,1.1,2.8,7.0,0.2189999999999999,771.0,Huancavelica,4.879630710215033,1.0689608990131496,2.78217682386691,6.977084596563158,0.219065942177834,771.0,52,771,2.0057459953178687,2.068657610419048,True,True,True,True,True,True,True,False,True,EN_AMBOS
VS_OtraPersona_VIDA,Departamento,huanuco,1,Huánuco,9.1,1.2,6.8,11.3,0.128,687.0,Huánuco,9.075114822525844,1.1584463206369418,6.802077764211751,11.348151880839938,0.1276508720045611,687.0,71,687,2.016692199227824,2.0345152974493383,True,True,True,True,True,True,True,False,True,EN_AMBOS
VS_OtraPersona_VIDA,Departamento,ica,1,Ica,13.6,1.2,11.2,16.0,0.089,716.0,Ica,13.593387291918551,1.2153827226292042,11.208632884781318,15.978141699055785,0.0894098502844662,716.0,93,716,2.026192463029109,2.032244509317718,True,True,True,True,True,True,True,False,True,EN_AMBOS
VS_OtraPersona_VIDA,Departamento,junin,1,Junín,18.1,2.1,14.0,22.1,0.115,696.0,Junín,18.05821766447527,2.0732532842977998,13.990198747647762,22.126236581302773,0.1148094082605047,696.0,124,696,2.0226909200367604,2.0280940009804507,True,True,True,True,True,True,True,False,True,EN_AMBOS
VS_OtraPersona_VIDA,Departamento,la libertad,1,La Libertad,13.8,1.6,10.8,16.9,0.1119999999999999,687.0,La Libertad,13.829063019014832,1.5539560476118612,10.779979414285547,16.87814662374411,0.1123688600937884,687.0,88,687,2.0226909200367604,2.032244509317718,True,True,True,True,True,True,True,False,True,EN_AMBOS
VS_OtraPersona_VIDA,Departamento,lambayeque,1,Lambayeque,12.5,1.9,8.8,16.2,0.151,651.0,Lambayeque,12.464587915134596,1.8816106856063723,8.772599135411518,16.156576694857673,0.1509565096269012,651.0,85,651,2.0301079282503425,2.0452296421327034,True,True,True,True,True,True,True,False,True,EN_AMBOS
VS_OtraPersona_VIDA,Departamento,lima metropolitana,1,Lima Metropolitana,17.5,1.6,14.3,20.7,0.093,796.0,Lima Metropolitana,17.498328398051992,1.6208199696793857,14.318048232881186,20.6786085632228,0.0926271317356133,796.0,149,796,2.0210753903062733,2.0210753903062733,True,True,True,True,True,True,True,False,True,EN_AMBOS
VS_OtraPersona_VIDA,Departamento,loreto,1,Loreto,21.4,2.4,16.7,26.2,0.1119999999999999,674.0,Loreto,21.44713288839972,2.407002777440965,16.724249820688772,26.17001595611067,0.1122295828522076,674.0,147,674,2.019540970441376,2.0301079282503425,True,True,True,True,True,True,True,False,True,EN_AMBOS
VS_OtraPersona_VIDA,Departamento,madre de dios,1,Madre de Dios,14.2,1.7,10.9,17.5,0.119,644.0,Madre de Dios,14.16889151348605,1.680949013070452,10.870629581293253,17.46715344567885,0.1186365928111252,644.0,101,644,2.0301079282503425,2.0345152974493383,True,True,True,True,True,True,True,False,True,EN_AMBOS
VS_OtraPersona_VIDA,Departamento,moquegua,1,Moquegua,14.6,1.5,11.7,17.6,0.103,670.0,Moquegua,14.642640205901245,1.5073431461171083,11.685017768258982,17.60026264354351,0.1029420326472013,670.0,91,670,2.0301079282503425,2.0345152974493383,True,True,True,True,True,True,True,False,True,EN_AMBOS
VS_OtraPersona_VIDA,Departamento,pasco,1,Pasco,16.3,1.8,12.7,19.8,0.111,990.0,Pasco,16.27955536299957,1.801437925645672,12.744876983604575,19.814233742394567,0.1106564574693488,990.0,141,990,1.999623584994939,2.002465459291007,True,True,True,True,True,True,True,False,True,EN_AMBOS
VS_OtraPersona_VIDA,Departamento,piura,1,Piura,13.9,2.0,9.9,17.8,0.145,658.0,Piura,13.876621842281256,2.0138443472673973,9.925171740995332,17.82807194356718,0.1451249713479494,658.0,94,658,2.026192463029109,2.051830516480285,True,True,True,True,True,True,True,False,True,EN_AMBOS
VS_OtraPersona_VIDA,Departamento,puno,1,Puno,8.7,1.2,6.4,11.0,0.135,979.0,Puno,8.664129061533103,1.1716384424115387,6.36520717701924,10.963050946046966,0.1352286460751566,979.0,100,979,2.000995378088267,2.011740513729765,True,True,True,True,True,True,True,False,True,EN_AMBOS
VS_OtraPersona_VIDA,Departamento,san martin,1,San Martín,11.6,1.8,8.1,15.0,0.154,649.0,San Martín,11.550871736538433,1.7802030782963398,8.057859159082481,15.04388431399438,0.154118504551054,649.0,67,649,2.0226909200367604,2.0422724563012378,True,True,True,True,True,True,True,False,True,EN_AMBOS
VS_OtraPersona_VIDA,Departamento,tacna,1,Tacna,17.9,2.0,14.0,21.9,0.113,659.0,Tacna,17.947846170483192,2.030549412087778,13.963618347241722,21.932073993724664,0.1131361051794167,659.0,115,659,2.0345152974493383,2.0369333434601016,True,True,True,True,True,True,True,False,True,EN_AMBOS
VS_OtraPersona_VIDA,Discapacidad,bin_0,1,No,13.7,0.5,12.7,14.8,0.04,16778.0,0,13.74279576582962,0.5459992820121079,12.67146722887675,14.814124302782488,0.0397298549229475,16778.0,2207,16778,1.962142757779508,1.962772035474739,True,True,True,True,True,True,True,False,True,EN_AMBOS
VS_OtraPersona_VIDA,Discapacidad,bin_1,1,Sí,18.2,1.6,15.1,21.3,0.088,2029.0,1,18.215115006442563,1.59483454535474,15.085821953418188,21.34440805946694,0.0875555572825457,2029.0,342,2029,1.9640483976635408,1.9711638854652536,True,True,True,True,True,True,True,False,True,EN_AMBOS
VS_OtraPersona_VIDA,Etnicidad,etnicidad_1,1,Indígena andino,12.0,0.8,10.5,13.6,0.064,5249.0,1,12.044209439314356,0.7755413795586734,10.522486538054975,13.565932340573736,0.0643912233066268,5249.0,650,5249,1.9628366422266053,1.966327183258547,True,True,True,True,True,True,True,False,True,EN_AMBOS
VS_OtraPersona_VIDA,Etnicidad,etnicidad_3,1,Indígena amazónico/nativo,18.2,3.7,11.0,25.4,0.2019999999999999,433.0,3,18.22018930639154,3.681151557223559,10.997244438096578,25.443134174686502,0.2020369544641466,433.0,81,433,1.978524491479245,2.011740513729765,True,True,True,True,True,True,True,False,True,EN_AMBOS
VS_OtraPersona_VIDA,Etnicidad,etnicidad_5,1,Afrodescendiente,15.8,2.0,12.0,19.7,0.124,1806.0,5,15.838209234478668,1.9686848898348424,11.975368435539282,19.701050033418053,0.1242997147397923,1806.0,256,1806,1.96362596651301,1.973305433841471,True,True,True,True,True,True,True,False,True,EN_AMBOS
VS_OtraPersona_VIDA,Etnicidad,etnicidad_6,1,No indígena ni afrodescendiente,15.3,0.7,14.0,16.6,0.044,8715.0,6,15.273428585955203,0.6687866954910162,13.961173614898218,16.58568355701219,0.0437875943654199,8715.0,1275,8715,1.962322551204167,1.9637975818030016,True,True,True,True,True,True,True,False,True,EN_AMBOS
VS_OtraPersona_VIDA,Etnicidad,etnicidad_9,1,No sabe,12.4,1.6,9.2,15.6,0.13,2604.0,9,12.39912085869025,1.6080392137736952,9.24391836115874,15.554323356221758,0.129689776565623,2604.0,287,2604,1.9629115987173988,1.971379461547543,True,True,True,True,True,True,True,False,True,EN_AMBOS
VS_OtraPersona_VIDA,Lengua materna,idioma_1,1,Castellano,14.5,0.6,13.4,15.5,0.038,17498.0,1,14.469877310462604,0.5500537696874348,13.390593289881089,15.549161331044123,0.0380137134466034,17498.0,2403,17498,1.9621649940614452,1.962768715523952,True,True,True,True,True,True,True,False,True,EN_AMBOS
VS_OtraPersona_VIDA,Lengua materna,idioma_3,1,Quechua/Aymara,9.4,1.2,7.2,11.7,0.122,958.0,3,9.425576033438247,1.15118550679809,7.166785728413644,11.684366338462851,0.1221342337820134,958.0,93,958,1.967404973747932,2.000995378088267,True,True,True,True,True,True,True,False,True,EN_AMBOS
VS_OtraPersona_VIDA,Lengua materna,idioma_4,1,Otra lengua nativa,12.6,3.2,6.3,18.9,0.255,275.0,4,12.585955563115723,3.2098612923087404,6.287749474935358,18.88416165129609,0.255035168065866,275.0,41,275,2.00957523712924,2.1009220402410382,True,True,True,True,True,True,True,False,True,EN_AMBOS
VS_OtraPersona_VIDA,Nacional,national_single,1,Total,14.3,0.5,13.2,15.3,0.037,18807.0,Total,14.255097299682532,0.5290972857768593,13.216673493299902,15.29352110606516,0.0371163573740491,18807.0,2549,18807,1.962142757779508,1.9626330247715025,True,True,True,True,True,True,True,False,True,EN_AMBOS
VS_OtraPersona_VIDA,Sexo,sexo_1,1,Mujer,21.6,0.9,19.8,23.4,0.043,9608.0,1,21.63749136965408,0.9202997986424618,19.83173178476184,23.44325095454633,0.0425326477510768,9608.0,1991,9608,1.962202376365632,1.9629189419500708,True,True,True,True,True,True,True,False,True,EN_AMBOS
VS_OtraPersona_VIDA,Sexo,sexo_2,1,Hombre,6.5,0.6,5.3,7.7,0.0969999999999999,9199.0,2,6.4994539786015775,0.632224092749819,5.2589400537188,7.739967903484354,0.0972734163256354,9199.0,558,9199,1.9622476264013184,1.9661448148425524,True,True,True,True,True,True,True,False,True,EN_AMBOS
VS_OtraPersona_VIDA,Tipo de hogar,hogar_1,1,Biparental,13.6,0.6,12.4,14.8,0.046,13464.0,1,13.571015290060458,0.6204437240669178,12.353616130272808,14.788414449848108,0.0457182982117289,13464.0,1718,13464,1.962142757779508,1.9630178448825863,True,True,True,True,True,True,True,False,True,EN_AMBOS
VS_OtraPersona_VIDA,Tipo de hogar,hogar_2,1,Monoparental,16.0,1.2,13.7,18.3,0.074,4397.0,2,15.977366222653238,1.176396393034198,13.669108559783252,18.285623885523226,0.0736289308663566,4397.0,655,4397,1.962322551204167,1.9654198522355184,True,True,True,True,True,True,True,False,True,EN_AMBOS
VS_OtraPersona_VIDA,Tipo de hogar,hogar_3,1,Sin figuras parentales,16.4,2.0,12.5,20.3,0.122,929.0,3,16.410723246099856,1.9995398431027045,12.487340624064313,20.334105868135403,0.1218434930086284,929.0,173,929,1.9642398045825584,1.9788195347028403,True,True,True,True,True,True,True,False,True,EN_AMBOS
VS_OtraPersona_VIDA,Área,area_1,1,Urbana,15.6,0.6,14.4,16.8,0.04,15576.0,1,15.594806796840038,0.6208442007697903,14.375872941756546,16.81374065192353,0.039810958151504,15576.0,2241,15576,1.9630738928941311,1.9633490231077693,True,True,True,True,True,True,True,False,True,EN_AMBOS
VS_OtraPersona_VIDA,Área,area_2,1,Rural,9.2,0.8,7.6,10.8,0.087,3231.0,2,9.214828981204167,0.8023933621912015,7.630475544118311,10.799182418290023,0.0870763162103033,3231.0,308,3231,1.967850227366019,1.974534575858472,True,True,True,True,True,True,True,False,True,EN_AMBOS
VS_OtraPersona_VIDA,Área y sexo,area_1_sexo_1,1,Urbana - Mujer,23.6,1.1,21.4,25.7,0.046,7990.0,Urbano Mujer,23.569551965570614,1.0911275182367552,21.42860400784844,25.710499923292797,0.0462939439761361,7990.0,1772,7990,1.9631967955598617,1.96362596651301,True,True,True,True,True,True,True,False,True,EN_AMBOS
VS_OtraPersona_VIDA,Área y sexo,area_1_sexo_2,1,Urbana - Hombre,7.0,0.8,5.5,8.6,0.111,7586.0,Urbano Hombre,7.03240652205803,0.779882317727612,5.502166080408498,8.562646963707559,0.1108983553896397,7586.0,469,7586,1.9632873744486168,1.967523531690583,True,True,True,True,True,True,True,False,True,EN_AMBOS
VS_OtraPersona_VIDA,Área y sexo,area_2_sexo_1,1,Rural - Mujer,14.0,1.3,11.4,16.6,0.096,1618.0,Rural Mujer,13.985858110481027,1.3422324237806853,11.352206480902922,16.619509740059137,0.0959706879032909,1618.0,219,1618,1.967850227366019,1.9780988419241197,True,True,True,True,True,True,True,False,True,EN_AMBOS
VS_OtraPersona_VIDA,Área y sexo,area_2_sexo_2,1,Rural - Hombre,4.6,0.7,3.2,6.0,0.158,1613.0,Rural Hombre,4.596591344293641,0.7278522822490864,3.1684412599453093,6.024741428641972,0.1583460933834516,1613.0,89,1613,1.9678765312856947,2.00957523712924,True,True,True,True,True,True,True,False,True,EN_AMBOS
VS_VIDA,Departamento,amazonas,1,Amazonas,28.5,3.0,22.5,34.4,0.107,907.0,Amazonas,28.45675331741837,3.048282295993894,22.475588286666454,34.437918348170285,0.1071198201000688,907.0,293,907,2.000995378088267,2.002465459291007,True,True,True,True,True,True,True,False,True,EN_AMBOS
VS_VIDA,Departamento,ancash,1,Áncash,30.3,2.4,25.6,35.0,0.079,705.0,Áncash,30.30400197727513,2.39014454611984,25.6141971660599,34.99380678849036,0.0788722409638238,705.0,236,705,2.016692199227824,2.0180817028184443,True,True,True,True,True,True,True,False,True,EN_AMBOS
VS_VIDA,Departamento,apurimac,1,Apurímac,33.9,2.4,29.2,38.5,0.07,698.0,Apurímac,33.887253066551004,2.3725998570260245,29.231873439978692,38.54263269312332,0.0700145229348182,698.0,227,698,2.016692199227824,2.016692199227824,True,True,True,True,True,True,True,False,True,EN_AMBOS
VS_VIDA,Departamento,arequipa,1,Arequipa,39.1,2.3,34.6,43.6,0.059,760.0,Arequipa,39.10535602486444,2.2902738696782063,34.6115117381437,43.59920031158517,0.0585667566412635,760.0,297,760,2.0226909200367604,2.0226909200367604,True,True,True,True,True,True,True,False,True,EN_AMBOS
VS_VIDA,Departamento,ayacucho,1,Ayacucho,25.6,2.7,20.3,30.8,0.105,650.0,Ayacucho,25.577061777400225,2.673147658178088,20.33196445943084,30.82215909536961,0.1045134770147863,650.0,169,650,2.0210753903062733,2.0243941639119694,True,True,True,True,True,True,True,False,True,EN_AMBOS
VS_VIDA,Departamento,cajamarca,1,Cajamarca,19.9,1.9,16.3,23.6,0.093,783.0,Cajamarca,19.91570614294438,1.856611529069308,16.272769277171097,23.55864300871766,0.0932234848085995,783.0,153,783,2.004044783289145,2.0085591121007607,True,True,True,True,True,True,True,False,True,EN_AMBOS
VS_VIDA,Departamento,callao,1,Callao,35.7,2.6,30.6,40.9,0.073,610.0,Callao,35.740777505977135,2.626520578821906,30.58716917408289,40.894385837871376,0.0734880649527744,610.0,212,610,2.0422724563012378,2.0422724563012378,True,True,True,True,True,True,True,False,True,EN_AMBOS
VS_VIDA,Departamento,cusco,1,Cusco,29.4,2.4,24.7,34.0,0.081,716.0,Cusco,29.358683902475548,2.37404223979819,24.70047411499289,34.0168936899582,0.0808633741105134,716.0,215,716,2.016692199227824,2.0180817028184443,True,True,True,True,True,True,True,False,True,EN_AMBOS
VS_VIDA,Departamento,huancavelica,1,Huancavelica,13.7,2.2,9.4,18.0,0.159,771.0,Huancavelica,13.707606948877311,2.1765034233549896,9.436996519459017,17.97821737829561,0.1587806997583375,771.0,115,771,2.0057459953178687,2.039513446396408,True,True,True,True,True,True,True,False,True,EN_AMBOS
VS_VIDA,Departamento,huanuco,1,Huánuco,22.4,2.3,17.8,27.0,0.104,687.0,Huánuco,22.38922485726283,2.3296510858592723,17.818116850990894,26.960332863534763,0.1040523332411643,687.0,171,687,2.016692199227824,2.019540970441376,True,True,True,True,True,True,True,False,True,EN_AMBOS
VS_VIDA,Departamento,ica,1,Ica,29.1,2.2,24.7,33.4,0.076,716.0,Ica,29.056406304535283,2.21368396955456,24.712842335661207,33.39997027340935,0.076185745282927,716.0,202,716,2.026192463029109,2.0280940009804507,True,True,True,True,True,True,True,False,True,EN_AMBOS
VS_VIDA,Departamento,junin,1,Junín,39.1,2.1,34.9,43.2,0.054,696.0,Junín,39.05319278148826,2.115727334924089,34.90183371383082,43.204551849145695,0.054175527895045,696.0,276,696,2.0226909200367604,2.0226909200367604,True,True,True,True,True,True,True,False,True,EN_AMBOS
VS_VIDA,Departamento,la libertad,1,La Libertad,34.2,1.8,30.8,37.7,0.052,687.0,La Libertad,34.24767709046386,1.7748689420169872,30.76513084987745,37.73022333105027,0.051824505858565,687.0,229,687,2.0226909200367604,2.0243941639119694,True,True,True,True,True,True,True,False,True,EN_AMBOS
VS_VIDA,Departamento,lambayeque,1,Lambayeque,27.1,2.1,23.0,31.2,0.077,651.0,Lambayeque,27.07096988778638,2.0799870097773674,22.989738440276263,31.152201335296493,0.0768345950809762,651.0,184,651,2.0301079282503425,2.0301079282503425,True,True,True,True,True,True,True,False,True,EN_AMBOS
VS_VIDA,Departamento,lima metropolitana,1,Lima Metropolitana,37.0,2.2,32.8,41.3,0.059,796.0,Lima Metropolitana,37.0414576274878,2.173125808746764,32.7774745601116,41.305440694864,0.0586673945340133,796.0,298,796,2.0210753903062733,2.0210753903062733,True,True,True,True,True,True,True,False,True,EN_AMBOS
VS_VIDA,Departamento,loreto,1,Loreto,40.4,2.2,36.0,44.7,0.055,674.0,Loreto,40.38285658189365,2.216925852640047,36.032931575601815,44.73278158818548,0.0548976976936803,674.0,264,674,2.019540970441376,2.019540970441376,True,True,True,True,True,True,True,False,True,EN_AMBOS
VS_VIDA,Departamento,madre de dios,1,Madre de Dios,35.4,2.4,30.7,40.1,0.068,644.0,Madre de Dios,35.42647750313064,2.399748092522134,30.717829162893143,40.13512584336813,0.0677388287421482,644.0,240,644,2.0301079282503425,2.0301079282503425,True,True,True,True,True,True,True,False,True,EN_AMBOS
VS_VIDA,Departamento,moquegua,1,Moquegua,31.6,2.1,27.5,35.7,0.066,670.0,Moquegua,31.61671015944496,2.0780709606860377,27.539238273782946,35.69418204510698,0.0657269826685383,670.0,222,670,2.0301079282503425,2.0301079282503425,True,True,True,True,True,True,True,False,True,EN_AMBOS
VS_VIDA,Departamento,pasco,1,Pasco,31.9,1.9,28.2,35.7,0.06,990.0,Pasco,31.92170492304602,1.9132770339717629,28.167582247212465,35.67582759887957,0.0599365553495378,990.0,306,990,1.999623584994939,2.0002978220142595,True,True,True,True,True,True,True,False,True,EN_AMBOS
VS_VIDA,Departamento,piura,1,Piura,28.4,2.7,23.0,33.8,0.0969999999999999,658.0,Piura,28.384082116669845,2.7487371961733,22.99066733415925,33.777496899180434,0.0968407991801495,658.0,195,658,2.026192463029109,2.0369333434601016,True,True,True,True,True,True,True,False,True,EN_AMBOS
VS_VIDA,Departamento,puno,1,Puno,26.2,1.5,23.3,29.1,0.057,979.0,Puno,26.1975757060865,1.4890187201849654,23.27590840807746,29.11924300409554,0.0568380348201082,979.0,263,979,2.000995378088267,2.003240718847872,True,True,True,True,True,True,True,False,True,EN_AMBOS
VS_VIDA,Departamento,region lima,1,Región Lima,29.5,2.0,25.7,33.3,0.066,679.0,Región Lima,29.49138616302113,1.9509454440222096,25.663352689210026,33.31941963683223,0.066153060193165,679.0,198,679,2.026192463029109,2.026192463029109,True,True,True,True,True,True,True,False,True,EN_AMBOS
VS_VIDA,Departamento,san martin,1,San Martín,25.4,2.2,21.1,29.6,0.085,649.0,San Martín,25.35984468085101,2.15418604989997,21.133024124130134,29.58666523757189,0.0849447651202129,649.0,161,649,2.0226909200367604,2.0243941639119694,True,True,True,True,True,True,True,False,True,EN_AMBOS
VS_VIDA,Departamento,tacna,1,Tacna,34.7,2.4,30.1,39.4,0.069,659.0,Tacna,34.72455570442673,2.3815139226916675,30.0516854084662,39.39742600038725,0.0685829919024153,659.0,226,659,2.0345152974493383,2.0345152974493383,True,True,True,True,True,True,True,False,True,EN_AMBOS
VS_VIDA,Departamento,tumbes,1,Tumbes,29.1,2.7,23.7,34.5,0.094,677.0,Tumbes,29.07729056560709,2.742200649194982,23.69670142141089,34.45787970980329,0.0943072960325431,677.0,195,677,2.0301079282503425,2.0345152974493383,True,True,True,True,True,True,True,False,True,EN_AMBOS
VS_VIDA,Departamento,ucayali,1,Ucayali,34.3,2.4,29.7,39.0,0.069,695.0,Ucayali,34.34620570051424,2.384785685875798,29.66691573811681,39.02549566291167,0.069433744928631,695.0,246,695,2.0226909200367604,2.0243941639119694,True,True,True,True,True,True,True,False,True,EN_AMBOS
VS_VIDA,Discapacidad,bin_0,1,No,31.4,0.8,29.9,32.9,0.024,16778.0,0,31.41666339447079,0.7527398766851047,29.939680296941276,32.89364649200031,0.0239598924695989,16778.0,5041,16778,1.962142757779508,1.9623062500694344,True,True,True,True,True,True,True,False,True,EN_AMBOS
VS_VIDA,Discapacidad,bin_1,1,Sí,37.5,2.2,33.2,41.8,0.059,2029.0,1,37.51383657748015,2.201788767175554,33.193612693806365,41.83406046115393,0.0586927109582096,2029.0,752,2029,1.9640483976635408,1.966177191146588,True,True,True,True,True,True,True,False,True,EN_AMBOS
VS_VIDA,Etnicidad,etnicidad_1,1,Indígena andino,28.6,1.1,26.6,30.7,0.037,5249.0,1,28.639144303376785,1.0612312682073366,26.5568570561346,30.721431550618973,0.0370552715180882,5249.0,1475,5249,1.9628366422266053,1.964062510769409,True,True,True,True,True,True,True,False,True,EN_AMBOS
VS_VIDA,Etnicidad,etnicidad_3,1,Indígena amazónico/nativo,39.3,4.8,30.0,48.7,0.121,433.0,3,39.315933666406586,4.770909790473053,29.95472757301053,48.67713975980264,0.1213479967423372,433.0,194,433,1.978524491479245,1.9904502102301285,True,True,True,True,True,True,True,False,True,EN_AMBOS
VS_VIDA,Etnicidad,etnicidad_5,1,Afrodescendiente,32.2,2.2,27.9,36.6,0.069,1806.0,5,32.22691715479449,2.229684437369725,27.851957983875806,36.60187632571318,0.0691870223471874,1806.0,545,1806,1.96362596651301,1.9672006833568587,True,True,True,True,True,True,True,False,True,EN_AMBOS
VS_VIDA,Etnicidad,etnicidad_6,1,No indígena ni afrodescendiente,34.2,1.0,32.3,36.1,0.0279999999999999,8715.0,6,34.20695566451895,0.9699747916656252,32.30372665182355,36.11018467721435,0.0283560688995112,8715.0,2882,8715,1.962322551204167,1.962762099117821,True,True,True,True,True,True,True,False,True,EN_AMBOS
VS_VIDA,Etnicidad,etnicidad_9,1,No sabe,29.0,1.8,25.5,32.6,0.062,2604.0,9,29.045018879797485,1.7974657629348003,25.518134450698348,32.57190330889662,0.0618855085057301,2604.0,697,2604,1.9629115987173988,1.9655614588324624,True,True,True,True,True,True,True,False,True,EN_AMBOS
VS_VIDA,Lengua materna,idioma_1,1,Castellano,32.3,0.7,30.8,33.7,0.023,17498.0,1,32.255839840225974,0.7341942331121653,30.81524594292146,33.69643373753049,0.022761590978529,17498.0,5400,17498,1.9621649940614452,1.9623343344825908,True,True,True,True,True,True,True,False,True,EN_AMBOS
VS_VIDA,Lengua materna,idioma_3,1,Quechua/Aymara,24.0,1.7,20.6,27.5,0.072,958.0,3,24.049161261155465,1.7414342692521532,20.632218621593303,27.46610390071763,0.0724114346584278,958.0,234,958,1.967404973747932,1.9759053308966144,True,True,True,True,True,True,True,False,True,EN_AMBOS
VS_VIDA,Lengua materna,idioma_4,1,Otra lengua nativa,44.0,4.5,35.0,52.9,0.103,275.0,4,43.96697962601935,4.54945539778719,35.04029866541032,52.89366058662837,0.1034743672748185,275.0,129,275,2.00957523712924,2.0301079282503425,True,True,True,True,True,True,True,False,True,EN_AMBOS
VS_VIDA,Nacional,national_single,1,Total,32.1,0.7,30.7,33.5,0.022,18807.0,Total,32.11509099003627,0.7018104421642819,30.73796511571575,33.49221686435679,0.0218529800330324,18807.0,5793,18807,1.962142757779508,1.9622476264013184,True,True,True,True,True,True,True,False,True,EN_AMBOS
VS_VIDA,Sexo,sexo_1,1,Mujer,40.1,1.2,37.7,42.6,0.031,9608.0,1,40.13897828502061,1.23852270826505,37.708819922652886,42.56913664738835,0.0308558603427943,9608.0,3659,9608,1.962202376365632,1.9624075830404772,True,True,True,True,True,True,True,False,True,EN_AMBOS
VS_VIDA,Sexo,sexo_2,1,Hombre,23.7,0.8,22.2,25.2,0.033,9199.0,2,23.68552094560061,0.7824116094702975,22.15031767247586,25.22072421872537,0.0330333291493689,9199.0,2134,9199,1.9622476264013184,1.962802272523435,True,True,True,True,True,True,True,False,True,EN_AMBOS
VS_VIDA,Tipo de hogar,hogar_1,1,Biparental,30.6,0.8,29.1,32.2,0.026,13464.0,1,30.64349603614204,0.7947316465671458,29.084119091452127,32.20287298083195,0.0259347577583775,13464.0,3963,13464,1.962142757779508,1.962322551204167,True,True,True,True,True,True,True,False,True,EN_AMBOS
VS_VIDA,Tipo de hogar,hogar_2,1,Monoparental,36.2,1.6,33.1,39.2,0.043,4397.0,2,36.17020565573616,1.5570665168672275,33.11501886628416,39.22539244518816,0.0430483180462728,4397.0,1478,4397,1.962322551204167,1.9633155462838376,True,True,True,True,True,True,True,False,True,EN_AMBOS
VS_VIDA,Tipo de hogar,hogar_3,1,Sin figuras parentales,35.0,2.8,29.6,40.4,0.079,929.0,3,35.00115772118068,2.7556459411366263,29.59418699477495,40.408128447586414,0.0787301369597002,929.0,346,929,1.9642398045825584,1.9698151341354369,True,True,True,True,True,True,True,False,True,EN_AMBOS
VS_VIDA,Área,area_1,1,Urbana,34.0,0.8,32.4,35.6,0.024,15576.0,1,33.966870826894905,0.8227838631198756,32.35164094230796,35.58210071148186,0.024223128097758,15576.0,4955,15576,1.9630738928941311,1.9631278115521544,True,True,True,True,True,True,True,False,True,EN_AMBOS
VS_VIDA,Área,area_2,1,Rural,25.1,1.1,22.9,27.4,0.045,3231.0,2,25.148306575714628,1.1300164810454816,22.923353527354333,27.37325962407493,0.0449340983514461,3231.0,838,3231,1.967850227366019,1.968956281329445,True,True,True,True,True,True,True,False,True,EN_AMBOS
VS_VIDA,Área y sexo,area_1_sexo_1,1,Urbana - Mujer,42.0,1.5,39.1,44.9,0.035,7990.0,Urbano Mujer,41.97793954106193,1.487051149155514,39.06013289829875,44.89574618382512,0.0354245864712085,7990.0,3142,7990,1.9631967955598617,1.96328272512289,True,True,True,True,True,True,True,False,True,EN_AMBOS
VS_VIDA,Área y sexo,area_1_sexo_2,1,Urbana - Hombre,25.4,0.9,23.5,27.2,0.037,7586.0,Urbano Hombre,25.3654703422196,0.9264575006129322,23.54762846700143,27.183312217437766,0.0365243572507657,7586.0,1813,7586,1.9632873744486168,1.963660200708016,True,True,True,True,True,True,True,False,True,EN_AMBOS
VS_VIDA,Área y sexo,area_2_sexo_1,1,Rural - Mujer,32.9,1.7,29.5,36.2,0.052,1618.0,Rural Mujer,32.85605085572778,1.7240755846513125,29.47316843343974,36.23893327801582,0.0524736095710892,1618.0,517,1618,1.967850227366019,1.9702419362015688,True,True,True,True,True,True,True,False,True,EN_AMBOS
VS_VIDA,Área y sexo,area_2_sexo_2,1,Rural - Hombre,17.7,1.2,15.2,20.1,0.071,1613.0,Rural Hombre,17.68740165035865,1.2472377259697078,15.240143179117808,20.1346601215995,0.0705155992171646,1613.0,321,1613,1.9678765312856947,1.974016707630967,True,True,True,True,True,True,True,False,True,EN_AMBOS
apoyo_institucional_escuela,Nacional,national_single,1,Total,2.4,0.3,1.8,3.1,0.131,200.0,Total,2.380537520661244,0.3123685559701396,1.8354655111503044,3.082395019941073,0.1312176570455284,200.0,200,8024,1.9621649940614452,1.9759053308966144,True,True,True,True,True,True,True,False,True,EN_AMBOS
apoyo_institucional_hogar,Nacional,national_single,1,Total,5.2,0.6,4.1,6.6,0.122,268.0,Total,5.237182601640877,0.6366367990765383,4.119797838002999,6.636650738541487,0.1215609321846199,268.0,268,6189,1.9622044904276708,1.9720174778363129,True,True,True,True,True,True,True,False,True,EN_AMBOS
apoyo_institucional_vs,Nacional,national_single,1,Total,4.5,0.7,3.3,6.0,0.151,167.0,Total,4.477097706897366,0.6745968514710282,3.324957829376201,6.003675713188605,0.1506772680953002,167.0,167,3429,1.9624304486435091,1.9789706019906144,True,True,True,True,True,True,True,False,True,EN_AMBOS
ayuda_escuela_abuela,Nacional,national_single,1,Total,1.2,0.2,0.8,1.7,0.186,54.0,Total,1.1570294761009845,0.2149128873182021,0.7919655749409936,1.6875105741432983,0.1857453865759983,54.0,54,3827,1.9622833497895968,2.0369333434601016,True,True,True,True,True,True,True,False,True,EN_AMBOS
ayuda_escuela_abuelo,Nacional,national_single,1,Total,0.1,0.1,0.1,0.4,0.504,8.0,Total,0.1462968390793507,0.0737164139775375,0.054399162499496,0.3928290612019725,0.5038824792212638,8.0,8,3827,1.9622833497895968,12.706204736174694,True,True,True,True,True,True,True,False,True,EN_AMBOS
ayuda_escuela_aviso_docente,Nacional,national_single,1,Total,15.2,1.2,12.9,17.8,0.0819999999999999,505.0,Total,15.187854717714288,1.2454281387149857,12.896986158392638,17.80247756053564,0.0820015836247357,505.0,505,3654,1.9622993326434304,1.966726229870818,True,True,True,True,True,True,True,False,True,EN_AMBOS
ayuda_escuela_car,Nacional,national_single,1,Total,0.1,0.1,0.0,0.6,0.742,2.0,Total,0.1468431395367168,0.1089742778079027,0.0341997511514181,0.6281675856206419,0.7421135107279202,2.0,2,3827,1.9622833497895968,,True,True,True,True,True,True,True,False,True,EN_AMBOS
ayuda_escuela_consejo,Nacional,national_single,1,Total,28.8,1.4,26.2,31.7,0.049,1053.0,Total,28.84718964347949,1.415800878802123,26.150504638277344,31.702582569861463,0.0490793348086906,1053.0,1053,3654,1.9622993326434304,1.964098223952696,True,True,True,True,True,True,True,False,True,EN_AMBOS
ayuda_escuela_consuelo,Nacional,national_single,1,Total,26.2,1.5,23.3,29.3,0.059,966.0,Total,26.16128032945804,1.5368232655119736,23.256691880134944,29.29017722582729,0.0587441916511052,966.0,966,3654,1.9622993326434304,1.964247525297235,True,True,True,True,True,True,True,False,True,EN_AMBOS
ayuda_escuela_escolar_adulto,Nacional,national_single,1,Total,33.8,1.6,30.8,37.0,0.046,1224.0,Total,33.83866029504535,1.5612457600296752,30.844136466563157,36.96849707483021,0.0461379305923134,1224.0,1224,3827,1.9622833497895968,1.9634742444194335,True,True,True,True,True,True,True,False,True,EN_AMBOS
ayuda_escuela_familiar,Nacional,national_single,1,Total,58.0,1.6,54.9,61.0,0.027,2291.0,Total,57.98656038335409,1.556460874599065,54.904946671102,61.007144110382725,0.0268417520251101,2291.0,2291,3827,1.9622833497895968,1.9626511648284737,True,True,True,True,True,True,True,False,True,EN_AMBOS
ayuda_escuela_hablo_agresor,Nacional,national_single,1,Total,28.3,1.6,25.2,31.6,0.057,926.0,Total,28.267300720681327,1.6220316422375487,25.19295419117076,31.55854502269044,0.0573819077479447,926.0,926,3654,1.9622993326434304,1.9639792653928807,True,True,True,True,True,True,True,False,True,EN_AMBOS
ayuda_escuela_hablo_director,Nacional,national_single,1,Total,12.5,1.0,10.6,14.6,0.081,488.0,Total,12.45230273059786,1.0060285873010688,10.604468887403012,14.56964538545233,0.0807905661359364,488.0,488,3654,1.9622993326434304,1.9669864608404417,True,True,True,True,True,True,True,False,True,EN_AMBOS
ayuda_escuela_hablo_padres_agresor,Nacional,national_single,1,Total,7.8,0.8,6.3,9.5,0.103,328.0,Total,7.780799993627648,0.8051029351869514,6.340737905801815,9.514693335811836,0.1034730279465245,328.0,328,3654,1.9622993326434304,1.9696541761789217,True,True,True,True,True,True,True,False,True,EN_AMBOS
ayuda_escuela_hermana,Nacional,national_single,1,Total,6.0,0.7,4.7,7.7,0.122,198.0,Total,6.047587591341171,0.740392876118394,4.740036390162297,7.686725208664501,0.1224278052918944,198.0,198,3827,1.9622833497895968,1.975590315005244,True,True,True,True,True,True,True,False,True,EN_AMBOS
ayuda_escuela_hermano,Nacional,national_single,1,Total,2.9,0.6,1.9,4.2,0.204,99.0,Total,2.854555978657955,0.5815472253806322,1.9100068604198075,4.245990311907711,0.2037259839108293,99.0,99,3827,1.9622833497895968,1.996564418952312,True,True,True,True,True,True,True,False,True,EN_AMBOS
ayuda_escuela_llamo_atencion,Nacional,national_single,1,Total,19.0,1.3,16.6,21.7,0.07,704.0,Total,19.01466636008917,1.3224376793900807,16.554141923812143,21.745605838100687,0.069548297842649,704.0,704,3654,1.9622993326434304,1.9652379138637817,True,True,True,True,True,True,True,False,True,EN_AMBOS
ayuda_escuela_madrastra,Nacional,national_single,1,Total,0.1,0.1,0.0,0.3,0.8320000000000001,3.0,Total,0.0612585541365596,0.0509435691598095,0.0119753190970122,0.3127276916937203,0.8316155984720834,3.0,3,3827,1.9622833497895968,,True,True,True,True,True,True,True,False,True,EN_AMBOS
ayuda_escuela_madre,Nacional,national_single,1,Total,44.7,1.7,41.4,48.1,0.038,1793.0,Total,44.71690267674578,1.703876967418863,41.40104975074409,48.08042549417203,0.0381036446047264,1793.0,1793,3827,1.9622833497895968,1.962941192826608,True,True,True,True,True,True,True,False,True,EN_AMBOS
ayuda_escuela_otro,Nacional,national_single,1,Total,4.8,0.9,3.3,6.8,0.18,177.0,Total,4.759587416149506,0.8585835663330256,3.3212829053769224,6.77709712860696,0.1803903345529091,177.0,177,3827,1.9622833497895968,1.9788195347028403,True,True,True,True,True,True,True,False,True,EN_AMBOS
ayuda_escuela_otro_pariente,Nacional,national_single,1,Total,1.8,0.3,1.3,2.6,0.179,61.0,Total,1.8027021241414505,0.3223338651243058,1.2542622890603203,2.584676169205202,0.1788059495840554,61.0,61,3827,1.9622833497895968,2.0226909200367604,True,True,True,True,True,True,True,False,True,EN_AMBOS
ayuda_escuela_otro_tipo,Nacional,national_single,1,Total,2.2,0.4,1.5,3.2,0.184,91.0,Total,2.212517041258632,0.4077365125687821,1.5284603880544272,3.1927942934865694,0.1842862698751615,91.0,91,3654,1.9622993326434304,1.999623584994939,True,True,True,True,True,True,True,False,True,EN_AMBOS
ayuda_escuela_padrastro,Nacional,national_single,1,Total,0.2,0.1,0.1,0.3,0.381,11.0,Total,0.1511161253944129,0.0576478967905496,0.0714639698646031,0.3192631667258073,0.3814807760593959,11.0,11,3827,1.9622833497895968,,True,True,True,True,True,True,True,False,True,EN_AMBOS
ayuda_escuela_padre,Nacional,national_single,1,Total,12.4,1.0,10.5,14.6,0.084,441.0,Total,12.375124354785024,1.0355988133471885,10.477561661587572,14.560454195542318,0.0836839116648358,441.0,441,3827,1.9622833497895968,1.9672451058622744,True,True,True,True,True,True,True,False,True,EN_AMBOS
ayuda_escuela_pares_amigos,Nacional,national_single,1,Total,13.7,0.9,12.0,15.7,0.069,554.0,Total,13.704301360824076,0.9467340720319524,11.950161115373644,15.670103797823206,0.0690829869473202,554.0,554,3827,1.9622833497895968,1.9661609607071924,True,True,True,True,True,True,True,False,True,EN_AMBOS
ayuda_escuela_tia,Nacional,national_single,1,Total,2.0,0.4,1.3,3.1,0.215,64.0,Total,2.032832790855577,0.4367870630822593,1.331342735212621,3.0923567577742688,0.214866202988798,64.0,64,3827,1.9622833497895968,2.019540970441376,True,True,True,True,True,True,True,False,True,EN_AMBOS
ayuda_escuela_tio,Nacional,national_single,1,Total,0.3,0.1,0.1,0.6,0.379,10.0,Total,0.2658877990823854,0.1008258789833324,0.1262649817151447,0.559040208094421,0.3792046093551344,10.0,10,3827,1.9622833497895968,12.706204736174694,True,True,True,True,True,True,True,False,True,EN_AMBOS
ayuda_hogar_abuela,Nacional,national_single,1,Total,19.8,1.6,16.8,23.1,0.081,412.0,Total,19.75273639107246,1.5996950652503124,16.792689122681395,23.089762366349014,0.0809859977665331,412.0,412,2234,1.962675738642432,1.967596497387769,True,True,True,True,True,True,True,False,True,EN_AMBOS
ayuda_hogar_abuelo,Nacional,national_single,1,Total,5.9,1.1,4.1,8.5,0.187,87.0,Total,5.932887182588764,1.1093554566148107,4.0952529681303504,8.52183939110789,0.1869840808486018,87.0,87,2234,1.962675738642432,2.001717484145236,True,True,True,True,True,True,True,False,True,EN_AMBOS
ayuda_hogar_car,Nacional,national_single,1,Total,0.0,0.0,0.0,0.1,1.002,1.0,Total,0.0135280887286068,0.0135508823905061,0.0018938955542186,0.0965620731842664,1.0016849136900683,1.0,1,2234,1.962675738642432,,True,True,True,True,True,True,True,False,True,EN_AMBOS
ayuda_hogar_consejo,Nacional,national_single,1,Total,33.7,2.0,29.8,37.7,0.06,778.0,Total,33.65158730849298,2.0110324206844945,29.826134366000005,37.70406488313314,0.0597604030457413,778.0,778,2131,1.96271984188672,1.9648072234709044,True,True,True,True,True,True,True,False,True,EN_AMBOS
ayuda_hogar_consuelo,Nacional,national_single,1,Total,41.9,2.3,37.5,46.4,0.054,840.0,Total,41.90850281240478,2.2708530779236766,37.529825927472935,46.41844752060237,0.054185974814913,840.0,840,2131,1.96271984188672,1.9647582832370232,True,True,True,True,True,True,True,False,True,EN_AMBOS
ayuda_hogar_escolar_adulto,Nacional,national_single,1,Total,1.8,0.4,1.2,2.7,0.215,46.0,Total,1.7761558049936663,0.3821199070499904,1.162891153802224,2.703985036524582,0.2151387316223381,46.0,46,2234,1.962675738642432,2.0555294386428726,True,True,True,True,True,True,True,False,True,EN_AMBOS
ayuda_hogar_familiar,Nacional,national_single,1,Total,87.2,1.3,84.4,89.6,0.015,1900.0,Total,87.21579506433208,1.3167492264023142,84.40096678490171,89.58536689950226,0.0150976004453213,1900.0,1900,2234,1.962675738642432,1.9628576665180693,True,True,True,True,True,True,True,False,True,EN_AMBOS
ayuda_hogar_hablo_familia,Nacional,national_single,1,Total,41.6,1.9,38.0,45.3,0.045,794.0,Total,41.645442973212695,1.864289182686538,37.98744145499762,45.30344449142776,0.0447657426500587,794.0,794,2131,1.96271984188672,1.9647198374673676,True,True,True,True,True,True,True,False,True,EN_AMBOS
ayuda_hogar_hermana,Nacional,national_single,1,Total,9.0,1.2,6.9,11.6,0.133,215.0,Total,8.978011891113468,1.1929865191360154,6.896057981666896,11.610136989578711,0.1328786967097744,215.0,215,2234,1.962675738642432,1.9747157859237872,True,True,True,True,True,True,True,False,True,EN_AMBOS
ayuda_hogar_hermano,Nacional,national_single,1,Total,6.0,1.1,4.1,8.6,0.187,117.0,Total,5.963477434919453,1.1128832617453943,4.0971799485910445,8.603622763722774,0.1866164958097851,117.0,117,2234,1.962675738642432,1.9904502102301285,True,True,True,True,True,True,True,False,True,EN_AMBOS
ayuda_hogar_llamo_atencion,Nacional,national_single,1,Total,28.3,2.2,24.1,32.9,0.079,620.0,Total,28.281222046237904,2.240529464444961,24.090906915052592,32.884643405006486,0.0792232195900815,620.0,620,2131,1.96271984188672,1.965781068909121,True,True,True,True,True,True,True,False,True,EN_AMBOS
ayuda_hogar_madrastra,Nacional,national_single,1,Total,0.0,0.0,0.0,0.2,0.698,3.0,Total,0.0494282848772528,0.0345212642991641,0.012546720322291,0.1945137118562185,0.6984111300825451,3.0,3,2234,1.962675738642432,12.706204736174694,True,True,True,True,True,True,True,False,True,EN_AMBOS
ayuda_hogar_madre,Nacional,national_single,1,Total,23.6,2.0,19.9,27.7,0.084,505.0,Total,23.563448384678757,1.9853718446261617,19.883904697837878,27.688572205835065,0.0842564217348202,505.0,505,2234,1.962675738642432,1.9668042230482616,True,True,True,True,True,True,True,False,True,EN_AMBOS
ayuda_hogar_otro,Nacional,national_single,1,Total,5.0,1.0,3.4,7.3,0.1969999999999999,93.0,Total,4.976619589402831,0.9816526673096406,3.367347690961723,7.296895927951294,0.1972529042404533,93.0,93,2234,1.962675738642432,1.997137908392004,True,True,True,True,True,True,True,False,True,EN_AMBOS
ayuda_hogar_otro_pariente,Nacional,national_single,1,Total,3.4,0.6,2.4,4.9,0.186,87.0,Total,3.4356361751714166,0.6374406351958691,2.3822545870347493,4.931270842215877,0.1855378749945968,87.0,87,2234,1.962675738642432,1.997729654317693,True,True,True,True,True,True,True,False,True,EN_AMBOS
ayuda_hogar_otro_tipo,Nacional,national_single,1,Total,3.2,1.2,1.6,6.5,0.363,49.0,Total,3.2449883961222623,1.1773278260362972,1.581524643015063,6.541802489868104,0.3628141867758896,49.0,49,2131,1.96271984188672,2.0555294386428726,True,True,True,True,True,True,True,False,True,EN_AMBOS
ayuda_hogar_padrastro,Nacional,national_single,1,Total,0.6,0.2,0.3,1.1,0.3229999999999999,19.0,Total,0.5919688994343032,0.1912454058137342,0.3137420952013613,1.1141698489309588,0.3230666442046059,19.0,19,2234,1.962675738642432,3.182446305283708,True,True,True,True,True,True,True,False,True,EN_AMBOS
ayuda_hogar_padre,Nacional,national_single,1,Total,15.0,1.4,12.4,18.0,0.095,354.0,Total,14.978165569248969,1.4184215141520593,12.394043451355754,17.990427430692517,0.0946992812700748,354.0,354,2234,1.962675738642432,1.9690597152565397,True,True,True,True,True,True,True,False,True,EN_AMBOS
ayuda_hogar_pares_amigos,Nacional,national_single,1,Total,10.4,1.2,8.4,12.9,0.11,262.0,Total,10.42404732731468,1.1507614779789146,8.372420900708033,12.907594736822537,0.1103948823182636,262.0,262,2234,1.962675738642432,1.9723964913155796,True,True,True,True,True,True,True,False,True,EN_AMBOS
ayuda_hogar_respuesta_agresion,Nacional,national_single,1,Total,0.5,0.3,0.2,1.4,0.487,12.0,Total,0.5346942385871757,0.2603635165478427,0.2052316361382189,1.3857060141837287,0.4869390723861211,12.0,12,2131,1.96271984188672,3.182446305283708,True,True,True,True,True,True,True,False,True,EN_AMBOS
ayuda_hogar_tia,Nacional,national_single,1,Total,12.0,1.5,9.3,15.4,0.128,239.0,Total,12.008022486674593,1.5369097171447732,9.2909387243454,15.38493297154169,0.1279902430937563,239.0,239,2234,1.962675738642432,1.972731033408908,True,True,True,True,True,True,True,False,True,EN_AMBOS
ayuda_hogar_tio,Nacional,national_single,1,Total,3.3,0.7,2.1,5.0,0.216,66.0,Total,3.290663922929746,0.7091440689021796,2.1502399235541563,5.004997430974834,0.2155018213682587,66.0,66,2234,1.962675738642432,2.016692199227824,True,True,True,True,True,True,True,False,True,EN_AMBOS
ayuda_inst_vs_hablo_familia,Nacional,national_single,1,Total,30.2,7.6,17.4,46.9,0.252,37.0,Total,30.150261593168736,7.587011445955808,17.435448100053414,46.87332443535296,0.2516399873517126,37.0,37,132,1.9844674545084813,2.093024054408309,True,True,True,True,True,True,True,False,True,EN_AMBOS
ayuda_inst_vs_llamo_atencion,Nacional,national_single,1,Total,20.1,4.0,13.3,29.1,0.198,33.0,Total,20.06244193151948,3.966914293214407,13.31648058158832,29.07939364502155,0.1977283875390119,33.0,33,132,1.9844674545084813,2.1098155778333165,True,True,True,True,True,True,True,False,True,EN_AMBOS
ayuda_inst_vs_otro,Nacional,national_single,1,Total,9.1,2.1,5.8,14.1,0.2269999999999999,26.0,Total,9.11017118884091,2.07106317607851,5.781075872426502,14.070074908569651,0.2273352644147197,26.0,26,132,1.9844674545084813,2.1788128296672284,True,True,True,True,True,True,True,False,True,EN_AMBOS
ayuda_inst_vs_terapias,Nacional,national_single,1,Total,58.6,7.7,42.9,72.6,0.132,72.0,Total,58.57348297977052,7.70825321926039,42.94622949074432,72.64662700736896,0.1315997073611378,72.0,72,132,1.9844674545084813,2.010634757624232,True,True,True,True,True,True,True,False,True,EN_AMBOS
ayuda_vs_abuela,Nacional,national_single,1,Total,5.1,2.0,2.3,10.8,0.3939999999999999,33.0,Total,5.089450682474971,2.0076883470688407,2.317354024265325,10.810629288392104,0.3944803618948741,33.0,33,1422,1.9632056306564256,2.144786687917804,True,True,True,True,True,True,True,False,True,EN_AMBOS
ayuda_vs_abuelo,Nacional,national_single,1,Total,0.2,0.2,0.0,1.3,0.963,2.0,Total,0.1951151738308092,0.1879049262442886,0.0293970748197136,1.2830349399568,0.9630461975613808,2.0,2,1422,1.9632056306564256,,True,True,True,True,True,True,True,False,True,EN_AMBOS
ayuda_vs_aviso_autoridades,Nacional,national_single,1,Total,9.5,1.6,6.8,13.1,0.168,114.0,Total,9.462467722245451,1.5868731678112586,6.772959305005279,13.070236515737788,0.1677018315297029,114.0,114,1323,1.9633441998181376,1.990063421254446,True,True,True,True,True,True,True,False,True,EN_AMBOS
ayuda_vs_car,Nacional,national_single,1,Total,0.0,0.0,0.0,0.0,,0.0,Total,0.0,0.0,0.0,0.0,,0.0,0,1422,1.9632056306564256,,True,True,True,True,True,True,True,False,True,EN_AMBOS
ayuda_vs_consejo,Nacional,national_single,1,Total,57.4,2.4,52.6,62.1,0.042,785.0,Total,57.39276969321212,2.425697253995013,52.579128381549225,62.070271436652725,0.0422648578725396,785.0,785,1323,1.9633441998181376,1.96479735565394,True,True,True,True,True,True,True,False,True,EN_AMBOS
ayuda_vs_escolar_adulto,Nacional,national_single,1,Total,11.3,1.5,8.7,14.6,0.133,192.0,Total,11.327524054476717,1.5073530174217462,8.689337049547968,14.63828793363439,0.1330699462806287,192.0,192,1422,1.9632056306564256,1.9754880582343357,True,True,True,True,True,True,True,False,True,EN_AMBOS
ayuda_vs_especialista,Nacional,national_single,1,Total,3.4,0.8,2.2,5.3,0.225,62.0,Total,3.4218243160905373,0.7697590431263782,2.1940995930653417,5.29930950989516,0.2249557464147762,62.0,62,1323,1.9633441998181376,2.0226909200367604,True,True,True,True,True,True,True,False,True,EN_AMBOS
ayuda_vs_familiar,Nacional,national_single,1,Total,75.8,1.9,71.8,79.4,0.025,1033.0,Total,75.79862041602907,1.9233583644728185,71.82435326840348,79.37329398586111,0.0253745827287654,1033.0,1033,1422,1.9632056306564256,1.9638477917083184,True,True,True,True,True,True,True,False,True,EN_AMBOS
ayuda_vs_hablo_madre_padre,Nacional,national_single,1,Total,4.5,1.1,2.8,7.3,0.249,64.0,Total,4.526572510569172,1.1264746499480522,2.764357183400312,7.327504991865505,0.2488581917814919,64.0,64,1323,1.9633441998181376,2.0243941639119694,True,True,True,True,True,True,True,False,True,EN_AMBOS
ayuda_vs_hermana,Nacional,national_single,1,Total,8.7,1.4,6.2,11.9,0.1639999999999999,113.0,Total,8.655864526506104,1.4210563526802014,6.215596264115756,11.93229702154087,0.1641726656336433,113.0,113,1422,1.9632056306564256,1.9893185571365724,True,True,True,True,True,True,True,False,True,EN_AMBOS
ayuda_vs_hermano,Nacional,national_single,1,Total,3.7,1.2,1.9,7.0,0.332,49.0,Total,3.7023214812918273,1.2287773373531414,1.917579578734416,7.02912573734492,0.3318937438475473,49.0,49,1422,1.9632056306564256,2.063898561628025,True,True,True,True,True,True,True,False,True,EN_AMBOS
ayuda_vs_madrastra,Nacional,national_single,1,Total,0.2,0.1,0.0,0.6,0.693,4.0,Total,0.1587254461172345,0.1100174550496262,0.0406978065902058,0.616932273787077,0.693130545485236,4.0,4,1422,1.9632056306564256,,True,True,True,True,True,True,True,False,True,EN_AMBOS
ayuda_vs_madre,Nacional,national_single,1,Total,53.7,2.0,49.7,57.6,0.037,748.0,Total,53.67514473601063,1.9911573081021596,49.74829529722733,57.55693395074173,0.0370964497235215,748.0,748,1422,1.9632056306564256,1.9648072234709044,True,True,True,True,True,True,True,False,True,EN_AMBOS
ayuda_vs_otro,Nacional,national_single,1,Total,4.5,0.9,2.9,6.7,0.209,73.0,Total,4.451060254177527,0.9310569551642842,2.941818523556237,6.681288247258369,0.2091764438125599,73.0,73,1422,1.9632056306564256,2.015367574443764,True,True,True,True,True,True,True,False,True,EN_AMBOS
ayuda_vs_otro_pariente,Nacional,national_single,1,Total,3.5,0.7,2.3,5.3,0.206,46.0,Total,3.526364060428676,0.7253011302156888,2.348671509813013,5.262760450878036,0.2056795945587985,46.0,46,1422,1.9632056306564256,2.051830516480285,True,True,True,True,True,True,True,False,True,EN_AMBOS
ayuda_vs_otro_tipo,Nacional,national_single,1,Total,9.4,1.4,6.9,12.7,0.154,127.0,Total,9.424882152641798,1.4496935703160816,6.914653180202669,12.721855682891285,0.1538155646762895,127.0,127,1323,1.9633441998181376,1.9847231860139845,True,True,True,True,True,True,True,False,True,EN_AMBOS
ayuda_vs_padrastro,Nacional,national_single,1,Total,0.8,0.3,0.4,1.6,0.366,9.0,Total,0.7832925555748528,0.286702207880714,0.3813403359595779,1.602109203392933,0.3660218724666741,9.0,9,1422,1.9632056306564256,4.302652729749462,True,True,True,True,True,True,True,False,True,EN_AMBOS
ayuda_vs_padre,Nacional,national_single,1,Total,17.2,2.2,13.3,21.9,0.128,223.0,Total,17.18658863027524,2.191609315390433,13.301067182314103,21.92017865884574,0.1275185764049636,223.0,223,1422,1.9632056306564256,1.9738521694945037,True,True,True,True,True,True,True,False,True,EN_AMBOS
ayuda_vs_pares_amigos,Nacional,national_single,1,Total,14.4,1.3,12.0,17.2,0.092,232.0,Total,14.41677704107514,1.3285637440388416,12.000576268782906,17.22423752337097,0.0921540050354946,232.0,232,1422,1.9632056306564256,1.9734572015938008,True,True,True,True,True,True,True,False,True,EN_AMBOS
ayuda_vs_reclamo_agresor,Nacional,national_single,1,Total,36.2,2.7,31.2,41.6,0.074,462.0,Total,36.2344743871997,2.675651192667204,31.16482886154536,41.63005463998065,0.0738426936755128,462.0,462,1323,1.9633441998181376,1.966945129327217,True,True,True,True,True,True,True,False,True,EN_AMBOS
ayuda_vs_refugio,Nacional,national_single,1,Total,1.3,0.7,0.4,3.8,0.564,6.0,Total,1.2717899241210855,0.7173687312596624,0.4181173994918027,3.801867406196757,0.5640622854874595,6.0,6,1323,1.9633441998181376,12.706204736174694,True,True,True,True,True,True,True,False,True,EN_AMBOS
ayuda_vs_tia,Nacional,national_single,1,Total,5.8,1.4,3.6,9.3,0.241,58.0,Total,5.822746607403971,1.400889886102255,3.609162472093969,9.263499599742463,0.2405891893562635,58.0,58,1422,1.9632056306564256,2.0280940009804507,True,True,True,True,True,True,True,False,True,EN_AMBOS
ayuda_vs_tio,Nacional,national_single,1,Total,0.8,0.3,0.4,1.6,0.345,16.0,Total,0.7996450918201007,0.2758038833398122,0.4056733553048809,1.5701923316201798,0.3449078674541042,16.0,16,1422,1.9632056306564256,2.7764451051977934,True,True,True,True,True,True,True,False,True,EN_AMBOS
brecha_ayuda_escuela,Nacional,national_single,1,Total,3.9,0.6,3.0,5.2,0.143,169.0,Total,3.9412657916978087,0.563222459199411,2.973165156336325,5.207673419540555,0.1429039524271179,169.0,169,3823,1.9622833497895968,1.97838040544701,True,True,True,True,True,True,True,False,True,EN_AMBOS
brecha_ayuda_hogar,Nacional,national_single,1,Total,4.6,0.9,3.2,6.6,0.185,99.0,Total,4.621627740536893,0.8530541332813155,3.20828810163717,6.615031218442059,0.1845787201333996,99.0,99,2230,1.962675738642432,1.9960083540252969,True,True,True,True,True,True,True,False,True,EN_AMBOS
brecha_ayuda_vs,Nacional,national_single,1,Total,6.2,1.1,4.4,8.9,0.181,94.0,Total,6.233529352355884,1.129181196985279,4.351605327201291,8.853984403224278,0.1811463671954186,94.0,94,1417,1.9632056306564256,1.997137908392004,True,True,True,True,True,True,True,False,True,EN_AMBOS
brecha_institucional_escuela,Nacional,national_single,1,Total,97.6,0.3,96.9,98.2,0.003,7824.0,Total,97.61946247933876,0.3123685559701396,96.92311772525696,98.16120375086214,0.0031998594136517,7824.0,7824,8024,1.9621649940614452,1.9621649940614452,True,True,True,True,True,True,True,False,True,EN_AMBOS
brecha_institucional_hogar,Nacional,national_single,1,Total,94.8,0.6,93.4,95.9,0.0069999999999999,5921.0,Total,94.76281739835912,0.6366367990765383,93.36334926145852,95.880202161997,0.0067182130771848,5921.0,5921,6189,1.9622044904276708,1.9622044904276708,True,True,True,True,True,True,True,False,True,EN_AMBOS
brecha_institucional_vs,Nacional,national_single,1,Total,95.5,0.7,94.0,96.7,0.0069999999999999,3262.0,Total,95.52290229310265,0.6744858753794031,93.99661161240584,96.67487850149205,0.0070609859959008,3262.0,3262,3429,1.9624304486435091,1.9624511358808363,True,True,True,True,True,True,True,False,True,EN_AMBOS
busco_ayuda_escuela,Nacional,national_single,1,Total,48.5,1.0,46.5,50.4,0.02,3827.0,Total,48.483885403925306,0.9913604865980364,46.538672560626914,50.42909824722369,0.0204472161902638,3827.0,3827,8035,1.9621649940614452,1.9622833497895968,True,True,True,True,True,True,True,False,True,EN_AMBOS
busco_ayuda_hogar,Nacional,national_single,1,Total,37.7,1.3,35.2,40.3,0.034,2234.0,Total,37.67496617814261,1.2990163343345436,35.16152324808674,40.25652585833808,0.0344795620569973,2234.0,2234,6181,1.9622044904276708,1.962675738642432,True,True,True,True,True,True,True,False,True,EN_AMBOS
busco_ayuda_vs,Nacional,national_single,1,Total,40.1,1.6,36.9,43.3,0.0409999999999999,1422.0,Total,40.071547310383934,1.646973342949025,36.88729818944431,43.34190465625379,0.0411008172505042,1422.0,1422,3410,1.9624304486435091,1.9632056306564256,True,True,True,True,True,True,True,False,True,EN_AMBOS
conoce_demuna,Nacional,national_single,1,Total,48.2,2.0,44.4,52.1,0.0409999999999999,1659.0,Total,48.20215296699248,1.9621921163798657,44.36827153696708,52.05732002500828,0.0407075617083643,1659.0,1659,3429,1.9624304486435091,1.9631705768868173,True,True,True,True,True,True,True,False,True,EN_AMBOS
justifica_castigo_docente,Departamento,amazonas,1,Amazonas,6.644032066,1.602778443,3.5,9.8,0.2412358079,905.0,Amazonas,6.644032065991182,1.602778443176066,3.49915195138815,9.788912180594217,0.2412358079034884,905.0,63,905,2.000995378088267,2.0345152974493383,True,True,True,True,True,True,True,False,True,EN_AMBOS
justifica_castigo_docente,Departamento,ancash,1,Áncash,7.03011739,1.179523071,4.7,9.3,0.167781419,698.0,Áncash,7.030117390022837,1.1795230714391454,4.715724737764678,9.344510042280998,0.1677814190006454,698.0,49,698,2.016692199227824,2.0555294386428726,True,True,True,True,True,True,True,False,True,EN_AMBOS
justifica_castigo_docente,Departamento,apurimac,1,Apurímac,10.77536792,1.892511042,7.1,14.5,0.1756330786,685.0,Apurímac,10.77536792487436,1.8925110417683757,7.061991090250791,14.48874475949793,0.1756330786069601,685.0,65,685,2.016692199227824,2.039513446396408,True,True,True,True,True,True,True,False,True,EN_AMBOS
justifica_castigo_docente,Departamento,arequipa,1,Arequipa,5.138602118,1.025248131,3.1,7.2,0.1995188785,757.0,Arequipa,5.138602118199352,1.0252481314907629,3.12691892206778,7.150285314330924,0.1995188784630061,757.0,40,757,2.0226909200367604,2.068657610419048,True,True,True,True,True,True,True,False,True,EN_AMBOS
justifica_castigo_docente,Departamento,ayacucho,1,Ayacucho,7.547611322,2.174054903,3.3,11.8,0.2880454239,641.0,Ayacucho,7.547611321623969,2.174054902730246,3.281805239216785,11.813417404031156,0.2880454239212823,641.0,40,641,2.0210753903062733,2.0595385527532977,True,True,True,True,True,True,True,False,True,EN_AMBOS
justifica_castigo_docente,Departamento,cajamarca,1,Cajamarca,6.609559854,1.14268137,4.4,8.9,0.1728831260999999,774.0,Cajamarca,6.609559854316151,1.1426813695377025,4.367455880628178,8.851663828004124,0.1728831260664827,774.0,54,774,2.004044783289145,2.039513446396408,True,True,True,True,True,True,True,False,True,EN_AMBOS
justifica_castigo_docente,Departamento,callao,1,Callao,2.068527332,0.6928208913,0.7,3.4,0.3349343663999999,610.0,Callao,2.068527332022459,0.6928208913473547,0.7091138376269034,3.427940826418014,0.3349343664074111,610.0,11,610,2.0422724563012378,2.262157162798205,True,True,True,True,True,True,True,False,True,EN_AMBOS
justifica_castigo_docente,Departamento,cusco,1,Cusco,5.638227306,1.050652303,3.6,7.7,0.1863444387999999,715.0,Cusco,5.63822730610259,1.0506523032344566,3.576697498366742,7.699757113838437,0.1863444388092109,715.0,36,715,2.016692199227824,2.073873067904026,True,True,True,True,True,True,True,False,True,EN_AMBOS
justifica_castigo_docente,Departamento,huancavelica,1,Huancavelica,8.822153181,2.063384441,4.8,12.9,0.2338867166,755.0,Huancavelica,8.822153180626941,2.0633844410871505,4.773498343032872,12.87080801822101,0.2338867166371869,755.0,60,755,2.0057459953178687,2.0369333434601016,True,True,True,True,True,True,True,False,True,EN_AMBOS
justifica_castigo_docente,Departamento,huanuco,1,Huánuco,5.474381735,1.12835772,3.3,7.7,0.2061160099,677.0,Huánuco,5.474381735077754,1.1283577199973929,3.260382806600272,7.688380663555237,0.206116009917121,677.0,45,677,2.016692199227824,2.068657610419048,True,True,True,True,True,True,True,False,True,EN_AMBOS
justifica_castigo_docente,Departamento,ica,1,Ica,2.925942858,0.755057116,1.4,4.4,0.258056002,714.0,Ica,2.9259428580768865,0.7550571160458919,1.4444130061175584,4.407472710036214,0.2580560020034577,714.0,23,714,2.026192463029109,2.144786687917804,True,True,True,True,True,True,True,False,True,EN_AMBOS
justifica_castigo_docente,Departamento,junin,1,Junín,9.673443737,1.352614178,7.0,12.3,0.1398275749,683.0,Junín,9.67344373687727,1.3526141782892245,7.019421622877188,12.327465850877353,0.1398275748617594,683.0,65,683,2.0226909200367604,2.0452296421327034,True,True,True,True,True,True,True,False,True,EN_AMBOS
justifica_castigo_docente,Departamento,la libertad,1,La Libertad,4.407825356,1.190203022,2.1,6.7,0.2700204580999999,675.0,La Libertad,4.407825356379521,1.1902030218974613,2.072477116676133,6.743173596082911,0.2700204580870837,675.0,35,675,2.0226909200367604,2.093024054408309,True,True,True,True,True,True,True,False,True,EN_AMBOS
justifica_castigo_docente,Departamento,lambayeque,1,Lambayeque,2.571787573,0.5665454579,1.5,3.7,0.2202924781999999,642.0,Lambayeque,2.5717875730563806,0.5665454578827298,1.4601445059189069,3.6834306401938544,0.2202924782039568,642.0,23,642,2.0301079282503425,2.1009220402410382,True,True,True,True,True,True,True,False,True,EN_AMBOS
justifica_castigo_docente,Departamento,lima metropolitana,1,Lima Metropolitana,0.8507707013,0.3307640762,0.2,1.5,0.3887816961,795.0,Lima Metropolitana,0.8507707012907676,0.3307640762303438,0.2017643645817693,1.499777037999766,0.388781696088637,795.0,12,795,2.0210753903062733,2.262157162798205,True,True,True,True,True,True,True,False,True,EN_AMBOS
justifica_castigo_docente,Departamento,loreto,1,Loreto,4.850626754,1.061066138,2.8,6.9,0.2187482549,671.0,Loreto,4.850626753807222,1.06106613761587,2.7686635163591684,6.932589991255276,0.2187482549101612,671.0,32,671,2.019540970441376,2.1009220402410382,True,True,True,True,True,True,True,False,True,EN_AMBOS
justifica_castigo_docente,Departamento,madre de dios,1,Madre de Dios,9.651365396,1.289031459,7.1,12.2,0.133559492,631.0,Madre de Dios,9.6513653962108,1.2890314594620953,7.1221016534773005,12.1806291389443,0.1335594920039167,631.0,54,631,2.0301079282503425,2.0595385527532977,True,True,True,True,True,True,True,False,True,EN_AMBOS
justifica_castigo_docente,Departamento,moquegua,1,Moquegua,5.457801398,1.115196659,3.3,7.6,0.2043307511,663.0,Moquegua,5.457801398215232,1.1151966591709992,3.2696263499229543,7.64597644650751,0.2043307511218129,663.0,32,663,2.0301079282503425,2.063898561628025,True,True,True,True,True,True,True,False,True,EN_AMBOS
justifica_castigo_docente,Departamento,pasco,1,Pasco,12.942957,1.670771961,9.7,16.2,0.1290873455,970.0,Pasco,12.942956999934548,1.670771961492698,9.66466389579059,16.22125010407851,0.1290873454575447,970.0,132,970,1.999623584994939,2.0128955989194286,True,True,True,True,True,True,True,False,True,EN_AMBOS
justifica_castigo_docente,Departamento,piura,1,Piura,3.284376994,0.7612922514,1.8,4.8,0.2317919815,656.0,Piura,3.284376993989693,0.7612922513649016,1.790612916420395,4.778141071558991,0.2317919814802145,656.0,22,656,2.026192463029109,2.119905299221254,True,True,True,True,True,True,True,False,True,EN_AMBOS
justifica_castigo_docente,Departamento,puno,1,Puno,11.46978418,1.424952028,8.7,14.3,0.1242352956,969.0,Puno,11.469784182320351,1.4249520278105363,8.673824880768684,14.26574348387202,0.1242352955522016,969.0,107,969,2.000995378088267,2.0085591121007607,True,True,True,True,True,True,True,False,True,EN_AMBOS
justifica_castigo_docente,Departamento,region lima,1,Región Lima,5.353115976,0.7845078054,3.8,6.9,0.1465516176,678.0,Región Lima,5.353115976159756,0.7845078054136151,3.8137996673459367,6.892432284973577,0.1465516175826269,678.0,33,678,2.026192463029109,2.073873067904026,True,True,True,True,True,True,True,False,True,EN_AMBOS
justifica_castigo_docente,Departamento,san martin,1,San Martín,6.14513458,1.426241988,3.3,8.9,0.2320928808,644.0,San Martín,6.145134579820589,1.4262419875606325,3.346644193087444,8.943624966553735,0.2320928808042918,644.0,31,644,2.0226909200367604,2.07961384472768,True,True,True,True,True,True,True,False,True,EN_AMBOS
justifica_castigo_docente,Departamento,tacna,1,Tacna,3.122466387,0.7290390467,1.7,4.6,0.2334817917,656.0,Tacna,3.122466387260431,0.7290390467039155,1.691987701631867,4.552945072888995,0.2334817917266853,656.0,24,656,2.0345152974493383,2.119905299221254,True,True,True,True,True,True,True,False,True,EN_AMBOS
justifica_castigo_docente,Departamento,tumbes,1,Tumbes,5.347066714,0.9553623215,3.5,7.2,0.1786703575,676.0,Tumbes,5.347066714306283,0.9553623214763096,3.4725094541661243,7.221623974446442,0.1786703575102589,676.0,35,676,2.0301079282503425,2.0595385527532977,True,True,True,True,True,True,True,False,True,EN_AMBOS
justifica_castigo_docente,Departamento,ucayali,1,Ucayali,6.364869413,1.848162389,2.7,10.0,0.2903692549,687.0,Ucayali,6.364869413139377,1.8481623887280911,2.7385109668960768,9.991227859382676,0.2903692548527107,687.0,38,687,2.0226909200367604,2.068657610419048,True,True,True,True,True,True,True,False,True,EN_AMBOS
justifica_castigo_docente,Discapacidad,bin_0,1,No,4.394358534,0.2553026651,3.9,4.9,0.05809782318,16624.0,0,4.394358534355675,0.2553026651257689,3.892915331496781,4.895801737214568,0.0580978231816496,16624.0,1020,16624,1.962142757779508,1.9641126841032743,True,True,True,True,True,True,True,False,True,EN_AMBOS
justifica_castigo_docente,Discapacidad,bin_1,1,Sí,5.513169686,0.7562943224,4.0,7.0,0.1371795837,2003.0,1,5.513169685533824,0.756294322355323,4.011319048021178,7.015020323046469,0.1371795837047764,2003.0,141,2003,1.9640483976635408,1.9858018143458231,True,True,True,True,True,True,True,False,True,EN_AMBOS
justifica_castigo_docente,Etnicidad,etnicidad_1,1,Indígena andino,6.598969237,0.5275643468,5.6,7.6,0.07994647767,5188.0,1,6.598969237039368,0.5275643467840853,5.563812674734297,7.634125799344438,0.0799464776745614,5188.0,398,5188,1.9628366422266053,1.969384804220603,True,True,True,True,True,True,True,False,True,EN_AMBOS
justifica_castigo_docente,Etnicidad,etnicidad_3,1,Indígena amazónico/nativo,7.161684818,1.956088132,3.3,11.0,0.2731323958,430.0,3,7.161684817933218,1.9560881321942027,3.3235606557699198,10.999808980096518,0.2731323957871002,430.0,31,430,1.978524491479245,2.144786687917804,True,True,True,True,True,True,True,False,True,EN_AMBOS
justifica_castigo_docente,Etnicidad,etnicidad_5,1,Afrodescendiente,3.932428981,0.5755845464,2.8,5.1,0.1463687073,1796.0,5,3.9324289810208977,0.5755845463731722,2.803049931864974,5.06180803017682,0.1463687072674723,1796.0,96,1796,1.96362596651301,2.0002978220142595,True,True,True,True,True,True,True,False,True,EN_AMBOS
justifica_castigo_docente,Etnicidad,etnicidad_6,1,No indígena ni afrodescendiente,3.350303455,0.2905138544,2.8,3.9,0.0867126988,8658.0,6,3.35030345489382,0.2905138543754859,2.78027379949635,3.920333110291291,0.0867126988007995,8658.0,449,8658,1.962322551204167,1.9674756580274877,True,True,True,True,True,True,True,False,True,EN_AMBOS
justifica_castigo_docente,Etnicidad,etnicidad_9,1,No sabe,5.437610812,0.7409468683,4.0,6.9,0.1362633138,2555.0,9,5.437610811555411,0.7409468683485071,3.983767279925981,6.89145434318484,0.1362633138020706,2555.0,187,2555,1.9629115987173988,1.97838040544701,True,True,True,True,True,True,True,False,True,EN_AMBOS
justifica_castigo_docente,Lengua materna,idioma_1,1,Castellano,4.277075743,0.2558617753,3.8,4.8,0.05982166103,17333.0,1,4.277075742880621,0.2558617753047695,3.77503841347376,4.7791130722874815,0.059821661033397,17333.0,1049,17333,1.9621649940614452,1.964041377496348,True,True,True,True,True,True,True,False,True,EN_AMBOS
justifica_castigo_docente,Lengua materna,idioma_3,1,Quechua/Aymara,9.825128381,1.26967304,7.3,12.3,0.1292271195,947.0,3,9.825128381244843,1.2696730396995126,7.333848621650551,12.316408140839137,0.1292271195278412,947.0,91,947,1.967404973747932,2.000995378088267,True,True,True,True,True,True,True,False,True,EN_AMBOS
justifica_castigo_docente,Lengua materna,idioma_4,1,Otra lengua nativa,6.60614172,2.085106535,2.5,10.7,0.3156315173,273.0,4,6.60614171980562,2.0851065346421334,2.5148650336588307,10.697418405952408,0.3156315173183245,273.0,19,273,2.00957523712924,2.306004135204166,True,True,True,True,True,True,True,False,True,EN_AMBOS
justifica_castigo_docente,Nacional,national_single,1,Total,4.522468553,0.2565658509,4.0,5.0,0.05673137311,18627.0,Total,4.522468553401304,0.2565658508966229,4.018642334429787,5.026294772372822,0.0567313731133989,18627.0,1161,18627,1.962142757779508,1.963730625922319,True,True,True,True,True,True,True,False,True,EN_AMBOS
justifica_castigo_docente,Sexo,sexo_1,1,Mujer,2.779296051,0.231708236,2.3,3.2,0.08336939706,9546.0,1,2.7792960505641284,0.2317082359862848,2.323226292487888,3.235365808640369,0.0833693970598252,9546.0,375,9546,1.962202376365632,1.9682932552437893,True,True,True,True,True,True,True,False,True,EN_AMBOS
justifica_castigo_docente,Sexo,sexo_2,1,Hombre,6.35978522,0.4124105961,5.6,7.2,0.06484662326,9081.0,2,6.359785219617622,0.412410596131815,5.549457301515683,7.170113137719563,0.0648466232569739,9081.0,786,9081,1.9622476264013184,1.9648571731724895,True,True,True,True,True,True,True,False,True,EN_AMBOS
justifica_castigo_docente,Tipo de hogar,hogar_1,1,Biparental,4.564677357,0.2992455629,4.0,5.2,0.06555678299,13331.0,1,4.564677356804764,0.2992455628890404,3.977514842784381,5.151839870825146,0.0655567829877268,13331.0,814,13331,1.962142757779508,1.9647582832370232,True,True,True,True,True,True,True,False,True,EN_AMBOS
justifica_castigo_docente,Tipo de hogar,hogar_2,1,Monoparental,4.122050387,0.397321472,3.3,4.9,0.09638928074,4358.0,2,4.122050387133781,0.3973214719813389,3.3423775025871647,4.901723271680396,0.0963892807379319,4358.0,280,4358,1.962322551204167,1.97143465852024,True,True,True,True,True,True,True,False,True,EN_AMBOS
justifica_castigo_docente,Tipo de hogar,hogar_3,1,Sin figuras parentales,5.950787474,1.08342765,3.8,8.1,0.1820645847999999,921.0,3,5.950787473914891,1.0834276503983775,3.822675757617041,8.078899190212741,0.1820645847541274,921.0,65,921,1.9642398045825584,2.019540970441376,True,True,True,True,True,True,True,False,True,EN_AMBOS
justifica_castigo_docente,Área,area_1,1,Urbano,3.950352223,0.2661141997,3.4,4.5,0.06736467653,15433.0,1,3.95035222280521,0.2661141996882678,3.42745951142917,4.47324493418125,0.0673646765349181,15433.0,940,15433,1.9630738928941311,1.9649184898384544,True,True,True,True,True,True,True,False,True,EN_AMBOS
justifica_castigo_docente,Área,area_2,1,Rural,6.681254052,0.6339392105,5.4,7.9,0.09488326675,3194.0,2,6.6812540520855626,0.6339392104736127,5.426989798054504,7.935518306116621,0.0948832667537507,3194.0,221,3194,1.967850227366019,1.978524491479245,True,True,True,True,True,True,True,False,True,EN_AMBOS
justifica_castigo_docente,Área y sexo,area_1_sexo_1,1,Urbano Mujer,2.341270501,0.2201116616,1.9,2.8,0.09401376795,7942.0,Urbano Mujer,2.341270501327834,0.2201116616191335,1.9093799985790372,2.773161004076631,0.0940137679496234,7942.0,299,7942,1.9631967955598617,1.9710074720044708,True,True,True,True,True,True,True,False,True,EN_AMBOS
justifica_castigo_docente,Área y sexo,area_1_sexo_2,1,Urbano Hombre,5.683502073,0.4326025073,4.8,6.5,0.07611548334,7491.0,Urbano Hombre,5.683502072918239,0.4326025073194426,4.834674196184138,6.532329949652341,0.0761154833356679,7491.0,641,7491,1.9632873744486168,1.9663442972793104,True,True,True,True,True,True,True,False,True,EN_AMBOS
justifica_castigo_docente,Área y sexo,area_2_sexo_1,1,Rural Mujer,4.518799165,0.6957950664,3.2,5.9,0.1539778691,1604.0,Rural Mujer,4.518799164580231,0.6957950664128899,3.153549914119468,5.884048415040994,0.1539778691354,1604.0,76,1604,1.967850227366019,2.0085591121007607,True,True,True,True,True,True,True,False,True,EN_AMBOS
justifica_castigo_docente,Área y sexo,area_2_sexo_2,1,Rural Hombre,8.781630178,1.027430014,6.8,10.8,0.1169976409,1590.0,Rural Hombre,8.78163017798145,1.0274300140885375,6.765665816712327,10.797594539250571,0.1169976409009634,1590.0,145,1590,1.9678765312856947,1.98608631695113,True,True,True,True,True,True,True,False,True,EN_AMBOS
justifica_castigo_parental,Departamento,amazonas,1,Amazonas,61.91999032,3.081259833,55.9,68.0,0.04976195599,894.0,Amazonas,61.91999031824237,3.081259833298036,55.874118651499735,67.965861984985,0.0497619559929139,894.0,541,894,2.000995378088267,2.000995378088267,True,True,True,True,True,True,True,False,True,EN_AMBOS
justifica_castigo_parental,Departamento,ancash,1,Áncash,40.47872387,2.442771172,35.7,45.3,0.06034704009,691.0,Áncash,40.47872387326037,2.442771172423346,35.68565810837734,45.27178963814339,0.0603470400912762,691.0,291,691,2.016692199227824,2.016692199227824,True,True,True,True,True,True,True,False,True,EN_AMBOS
justifica_castigo_parental,Departamento,apurimac,1,Apurímac,54.60529147,3.093442799,48.5,60.7,0.05665097127,680.0,Apurímac,54.60529147485473,3.0934427985271613,48.53551509111949,60.67506785858998,0.0566509712699119,680.0,375,680,2.016692199227824,2.0180817028184443,True,True,True,True,True,True,True,False,True,EN_AMBOS
justifica_castigo_parental,Departamento,arequipa,1,Arequipa,35.49389876,2.38758517,30.8,40.2,0.06726748126,754.0,Arequipa,35.493898760592685,2.387585169850194,30.80911581098937,40.178681710196,0.0672674812635974,754.0,262,754,2.0226909200367604,2.0226909200367604,True,True,True,True,True,True,True,False,True,EN_AMBOS
justifica_castigo_parental,Departamento,ayacucho,1,Ayacucho,47.43224999,3.08412665,41.4,53.5,0.06502172363,629.0,Ayacucho,47.43224998658613,3.084126649981355,41.38075321625044,53.48374675692183,0.065021723634311,629.0,306,629,2.0210753903062733,2.0210753903062733,True,True,True,True,True,True,True,False,True,EN_AMBOS
justifica_castigo_parental,Departamento,cajamarca,1,Cajamarca,58.75320113,2.45379553,53.9,63.6,0.04176445679,765.0,Cajamarca,58.75320113194456,2.4537955298664054,53.93850400394547,63.56789825994367,0.0417644567885894,765.0,432,765,2.004044783289145,2.004044783289145,True,True,True,True,True,True,True,False,True,EN_AMBOS
justifica_castigo_parental,Departamento,callao,1,Callao,28.22024376,3.571680029,21.2,35.2,0.1265644641,602.0,Callao,28.22024376289976,3.5716800291036943,21.21209766068824,35.22838986511127,0.1265644641170416,602.0,174,602,2.0422724563012378,2.0422724563012378,True,True,True,True,True,True,True,False,True,EN_AMBOS
justifica_castigo_parental,Departamento,cusco,1,Cusco,42.8337868,2.383505942,38.2,47.5,0.05564546401,710.0,Cusco,42.83378680395263,2.383505942134901,38.15700788146821,47.51056572643705,0.0556454640128842,710.0,293,710,2.016692199227824,2.016692199227824,True,True,True,True,True,True,True,False,True,EN_AMBOS
justifica_castigo_parental,Departamento,huancavelica,1,Huancavelica,51.19847869,3.55953489,44.2,58.2,0.0695242316,741.0,Huancavelica,51.19847868840143,3.559534890046043,44.214163082834105,58.18279429396874,0.0695242316028508,741.0,374,741,2.0057459953178687,2.0057459953178687,True,True,True,True,True,True,True,False,True,EN_AMBOS
justifica_castigo_parental,Departamento,huanuco,1,Huánuco,47.94070267,3.422991596,41.2,54.7,0.07140053036,668.0,Huánuco,47.9407026655001,3.4229915962968143,41.22430449488619,54.657100836114,0.0714005303631088,668.0,341,668,2.016692199227824,2.016692199227824,True,True,True,True,True,True,True,False,True,EN_AMBOS
justifica_castigo_parental,Departamento,ica,1,Ica,31.27070171,2.148863749,27.1,35.5,0.06871811732,681.0,Ica,31.270701711690705,2.148863748775621,27.054324269575694,35.48707915380572,0.0687181173159366,681.0,229,681,2.026192463029109,2.026192463029109,True,True,True,True,True,True,True,False,True,EN_AMBOS
justifica_castigo_parental,Departamento,junin,1,Junín,48.06273811,3.040111965,42.1,54.0,0.06325299151,674.0,Junín,48.062738111365874,3.040111965482136,42.09760443545628,54.02787178727547,0.063252991505351,674.0,315,674,2.0226909200367604,2.0226909200367604,True,True,True,True,True,True,True,False,True,EN_AMBOS
justifica_castigo_parental,Departamento,la libertad,1,La Libertad,45.82613406,2.485012626,41.0,50.7,0.05422697501,654.0,La Libertad,45.82613405519246,2.485012626333268,40.950184527442005,50.702083582942926,0.0542269750125626,654.0,315,654,2.0226909200367604,2.0226909200367604,True,True,True,True,True,True,True,False,True,EN_AMBOS
justifica_castigo_parental,Departamento,lambayeque,1,Lambayeque,42.11201195,2.897616156,36.4,47.8,0.06880735502,622.0,Lambayeque,42.112011945573805,2.897616156440921,36.426475389388365,47.79754850175925,0.0688073550175148,622.0,261,622,2.0301079282503425,2.0301079282503425,True,True,True,True,True,True,True,False,True,EN_AMBOS
justifica_castigo_parental,Departamento,lima metropolitana,1,Lima Metropolitana,24.94950391,1.926972272,21.2,28.7,0.0772348933,782.0,Lima Metropolitana,24.94950390951774,1.9269722723998304,21.16850922078649,28.73049859824899,0.0772348933024166,782.0,207,782,2.0210753903062733,2.0210753903062733,True,True,True,True,True,True,True,False,True,EN_AMBOS
justifica_castigo_parental,Departamento,loreto,1,Loreto,68.84330866,1.986686602,64.9,72.7,0.02885809297,652.0,Loreto,68.84330865632535,1.986686601656488,64.94514592890748,72.7414713837432,0.028858092971305,652.0,450,652,2.019540970441376,2.019540970441376,True,True,True,True,True,True,True,False,True,EN_AMBOS
justifica_castigo_parental,Departamento,madre de dios,1,Madre de Dios,62.90195463,2.12903421,58.7,67.1,0.03384686887,632.0,Madre de Dios,62.901954629789394,2.1290342102713544,58.72448557304064,67.07942368653815,0.0338468688739773,632.0,382,632,2.0301079282503425,2.0301079282503425,True,True,True,True,True,True,True,False,True,EN_AMBOS
justifica_castigo_parental,Departamento,moquegua,1,Moquegua,40.22396786,2.745864845,34.8,45.6,0.06826439537,646.0,Moquegua,40.223967860483526,2.745864845183064,34.83618904066623,45.61174668030082,0.0682643953651482,646.0,247,646,2.0301079282503425,2.0301079282503425,True,True,True,True,True,True,True,False,True,EN_AMBOS
justifica_castigo_parental,Departamento,pasco,1,Pasco,50.71172632,2.64648858,45.5,55.9,0.05218691559,972.0,Pasco,50.71172631543952,2.6464885804015634,45.51893791385842,55.90451471702062,0.0521869155851596,972.0,501,972,1.999623584994939,1.999623584994939,True,True,True,True,True,True,True,False,True,EN_AMBOS
justifica_castigo_parental,Departamento,piura,1,Piura,38.50012372,2.758751189,33.1,43.9,0.07165564477,641.0,Piura,38.50012372406936,2.7587511892801944,33.08706005750762,43.9131873906311,0.0716556447727852,641.0,246,641,2.026192463029109,2.026192463029109,True,True,True,True,True,True,True,False,True,EN_AMBOS
justifica_castigo_parental,Departamento,puno,1,Puno,50.34149519,2.127813724,46.2,54.5,0.04226759091,961.0,Puno,50.34149518535311,2.127813724242004,46.16642089642782,54.51656947427841,0.042267590909002,961.0,479,961,2.000995378088267,2.000995378088267,True,True,True,True,True,True,True,False,True,EN_AMBOS
justifica_castigo_parental,Departamento,region lima,1,Región Lima,30.80774037,2.118789865,26.7,35.0,0.06877459493,675.0,Región Lima,30.80774037185193,2.1187898647422454,26.65037218349131,34.96510856021256,0.068774594928686,675.0,210,675,2.026192463029109,2.026192463029109,True,True,True,True,True,True,True,False,True,EN_AMBOS
justifica_castigo_parental,Departamento,san martin,1,San Martín,61.85013603,2.693390345,56.6,67.1,0.04354703996,636.0,San Martín,61.85013603194594,2.693390345398047,56.56531967184992,67.13495239204197,0.0435470399613494,636.0,379,636,2.0226909200367604,2.0226909200367604,True,True,True,True,True,True,True,False,True,EN_AMBOS
justifica_castigo_parental,Departamento,tacna,1,Tacna,28.93084052,2.698511446,23.6,34.2,0.09327456088,646.0,Tacna,28.93084052025397,2.6985114455354933,23.635975830611397,34.22570520989655,0.0932745608841303,646.0,193,646,2.0345152974493383,2.0345152974493383,True,True,True,True,True,True,True,False,True,EN_AMBOS
justifica_castigo_parental,Departamento,tumbes,1,Tumbes,46.51254849,2.800557438,41.0,52.0,0.06021079319,666.0,Tumbes,46.512548488100194,2.800557437654487,41.01745499406091,52.00764198213948,0.0602107931877992,666.0,304,666,2.0301079282503425,2.0301079282503425,True,True,True,True,True,True,True,False,True,EN_AMBOS
justifica_castigo_parental,Departamento,ucayali,1,Ucayali,65.61448724,2.258461027,61.2,70.0,0.03442015814,679.0,Ucayali,65.61448723931515,2.258461026749109,61.183064291952114,70.0459101866782,0.0344201581353801,679.0,441,679,2.0226909200367604,2.0226909200367604,True,True,True,True,True,True,True,False,True,EN_AMBOS
justifica_castigo_parental,Discapacidad,bin_0,1,No,40.43373785,0.8599856627,38.7,42.1,0.02126901218,16379.0,0,40.43373784923042,0.8599856627355278,38.74632320929969,42.12115248916115,0.0212690121784497,16379.0,7514,16379,1.962142757779508,1.9621487775386712,True,True,True,True,True,True,True,False,True,EN_AMBOS
justifica_castigo_parental,Discapacidad,bin_1,1,Sí,44.27920784,2.35859841,39.7,48.9,0.0532664996599999,1974.0,1,44.279207841721274,2.3585984096255403,39.65130105376425,48.90711462967829,0.0532664996640521,1974.0,1034,1974,1.9640483976635408,1.9653824672116589,True,True,True,True,True,True,True,False,True,EN_AMBOS
justifica_castigo_parental,Etnicidad,etnicidad_1,1,Indígena andino,43.22321415,1.30078019,40.7,45.8,0.03009448083,5145.0,1,43.22321415349375,1.3007801898494915,40.67089772451752,45.77553058246998,0.0300944808322254,5145.0,2464,5145,1.9628366422266053,1.963403002261916,True,True,True,True,True,True,True,False,True,EN_AMBOS
justifica_castigo_parental,Etnicidad,etnicidad_3,1,Indígena amazónico/nativo,52.5047811,5.932925435,40.9,64.1,0.1129978129999999,427.0,3,52.50478110427197,5.93292543518548,40.863534429176944,64.146027779367,0.1129978129687461,427.0,247,427,1.978524491479245,1.983971518523552,True,True,True,True,True,True,True,False,True,EN_AMBOS
justifica_castigo_parental,Etnicidad,etnicidad_5,1,Afrodescendiente,43.71966605,2.21354824,39.4,48.1,0.05063049286,1777.0,5,43.71966604682842,2.2135482397312805,39.37636839924411,48.06296369441273,0.0506304928624188,1777.0,887,1777,1.96362596651301,1.965309213413258,True,True,True,True,True,True,True,False,True,EN_AMBOS
justifica_castigo_parental,Etnicidad,etnicidad_6,1,No indígena ni afrodescendiente,38.05113833,1.298245549,35.5,40.6,0.0341184418,8514.0,6,38.05113832872708,1.2982455486303166,35.503795227662614,40.59848142979153,0.0341184418036238,8514.0,3731,8514,1.962322551204167,1.9625071281259212,True,True,True,True,True,True,True,False,True,EN_AMBOS
justifica_castigo_parental,Etnicidad,etnicidad_9,1,No sabe,43.22068688,1.908119528,39.5,47.0,0.0441482925199999,2490.0,9,43.22068688365698,1.9081195275270255,39.476683971742176,46.96468979557179,0.0441482925216661,2490.0,1219,2490,1.9629115987173988,1.964013536500636,True,True,True,True,True,True,True,False,True,EN_AMBOS
justifica_castigo_parental,Lengua materna,idioma_1,1,Castellano,40.22446269,0.8704843225,38.5,41.9,0.02164066999,17070.0,1,40.22446268737419,0.8704843224761092,38.51644817826709,41.93247719648129,0.0216406699883486,17070.0,7874,17070,1.9621649940614452,1.962191865617041,True,True,True,True,True,True,True,False,True,EN_AMBOS
justifica_castigo_parental,Lengua materna,idioma_3,1,Quechua/Aymara,51.59991233,2.505325386,46.7,56.5,0.0485529000599999,940.0,3,51.59991233080388,2.5053253864579776,46.68410626788421,56.515718393723546,0.0485529000591413,940.0,490,940,1.967404973747932,1.9710591221336449,True,True,True,True,True,True,True,False,True,EN_AMBOS
justifica_castigo_parental,Lengua materna,idioma_4,1,Otra lengua nativa,54.72066619,5.190601179,44.5,64.9,0.09485632286,272.0,4,54.72066618661773,5.190601178932135,44.53596567485427,64.9053666983812,0.0948563228603662,272.0,151,272,2.00957523712924,2.0226909200367604,True,True,True,True,True,True,True,False,True,EN_AMBOS
justifica_castigo_parental,Nacional,national_single,1,Total,40.87261774,0.8427477478,39.2,42.5,0.0206188836,18353.0,Total,40.87261774361736,0.8427477478335095,39.21902635357085,42.52620913366387,0.0206188836036838,18353.0,8548,18353,1.962142757779508,1.9621447606766775,True,True,True,True,True,True,True,False,True,EN_AMBOS
justifica_castigo_parental,Sexo,sexo_1,1,Mujer,34.59439421,1.01931893,32.6,36.6,0.0294648585,9355.0,1,34.59439421263777,1.019318930422725,32.594199333635025,36.59458909164052,0.0294648585015648,9355.0,3781,9355,1.962202376365632,1.962285619647268,True,True,True,True,True,True,True,False,True,EN_AMBOS
justifica_castigo_parental,Sexo,sexo_2,1,Hombre,47.52063725,1.078056891,45.4,49.6,0.02268607815,8998.0,2,47.52063725468017,1.0780568905072327,45.40519633206573,49.63607817729461,0.0226860781502053,8998.0,4767,8998,1.9622476264013184,1.9622720667543931,True,True,True,True,True,True,True,False,True,EN_AMBOS
justifica_castigo_parental,Tipo de hogar,hogar_1,1,Biparental,41.34850097,0.9280180291,39.5,43.2,0.02244381313,13151.0,1,41.348500969112216,0.928018029072437,39.52758214817547,43.16941979004897,0.0224438131328068,13151.0,6199,13151,1.962142757779508,1.962158884732849,True,True,True,True,True,True,True,False,True,EN_AMBOS
justifica_castigo_parental,Tipo de hogar,hogar_2,1,Monoparental,38.76025631,1.298384151,36.2,41.3,0.03349782159,4276.0,2,38.76025630768007,1.2983841505980716,36.211717600908266,41.30879501445186,0.0334978215905348,4276.0,1898,4276,1.962322551204167,1.9628541411244649,True,True,True,True,True,True,True,False,True,EN_AMBOS
justifica_castigo_parental,Tipo de hogar,hogar_3,1,Sin figuras parentales,43.81853271,2.695640592,38.5,49.1,0.06151827606,910.0,3,43.81853270578501,2.6956405916132256,38.5148611388634,49.12220427270663,0.0615182760617025,910.0,439,910,1.9642398045825584,1.967499518824058,True,True,True,True,True,True,True,False,True,EN_AMBOS
justifica_castigo_parental,Área,area_1,1,Urbano,37.43736918,0.9528658424,35.6,39.3,0.0254522650299999,15179.0,1,37.43736918477935,0.9528658423867934,35.566823126159264,39.30791524339944,0.0254522650265231,15179.0,6807,15179,1.9630738928941311,1.9630738928941311,True,True,True,True,True,True,True,False,True,EN_AMBOS
justifica_castigo_parental,Área,area_2,1,Rural,53.64406222,1.340279554,51.0,56.3,0.02498467675,3174.0,2,53.64406221920505,1.3402795543157295,51.00655753890507,56.28156689950502,0.024984676753952,3174.0,1741,3174,1.967850227366019,1.9678765312856947,True,True,True,True,True,True,True,False,True,EN_AMBOS
justifica_castigo_parental,Área y sexo,area_1_sexo_1,1,Urbano Mujer,30.89166274,1.140225322,28.7,33.1,0.03691045483,7769.0,Urbano Mujer,30.89166274065112,1.140225322166157,28.65305676828215,33.130268713020094,0.0369104548285031,7769.0,2975,7769,1.9631967955598617,1.9633014009162264,True,True,True,True,True,True,True,False,True,EN_AMBOS
justifica_castigo_parental,Área y sexo,area_1_sexo_2,1,Urbano Hombre,44.54361651,1.234943174,42.1,47.0,0.02772435808,7410.0,Urbano Hombre,44.543616508429054,1.234943174367389,42.11903921475489,46.96819380210321,0.0277243580824583,7410.0,3832,7410,1.9632873744486168,1.9633108178569971,True,True,True,True,True,True,True,False,True,EN_AMBOS
justifica_castigo_parental,Área y sexo,area_2_sexo_1,1,Rural Mujer,49.18346851,1.761751662,45.7,52.6,0.03581999634,1586.0,Rural Mujer,49.183468510133366,1.7617516618036655,45.71587593850103,52.6510610817657,0.0358199963355713,1586.0,806,1586,1.967850227366019,1.968264112821808,True,True,True,True,True,True,True,False,True,EN_AMBOS
justifica_castigo_parental,Área y sexo,area_2_sexo_2,1,Rural Hombre,57.94964716,1.952243617,54.1,61.8,0.03368861956,1588.0,Rural Hombre,57.94964716401834,1.9522436168782056,54.1075573164504,61.79173701158626,0.03368861955885,1588.0,935,1588,1.9678765312856947,1.968038114890469,True,True,True,True,True,True,True,False,True,EN_AMBOS
mito_fuera_casa,Departamento,amazonas,1,Amazonas,51.96583956,3.772691927,44.6,59.4,0.0725994607,898.0,Amazonas,51.96583956066506,3.7726919271796935,44.563279418416215,59.36839970291391,0.0725994607048625,898.0,470,898,2.000995378088267,2.001717484145236,True,True,True,True,True,True,True,False,True,EN_AMBOS
mito_fuera_casa,Departamento,ancash,1,Áncash,59.97354634,2.767831453,54.5,65.4,0.04615087188,692.0,Áncash,59.97354634135132,2.7678314533728083,54.542665900361534,65.40442678234109,0.0461508718797308,692.0,412,692,2.016692199227824,2.016692199227824,True,True,True,True,True,True,True,False,True,EN_AMBOS
mito_fuera_casa,Departamento,apurimac,1,Apurímac,69.7784442,2.546165173,64.8,74.8,0.03648927977,654.0,Apurímac,69.77844420183433,2.546165172674524,64.78250464816061,74.77438375550805,0.0364892797739905,654.0,448,654,2.016692199227824,2.016692199227824,True,True,True,True,True,True,True,False,True,EN_AMBOS
mito_fuera_casa,Departamento,arequipa,1,Arequipa,55.15768541,2.161923331,50.9,59.4,0.03919532364,752.0,Arequipa,55.15768541276932,2.161923331179259,50.91568320562138,59.39968761991725,0.0391953236434892,752.0,407,752,2.0226909200367604,2.0226909200367604,True,True,True,True,True,True,True,False,True,EN_AMBOS
mito_fuera_casa,Departamento,ayacucho,1,Ayacucho,57.04782044,2.216659292,52.7,61.4,0.03885616094,629.0,Ayacucho,57.04782043901098,2.216659292123393,52.69841846250641,61.39722241551554,0.038856160937703,629.0,355,629,2.0210753903062733,2.0210753903062733,True,True,True,True,True,True,True,False,True,EN_AMBOS
mito_fuera_casa,Departamento,cajamarca,1,Cajamarca,55.13398952,2.77477805,49.7,60.6,0.0503279025199999,760.0,Cajamarca,55.13398952277966,2.7747780502519968,49.68947886703216,60.578500178527165,0.0503279025201966,760.0,421,760,2.004044783289145,2.004044783289145,True,True,True,True,True,True,True,False,True,EN_AMBOS
mito_fuera_casa,Departamento,callao,1,Callao,43.99471328,2.831252,38.4,49.6,0.06435436871,605.0,Callao,43.99471327965723,2.831251999627828,38.43939267313874,49.550033886175726,0.0643543687085914,605.0,284,605,2.0422724563012378,2.0422724563012378,True,True,True,True,True,True,True,False,True,EN_AMBOS
mito_fuera_casa,Departamento,cusco,1,Cusco,56.34345583,2.201519103,52.0,60.7,0.03907319973,703.0,Cusco,56.34345582866243,2.201519103249372,52.023761064108434,60.66315059321642,0.0390731997331523,703.0,390,703,2.016692199227824,2.016692199227824,True,True,True,True,True,True,True,False,True,EN_AMBOS
mito_fuera_casa,Departamento,huancavelica,1,Huancavelica,58.50528943,2.43678846,53.7,63.3,0.0416507376199999,731.0,Huancavelica,58.50528943025159,2.436788459706486,53.723962601797815,63.28661625870535,0.0416507376245281,731.0,437,731,2.0057459953178687,2.0057459953178687,True,True,True,True,True,True,True,False,True,EN_AMBOS
mito_fuera_casa,Departamento,huanuco,1,Huánuco,63.01580654,2.819788352,57.5,68.5,0.04474731829,659.0,Huánuco,63.01580653573527,2.819788352304892,57.48297924178922,68.54863382968132,0.0447473182891951,659.0,394,659,2.016692199227824,2.016692199227824,True,True,True,True,True,True,True,False,True,EN_AMBOS
mito_fuera_casa,Departamento,ica,1,Ica,48.08968161,1.859194029,44.4,51.7,0.03866097606,690.0,Ica,48.08968160569852,1.8591940294361893,44.44167750553339,51.73768570586363,0.0386609760630205,690.0,342,690,2.026192463029109,2.026192463029109,True,True,True,True,True,True,True,False,True,EN_AMBOS
mito_fuera_casa,Departamento,junin,1,Junín,58.00246744,1.859634015,54.4,61.7,0.03206129147,662.0,Junín,58.0024674416618,1.859634014762919,54.3536000274743,61.65133485584929,0.0320612914723553,662.0,384,662,2.0226909200367604,2.0226909200367604,True,True,True,True,True,True,True,False,True,EN_AMBOS
mito_fuera_casa,Departamento,la libertad,1,La Libertad,52.59091668,3.696428646,45.3,59.8,0.07028644639,659.0,La Libertad,52.590916675407975,3.6964286455606974,45.337995978872335,59.84383737194361,0.0702864463910206,659.0,351,659,2.0226909200367604,2.0226909200367604,True,True,True,True,True,True,True,False,True,EN_AMBOS
mito_fuera_casa,Departamento,lambayeque,1,Lambayeque,53.49192906,2.41183782,48.8,58.2,0.0450878826399999,631.0,Lambayeque,53.49192906239537,2.411837819844629,48.75955895124852,58.22429917354223,0.0450878826417225,631.0,344,631,2.0301079282503425,2.0301079282503425,True,True,True,True,True,True,True,False,True,EN_AMBOS
mito_fuera_casa,Departamento,lima metropolitana,1,Lima Metropolitana,44.913058,2.51796494,40.0,49.9,0.05606309285,788.0,Lima Metropolitana,44.91305799548524,2.5179649404173445,39.97245132330264,49.85366466766784,0.0560630928464157,788.0,361,788,2.0210753903062733,2.0210753903062733,True,True,True,True,True,True,True,False,True,EN_AMBOS
mito_fuera_casa,Departamento,loreto,1,Loreto,56.82378787,2.081681542,52.7,60.9,0.03663398059,662.0,Loreto,56.823787873933775,2.0816815422305863,52.73923151184275,60.90834423602479,0.0366339805936361,662.0,356,662,2.019540970441376,2.019540970441376,True,True,True,True,True,True,True,False,True,EN_AMBOS
mito_fuera_casa,Departamento,madre de dios,1,Madre de Dios,57.06390701,2.620771628,51.9,62.2,0.04592695742,621.0,Madre de Dios,57.063907009284144,2.6207716275672444,51.92157894045906,62.20623507810923,0.0459269574223309,621.0,330,621,2.0301079282503425,2.0301079282503425,True,True,True,True,True,True,True,False,True,EN_AMBOS
mito_fuera_casa,Departamento,moquegua,1,Moquegua,52.24296217,2.305720106,47.7,56.8,0.0441345592,641.0,Moquegua,52.24296216712888,2.3057201064261115,47.71881015883829,56.76711417541947,0.0441345591976571,641.0,333,641,2.0301079282503425,2.0301079282503425,True,True,True,True,True,True,True,False,True,EN_AMBOS
mito_fuera_casa,Departamento,pasco,1,Pasco,57.86809076,2.135837129,53.7,62.1,0.03690871948,963.0,Pasco,57.86809075729287,2.1358371286617843,53.67727340349256,62.05890811109317,0.0369087194809967,963.0,567,963,1.999623584994939,1.999623584994939,True,True,True,True,True,True,True,False,True,EN_AMBOS
mito_fuera_casa,Departamento,piura,1,Piura,53.40791411,2.761540806,48.0,58.8,0.05170658416,639.0,Piura,53.40791411216559,2.761540806033562,47.98937681929425,58.82645140503693,0.051706584163423,639.0,341,639,2.026192463029109,2.026192463029109,True,True,True,True,True,True,True,False,True,EN_AMBOS
mito_fuera_casa,Departamento,puno,1,Puno,64.84405865,1.570343558,61.8,67.9,0.0242172311599999,948.0,Puno,64.84405864621019,1.5703435577547382,61.76282040713602,67.92529688528435,0.0242172311625733,948.0,610,948,2.000995378088267,2.000995378088267,True,True,True,True,True,True,True,False,True,EN_AMBOS
mito_fuera_casa,Departamento,region lima,1,Región Lima,52.3873181,2.307007323,47.9,56.9,0.04403751532,673.0,Región Lima,52.38731810356283,2.3070073234929147,47.86064039162692,56.91399581549874,0.0440375153187316,673.0,346,673,2.026192463029109,2.026192463029109,True,True,True,True,True,True,True,False,True,EN_AMBOS
mito_fuera_casa,Departamento,san martin,1,San Martín,48.94298237,2.803469614,43.4,54.4,0.05728031841,634.0,San Martín,48.94298237289216,2.8034696140955417,43.44217477293968,54.44378997284464,0.0572803184067566,634.0,297,634,2.0226909200367604,2.0226909200367604,True,True,True,True,True,True,True,False,True,EN_AMBOS
mito_fuera_casa,Departamento,tacna,1,Tacna,52.76877126,2.841906773,47.2,58.3,0.05385584514,652.0,Tacna,52.76877126271512,2.8419067732833327,47.1925444692327,58.34499805619754,0.0538558451386822,652.0,336,652,2.0345152974493383,2.0345152974493383,True,True,True,True,True,True,True,False,True,EN_AMBOS
mito_fuera_casa,Departamento,tumbes,1,Tumbes,51.38151303,2.411853441,46.6,56.1,0.04694010157,668.0,Tumbes,51.38151302738363,2.4118534405516883,46.64911226617955,56.11391378858771,0.0469401015743989,668.0,331,668,2.0301079282503425,2.0301079282503425,True,True,True,True,True,True,True,False,True,EN_AMBOS
mito_fuera_casa,Departamento,ucayali,1,Ucayali,48.4927238,2.418627923,43.7,53.2,0.0498760996199999,689.0,Ucayali,48.49272379523065,2.41862792303784,43.74703053227866,53.23841705818264,0.0498760996237484,689.0,342,689,2.0226909200367604,2.0226909200367604,True,True,True,True,True,True,True,False,True,EN_AMBOS
mito_fuera_casa,Discapacidad,bin_0,1,No,52.48807444,0.9369356661,50.6,54.3,0.01785044843,16332.0,0,52.48807444492436,0.9369356661057612,50.64712993298232,54.32228114210218,0.017850448430698,16332.0,8904,16332,1.962142757779508,1.9621447606766775,True,True,True,True,True,True,True,False,True,EN_AMBOS
mito_fuera_casa,Discapacidad,bin_1,1,Sí,51.14211247,2.64544531,46.0,56.3,0.0517273374599999,1971.0,1,51.14211247015928,2.64544531005144,45.95770165219103,56.30206810628271,0.0517273374578537,1971.0,1085,1971,1.9640483976635408,1.9651684913902163,True,True,True,True,True,True,True,False,True,EN_AMBOS
mito_fuera_casa,Etnicidad,etnicidad_1,1,Indígena andino,57.83932561,1.433989686,55.0,60.7,0.02479264187,5093.0,1,57.839325614347246,1.4339896861247758,55.02563313698701,60.65301809170749,0.0247926418728691,5093.0,3033,5093,1.9628366422266053,1.963241459296616,True,True,True,True,True,True,True,False,True,EN_AMBOS
mito_fuera_casa,Etnicidad,etnicidad_3,1,Indígena amazónico/nativo,38.7607925,4.885069668,29.2,48.3,0.1260312123,419.0,3,38.76079249599065,4.8850696677178025,29.17558842622981,48.34599656575149,0.1260312122932756,419.0,173,419,1.978524491479245,1.9904502102301285,True,True,True,True,True,True,True,False,True,EN_AMBOS
mito_fuera_casa,Etnicidad,etnicidad_5,1,Afrodescendiente,57.6385638,2.271714316,53.2,62.1,0.03941309717,1778.0,5,57.63856380157533,2.2717143156935045,53.18113600929328,62.09599159385737,0.0394130971672721,1778.0,1023,1778,1.96362596651301,1.9646081128301975,True,True,True,True,True,True,True,False,True,EN_AMBOS
mito_fuera_casa,Etnicidad,etnicidad_6,1,No indígena ni afrodescendiente,49.06620716,1.079311166,46.9,51.2,0.02199703684,8563.0,6,49.0662071624115,1.0793111663209871,46.94844457402422,51.18396975079879,0.0219970368353195,8563.0,4385,8563,1.962322551204167,1.962474827776736,True,True,True,True,True,True,True,False,True,EN_AMBOS
mito_fuera_casa,Etnicidad,etnicidad_9,1,No sabe,53.44851763,1.611192635,50.3,56.6,0.0301447581,2450.0,9,53.44851763276078,1.611192634582662,50.28712767342672,56.60990759209484,0.0301447580951262,2450.0,1375,2450,1.9629115987173988,1.963643003972867,True,True,True,True,True,True,True,False,True,EN_AMBOS
mito_fuera_casa,Lengua materna,idioma_1,1,Castellano,52.14944012,0.8905316268,50.4,53.9,0.01707653284,17038.0,1,52.14944012288356,0.8905316268000033,50.402089940784336,53.89679030498279,0.0170765328391173,17038.0,9301,17038,1.9621649940614452,1.9621814531170845,True,True,True,True,True,True,True,False,True,EN_AMBOS
mito_fuera_casa,Lengua materna,idioma_3,1,Quechua/Aymara,61.11072256,2.365557263,56.5,65.8,0.03870936497,926.0,3,61.11072255771924,2.3655572633165742,56.46916150538992,65.75228361004856,0.0387093649740812,926.0,559,926,1.967404973747932,1.9698151341354369,True,True,True,True,True,True,True,False,True,EN_AMBOS
mito_fuera_casa,Lengua materna,idioma_4,1,Otra lengua nativa,39.94731429,5.400962051,29.3,50.5,0.1352021318,265.0,4,39.9473142856214,5.400962051339291,29.34985571154406,50.54477285969875,0.1352021318059749,265.0,100,265,2.00957523712924,2.0452296421327034,True,True,True,True,True,True,True,False,True,EN_AMBOS
mito_fuera_casa,Nacional,national_single,1,Total,52.3336693,0.8515107835,50.7,54.0,0.01627080224,18303.0,Total,52.333669299149385,0.8515107835273126,50.660894272625725,54.001225240921336,0.0162708022374642,18303.0,9989,18303,1.962142757779508,1.9621447606766775,True,True,True,True,True,True,True,False,True,EN_AMBOS
mito_fuera_casa,Sexo,sexo_1,1,Mujer,44.21245772,1.218696408,41.8,46.6,0.02756454788,9369.0,1,44.21245772316395,1.2186964077757416,41.821065529158815,46.603849917169086,0.0275645478793918,9369.0,4360,9369,1.962202376365632,1.96225424047134,True,True,True,True,True,True,True,False,True,EN_AMBOS
mito_fuera_casa,Sexo,sexo_2,1,Hombre,60.92273361,1.063661035,58.8,63.0,0.01745918102,8934.0,2,60.922733612062416,1.0636610346514106,58.83556023639356,63.00990698773128,0.0174591810246809,8934.0,5629,8934,1.9622476264013184,1.96225424047134,True,True,True,True,True,True,True,False,True,EN_AMBOS
mito_fuera_casa,Tipo de hogar,hogar_1,1,Biparental,53.0398645,0.9795796071,51.1,55.0,0.01846874264,13109.0,1,53.03986450432154,0.979579607146714,51.11778947249013,54.96193953615296,0.018468742639169,13109.0,7282,13109,1.962142757779508,1.9621507915239005,True,True,True,True,True,True,True,False,True,EN_AMBOS
mito_fuera_casa,Tipo de hogar,hogar_2,1,Monoparental,50.53222478,1.821807513,47.0,54.1,0.03605239075,4286.0,2,50.53222477520413,1.82180751295125,46.957578357598535,54.10687119280973,0.0360523907477986,4286.0,2252,4286,1.962322551204167,1.9626664709726729,True,True,True,True,True,True,True,False,True,EN_AMBOS
mito_fuera_casa,Tipo de hogar,hogar_3,1,Sin figuras parentales,50.22819787,3.296038451,43.8,56.7,0.06562127631,891.0,3,50.22819786889501,3.296038450660954,43.76089989356783,56.69549584422219,0.0656212763050792,891.0,447,891,1.9642398045825584,1.967547698085467,True,True,True,True,True,True,True,False,True,EN_AMBOS
mito_fuera_casa,Área,area_1,1,Urbano,51.1734623,0.999010285,49.2,53.1,0.01952203818,15183.0,1,51.17346230439264,0.9990102849558328,49.21326150881931,53.133663099965965,0.0195220381809123,15183.0,8189,15183,1.9630738928941311,1.9630738928941311,True,True,True,True,True,True,True,False,True,EN_AMBOS
mito_fuera_casa,Área,area_2,1,Rural,56.74301517,1.408309631,54.0,59.5,0.02481908348,3120.0,2,56.74301516748521,1.4083096305042138,53.97971062528024,59.50631970969019,0.0248190834827402,3120.0,1800,3120,1.967850227366019,1.9678765312856947,True,True,True,True,True,True,True,False,True,EN_AMBOS
mito_fuera_casa,Área y sexo,area_1_sexo_1,1,Urbano Mujer,42.87756204,1.428223542,40.1,45.7,0.0333093458299999,7801.0,Urbano Mujer,42.87756204338077,1.4282235422766176,40.07518356341252,45.67994052334903,0.0333093458259504,7801.0,3572,7801,1.9631967955598617,1.963218974220824,True,True,True,True,True,True,True,False,True,EN_AMBOS
mito_fuera_casa,Área y sexo,area_1_sexo_2,1,Urbano Hombre,60.13694318,1.240172342,57.7,62.6,0.02062247059,7382.0,Urbano Hombre,60.1369431844409,1.2401723421101245,57.70354800497108,62.570338363910736,0.0206224705886113,7382.0,4617,7382,1.9632873744486168,1.9632873744486168,True,True,True,True,True,True,True,False,True,EN_AMBOS
mito_fuera_casa,Área y sexo,area_2_sexo_1,1,Rural Mujer,49.54915817,1.930869364,45.8,53.3,0.03896876223,1568.0,Rural Mujer,49.54915816971234,1.9308693635804013,45.76051683174473,53.337799507679954,0.0389687622333949,1568.0,788,1568,1.967850227366019,1.9683819234322943,True,True,True,True,True,True,True,False,True,EN_AMBOS
mito_fuera_casa,Área y sexo,area_2_sexo_2,1,Rural Hombre,63.7578918,1.980105169,59.9,67.6,0.03105662864,1552.0,Rural Hombre,63.7578918003461,1.9801051686600435,59.872642784018026,67.64314081667418,0.0310566286423117,1552.0,1012,1552,1.9678765312856947,1.9679565064968192,True,True,True,True,True,True,True,False,True,EN_AMBOS
mito_locas,Departamento,amazonas,1,Amazonas,36.85829608,2.947235305,31.1,42.6,0.07996124668,903.0,Amazonas,36.85829607881354,2.947235304906688,31.075399669818804,42.64119248780828,0.0799612466784861,903.0,354,903,2.000995378088267,2.001717484145236,True,True,True,True,True,True,True,False,True,EN_AMBOS
mito_locas,Departamento,ancash,1,Áncash,40.56836252,2.164054655,36.3,44.8,0.05334340656,700.0,Áncash,40.56836251925215,2.164054655477539,36.32217834956787,44.81454668893643,0.0533434065634412,700.0,305,700,2.016692199227824,2.016692199227824,True,True,True,True,True,True,True,False,True,EN_AMBOS
mito_locas,Departamento,apurimac,1,Apurímac,43.90161028,2.49550684,39.0,48.8,0.05684317326,674.0,Apurímac,43.901610283761954,2.495506839950908,39.00506961076305,48.79815095676086,0.0568431732645107,674.0,293,674,2.016692199227824,2.016692199227824,True,True,True,True,True,True,True,False,True,EN_AMBOS
mito_locas,Departamento,arequipa,1,Arequipa,53.13012716,2.689760455,47.9,58.4,0.0506258990699999,756.0,Arequipa,53.130127158276686,2.689760455261428,47.852433160823765,58.407821155729614,0.0506258990732043,756.0,409,756,2.0226909200367604,2.0226909200367604,True,True,True,True,True,True,True,False,True,EN_AMBOS
mito_locas,Departamento,ayacucho,1,Ayacucho,41.13753522,2.769600106,35.7,46.6,0.06732537794,631.0,Ayacucho,41.13753521986697,2.7696001060687943,35.70318442979873,46.57188600993521,0.0673253779368687,631.0,261,631,2.0210753903062733,2.0226909200367604,True,True,True,True,True,True,True,False,True,EN_AMBOS
mito_locas,Departamento,cajamarca,1,Cajamarca,44.64578074,2.419897409,39.9,49.4,0.05420215233,762.0,Cajamarca,44.64578074488026,2.4198974087992755,39.89759656963537,49.39396492012517,0.0542021523294063,762.0,340,762,2.004044783289145,2.004044783289145,True,True,True,True,True,True,True,False,True,EN_AMBOS
mito_locas,Departamento,callao,1,Callao,44.59425707,2.612891599,39.5,49.7,0.05859255811,608.0,Callao,44.59425707005441,2.6128915985643806,39.46739074306839,49.72112339704043,0.0585925581058501,608.0,280,608,2.0422724563012378,2.0422724563012378,True,True,True,True,True,True,True,False,True,EN_AMBOS
mito_locas,Departamento,cusco,1,Cusco,36.68775061,2.178147254,32.4,41.0,0.05936987736,705.0,Cusco,36.68775060846584,2.1781472543185365,32.413914748027395,40.961586468904265,0.0593698773621711,705.0,261,705,2.016692199227824,2.016692199227824,True,True,True,True,True,True,True,False,True,EN_AMBOS
mito_locas,Departamento,huancavelica,1,Huancavelica,40.6001579,3.112118038,34.5,46.7,0.07665285553,743.0,Huancavelica,40.600157901155534,3.1121180380703874,34.49373803140075,46.70657777091032,0.0766528555294562,743.0,311,743,2.0057459953178687,2.006646805061688,True,True,True,True,True,True,True,False,True,EN_AMBOS
mito_locas,Departamento,huanuco,1,Huánuco,54.407434,2.860685614,48.8,60.0,0.05257894746,673.0,Huánuco,54.4074340015426,2.8606856139543986,48.79436044183795,60.02050756124725,0.0525789474628281,673.0,345,673,2.016692199227824,2.016692199227824,True,True,True,True,True,True,True,False,True,EN_AMBOS
mito_locas,Departamento,ica,1,Ica,47.81214255,2.564037606,42.8,52.8,0.05362733123,703.0,Ica,47.81214255353321,2.5640376055837173,42.78113473506281,52.84315037200361,0.0536273312310335,703.0,334,703,2.026192463029109,2.026192463029109,True,True,True,True,True,True,True,False,True,EN_AMBOS
mito_locas,Departamento,junin,1,Junín,47.15686464,2.789430525,41.7,52.6,0.05915216259,680.0,Junín,47.15686464230164,2.789430524755233,41.68360373982407,52.63012554477922,0.0591521625942238,680.0,320,680,2.0226909200367604,2.0226909200367604,True,True,True,True,True,True,True,False,True,EN_AMBOS
mito_locas,Departamento,la libertad,1,La Libertad,43.52589965,2.99880553,37.6,49.4,0.06889703726,679.0,La Libertad,43.52589964648021,2.998805529927223,37.64181509394437,49.40998419901605,0.0688970372647938,679.0,307,679,2.0226909200367604,2.0226909200367604,True,True,True,True,True,True,True,False,True,EN_AMBOS
mito_locas,Departamento,lambayeque,1,Lambayeque,42.43507728,2.259617492,38.0,46.9,0.05324881294,632.0,Lambayeque,42.43507728177988,2.2596174921509773,38.00138518420394,46.86876937935581,0.0532488129371494,632.0,269,632,2.0301079282503425,2.0301079282503425,True,True,True,True,True,True,True,False,True,EN_AMBOS
mito_locas,Departamento,lima metropolitana,1,Lima Metropolitana,39.53007411,2.561761771,34.5,44.6,0.06480538751,791.0,Lima Metropolitana,39.530074105924434,2.5617617705734763,34.50353180063728,44.55661641121159,0.0648053875059531,791.0,316,791,2.0210753903062733,2.0210753903062733,True,True,True,True,True,True,True,False,True,EN_AMBOS
mito_locas,Departamento,loreto,1,Loreto,45.0484262,2.268924161,40.6,49.5,0.05036633581,667.0,Loreto,45.048426197650095,2.2689241613717304,40.59647308646361,49.50037930883658,0.0503663358053135,667.0,290,667,2.019540970441376,2.019540970441376,True,True,True,True,True,True,True,False,True,EN_AMBOS
mito_locas,Departamento,madre de dios,1,Madre de Dios,52.72809944,3.028447906,46.8,58.7,0.05743518044,627.0,Madre de Dios,52.72809943822093,3.0284479056906557,46.78585231275749,58.670346563684376,0.0574351804437584,627.0,312,627,2.0301079282503425,2.0301079282503425,True,True,True,True,True,True,True,False,True,EN_AMBOS
mito_locas,Departamento,moquegua,1,Moquegua,42.65678488,2.605383345,37.5,47.8,0.06107781802,664.0,Moquegua,42.65678488473433,2.605383344507905,37.54465082406879,47.76891894539987,0.0610778180199956,664.0,288,664,2.0301079282503425,2.0301079282503425,True,True,True,True,True,True,True,False,True,EN_AMBOS
mito_locas,Departamento,pasco,1,Pasco,44.41783331,2.602257728,39.3,49.5,0.0585858772,975.0,Pasco,44.417833306177975,2.60225772757314,39.311832152144575,49.52383446021137,0.0585858772001649,975.0,443,975,1.999623584994939,1.999623584994939,True,True,True,True,True,True,True,False,True,EN_AMBOS
mito_locas,Departamento,piura,1,Piura,39.82152072,2.520836351,34.9,44.8,0.0633033672599999,655.0,Piura,39.82152072207232,2.520836351210128,34.87527993199805,44.7677615121466,0.063303367262237,655.0,265,655,2.026192463029109,2.026192463029109,True,True,True,True,True,True,True,False,True,EN_AMBOS
mito_locas,Departamento,puno,1,Puno,52.13520096,2.06333959,48.1,56.2,0.03957670734,965.0,Puno,52.13520095624609,2.0633395902539964,48.08663412238947,56.1837677901027,0.0395767073380158,965.0,508,965,2.000995378088267,2.000995378088267,True,True,True,True,True,True,True,False,True,EN_AMBOS
mito_locas,Departamento,region lima,1,Región Lima,45.27462398,2.380991822,40.6,49.9,0.05258998557,675.0,Región Lima,45.27462398378736,2.380991821843065,40.60277812422575,49.94646984334896,0.052589985566654,675.0,305,675,2.026192463029109,2.026192463029109,True,True,True,True,True,True,True,False,True,EN_AMBOS
mito_locas,Departamento,san martin,1,San Martín,39.7648803,2.626141093,34.6,44.9,0.06604172006,641.0,San Martín,39.764880302491775,2.6261410929927105,34.61201657596897,44.917744029014585,0.0660417200558792,641.0,246,641,2.0226909200367604,2.0226909200367604,True,True,True,True,True,True,True,False,True,EN_AMBOS
mito_locas,Departamento,tacna,1,Tacna,46.47065777,3.329573172,39.9,53.0,0.07164893573,652.0,Tacna,46.4706577677404,3.3295731718710178,39.93755988205674,53.00375565342406,0.0716489357329989,652.0,292,652,2.0345152974493383,2.0345152974493383,True,True,True,True,True,True,True,False,True,EN_AMBOS
mito_locas,Departamento,tumbes,1,Tumbes,43.47778852,2.247829071,39.1,47.9,0.0517006302999999,667.0,Tumbes,43.47778852221498,2.2478290708120743,39.067226990194825,47.88835005423513,0.0517006303037594,667.0,282,667,2.0301079282503425,2.0301079282503425,True,True,True,True,True,True,True,False,True,EN_AMBOS
mito_locas,Departamento,ucayali,1,Ucayali,49.36601231,2.658507637,44.1,54.6,0.05385299546,683.0,Ucayali,49.36601230637795,2.6585076366595297,44.14964080060494,54.58238381215096,0.0538529954609288,683.0,329,683,2.0226909200367604,2.0226909200367604,True,True,True,True,True,True,True,False,True,EN_AMBOS
mito_locas,Discapacidad,bin_0,1,No,43.29244265,0.9024247979,41.5,45.1,0.0208448574999999,16518.0,0,43.29244265334704,0.9024247979146742,41.52173814624939,45.06314716044468,0.0208448574995087,16518.0,7358,16518,1.962142757779508,1.9621629538432332,True,True,True,True,True,True,True,False,True,EN_AMBOS
mito_locas,Discapacidad,bin_1,1,Sí,42.71141565,2.141388313,38.5,46.9,0.0501362054999999,1993.0,1,42.71141565270044,2.1413883125052173,38.50203604026452,46.92079526513636,0.0501362055034068,1993.0,907,1993,1.9640483976635408,1.965724566559978,True,True,True,True,True,True,True,False,True,EN_AMBOS
mito_locas,Etnicidad,etnicidad_1,1,Indígena andino,45.0183951,1.409689576,42.3,47.8,0.03131363464,5153.0,1,45.01839509518074,1.409689575886973,42.25238290313686,47.78440728722463,0.0313136346354977,5153.0,2359,5153,1.9628366422266053,1.963403002261916,True,True,True,True,True,True,True,False,True,EN_AMBOS
mito_locas,Etnicidad,etnicidad_3,1,Indígena amazónico/nativo,41.1981137,4.944261347,31.5,50.9,0.120011838,422.0,3,41.19811369807478,4.944261346669579,31.496767104137906,50.899460292011646,0.1200118379910347,422.0,153,422,1.978524491479245,1.991672609644664,True,True,True,True,True,True,True,False,True,EN_AMBOS
mito_locas,Etnicidad,etnicidad_5,1,Afrodescendiente,48.16323152,2.182155817,43.9,52.4,0.04530750426,1781.0,5,48.16323151819791,2.1821558171374185,43.8815302852553,52.44493275114051,0.0453075042589888,1781.0,850,1781,1.96362596651301,1.9652029726560452,True,True,True,True,True,True,True,False,True,EN_AMBOS
mito_locas,Etnicidad,etnicidad_6,1,No indígena ni afrodescendiente,41.18026244,1.14032627,38.9,43.4,0.02769108797,8637.0,6,41.18026244411197,1.1403262698417065,38.94277951223635,43.41774537598759,0.027691087966943,8637.0,3705,8637,1.962322551204167,1.9625486913193908,True,True,True,True,True,True,True,False,True,EN_AMBOS
mito_locas,Etnicidad,etnicidad_9,1,No sabe,44.4099618,1.727152423,41.0,47.8,0.03889110355,2518.0,9,44.40996179622926,1.7271524230181388,41.021042177822885,47.79888141463563,0.038891103553365,2518.0,1198,2518,1.9629115987173988,1.964062510769409,True,True,True,True,True,True,True,False,True,EN_AMBOS
mito_locas,Lengua materna,idioma_1,1,Castellano,43.30272244,0.8494274952,41.6,45.0,0.01961602983,17250.0,1,43.30272243933434,0.8494274952178386,41.63602443133387,44.969420447334805,0.0196160298329477,17250.0,7734,17250,1.9621649940614452,1.9622129867600064,True,True,True,True,True,True,True,False,True,EN_AMBOS
mito_locas,Lengua materna,idioma_3,1,Quechua/Aymara,42.52897864,2.364092457,37.9,47.2,0.05558780231,922.0,3,42.52897864302341,2.364092457152163,37.89029174950113,47.16766553654568,0.0555878023075914,922.0,408,922,1.967404973747932,1.970905601079484,True,True,True,True,True,True,True,False,True,EN_AMBOS
mito_locas,Lengua materna,idioma_4,1,Otra lengua nativa,41.40579829,5.371333353,30.9,51.9,0.129724183,265.0,4,41.40579829277341,5.371333353087261,30.86647545439372,51.9451211311531,0.1297241829539783,265.0,92,265,2.00957523712924,2.039513446396408,True,True,True,True,True,True,True,False,True,EN_AMBOS
mito_locas,Nacional,national_single,1,Total,43.22608299,0.8112639137,41.6,44.8,0.0187679257,18511.0,Total,43.22608298509192,0.8112639136904947,41.63426737219626,44.81789859798759,0.0187679256982477,18511.0,8265,18511,1.962142757779508,1.9621487775386712,True,True,True,True,True,True,True,False,True,EN_AMBOS
mito_locas,Sexo,sexo_1,1,Mujer,36.88988932,1.036649443,34.9,38.9,0.02810118062,9452.0,1,36.889889321231664,1.0366494429650837,34.88013341526333,38.94618880230199,0.0281011806226387,9452.0,3587,9452,1.962202376365632,1.9623062500694344,True,True,True,True,True,True,True,False,True,EN_AMBOS
mito_locas,Sexo,sexo_2,1,Hombre,49.91354256,1.127293028,47.7,52.1,0.02258491323,9059.0,2,49.91354256440893,1.1272930280563278,47.7032434751962,52.12417961114895,0.022584913234753,9059.0,4678,9059,1.9622476264013184,1.962292455955648,True,True,True,True,True,True,True,False,True,EN_AMBOS
mito_locas,Tipo de hogar,hogar_1,1,Biparental,43.98940469,0.9285881869,42.2,45.8,0.02110936016,13241.0,1,43.98940468795249,0.9285881869314634,42.16738210200531,45.81142727389966,0.0211093601633981,13241.0,5955,13241,1.962142757779508,1.9621731929338644,True,True,True,True,True,True,True,False,True,EN_AMBOS
mito_locas,Tipo de hogar,hogar_2,1,Monoparental,41.93782228,1.543888195,38.9,45.0,0.03681374262,4345.0,2,41.937822275642,1.5438881954848116,38.90821565310425,44.96742889817975,0.0368137426244357,4345.0,1928,4345,1.962322551204167,1.96289702120055,True,True,True,True,True,True,True,False,True,EN_AMBOS
mito_locas,Tipo de hogar,hogar_3,1,Sin figuras parentales,37.30870399,2.876899042,31.7,43.0,0.0771106668,908.0,3,37.30870398520802,2.876899041763306,31.657784373611115,42.95962359680493,0.0771106668005387,908.0,372,908,1.9642398045825584,1.9688551733802384,True,True,True,True,True,True,True,False,True,EN_AMBOS
mito_locas,Área,area_1,1,Urbano,43.51919899,0.9666721668,41.6,45.4,0.02221254502,15373.0,1,43.51919898640092,0.9666721667563322,41.62245019525295,45.41594777754888,0.0222125450208401,15373.0,6912,15373,1.9630738928941311,1.9630738928941311,True,True,True,True,True,True,True,False,True,EN_AMBOS
mito_locas,Área,area_2,1,Rural,42.10497828,1.337317325,39.5,44.7,0.03176150137,3138.0,2,42.10497828005381,1.3373173254324895,39.480970775103394,44.72898578500424,0.031761501372535,3138.0,1353,3138,1.967850227366019,1.967929669065669,True,True,True,True,True,True,True,False,True,EN_AMBOS
mito_locas,Área y sexo,area_1_sexo_1,1,Urbano Mujer,36.99417829,1.234220002,34.6,39.4,0.03336254673,7888.0,Urbano Mujer,36.99417829127473,1.2342200021156566,34.57246245261689,39.415894129932575,0.0333625467336506,7888.0,3005,7888,1.9631967955598617,1.963223446520712,True,True,True,True,True,True,True,False,True,EN_AMBOS
mito_locas,Área y sexo,area_1_sexo_2,1,Urbano Hombre,50.57347708,1.337736559,47.9,53.2,0.02645134636,7485.0,Urbano Hombre,50.57347707962353,1.3377365587565682,47.94864697904245,53.19830718020461,0.0264513463579025,7485.0,3907,7485,1.9632873744486168,1.9632873744486168,True,True,True,True,True,True,True,False,True,EN_AMBOS
mito_locas,Área y sexo,area_2_sexo_1,1,Rural Mujer,36.46745894,1.605572258,33.3,39.6,0.04402753316,1564.0,Rural Mujer,36.46745894362554,1.6055722578417302,33.31709696580969,39.617820921441385,0.0440275331583634,1564.0,582,1564,1.967850227366019,1.9690947240422112,True,True,True,True,True,True,True,False,True,EN_AMBOS
mito_locas,Área y sexo,area_2_sexo_2,1,Rural Hombre,47.53290663,1.924958257,43.8,51.3,0.04049738157,1574.0,Rural Hombre,47.532906629858815,1.924958256737212,43.75586372737403,51.3099495323436,0.0404973815661423,1574.0,771,1574,1.9678765312856947,1.9684420918340824,True,True,True,True,True,True,True,False,True,EN_AMBOS
mito_pobreza,Departamento,amazonas,1,Amazonas,9.443782852,1.740708835,6.0,12.9,0.1843232593,902.0,Amazonas,9.443782851561515,1.740708835294073,6.028263616986449,12.859302086136584,0.1843232592971204,902.0,104,902,2.000995378088267,2.019540970441376,True,True,True,True,True,True,True,False,True,EN_AMBOS
mito_pobreza,Departamento,ancash,1,Áncash,6.67265038,1.130427992,4.5,8.9,0.1694121417,698.0,Áncash,6.67265038025253,1.1304279919638422,4.4545892826294455,8.890711477875616,0.1694121417344603,698.0,50,698,2.016692199227824,2.0595385527532977,True,True,True,True,True,True,True,False,True,EN_AMBOS
mito_pobreza,Departamento,apurimac,1,Apurímac,8.383183613,1.544322381,5.4,11.4,0.1842166952999999,680.0,Apurímac,8.383183612706127,1.5443223814461358,5.353002636274788,11.413364589137466,0.1842166953262785,680.0,50,680,2.016692199227824,2.0484071417952445,True,True,True,True,True,True,True,False,True,EN_AMBOS
mito_pobreza,Departamento,arequipa,1,Arequipa,8.561417917,1.361889075,5.9,11.2,0.1590728415,755.0,Arequipa,8.561417916808281,1.3618890753686856,5.889197130674583,11.233638702941978,0.1590728415085245,755.0,65,755,2.0226909200367604,2.0452296421327034,True,True,True,True,True,True,True,False,True,EN_AMBOS
mito_pobreza,Departamento,ayacucho,1,Ayacucho,6.000022999,1.060962266,3.9,8.1,0.1768263666,639.0,Ayacucho,6.0000229994870935,1.060962266492956,3.918263572010608,8.081782426963578,0.1768263665962032,639.0,44,639,2.0210753903062733,2.063898561628025,True,True,True,True,True,True,True,False,True,EN_AMBOS
mito_pobreza,Departamento,cajamarca,1,Cajamarca,8.107822012,1.504449059,5.2,11.1,0.1855552646,766.0,Cajamarca,8.107822011705531,1.5044490585839687,5.155878186956799,11.059765836454265,0.1855552645842429,766.0,56,766,2.004044783289145,2.026192463029109,True,True,True,True,True,True,True,False,True,EN_AMBOS
mito_pobreza,Departamento,callao,1,Callao,4.974718507,1.356225098,2.3,7.6,0.2726234853,608.0,Callao,4.974718507255413,1.3562250978550623,2.3136112535802984,7.635825760930527,0.2726234853041566,608.0,27,608,2.0422724563012378,2.119905299221254,True,True,True,True,True,True,True,False,True,EN_AMBOS
mito_pobreza,Departamento,cusco,1,Cusco,5.26194339,1.023469198,3.3,7.3,0.1945040304999999,708.0,Cusco,5.261943390087987,1.0234691976163623,3.253750716174637,7.270136064001337,0.194504030496468,708.0,39,708,2.016692199227824,2.063898561628025,True,True,True,True,True,True,True,False,True,EN_AMBOS
mito_pobreza,Departamento,huancavelica,1,Huancavelica,8.492679259,1.389072623,5.8,11.2,0.1635611779,749.0,Huancavelica,8.49267925920016,1.3890726234115878,5.7671204711433335,11.218238047256987,0.1635611779294265,749.0,54,749,2.0057459953178687,2.032244509317718,True,True,True,True,True,True,True,False,True,EN_AMBOS
mito_pobreza,Departamento,huanuco,1,Huánuco,10.09779293,1.775682508,6.6,13.6,0.175848576,671.0,Huánuco,10.097792932451505,1.7756825076672134,6.613650359916526,13.58193550498648,0.1758485759755146,671.0,60,671,2.016692199227824,2.0452296421327034,True,True,True,True,True,True,True,False,True,EN_AMBOS
mito_pobreza,Departamento,ica,1,Ica,5.665963546,0.8451656787,4.0,7.3,0.1491653929,704.0,Ica,5.665963545702367,0.8451656786958534,4.007627830125496,7.324299261279238,0.1491653929430787,704.0,44,704,2.026192463029109,2.0595385527532977,True,True,True,True,True,True,True,False,True,EN_AMBOS
mito_pobreza,Departamento,junin,1,Junín,10.38096539,1.535159508,7.4,13.4,0.1478821525,682.0,Junín,10.380965392531843,1.5351595076197986,7.368763282619302,13.393167502444388,0.1478821525331551,682.0,63,682,2.0226909200367604,2.0422724563012378,True,True,True,True,True,True,True,False,True,EN_AMBOS
mito_pobreza,Departamento,la libertad,1,La Libertad,4.180365582,0.9585273527,2.3,6.1,0.2292927099,675.0,La Libertad,4.180365581847821,0.9585273527497404,2.299598078516353,6.061133085179288,0.2292927099275486,675.0,39,675,2.0226909200367604,2.085963447265865,True,True,True,True,True,True,True,False,True,EN_AMBOS
mito_pobreza,Departamento,lambayeque,1,Lambayeque,5.820063876,1.288226088,3.3,8.3,0.2213422594,642.0,Lambayeque,5.820063875638433,1.2882260879922522,3.2923803867018084,8.347747364575058,0.2213422593838697,642.0,38,642,2.0301079282503425,2.073873067904026,True,True,True,True,True,True,True,False,True,EN_AMBOS
mito_pobreza,Departamento,lima metropolitana,1,Lima Metropolitana,3.881951511,0.7641677463,2.4,5.4,0.1968514403,791.0,Lima Metropolitana,3.881951511496585,0.7641677463317164,2.38254530230312,5.381357720690049,0.1968514403306164,791.0,36,791,2.0210753903062733,2.073873067904026,True,True,True,True,True,True,True,False,True,EN_AMBOS
mito_pobreza,Departamento,loreto,1,Loreto,14.70608432,2.484078132,9.8,19.6,0.1689149932,664.0,Loreto,14.706084317292191,2.484078132178705,9.8319684004793,19.580200234105085,0.1689149931812777,664.0,83,664,2.019540970441376,2.0301079282503425,True,True,True,True,True,True,True,False,True,EN_AMBOS
mito_pobreza,Departamento,madre de dios,1,Madre de Dios,13.60897522,2.122089453,9.4,17.8,0.1559330823,624.0,Madre de Dios,13.608975218394171,2.122089453185347,9.445132766466266,17.772817670322073,0.1559330823320985,624.0,71,624,2.0301079282503425,2.039513446396408,True,True,True,True,True,True,True,False,True,EN_AMBOS
mito_pobreza,Departamento,moquegua,1,Moquegua,6.338299417,1.105247143,4.2,8.5,0.1743759754,666.0,Moquegua,6.338299416563991,1.1052471433203488,4.169646738741478,8.506952094386502,0.1743759754283596,666.0,43,666,2.0301079282503425,2.063898561628025,True,True,True,True,True,True,True,False,True,EN_AMBOS
mito_pobreza,Departamento,pasco,1,Pasco,10.38855479,1.045141677,8.3,12.4,0.100605108,972.0,Pasco,10.38855479393664,1.0451416769675606,8.33783762162121,12.439271966252068,0.1006051079961156,972.0,100,972,1.999623584994939,2.007583770315836,True,True,True,True,True,True,True,False,True,EN_AMBOS
mito_pobreza,Departamento,piura,1,Piura,5.558628723,1.201687219,3.2,7.9,0.2161841129,653.0,Piura,5.55862872334068,1.2016872194016903,3.2007468486754598,7.9165105980059005,0.216184112883058,653.0,35,653,2.026192463029109,2.073873067904026,True,True,True,True,True,True,True,False,True,EN_AMBOS
mito_pobreza,Departamento,puno,1,Puno,10.6414664,1.41918808,7.9,13.4,0.1333639582,961.0,Puno,10.641466395483604,1.419188079836415,7.856816782705578,13.426116008261632,0.1333639582265409,961.0,99,961,2.000995378088267,2.00957523712924,True,True,True,True,True,True,True,False,True,EN_AMBOS
mito_pobreza,Departamento,region lima,1,Región Lima,5.683962258,0.8929639807,3.9,7.4,0.1571023769,675.0,Región Lima,5.6839622582690925,0.8929639807150286,3.9318394505511383,7.436085065987045,0.1571023768526848,675.0,40,675,2.026192463029109,2.068657610419048,True,True,True,True,True,True,True,False,True,EN_AMBOS
mito_pobreza,Departamento,san martin,1,San Martín,7.377377687,1.610458035,4.2,10.5,0.2182968126999999,642.0,San Martín,7.377377687181172,1.6104580351740485,4.217429116756597,10.537326257605748,0.2182968126970587,642.0,44,642,2.0226909200367604,2.0595385527532977,True,True,True,True,True,True,True,False,True,EN_AMBOS
mito_pobreza,Departamento,tacna,1,Tacna,7.345727626,1.399204284,4.6,10.1,0.1904786503,657.0,Tacna,7.345727625940709,1.3992042838280012,4.600289073773533,10.091166178107883,0.1904786503227876,657.0,45,657,2.0345152974493383,2.0595385527532977,True,True,True,True,True,True,True,False,True,EN_AMBOS
mito_pobreza,Departamento,tumbes,1,Tumbes,6.931589006,0.8419906426,5.3,8.6,0.1214715186,673.0,Tumbes,6.9315890055417935,0.8419906425945234,5.2794831640568365,8.583694847026752,0.1214715185683042,673.0,45,673,2.0301079282503425,2.0555294386428726,True,True,True,True,True,True,True,False,True,EN_AMBOS
mito_pobreza,Departamento,ucayali,1,Ucayali,10.29110805,1.487052534,7.4,13.2,0.1444987777,692.0,Ucayali,10.291108052493048,1.4870525343864738,7.373298691708966,13.20891741327713,0.1444987776633276,692.0,68,692,2.0226909200367604,2.0452296421327034,True,True,True,True,True,True,True,False,True,EN_AMBOS
mito_pobreza,Discapacidad,bin_0,1,No,6.301016446,0.3480996123,5.6,7.0,0.0552449934499999,16552.0,0,6.30101644626818,0.3480996123086373,5.617539012769212,6.984493879767148,0.0552449934509854,16552.0,1241,16552,1.962142757779508,1.963453590097576,True,True,True,True,True,True,True,False,True,EN_AMBOS
mito_pobreza,Discapacidad,bin_1,1,Sí,9.380467084,1.246831815,6.9,11.8,0.1329178818,1997.0,1,9.380467083628544,1.2468318151330209,6.914451003655945,11.846483163601144,0.1329178818087939,1997.0,201,1997,1.9640483976635408,1.977825758087115,True,True,True,True,True,True,True,False,True,EN_AMBOS
mito_pobreza,Etnicidad,etnicidad_1,1,Indígena andino,7.826140045,0.6101290473,6.6,9.0,0.07796040497,5163.0,1,7.826140044962451,0.6101290472763272,6.628979753538294,9.023300336386608,0.0779604049724431,5163.0,427,5163,1.9628366422266053,1.968352158355156,True,True,True,True,True,True,True,False,True,EN_AMBOS
mito_pobreza,Etnicidad,etnicidad_3,1,Indígena amazónico/nativo,15.39310222,2.744734628,10.0,20.8,0.1783093875,422.0,3,15.39310221952658,2.7447346280755687,10.007541047021473,20.77866339203169,0.1783093874731628,422.0,59,422,1.978524491479245,2.0452296421327034,True,True,True,True,True,True,True,False,True,EN_AMBOS
mito_pobreza,Etnicidad,etnicidad_5,1,Afrodescendiente,7.944612052,1.196881972,5.6,10.3,0.1506532936,1792.0,5,7.944612052137686,1.1968819717787622,5.596158759295132,10.293065344980242,0.1506532935685277,1792.0,160,1792,1.96362596651301,1.9811803594146613,True,True,True,True,True,True,True,False,True,EN_AMBOS
mito_pobreza,Etnicidad,etnicidad_6,1,No indígena ni afrodescendiente,4.894805225,0.410529063,4.1,5.7,0.08387035727,8652.0,6,4.8948052248032985,0.4105290629774079,4.0892885970241695,5.700321852582427,0.0838703572712447,8652.0,566,8652,1.962322551204167,1.966310160802412,True,True,True,True,True,True,True,False,True,EN_AMBOS
mito_pobreza,Etnicidad,etnicidad_9,1,No sabe,8.852513704,0.9768781104,6.9,10.8,0.1103503641,2520.0,9,8.852513704306347,0.976878110389798,6.935739394771674,10.76928801384102,0.1103503640908899,2520.0,230,2520,1.9629115987173988,1.974016707630967,True,True,True,True,True,True,True,False,True,EN_AMBOS
mito_pobreza,Lengua materna,idioma_1,1,Castellano,6.209356848,0.3267326427,5.6,6.9,0.05261940177,17279.0,1,6.209356847897479,0.3267326427176397,5.568260759258903,6.850452936536056,0.0526194017707764,17279.0,1271,17279,1.9621649940614452,1.9633881106820488,True,True,True,True,True,True,True,False,True,EN_AMBOS
mito_pobreza,Lengua materna,idioma_3,1,Quechua/Aymara,13.10396098,1.812912122,9.5,16.7,0.1383484066,926.0,3,13.103960980423471,1.8129121221168192,9.546768589521276,16.661153371325664,0.1383484066249282,926.0,105,926,1.967404973747932,2.0002978220142595,True,True,True,True,True,True,True,False,True,EN_AMBOS
mito_pobreza,Lengua materna,idioma_4,1,Otra lengua nativa,20.55192235,4.102644353,12.5,28.6,0.1996233872,268.0,4,20.55192235262092,4.102644352926935,12.501948447780345,28.6018962574615,0.1996233871720392,268.0,61,268,2.00957523712924,2.068657610419048,True,True,True,True,True,True,True,False,True,EN_AMBOS
mito_pobreza,Nacional,national_single,1,Total,6.651000149,0.3325588739,6.0,7.3,0.0500013330899999,18549.0,Total,6.651000149494829,0.3325588738563361,5.99847216362231,7.303528135367348,0.0500013330899707,18549.0,1442,18549,1.962142757779508,1.9631447800684132,True,True,True,True,True,True,True,False,True,EN_AMBOS
mito_pobreza,Sexo,sexo_1,1,Mujer,4.920081215,0.3479289193,4.2,5.6,0.0707160927,9506.0,1,4.920081214727131,0.3479289192861813,4.237395005527699,5.602767423926562,0.0707160927028473,9506.0,600,9506,1.962202376365632,1.9654961915713487,True,True,True,True,True,True,True,False,True,EN_AMBOS
mito_pobreza,Sexo,sexo_2,1,Hombre,8.47955158,0.5441640855,7.4,9.5,0.06417368659,9043.0,2,8.479551580340075,0.5441640855128674,7.411823960907293,9.547279199772856,0.0641736865867432,9043.0,842,9043,1.9622476264013184,1.964366775011548,True,True,True,True,True,True,True,False,True,EN_AMBOS
mito_pobreza,Tipo de hogar,hogar_1,1,Biparental,6.557681082,0.3755718508,5.8,7.3,0.05727205183,13282.0,1,6.557681081817599,0.3755718507876386,5.820755494768788,7.29460666886641,0.0572720518277386,13282.0,1025,13282,1.962142757779508,1.963803786929441,True,True,True,True,True,True,True,False,True,EN_AMBOS
mito_pobreza,Tipo de hogar,hogar_2,1,Monoparental,6.247244284,0.5915961415,5.1,7.4,0.09469713599,4343.0,2,6.247244283857148,0.5915961415074625,5.08644819926798,7.408040368446317,0.0946971359894064,4343.0,318,4343,1.962322551204167,1.9698151341354369,True,True,True,True,True,True,True,False,True,EN_AMBOS
mito_pobreza,Tipo de hogar,hogar_3,1,Sin figuras parentales,10.2871385,1.588434778,7.2,13.4,0.1544097786,907.0,3,10.287138499256804,1.5884347776750942,7.170402704036516,13.403874294477092,0.1544097785589113,907.0,97,907,1.9642398045825584,1.9949454151072377,True,True,True,True,True,True,True,False,True,EN_AMBOS
mito_pobreza,Área,area_1,1,Urbano,5.461313491,0.3264716184,4.8,6.1,0.05977895591,15394.0,1,5.461313491114903,0.3264716184147609,4.820729569421825,6.101897412807982,0.0597789559134268,15394.0,1080,15394,1.9630738928941311,1.964334330667348,True,True,True,True,True,True,True,False,True,EN_AMBOS
mito_pobreza,Área,area_2,1,Rural,11.18033512,0.8793674974,9.5,12.9,0.07865305359,3155.0,2,11.180335121235872,0.8793674974183284,9.45489055474981,12.905779687721935,0.078653053587639,3155.0,362,3155,1.967850227366019,1.973305433841471,True,True,True,True,True,True,True,False,True,EN_AMBOS
mito_pobreza,Área y sexo,area_1_sexo_1,1,Urbano Mujer,3.691713932,0.3106849174,3.1,4.3,0.08415736516,7927.0,Urbano Mujer,3.691713931558112,0.3106849174223186,3.0803567400767213,4.303071123039503,0.084157365164855,7927.0,439,7927,1.9631967955598617,1.967772354556768,True,True,True,True,True,True,True,False,True,EN_AMBOS
mito_pobreza,Área y sexo,area_1_sexo_2,1,Urbano Hombre,7.37935288,0.5790453127,6.2,8.5,0.0784683050299999,7467.0,Urbano Hombre,7.379352879620672,0.5790453126803946,6.240974446027279,8.517731313214066,0.078468305029771,7467.0,641,7467,1.9632873744486168,1.9659574279668235,True,True,True,True,True,True,True,False,True,EN_AMBOS
mito_pobreza,Área y sexo,area_2_sexo_1,1,Rural Mujer,9.891291212,1.100250689,7.7,12.1,0.1112342833,1579.0,Rural Mujer,9.891291211653929,1.1002506889294077,7.7086898090014,12.07389261430646,0.1112342833090477,1579.0,161,1579,1.967850227366019,1.983731002955606,True,True,True,True,True,True,True,False,True,EN_AMBOS
mito_pobreza,Área y sexo,area_2_sexo_2,1,Rural Hombre,12.41537442,1.315285898,9.8,15.0,0.1059400912,1576.0,Rural Hombre,12.415374418473837,1.3152858983809446,9.810976973584197,15.019771863363474,0.1059400912165665,1576.0,201,1576,1.9678765312856947,1.98009987645692,True,True,True,True,True,True,True,False,True,EN_AMBOS
mito_sitios_oscuros,Departamento,amazonas,1,Amazonas,66.8773573,3.466478002,60.1,73.7,0.05183335799,888.0,Amazonas,66.8773572999088,3.466478002390095,60.075632592517096,73.6790820073005,0.0518333579905799,888.0,601,888,2.000995378088267,2.000995378088267,True,True,True,True,True,True,True,False,True,EN_AMBOS
mito_sitios_oscuros,Departamento,ancash,1,Áncash,76.51027162,2.01696546,72.6,80.5,0.02636202195,686.0,Áncash,76.51027162077936,2.016965460100216,72.55269745055232,80.46784579100643,0.0263620219530423,686.0,514,686,2.016692199227824,2.016692199227824,True,True,True,True,True,True,True,False,True,EN_AMBOS
mito_sitios_oscuros,Departamento,apurimac,1,Apurímac,82.30143686,2.03711795,78.3,86.3,0.02475191233,646.0,Apurímac,82.30143685726676,2.0371179498749314,78.30432062517703,86.2985530893565,0.0247519123318326,646.0,528,646,2.016692199227824,2.016692199227824,True,True,True,True,True,True,True,False,True,EN_AMBOS
mito_sitios_oscuros,Departamento,arequipa,1,Arequipa,75.39125879,2.480640325,70.5,80.3,0.03290355361,749.0,Arequipa,75.39125878735665,2.480640325420977,70.52388833817608,80.25862923653723,0.0329035536124645,749.0,570,749,2.0226909200367604,2.0226909200367604,True,True,True,True,True,True,True,False,True,EN_AMBOS
mito_sitios_oscuros,Departamento,ayacucho,1,Ayacucho,78.43867108,1.990507545,74.5,82.3,0.02537660974,621.0,Ayacucho,78.43867108201229,1.9905075445485931,74.5330111191708,82.34433104485377,0.0253766097396958,621.0,484,621,2.0210753903062733,2.0210753903062733,True,True,True,True,True,True,True,False,True,EN_AMBOS
mito_sitios_oscuros,Departamento,cajamarca,1,Cajamarca,71.37679207,2.431380875,66.6,76.1,0.03406402564,742.0,Cajamarca,71.37679206733459,2.431380874975814,66.60607569209719,76.14750844257199,0.0340640256385034,742.0,535,742,2.004044783289145,2.004044783289145,True,True,True,True,True,True,True,False,True,EN_AMBOS
mito_sitios_oscuros,Departamento,callao,1,Callao,70.23333953,2.551075777,65.2,75.2,0.03632286025,604.0,Callao,70.23333953213292,2.551075776825291,65.22776467208843,75.23891439217739,0.0363228602515495,604.0,433,604,2.0422724563012378,2.0422724563012378,True,True,True,True,True,True,True,False,True,EN_AMBOS
mito_sitios_oscuros,Departamento,cusco,1,Cusco,70.62453359,2.115415984,66.5,74.8,0.02995299051,698.0,Cusco,70.6245335908487,2.1154159844217206,66.47378543732461,74.77528174437278,0.0299529905100262,698.0,503,698,2.016692199227824,2.016692199227824,True,True,True,True,True,True,True,False,True,EN_AMBOS
mito_sitios_oscuros,Departamento,huancavelica,1,Huancavelica,83.19991501,1.540378298,80.2,86.2,0.01851418115,732.0,Huancavelica,83.19991501434123,1.5403782978776168,80.17747289291994,86.22235713576252,0.018514181145643,732.0,604,732,2.0057459953178687,2.0057459953178687,True,True,True,True,True,True,True,False,True,EN_AMBOS
mito_sitios_oscuros,Departamento,huanuco,1,Huánuco,81.4688399,1.941634339,77.7,85.3,0.0238328463,644.0,Huánuco,81.4688399049213,1.9416343393674744,77.6590761476754,85.27860366216719,0.0238328462960006,644.0,508,644,2.016692199227824,2.016692199227824,True,True,True,True,True,True,True,False,True,EN_AMBOS
mito_sitios_oscuros,Departamento,ica,1,Ica,69.69751389,1.905782486,66.0,73.4,0.02734362217,687.0,Ica,69.69751389388907,1.9057824862241848,65.95809659064126,73.43693119713687,0.0273436221717411,687.0,485,687,2.026192463029109,2.026192463029109,True,True,True,True,True,True,True,False,True,EN_AMBOS
mito_sitios_oscuros,Departamento,junin,1,Junín,77.45904816,1.643575851,74.2,80.7,0.02121864249,661.0,Junín,77.4590481583771,1.6435758507391447,74.23411770598798,80.6839786107662,0.0212186424932384,661.0,523,661,2.0226909200367604,2.0226909200367604,True,True,True,True,True,True,True,False,True,EN_AMBOS
mito_sitios_oscuros,Departamento,la libertad,1,La Libertad,71.17958406,2.989891212,65.3,77.0,0.04200489861,654.0,La Libertad,71.17958406485036,2.989891211837457,65.31299067699489,77.04617745270582,0.0420048986112847,654.0,476,654,2.0226909200367604,2.0226909200367604,True,True,True,True,True,True,True,False,True,EN_AMBOS
mito_sitios_oscuros,Departamento,lambayeque,1,Lambayeque,71.0115924,2.210073963,66.7,75.3,0.03112272079,628.0,Lambayeque,71.0115923955251,2.2100739627669097,66.67511177532496,75.34807301572525,0.0311227207870102,628.0,439,628,2.0301079282503425,2.0301079282503425,True,True,True,True,True,True,True,False,True,EN_AMBOS
mito_sitios_oscuros,Departamento,lima metropolitana,1,Lima Metropolitana,72.02639897,2.072483411,68.0,76.1,0.02877394179,788.0,Lima Metropolitana,72.02639896830576,2.072483410981051,67.95989065283112,76.09290728378039,0.0287739417861639,788.0,562,788,2.0210753903062733,2.0210753903062733,True,True,True,True,True,True,True,False,True,EN_AMBOS
mito_sitios_oscuros,Departamento,loreto,1,Loreto,74.14439272,2.398419479,69.4,78.9,0.03234795499,659.0,Loreto,74.14439272197092,2.398419478750699,69.43835131162294,78.85043413231891,0.0323479549929604,659.0,481,659,2.019540970441376,2.019540970441376,True,True,True,True,True,True,True,False,True,EN_AMBOS
mito_sitios_oscuros,Departamento,madre de dios,1,Madre de Dios,73.10472718,2.805265343,67.6,78.6,0.03837324139,621.0,Madre de Dios,73.1047271818034,2.805265343055775,67.60039610527666,78.60905825833014,0.0383732413921659,621.0,444,621,2.0301079282503425,2.0301079282503425,True,True,True,True,True,True,True,False,True,EN_AMBOS
mito_sitios_oscuros,Departamento,moquegua,1,Moquegua,74.25567713,2.662846303,69.0,79.5,0.03586050799,642.0,Moquegua,74.2556771316764,2.662846302791456,69.03079254357421,79.48056171977859,0.0358605079860691,642.0,474,642,2.0301079282503425,2.0301079282503425,True,True,True,True,True,True,True,False,True,EN_AMBOS
mito_sitios_oscuros,Departamento,pasco,1,Pasco,74.37821478,2.335145263,69.8,79.0,0.03139555406,953.0,Pasco,74.37821477779775,2.3351452633063143,69.79632641103815,78.96010314455737,0.0313955540648895,953.0,719,953,1.999623584994939,1.999623584994939,True,True,True,True,True,True,True,False,True,EN_AMBOS
mito_sitios_oscuros,Departamento,piura,1,Piura,71.39013669,2.280267568,66.9,75.9,0.03194093294,638.0,Piura,71.3901366876944,2.280267568333725,66.91592619268889,75.8643471826999,0.0319409329374036,638.0,458,638,2.026192463029109,2.026192463029109,True,True,True,True,True,True,True,False,True,EN_AMBOS
mito_sitios_oscuros,Departamento,puno,1,Puno,81.88129916,1.793415253,78.4,85.4,0.02190262332,953.0,Puno,81.88129916451616,1.793415252747738,78.36236241464589,85.40023591438644,0.0219026233223828,953.0,795,953,2.000995378088267,2.000995378088267,True,True,True,True,True,True,True,False,True,EN_AMBOS
mito_sitios_oscuros,Departamento,region lima,1,Región Lima,73.9251655,1.9574577,70.1,77.8,0.02647890859,671.0,Región Lima,73.92516550245342,1.957457699546005,70.0843540536295,77.76597695127737,0.0264789085860219,671.0,494,671,2.026192463029109,2.026192463029109,True,True,True,True,True,True,True,False,True,EN_AMBOS
mito_sitios_oscuros,Departamento,san martin,1,San Martín,66.07204045,2.639501962,60.9,71.3,0.03994884892,631.0,San Martín,66.07204045492544,2.639501962033804,60.892960795976016,71.25112011387486,0.0399488489209665,631.0,413,631,2.0226909200367604,2.0226909200367604,True,True,True,True,True,True,True,False,True,EN_AMBOS
mito_sitios_oscuros,Departamento,tacna,1,Tacna,72.80708903,2.13300105,68.6,77.0,0.02929661217,648.0,Tacna,72.80708903197271,2.13300105026429,68.62183646886054,76.99234159508487,0.0292966121654389,648.0,474,648,2.0345152974493383,2.0345152974493383,True,True,True,True,True,True,True,False,True,EN_AMBOS
mito_sitios_oscuros,Departamento,tumbes,1,Tumbes,75.08258723,2.222051714,70.7,79.4,0.02959476753,669.0,Tumbes,75.08258723267629,2.2220517144268266,70.72260455380214,79.44256991155044,0.029594767526335,669.0,488,669,2.0301079282503425,2.0301079282503425,True,True,True,True,True,True,True,False,True,EN_AMBOS
mito_sitios_oscuros,Departamento,ucayali,1,Ucayali,66.86628714,3.15886294,60.7,73.1,0.04724148858,688.0,Ucayali,66.86628713639054,3.158862939854068,60.6681470961378,73.06442717664329,0.0472414885757119,688.0,479,688,2.0226909200367604,2.0226909200367604,True,True,True,True,True,True,True,False,True,EN_AMBOS
mito_sitios_oscuros,Discapacidad,bin_0,1,No,72.99945141,0.7783994279,71.5,74.5,0.01066308599,16252.0,0,72.99945141360345,0.7783994278546613,71.47211905452471,74.52678377268221,0.0106630859928572,16252.0,12040,16252,1.962142757779508,1.9621447606766775,True,True,True,True,True,True,True,False,True,EN_AMBOS
mito_sitios_oscuros,Discapacidad,bin_1,1,Sí,73.63845122,2.046037542,69.6,77.7,0.02778490731,1949.0,1,73.63845121720102,2.0460375417910783,69.61878926344312,77.65811317095893,0.0277849073136555,1949.0,1444,1949,1.9640483976635408,1.9646081128301975,True,True,True,True,True,True,True,False,True,EN_AMBOS
mito_sitios_oscuros,Etnicidad,etnicidad_1,1,Indígena andino,76.15865501,1.184950197,73.8,78.5,0.01555896958,5062.0,1,76.15865501427842,1.1849501968689442,73.83361356716262,78.48369646139423,0.0155589695832573,5062.0,3973,5062,1.9628366422266053,1.9630336513864188,True,True,True,True,True,True,True,False,True,EN_AMBOS
mito_sitios_oscuros,Etnicidad,etnicidad_3,1,Indígena amazónico/nativo,67.40364733,4.077434929,59.4,75.4,0.06049279365,418.0,3,67.4036473299806,4.077434929273392,59.40313791318961,75.40415674677159,0.0604927936512388,418.0,258,418,1.978524491479245,1.9842169515864168,True,True,True,True,True,True,True,False,True,EN_AMBOS
mito_sitios_oscuros,Etnicidad,etnicidad_5,1,Afrodescendiente,76.3986185,1.785141647,72.9,79.9,0.02336615088,1764.0,5,76.39861849556804,1.785141646579961,72.8959157421206,79.9013212490155,0.0233661508772376,1764.0,1334,1764,1.96362596651301,1.9641126841032743,True,True,True,True,True,True,True,False,True,EN_AMBOS
mito_sitios_oscuros,Etnicidad,etnicidad_6,1,No indígena ni afrodescendiente,71.60289369,0.955538565,69.7,73.5,0.0133449713499999,8523.0,6,71.60289369204378,0.9555385650023912,69.7279906169453,73.47779676714225,0.013344971351466,8523.0,6125,8523,1.962322551204167,1.9623925733892695,True,True,True,True,True,True,True,False,True,EN_AMBOS
mito_sitios_oscuros,Etnicidad,etnicidad_9,1,No sabe,71.78407631,1.749516856,68.4,75.2,0.0243719352,2434.0,9,71.78407631491754,1.749516856272889,68.35127448576853,75.21687814406657,0.0243719351990786,2434.0,1794,2434,1.9629115987173988,1.9632873744486168,True,True,True,True,True,True,True,False,True,EN_AMBOS
mito_sitios_oscuros,Lengua materna,idioma_1,1,Castellano,73.17283206,0.7010853795,71.8,74.5,0.009581225159,16940.0,1,73.17283206217634,0.7010853795142862,71.7972024621773,74.54846166217538,0.0095812251590666,16940.0,12581,16940,1.9621649940614452,1.9621814531170845,True,True,True,True,True,True,True,False,True,EN_AMBOS
mito_sitios_oscuros,Lengua materna,idioma_3,1,Quechua/Aymara,76.59681859,1.869812551,72.9,80.3,0.02441109938,919.0,3,76.59681859471465,1.869812551034276,72.92797943929752,80.2656577501318,0.0244110993816562,919.0,714,919,1.967404973747932,1.9685339746407768,True,True,True,True,True,True,True,False,True,EN_AMBOS
mito_sitios_oscuros,Lengua materna,idioma_4,1,Otra lengua nativa,58.67023527,4.801695717,49.2,68.1,0.08184210775,267.0,4,58.67023526744058,4.801695716672649,49.24862279191046,68.0918477429707,0.0818421077533565,267.0,144,267,2.00957523712924,2.019540970441376,True,True,True,True,True,True,True,False,True,EN_AMBOS
mito_sitios_oscuros,Nacional,national_single,1,Total,73.07173393,0.671759768,71.8,74.4,0.009193154888,18201.0,Total,73.071733932183,0.6717597679840217,71.7536453684655,74.38982249590048,0.0091931548881469,18201.0,13484,18201,1.962142757779508,1.962142757779508,True,True,True,True,True,True,True,False,True,EN_AMBOS
mito_sitios_oscuros,Sexo,sexo_1,1,Mujer,68.13356638,0.8424380816,66.5,69.8,0.0123645088099999,9350.0,1,68.13356638356878,0.8424380816322933,66.48058260281631,69.78655016432126,0.0123645088074452,9350.0,6537,9350,1.962202376365632,1.9622087305542448,True,True,True,True,True,True,True,False,True,EN_AMBOS
mito_sitios_oscuros,Sexo,sexo_2,1,Hombre,78.31830428,0.7572616485,76.8,79.8,0.009669025083,8851.0,2,78.3183042810005,0.7572616485393471,76.83244882157484,79.80415974042614,0.0096690250828509,8851.0,6947,8851,1.9622476264013184,1.9622498268425952,True,True,True,True,True,True,True,False,True,EN_AMBOS
mito_sitios_oscuros,Tipo de hogar,hogar_1,1,Biparental,74.31483029,0.8418568069,72.7,76.0,0.01132824772,13031.0,1,74.31483028630552,0.8418568068911577,72.66298704957666,75.96667352303439,0.0113282477218587,13031.0,9740,13031,1.962142757779508,1.962142757779508,True,True,True,True,True,True,True,False,True,EN_AMBOS
mito_sitios_oscuros,Tipo de hogar,hogar_2,1,Monoparental,70.36673018,1.068718678,68.3,72.5,0.01518784055,4262.0,2,70.36673017553984,1.0687186776062174,68.26975156217112,72.46370878890858,0.0151878405453848,4262.0,3128,4262,1.962322551204167,1.9624642425561527,True,True,True,True,True,True,True,False,True,EN_AMBOS
mito_sitios_oscuros,Tipo de hogar,hogar_3,1,Sin figuras parentales,66.75001061,3.002336672,60.9,72.6,0.0449788194,891.0,3,66.75001060887305,3.002336672445524,60.85899745061825,72.64102376712786,0.044978819404808,891.0,603,891,1.9642398045825584,1.965781068909121,True,True,True,True,True,True,True,False,True,EN_AMBOS
mito_sitios_oscuros,Área,area_1,1,Urbano,73.25270689,0.7796649008,71.7,74.8,0.01064349611,15115.0,1,73.25270688750267,0.7796649008499745,71.7221670754382,74.78324669956716,0.0106434961106261,15115.0,11212,15115,1.9630738928941311,1.9630738928941311,True,True,True,True,True,True,True,False,True,EN_AMBOS
mito_sitios_oscuros,Área,area_2,1,Rural,72.37894006,1.26820793,69.9,74.9,0.0175217809,3086.0,2,72.37894005905378,1.2682079295797122,69.88329679648295,74.8745833216246,0.0175217809012536,3086.0,2272,3086,1.967850227366019,1.967850227366019,True,True,True,True,True,True,True,False,True,EN_AMBOS
mito_sitios_oscuros,Área y sexo,area_1_sexo_1,1,Urbano Mujer,67.85515233,0.9846394934,65.9,69.8,0.01451090241,7789.0,Urbano Mujer,67.85515233158743,0.9846394934053871,65.92314908057837,69.7871555825965,0.0145109024086152,7789.0,5438,7789,1.9631967955598617,1.9631967955598617,True,True,True,True,True,True,True,False,True,EN_AMBOS
mito_sitios_oscuros,Área y sexo,area_1_sexo_2,1,Urbano Hombre,79.10682482,0.842159692,77.5,80.8,0.0106458538,7326.0,Urbano Hombre,79.10682482076956,0.8421596920142755,77.45438728018993,80.75926236134919,0.0106458538049319,7326.0,5774,7326,1.9632873744486168,1.9632873744486168,True,True,True,True,True,True,True,False,True,EN_AMBOS
mito_sitios_oscuros,Área y sexo,area_2_sexo_1,1,Rural Mujer,69.25285414,1.51814159,66.3,72.2,0.02192171874,1561.0,Rural Mujer,69.25285414412195,1.5181415902118394,66.27404361760392,72.23166467063999,0.0219217187359879,1561.0,1099,1561,1.967850227366019,1.967929669065669,True,True,True,True,True,True,True,False,True,EN_AMBOS
mito_sitios_oscuros,Área y sexo,area_2_sexo_2,1,Rural Hombre,75.44842447,1.631576391,72.2,78.6,0.02162505582,1525.0,Rural Hombre,75.44842446636319,1.6315763908083365,72.24703866737458,78.6498102653518,0.0216250558225471,1525.0,1173,1525,1.9678765312856947,1.967903011261086,True,True,True,True,True,True,True,False,True,EN_AMBOS
num_consecuencias_fisicas,Nacional,cinco consecuencias,1,Cinco consecuencias,0.2,0.1,0.1,0.3,0.3229999999999999,17.0,Cinco consecuencias,0.1770599013218541,0.0572256311455446,0.0938814731917709,0.3336877788984022,0.3231992716494382,17.0,17,10583,1.962142757779508,2.5705818356363137,True,True,True,True,True,True,True,False,True,EN_AMBOS
num_consecuencias_fisicas,Nacional,cuatro consecuencias,1,Cuatro consecuencias,0.7,0.1,0.5,1.0,0.163,84.0,Cuatro consecuencias,0.7251456914323904,0.1180681162828432,0.5266628197466274,0.9976803610813048,0.1628198549309748,84.0,84,10583,1.962142757779508,2.0057459953178687,True,True,True,True,True,True,True,False,True,EN_AMBOS
num_consecuencias_fisicas,Nacional,dos consecuencias,1,Dos consecuencias,8.4,0.6,7.3,9.6,0.067,889.0,Dos consecuencias,8.387936512996813,0.5645849821622471,7.344538955065014,9.564262873709794,0.0673091625440228,889.0,889,10583,1.962142757779508,1.964366775011548,True,True,True,True,True,True,True,False,True,EN_AMBOS
num_consecuencias_fisicas,Nacional,ninguna,1,Ninguna,62.1,1.0,60.0,64.0,0.016,6648.0,Ninguna,62.06668624873424,1.020396607062822,60.04499518453004,64.04733230543998,0.0164403268280434,6648.0,6648,10583,1.962142757779508,1.9621835278233697,True,True,True,True,True,True,True,False,True,EN_AMBOS
num_consecuencias_fisicas,Nacional,total,1,Total,100.0,0.0,100.0,100.0,0.0,10583.0,Total,100.0,0.0,100.0,100.0,0.0,10583.0,10583,10583,1.962142757779508,,True,True,True,True,True,True,True,False,True,EN_AMBOS
num_consecuencias_fisicas,Nacional,tres consecuencias,1,Tres consecuencias,4.7,0.4,3.9,5.6,0.095,450.0,Tres consecuencias,4.663495239217119,0.4432710558481483,3.866921482818168,5.614577055754641,0.0950512508559056,450.0,450,10583,1.962142757779508,1.96735858532268,True,True,True,True,True,True,True,False,True,EN_AMBOS
num_consecuencias_fisicas,Nacional,una consecuencia,1,Una consecuencia,24.0,0.8,22.4,25.6,0.034,2495.0,Una consecuencia,23.979676406297592,0.8220928148779392,22.40392201021685,25.629653386270185,0.0342828986075074,2495.0,2495,10583,1.962142757779508,1.9625974696062976,True,True,True,True,True,True,True,False,True,EN_AMBOS
predominio_femenino_tareas,Departamento,amazonas,1,Amazonas,90.83600759,1.406365112,88.1,93.6,0.0154824628399999,907.0,Amazonas,90.83600758513722,1.4063651118649716,88.0765184660976,93.59549670417684,0.0154824628388344,907.0,822,907,2.000995378088267,2.000995378088267,True,True,True,True,True,True,True,False,True,EN_AMBOS
predominio_femenino_tareas,Departamento,ancash,1,Áncash,88.84618889,1.482680826,85.9,91.8,0.01668817588,705.0,Áncash,88.84618888679834,1.4826808260956068,85.93695744177631,91.75542033182036,0.0166881758764547,705.0,616,705,2.016692199227824,2.016692199227824,True,True,True,True,True,True,True,False,True,EN_AMBOS
predominio_femenino_tareas,Departamento,apurimac,1,Apurímac,88.30162181,1.624646153,85.1,91.5,0.01839882574,698.0,Apurímac,88.30162180549152,1.6246461525387317,85.1138341233333,91.48940948764974,0.0183988257443046,698.0,620,698,2.016692199227824,2.016692199227824,True,True,True,True,True,True,True,False,True,EN_AMBOS
predominio_femenino_tareas,Departamento,arequipa,1,Arequipa,87.15794399,1.68229419,83.9,90.5,0.01930167364,760.0,Arequipa,87.15794399005351,1.682294190375386,83.8570426279539,90.45884535215312,0.0193016736439695,760.0,648,760,2.0226909200367604,2.0226909200367604,True,True,True,True,True,True,True,False,True,EN_AMBOS
predominio_femenino_tareas,Departamento,ayacucho,1,Ayacucho,87.51256892,1.778649074,84.0,91.0,0.02032449848,650.0,Ayacucho,87.51256891961681,1.7786490738166794,84.02260552079618,91.00253231843745,0.0203244984780463,650.0,569,650,2.0210753903062733,2.0210753903062733,True,True,True,True,True,True,True,False,True,EN_AMBOS
predominio_femenino_tareas,Departamento,cajamarca,1,Cajamarca,87.44114234,1.535132826,84.4,90.5,0.01755618448,783.0,Cajamarca,87.44114234096443,1.535132825882033,84.4289925844304,90.45329209749843,0.017556184477737,783.0,694,783,2.004044783289145,2.004044783289145,True,True,True,True,True,True,True,False,True,EN_AMBOS
predominio_femenino_tareas,Departamento,callao,1,Callao,87.78533177,1.756153183,84.3,91.2,0.02000508681,610.0,Callao,87.78533176704566,1.756153182814426,84.3395085178349,91.2311550162564,0.0200050868119368,610.0,533,610,2.0422724563012378,2.0422724563012378,True,True,True,True,True,True,True,False,True,EN_AMBOS
predominio_femenino_tareas,Departamento,cusco,1,Cusco,84.507546,1.712864661,81.1,87.9,0.02026877766,716.0,Cusco,84.5075459961638,1.7128646606116884,81.14666100728812,87.86843098503948,0.0202687776626414,716.0,599,716,2.016692199227824,2.016692199227824,True,True,True,True,True,True,True,False,True,EN_AMBOS
predominio_femenino_tareas,Departamento,huancavelica,1,Huancavelica,91.49147526,1.517390435,88.5,94.5,0.01658504719,771.0,Huancavelica,91.49147525674069,1.5173904347781495,88.51413860441684,94.46881190906451,0.0165850471917748,771.0,693,771,2.0057459953178687,2.0057459953178687,True,True,True,True,True,True,True,False,True,EN_AMBOS
predominio_femenino_tareas,Departamento,huanuco,1,Huánuco,88.09580923,1.932010977,84.3,91.9,0.02193079323,687.0,Huánuco,88.09580922565115,1.932010976595404,84.30492787997397,91.88669057132834,0.0219307932304327,687.0,599,687,2.016692199227824,2.016692199227824,True,True,True,True,True,True,True,False,True,EN_AMBOS
predominio_femenino_tareas,Departamento,ica,1,Ica,85.97739081,1.576725716,82.9,89.1,0.01833884119,716.0,Ica,85.97739080732259,1.576725716073177,82.8836298625249,89.07115175212029,0.0183388411914785,716.0,613,716,2.026192463029109,2.026192463029109,True,True,True,True,True,True,True,False,True,EN_AMBOS
predominio_femenino_tareas,Departamento,junin,1,Junín,84.64522308,1.668422876,81.4,87.9,0.01971077416,696.0,Junín,84.64522308419923,1.668422876207985,81.37153922073408,87.91890694766438,0.0197107741632194,696.0,593,696,2.0226909200367604,2.0226909200367604,True,True,True,True,True,True,True,False,True,EN_AMBOS
predominio_femenino_tareas,Departamento,la libertad,1,La Libertad,88.57796085,1.433798516,85.8,91.4,0.01618685396,687.0,La Libertad,88.57796084683427,1.4337985161918654,85.76464347217339,91.39127822149514,0.0161868539587532,687.0,611,687,2.0226909200367604,2.0226909200367604,True,True,True,True,True,True,True,False,True,EN_AMBOS
predominio_femenino_tareas,Departamento,lambayeque,1,Lambayeque,88.9737194,1.248216647,86.5,91.4,0.01402904875,651.0,Lambayeque,88.97371940210877,1.2482166466435851,86.52454014875724,91.4228986554603,0.0140290487464324,651.0,584,651,2.0301079282503425,2.0301079282503425,True,True,True,True,True,True,True,False,True,EN_AMBOS
predominio_femenino_tareas,Departamento,lima metropolitana,1,Lima Metropolitana,86.1357797,1.585437499,83.0,89.2,0.01840625933,796.0,Lima Metropolitana,86.13577969935906,1.5854374988084154,83.02492499316007,89.24663440555804,0.0184062593308157,796.0,694,796,2.0210753903062733,2.0210753903062733,True,True,True,True,True,True,True,False,True,EN_AMBOS
predominio_femenino_tareas,Departamento,loreto,1,Loreto,88.07598821,1.418134172,85.3,90.9,0.01610125758,674.0,Loreto,88.07598821087394,1.418134172481292,85.29340651478014,90.85856990696774,0.0161012575764231,674.0,594,674,2.019540970441376,2.019540970441376,True,True,True,True,True,True,True,False,True,EN_AMBOS
predominio_femenino_tareas,Departamento,madre de dios,1,Madre de Dios,85.61685509,1.822230073,82.0,89.2,0.02128354366,644.0,Madre de Dios,85.616855087275,1.8222300732922403,82.0413795459566,89.1923306285934,0.0212835436601206,644.0,550,644,2.0301079282503425,2.0301079282503425,True,True,True,True,True,True,True,False,True,EN_AMBOS
predominio_femenino_tareas,Departamento,moquegua,1,Moquegua,88.11157561,1.133639262,85.9,90.3,0.01286595154,670.0,Moquegua,88.11157561048542,1.1336392621318327,85.88721354235894,90.3359376786119,0.0128659515424319,670.0,569,670,2.0301079282503425,2.0301079282503425,True,True,True,True,True,True,True,False,True,EN_AMBOS
predominio_femenino_tareas,Departamento,pasco,1,Pasco,90.89122088,1.084015025,88.8,93.0,0.01192650967,990.0,Pasco,90.8912208798995,1.084015024876246,88.76422864951441,93.0182131102846,0.0119265096714744,990.0,906,990,1.999623584994939,1.999623584994939,True,True,True,True,True,True,True,False,True,EN_AMBOS
predominio_femenino_tareas,Departamento,piura,1,Piura,88.52182511,1.764836812,85.1,92.0,0.01993674227,658.0,Piura,88.52182510571811,1.7648368124459728,85.05896333551458,91.98468687592164,0.0199367422704886,658.0,588,658,2.026192463029109,2.026192463029109,True,True,True,True,True,True,True,False,True,EN_AMBOS
predominio_femenino_tareas,Departamento,puno,1,Puno,86.12219624,1.245479622,83.7,88.6,0.01446177265,979.0,Puno,86.12219624395537,1.2454796221163724,83.67838742345778,88.56600506445297,0.0144617726490432,979.0,844,979,2.000995378088267,2.000995378088267,True,True,True,True,True,True,True,False,True,EN_AMBOS
predominio_femenino_tareas,Departamento,region lima,1,Región Lima,88.74814654,1.53666614,85.7,91.8,0.01731490966,679.0,Región Lima,88.74814654207198,1.536666139679719,85.73298820497442,91.76330487916954,0.0173149096578737,679.0,601,679,2.026192463029109,2.026192463029109,True,True,True,True,True,True,True,False,True,EN_AMBOS
predominio_femenino_tareas,Departamento,san martin,1,San Martín,88.85585257,1.427455084,86.1,91.7,0.01606484033,649.0,San Martín,88.85585256595718,1.4274550835941746,86.05498191162732,91.65672322028703,0.0160648403270294,649.0,572,649,2.0226909200367604,2.0226909200367604,True,True,True,True,True,True,True,False,True,EN_AMBOS
predominio_femenino_tareas,Departamento,tacna,1,Tacna,86.22205817,2.049675773,82.2,90.2,0.02377205806,659.0,Tacna,86.22205816945545,2.0496757732060367,82.20030169526311,90.2438146436478,0.0237720580640482,659.0,567,659,2.0345152974493383,2.0345152974493383,True,True,True,True,True,True,True,False,True,EN_AMBOS
predominio_femenino_tareas,Departamento,tumbes,1,Tumbes,90.02983457,1.526338812,87.0,93.0,0.01695370007,677.0,Tumbes,90.02983456656698,1.5263388123702528,87.03493991995691,93.02472921317704,0.0169537000675225,677.0,612,677,2.0301079282503425,2.0301079282503425,True,True,True,True,True,True,True,False,True,EN_AMBOS
predominio_femenino_tareas,Departamento,ucayali,1,Ucayali,87.37479479,1.852808806,83.7,91.0,0.02120530081,695.0,Ucayali,87.37479478886445,1.8528088064182453,83.73931940780079,91.0102701699281,0.0212053008066621,695.0,611,695,2.0226909200367604,2.0226909200367604,True,True,True,True,True,True,True,False,True,EN_AMBOS
predominio_femenino_tareas,Discapacidad,bin_0,1,No,87.20113954,0.5288450367,86.2,88.2,0.006064657406,16778.0,0,87.20113953944315,0.5288450366974841,86.16347008069954,88.23880899818676,0.0060646574057472,16778.0,14706,16778,1.962142757779508,1.962142757779508,True,True,True,True,True,True,True,False,True,EN_AMBOS
predominio_femenino_tareas,Discapacidad,bin_1,1,Sí,88.12362301,1.217654132,85.7,90.5,0.01381756776,2029.0,1,88.12362301007285,1.2176541322108745,85.73193230196951,90.5153137181762,0.0138175677601418,2029.0,1796,2029,1.9640483976635408,1.9641790265687291,True,True,True,True,True,True,True,False,True,EN_AMBOS
predominio_femenino_tareas,Etnicidad,etnicidad_1,1,Indígena andino,88.28962064,0.7036609381,86.9,89.7,0.007969916882,5249.0,1,88.28962064449402,0.7036609380735427,86.90893743092069,89.67030385806737,0.0079699168819276,5249.0,4594,5249,1.9628366422266053,1.9628933993227429,True,True,True,True,True,True,True,False,True,EN_AMBOS
predominio_femenino_tareas,Etnicidad,etnicidad_3,1,Indígena amazónico/nativo,85.46739724,2.693541283,80.2,90.8,0.03151542425,433.0,3,85.4673972370575,2.693541283261824,80.18228471532518,90.7525097587898,0.0315154242475742,433.0,378,433,1.978524491479245,1.98009987645692,True,True,True,True,True,True,True,False,True,EN_AMBOS
predominio_femenino_tareas,Etnicidad,etnicidad_5,1,Afrodescendiente,87.74835838,1.514323723,84.8,90.7,0.01725757326,1806.0,5,87.74835838061497,1.5143237231484858,84.77703905430548,90.71967770692449,0.0172575732594334,1806.0,1593,1806,1.96362596651301,1.963841443661041,True,True,True,True,True,True,True,False,True,EN_AMBOS
predominio_femenino_tareas,Etnicidad,etnicidad_6,1,No indígena ni afrodescendiente,86.76145254,0.7548332573,85.3,88.2,0.008700099356,8715.0,6,86.76145253827684,0.7548332573453242,85.2803619290456,88.24254314750807,0.0087000993559013,8715.0,7642,8715,1.962322551204167,1.9623343344825908,True,True,True,True,True,True,True,False,True,EN_AMBOS
predominio_femenino_tareas,Etnicidad,etnicidad_9,1,No sabe,87.63635924,1.572931813,84.6,90.7,0.01794839295,2604.0,9,87.6363592448947,1.5729318125906775,84.5500424803389,90.7226760094505,0.0179483929517794,2604.0,2295,2604,1.9629115987173988,1.9630178448825863,True,True,True,True,True,True,True,False,True,EN_AMBOS
predominio_femenino_tareas,Lengua materna,idioma_1,1,Castellano,87.22260181,0.5145688697,86.2,88.2,0.005899490029,17498.0,1,87.2226018148078,0.5145688697486822,86.21294423365164,88.23225939596396,0.0058994900294446,17498.0,15344,17498,1.9621649940614452,1.9621649940614452,True,True,True,True,True,True,True,False,True,EN_AMBOS
predominio_femenino_tareas,Lengua materna,idioma_3,1,Quechua/Aymara,89.54189319,1.292620269,87.0,92.1,0.0144359274,958.0,3,89.54189319104974,1.2926202694929614,87.00558769070513,92.07819869139436,0.0144359274014341,958.0,854,958,1.967404973747932,1.9679565064968192,True,True,True,True,True,True,True,False,True,EN_AMBOS
predominio_femenino_tareas,Lengua materna,idioma_4,1,Otra lengua nativa,86.4094674,2.760052269,81.0,91.8,0.03194154937,275.0,4,86.40946739580936,2.760052269137763,80.9938508248278,91.82508396679091,0.0319415493732301,275.0,242,275,2.00957523712924,2.010634757624232,True,True,True,True,True,True,True,False,True,EN_AMBOS
predominio_femenino_tareas,Nacional,national_single,1,Total,87.30680948,0.4934643462,86.3,88.3,0.00565207169,18807.0,Total,87.30680947746232,0.4934643461510137,86.3385619844397,88.27505697048494,0.0056520716895329,18807.0,16502,18807,1.962142757779508,1.962142757779508,True,True,True,True,True,True,True,False,True,EN_AMBOS
predominio_femenino_tareas,Sexo,sexo_1,1,Mujer,90.19777162,0.7232319786,88.8,91.6,0.00801829098,9608.0,1,90.19777161638795,0.7232319785688753,88.77868722744451,91.61685600533144,0.0080182909800121,9608.0,8753,9608,1.962202376365632,1.962202376365632,True,True,True,True,True,True,True,False,True,EN_AMBOS
predominio_femenino_tareas,Sexo,sexo_2,1,Hombre,84.26968209,0.6888458812,82.9,85.6,0.008174302598,9199.0,2,84.26968209144853,0.6888458812371033,82.91806813435291,85.62129604854415,0.0081743025978141,9199.0,7749,9199,1.9622476264013184,1.9622476264013184,True,True,True,True,True,True,True,False,True,EN_AMBOS
predominio_femenino_tareas,Tipo de hogar,hogar_1,1,Biparental,87.71402526,0.6180454867,86.5,88.9,0.007046142106,13464.0,1,87.7140252608053,0.6180454866760701,86.50133178514552,88.92671873646506,0.0070461421059904,13464.0,11868,13464,1.962142757779508,1.962142757779508,True,True,True,True,True,True,True,False,True,EN_AMBOS
predominio_femenino_tareas,Tipo de hogar,hogar_2,1,Monoparental,86.14676715,1.02091206,84.1,88.1,0.01185084587,4397.0,2,86.1467671516537,1.0209120600645043,84.14359194666837,88.14994235663903,0.0118508458740799,4397.0,3833,4397,1.962322551204167,1.9623631005485227,True,True,True,True,True,True,True,False,True,EN_AMBOS
predominio_femenino_tareas,Tipo de hogar,hogar_3,1,Sin figuras parentales,86.91649347,1.533625277,83.9,89.9,0.0176448130299999,929.0,3,86.91649346840308,1.5336252765632936,83.90730173884681,89.92568519795934,0.0176448130310366,929.0,790,929,1.9642398045825584,1.9647486136388712,True,True,True,True,True,True,True,False,True,EN_AMBOS
predominio_femenino_tareas,Área,area_1,1,Urbano,86.90142191,0.5909110787,85.7,88.1,0.0067997860759999,15576.0,1,86.90142191284693,0.5909110787152277,85.74141980119916,88.0614240244947,0.006799786076088,15576.0,13612,15576,1.9630738928941311,1.9630738928941311,True,True,True,True,True,True,True,False,True,EN_AMBOS
predominio_femenino_tareas,Área,area_2,1,Rural,88.83196258,0.723388856,87.4,90.3,0.008143339795,3231.0,2,88.83196258190125,0.7233888559833257,87.40844165718042,90.25548350662208,0.0081433397952496,3231.0,2890,3231,1.967850227366019,1.967850227366019,True,True,True,True,True,True,True,False,True,EN_AMBOS
predominio_femenino_tareas,Área y sexo,area_1_sexo_1,1,Urbano Mujer,89.80898277,0.8746873278,88.1,91.5,0.009739419163,7990.0,Urbano Mujer,89.80898277287957,0.8746873277833184,88.09272136734802,91.52524417841111,0.0097394191625055,7990.0,7255,7990,1.9631967955598617,1.9631967955598617,True,True,True,True,True,True,True,False,True,EN_AMBOS
predominio_femenino_tareas,Área y sexo,area_1_sexo_2,1,Urbano Hombre,83.7796043,0.8331367512,82.1,85.4,0.009944386323,7586.0,Urbano Hombre,83.77960430235999,0.8331367511712712,82.14487105980932,85.41433754491064,0.0099443863230063,7586.0,6357,7586,1.9632873744486168,1.9632873744486168,True,True,True,True,True,True,True,False,True,EN_AMBOS
predominio_femenino_tareas,Área y sexo,area_2_sexo_1,1,Rural Mujer,91.73751092,0.8910071954,90.0,93.5,0.009712572168,1618.0,Rural Mujer,91.73751092480909,0.8910071953904053,89.98922760924437,93.4857942403738,0.0097125721682235,1618.0,1498,1618,1.967850227366019,1.967850227366019,True,True,True,True,True,True,True,False,True,EN_AMBOS
predominio_femenino_tareas,Área y sexo,area_2_sexo_2,1,Rural Hombre,86.01946399,1.014849731,84.0,88.0,0.0117979081,1613.0,Rural Hombre,86.01946398893755,1.014849730551052,84.0281839399023,88.01074403797277,0.0117979080953302,1613.0,1392,1613,1.9678765312856947,1.9678765312856947,True,True,True,True,True,True,True,False,True,EN_AMBOS
rechaza_dejar_estudiar,Departamento,amazonas,1,Amazonas,77.66451679,2.484442355,72.8,82.5,0.03198941367,900.0,Amazonas,77.66451679470866,2.48444235528787,72.7896862201599,82.53934736925743,0.0319894136707889,900.0,728,900,2.000995378088267,2.000995378088267,True,True,True,True,True,True,True,False,True,EN_AMBOS
rechaza_dejar_estudiar,Departamento,ancash,1,Áncash,87.05864678,1.354145111,84.4,89.7,0.0155544010999999,692.0,Áncash,87.05864677950538,1.35414511102072,84.40162075693355,89.71567280207721,0.0155544010975771,692.0,593,692,2.016692199227824,2.016692199227824,True,True,True,True,True,True,True,False,True,EN_AMBOS
rechaza_dejar_estudiar,Departamento,apurimac,1,Apurímac,89.63332192,1.31565212,87.1,92.2,0.01467815865,689.0,Apurímac,89.63332191667298,1.31565211973332,87.05182463818099,92.21481919516498,0.0146781586535017,689.0,616,689,2.016692199227824,2.016692199227824,True,True,True,True,True,True,True,False,True,EN_AMBOS
rechaza_dejar_estudiar,Departamento,arequipa,1,Arequipa,85.16891751,1.484348629,82.3,88.1,0.01742829042,758.0,Arequipa,85.16891751401286,1.4843486294038324,82.25641360080819,88.08142142721752,0.0174282904224961,758.0,639,758,2.0226909200367604,2.0226909200367604,True,True,True,True,True,True,True,False,True,EN_AMBOS
rechaza_dejar_estudiar,Departamento,ayacucho,1,Ayacucho,87.07577912,1.439655333,84.3,89.9,0.0165333614799999,645.0,Ayacucho,87.07577911929675,1.4396553326473,84.25096983464421,89.90058840394931,0.0165333614836213,645.0,566,645,2.0210753903062733,2.0210753903062733,True,True,True,True,True,True,True,False,True,EN_AMBOS
rechaza_dejar_estudiar,Departamento,cajamarca,1,Cajamarca,85.57174866,1.411857612,82.8,88.3,0.01649910904,775.0,Cajamarca,85.57174866480358,1.411857612118571,82.80148247616926,88.34201485343792,0.0164991090418055,775.0,670,775,2.004044783289145,2.004044783289145,True,True,True,True,True,True,True,False,True,EN_AMBOS
rechaza_dejar_estudiar,Departamento,callao,1,Callao,84.15782924,2.137354267,80.0,88.4,0.02539697479,604.0,Callao,84.15782923781649,2.137354267253107,79.96403504151668,88.35162343411629,0.0253969747866628,604.0,513,604,2.0422724563012378,2.0422724563012378,True,True,True,True,True,True,True,False,True,EN_AMBOS
rechaza_dejar_estudiar,Departamento,cusco,1,Cusco,89.39528343,1.46389688,86.5,92.3,0.0163755494,710.0,Cusco,89.3952834313325,1.4638968795496023,86.52290877098824,92.26765809167678,0.0163755493954451,710.0,640,710,2.016692199227824,2.016692199227824,True,True,True,True,True,True,True,False,True,EN_AMBOS
rechaza_dejar_estudiar,Departamento,huancavelica,1,Huancavelica,90.87539815,1.539226003,87.9,93.9,0.01693776352,759.0,Huancavelica,90.8753981523838,1.5392260033472325,87.85521699733013,93.89557930743749,0.016937763516218,759.0,684,759,2.0057459953178687,2.0057459953178687,True,True,True,True,True,True,True,False,True,EN_AMBOS
rechaza_dejar_estudiar,Departamento,huanuco,1,Huánuco,84.34130816,2.207051107,80.0,88.7,0.02616809195,674.0,Huánuco,84.34130816056573,2.207051107209816,80.01075881450474,88.67185750662672,0.0261680919509585,674.0,572,674,2.016692199227824,2.016692199227824,True,True,True,True,True,True,True,False,True,EN_AMBOS
rechaza_dejar_estudiar,Departamento,ica,1,Ica,85.39964628,1.461160913,82.5,88.3,0.01710968343,699.0,Ica,85.39964628069352,1.4611609125268408,82.53263997822849,88.26665258315856,0.0171096834256697,699.0,590,699,2.026192463029109,2.026192463029109,True,True,True,True,True,True,True,False,True,EN_AMBOS
rechaza_dejar_estudiar,Departamento,junin,1,Junín,84.15952357,1.413350453,81.4,86.9,0.01679370786,683.0,Junín,84.15952357274378,1.413350452531702,81.38632821810431,86.93271892738325,0.0167937078601694,683.0,571,683,2.0226909200367604,2.0226909200367604,True,True,True,True,True,True,True,False,True,EN_AMBOS
rechaza_dejar_estudiar,Departamento,la libertad,1,La Libertad,81.73384361,2.029924401,77.8,85.7,0.02483578786,676.0,La Libertad,81.73384360995485,2.029924400602149,77.75084214847342,85.71684507143627,0.0248357878566096,676.0,552,676,2.0226909200367604,2.0226909200367604,True,True,True,True,True,True,True,False,True,EN_AMBOS
rechaza_dejar_estudiar,Departamento,lambayeque,1,Lambayeque,82.84964981,2.445892016,78.1,87.6,0.02952205617,641.0,Lambayeque,82.84964980719393,2.4458920156692847,78.05046050233771,87.64883911205014,0.0295220561747854,641.0,527,641,2.0301079282503425,2.0301079282503425,True,True,True,True,True,True,True,False,True,EN_AMBOS
rechaza_dejar_estudiar,Departamento,lima metropolitana,1,Lima Metropolitana,86.66573169,2.095916119,82.6,90.8,0.02418390843,791.0,Lima Metropolitana,86.66573169352216,2.095916118882021,82.55324505994447,90.77821832709986,0.0241839084252337,791.0,684,791,2.0210753903062733,2.0210753903062733,True,True,True,True,True,True,True,False,True,EN_AMBOS
rechaza_dejar_estudiar,Departamento,loreto,1,Loreto,83.85658113,1.622180558,80.7,87.0,0.01934470182,657.0,Loreto,83.8565811250145,1.622180557578628,80.67363129215089,87.03953095787813,0.0193447018208417,657.0,557,657,2.019540970441376,2.019540970441376,True,True,True,True,True,True,True,False,True,EN_AMBOS
rechaza_dejar_estudiar,Departamento,madre de dios,1,Madre de Dios,75.98788439,2.553144776,71.0,81.0,0.03359936649,634.0,Madre de Dios,75.98788439013114,2.5531447760745234,70.97824985819393,80.99751892206835,0.0335993664854039,634.0,491,634,2.0301079282503425,2.0301079282503425,True,True,True,True,True,True,True,False,True,EN_AMBOS
rechaza_dejar_estudiar,Departamento,moquegua,1,Moquegua,83.37033693,2.027518171,79.4,87.3,0.02431941918,657.0,Moquegua,83.37033692717377,2.027518171032701,79.39205683161559,87.34861702273193,0.0243194191814745,657.0,551,657,2.0301079282503425,2.0301079282503425,True,True,True,True,True,True,True,False,True,EN_AMBOS
rechaza_dejar_estudiar,Departamento,pasco,1,Pasco,87.97590653,1.23502207,85.6,90.4,0.01403818521,985.0,Pasco,87.97590653170934,1.2350220701562422,85.55261692105441,90.39919614236426,0.0140381852128014,985.0,832,985,1.999623584994939,1.999623584994939,True,True,True,True,True,True,True,False,True,EN_AMBOS
rechaza_dejar_estudiar,Departamento,piura,1,Piura,84.40772996,1.264681278,81.9,86.9,0.01498300308,651.0,Piura,84.40772996384891,1.2646812776284384,81.92624475405094,86.88921517364689,0.0149830030753118,651.0,552,651,2.026192463029109,2.026192463029109,True,True,True,True,True,True,True,False,True,EN_AMBOS
rechaza_dejar_estudiar,Departamento,puno,1,Puno,90.24083259,1.239519435,87.8,92.7,0.01373568261,971.0,Puno,90.2408325855784,1.2395194352178445,87.80871850263875,92.67294666851804,0.0137356826139914,971.0,865,971,2.000995378088267,2.000995378088267,True,True,True,True,True,True,True,False,True,EN_AMBOS
rechaza_dejar_estudiar,Departamento,region lima,1,Región Lima,88.01130434,1.551771659,85.0,91.1,0.01763150394,677.0,Región Lima,88.0113043365454,1.5517716587884889,84.96650681452607,91.05610185856472,0.0176315039356158,677.0,598,677,2.026192463029109,2.026192463029109,True,True,True,True,True,True,True,False,True,EN_AMBOS
rechaza_dejar_estudiar,Departamento,san martin,1,San Martín,85.31642761,2.18374702,81.0,89.6,0.02559585629,640.0,San Martín,85.31642761207605,2.18374702020851,81.03160421155134,89.60125101260076,0.0255958562885187,640.0,547,640,2.0226909200367604,2.0226909200367604,True,True,True,True,True,True,True,False,True,EN_AMBOS
rechaza_dejar_estudiar,Departamento,tacna,1,Tacna,85.09746918,1.276364443,82.6,87.6,0.0149988531399999,655.0,Tacna,85.09746917732893,1.276364442981815,82.59305992924489,87.60187842541298,0.0149988531424134,655.0,562,655,2.0345152974493383,2.0345152974493383,True,True,True,True,True,True,True,False,True,EN_AMBOS
rechaza_dejar_estudiar,Departamento,tumbes,1,Tumbes,89.14827812,1.622413557,86.0,92.3,0.01819904536,673.0,Tumbes,89.14827812147982,1.6224135569426503,85.9648711106015,92.33168513235812,0.018199045356006,673.0,603,673,2.0301079282503425,2.0301079282503425,True,True,True,True,True,True,True,False,True,EN_AMBOS
rechaza_dejar_estudiar,Departamento,ucayali,1,Ucayali,84.02776776,1.898209051,80.3,87.8,0.02259025917,685.0,Ucayali,84.02776775548084,1.898209051317069,80.30321061268755,87.75232489827414,0.022590259172906,685.0,580,685,2.0226909200367604,2.0226909200367604,True,True,True,True,True,True,True,False,True,EN_AMBOS
rechaza_dejar_estudiar,Discapacidad,bin_0,1,No,85.86039066,0.6045750004,84.7,87.0,0.007041372579,16579.0,0,85.86039065502669,0.6045750004018421,84.67412819645368,87.04665311359972,0.0070413725792481,16579.0,14211,16579,1.962142757779508,1.962142757779508,True,True,True,True,True,True,True,False,True,EN_AMBOS
rechaza_dejar_estudiar,Discapacidad,bin_1,1,Sí,83.69404785,1.915627187,79.9,87.5,0.0228884518799999,2002.0,1,83.69404784612622,1.9156271871484352,79.93110014586638,87.45699554638607,0.0228884518845398,2002.0,1672,2002,1.9640483976635408,1.9643423968425169,True,True,True,True,True,True,True,False,True,EN_AMBOS
rechaza_dejar_estudiar,Etnicidad,etnicidad_1,1,Indígena andino,87.00071806,0.9248792796,85.2,88.8,0.0106307085799999,5200.0,1,87.00071806180323,0.9248792795725828,85.18597288156955,88.8154632420369,0.0106307085754806,5200.0,4526,5200,1.9628366422266053,1.962930025658112,True,True,True,True,True,True,True,False,True,EN_AMBOS
rechaza_dejar_estudiar,Etnicidad,etnicidad_3,1,Indígena amazónico/nativo,85.5105791,2.742374502,80.1,90.9,0.03207058741,427.0,3,85.5105790963669,2.7423745015799117,80.12964882897269,90.89150936376112,0.0320705874122237,427.0,351,427,1.978524491479245,1.9804475986834025,True,True,True,True,True,True,True,False,True,EN_AMBOS
rechaza_dejar_estudiar,Etnicidad,etnicidad_5,1,Afrodescendiente,83.87147152,1.448759928,81.0,86.7,0.01727357231,1787.0,5,83.87147151902273,1.4487599276314231,81.02879771925957,86.7141453187859,0.0172735723052484,1787.0,1504,1787,1.96362596651301,1.963986073130316,True,True,True,True,True,True,True,False,True,EN_AMBOS
rechaza_dejar_estudiar,Etnicidad,etnicidad_6,1,No indígena ni afrodescendiente,85.96653415,0.832503113,84.3,87.6,0.009684037181,8631.0,6,85.96653414510716,0.8325031129667978,84.33304419117047,87.60002409904386,0.0096840371808124,8631.0,7384,8631,1.962322551204167,1.9623486307672415,True,True,True,True,True,True,True,False,True,EN_AMBOS
rechaza_dejar_estudiar,Etnicidad,etnicidad_9,1,No sabe,83.40405083,1.440571426,80.6,86.2,0.01727219976,2536.0,9,83.40405082724915,1.4405714264408052,80.57744403579423,86.23065761870407,0.0172721997571148,2536.0,2118,2536,1.9629115987173988,1.9630944119149607,True,True,True,True,True,True,True,False,True,EN_AMBOS
rechaza_dejar_estudiar,Lengua materna,idioma_1,1,Castellano,85.55794835,0.6391710163,84.3,86.8,0.007470621124,17277.0,1,85.55794835040626,0.639171016265081,84.30380356985917,86.81209313095336,0.0074706211239115,17277.0,14754,17277,1.9621649940614452,1.962169085876547,True,True,True,True,True,True,True,False,True,EN_AMBOS
rechaza_dejar_estudiar,Lengua materna,idioma_3,1,Quechua/Aymara,88.3746115,1.456546463,85.5,91.2,0.01648150343,954.0,3,88.37461149565739,1.456546462904488,85.51665940209998,91.2325635892148,0.0164815034346833,954.0,849,954,1.967404973747932,1.9680656892939568,True,True,True,True,True,True,True,False,True,EN_AMBOS
rechaza_dejar_estudiar,Lengua materna,idioma_4,1,Otra lengua nativa,79.31866822,3.775674722,71.9,86.7,0.04760133783,274.0,4,79.31866822473876,3.7756747220289615,71.91025541317848,86.72708103629904,0.0476013378254296,274.0,214,274,2.00957523712924,2.011740513729765,True,True,True,True,True,True,True,False,True,EN_AMBOS
rechaza_dejar_estudiar,Nacional,national_single,1,Total,85.61307869,0.6119812322,84.4,86.8,0.007148221294,18581.0,Total,85.61307869395137,0.611981232185969,84.41228415132068,86.81387323658204,0.0071482212942449,18581.0,15883,18581,1.962142757779508,1.962142757779508,True,True,True,True,True,True,True,False,True,EN_AMBOS
rechaza_dejar_estudiar,Sexo,sexo_1,1,Mujer,86.4417957,0.7596384029,85.0,87.9,0.008787860048,9487.0,1,86.44179570150217,0.7596384029274894,84.9512767106668,87.93231469233753,0.0087878600480564,9487.0,8211,9487,1.962202376365632,1.962202376365632,True,True,True,True,True,True,True,False,True,EN_AMBOS
rechaza_dejar_estudiar,Sexo,sexo_2,1,Hombre,84.7424738,0.70818218,83.4,86.1,0.008356874046,9094.0,2,84.74247380421522,0.7081821799521285,83.35291926863366,86.13202833979679,0.0083568740462814,9094.0,7672,9094,1.9622476264013184,1.9622476264013184,True,True,True,True,True,True,True,False,True,EN_AMBOS
rechaza_dejar_estudiar,Tipo de hogar,hogar_1,1,Biparental,85.9576343,0.7731824541,84.4,87.5,0.008994924772,13307.0,1,85.95763429786562,0.7731824541187703,84.44053994507429,87.47472865065696,0.0089949247723534,13307.0,11394,13307,1.962142757779508,1.9621447606766775,True,True,True,True,True,True,True,False,True,EN_AMBOS
rechaza_dejar_estudiar,Tipo de hogar,hogar_2,1,Monoparental,84.61550127,0.8916751144,82.9,86.4,0.0105379640999999,4336.0,2,84.61550126597653,0.8916751144354864,82.86590739789473,86.36509513405834,0.0105379640975314,4336.0,3691,4336,1.962322551204167,1.962382668977148,True,True,True,True,True,True,True,False,True,EN_AMBOS
rechaza_dejar_estudiar,Tipo de hogar,hogar_3,1,Sin figuras parentales,84.95998401,2.029601041,81.0,88.9,0.02388890564,921.0,3,84.95998401443565,2.029601041149996,80.97761703036144,88.94235099850987,0.0238889056382725,921.0,782,921,1.9642398045825584,1.964777740160895,True,True,True,True,True,True,True,False,True,EN_AMBOS
rechaza_dejar_estudiar,Área,area_1,1,Urbano,85.48492773,0.7396801094,84.0,86.9,0.0086527546909999,15387.0,1,85.48492772857048,0.7396801093908217,84.03356975885573,86.93628569828523,0.0086527546907384,15387.0,13116,15387,1.9630738928941311,1.9630738928941311,True,True,True,True,True,True,True,False,True,EN_AMBOS
rechaza_dejar_estudiar,Área,area_2,1,Rural,86.09430611,0.8760438278,84.4,87.8,0.01017539797,3194.0,2,86.09430610595005,0.8760438277772589,84.37538305377946,87.81322915812063,0.0101753979723023,3194.0,2767,3194,1.967850227366019,1.967850227366019,True,True,True,True,True,True,True,False,True,EN_AMBOS
rechaza_dejar_estudiar,Área y sexo,area_1_sexo_1,1,Urbano Mujer,86.38046639,0.9006270622,84.6,88.1,0.01042628154,7884.0,Urbano Mujer,86.38046638528179,0.9006270622163772,84.6123582227441,88.14857454781948,0.0104262815414693,7884.0,6807,7884,1.9631967955598617,1.9631967955598617,True,True,True,True,True,True,True,False,True,EN_AMBOS
rechaza_dejar_estudiar,Área y sexo,area_1_sexo_2,1,Urbano Hombre,84.52469864,0.8396883206,82.9,86.2,0.009934236196,7503.0,Urbano Hombre,84.52469863983096,0.8396883206487434,82.87614916142931,86.17324811823259,0.0099342361955852,7503.0,6309,7503,1.9632873744486168,1.9632873744486168,True,True,True,True,True,True,True,False,True,EN_AMBOS
rechaza_dejar_estudiar,Área y sexo,area_2_sexo_1,1,Rural Mujer,86.68343275,1.218527704,84.3,89.1,0.01405721561,1603.0,Rural Mujer,86.68343274762094,1.2185277042797478,84.28555272770225,89.08131276753964,0.0140572156138243,1603.0,1404,1603,1.967850227366019,1.967850227366019,True,True,True,True,True,True,True,False,True,EN_AMBOS
rechaza_dejar_estudiar,Área y sexo,area_2_sexo_2,1,Rural Hombre,85.52108963,1.228888654,83.1,87.9,0.01436942232,1591.0,Rural Hombre,85.52108962993911,1.2288886539219002,83.10278848832293,87.93939077155528,0.0143694223172256,1591.0,1363,1591,1.9678765312856947,1.9678765312856947,True,True,True,True,True,True,True,False,True,EN_AMBOS
rechaza_trabajo_infantil_necesidad,Departamento,amazonas,1,Amazonas,56.54265598,3.278927687,50.1,63.0,0.05799033721,900.0,Amazonas,56.54265598207208,3.278927687359671,50.108931767036594,62.97638019710756,0.057990337213719,900.0,528,900,2.000995378088267,2.000995378088267,True,True,True,True,True,True,True,False,True,EN_AMBOS
rechaza_trabajo_infantil_necesidad,Departamento,ancash,1,Áncash,71.94772828,2.643140437,66.8,77.1,0.03673695473,700.0,Áncash,71.94772828220565,2.6431404371645453,66.76150941562908,77.13394714878223,0.0367369547346536,700.0,500,700,2.016692199227824,2.016692199227824,True,True,True,True,True,True,True,False,True,EN_AMBOS
rechaza_trabajo_infantil_necesidad,Departamento,apurimac,1,Apurímac,56.53407713,2.538318122,51.6,61.5,0.04489890435,683.0,Apurímac,56.53407713415021,2.5383181217599557,51.553534614598426,61.51461965370199,0.0448989043499685,683.0,385,683,2.016692199227824,2.016692199227824,True,True,True,True,True,True,True,False,True,EN_AMBOS
rechaza_trabajo_infantil_necesidad,Departamento,arequipa,1,Arequipa,73.99106062,2.211700383,69.7,78.3,0.02989145397,758.0,Arequipa,73.99106061677149,2.211700382502428,69.65138872886618,78.33073250467679,0.029891453968442,758.0,572,758,2.0226909200367604,2.0226909200367604,True,True,True,True,True,True,True,False,True,EN_AMBOS
rechaza_trabajo_infantil_necesidad,Departamento,ayacucho,1,Ayacucho,58.06687899,4.015040211,50.2,65.9,0.06914510097,640.0,Ayacucho,58.06687899063277,4.015040210862206,50.18879691869599,65.94496106256956,0.0691451009707255,640.0,399,640,2.0210753903062733,2.0210753903062733,True,True,True,True,True,True,True,False,True,EN_AMBOS
rechaza_trabajo_infantil_necesidad,Departamento,cajamarca,1,Cajamarca,62.36992931,2.975550754,56.5,68.2,0.0477080988799999,767.0,Cajamarca,62.36992930571216,2.975550754227815,56.5314739428987,68.20838466852561,0.047708098876349,767.0,496,767,2.004044783289145,2.004044783289145,True,True,True,True,True,True,True,False,True,EN_AMBOS
rechaza_trabajo_infantil_necesidad,Departamento,callao,1,Callao,77.2236999,2.301993852,72.7,81.7,0.02980942192,608.0,Callao,77.22369989534475,2.301993852481187,72.70685932924584,81.74054046144367,0.0298094219210022,608.0,469,608,2.0422724563012378,2.0422724563012378,True,True,True,True,True,True,True,False,True,EN_AMBOS
rechaza_trabajo_infantil_necesidad,Departamento,cusco,1,Cusco,69.21421472,2.371448688,64.6,73.9,0.03426245169,712.0,Cusco,69.21421471613482,2.3714486880061294,64.56109384751788,73.86733558475177,0.0342624516904807,712.0,504,712,2.016692199227824,2.016692199227824,True,True,True,True,True,True,True,False,True,EN_AMBOS
rechaza_trabajo_infantil_necesidad,Departamento,huancavelica,1,Huancavelica,65.6012487,2.4829986,60.7,70.5,0.03784986794,741.0,Huancavelica,65.60124869856566,2.482998600180048,60.72925097764571,70.47324641948559,0.0378498679436621,741.0,493,741,2.0057459953178687,2.0057459953178687,True,True,True,True,True,True,True,False,True,EN_AMBOS
rechaza_trabajo_infantil_necesidad,Departamento,huanuco,1,Huánuco,62.93241176,2.546785394,57.9,67.9,0.04046858087,665.0,Huánuco,62.932411756720406,2.546785394472706,57.93525523933716,67.92956827410366,0.0404685808692329,665.0,408,665,2.016692199227824,2.016692199227824,True,True,True,True,True,True,True,False,True,EN_AMBOS
rechaza_trabajo_infantil_necesidad,Departamento,ica,1,Ica,65.7255632,2.470221746,60.9,70.6,0.03758388099,695.0,Ica,65.7255632024498,2.4702217456143662,60.87863549418312,70.57249091071648,0.0375838809932372,695.0,464,695,2.026192463029109,2.026192463029109,True,True,True,True,True,True,True,False,True,EN_AMBOS
rechaza_trabajo_infantil_necesidad,Departamento,junin,1,Junín,65.77210092,2.981556281,59.9,71.6,0.04533162601,684.0,Junín,65.77210092055371,2.981556281019026,59.92186185684023,71.62233998426719,0.0453316260129877,684.0,454,684,2.0226909200367604,2.0226909200367604,True,True,True,True,True,True,True,False,True,EN_AMBOS
rechaza_trabajo_infantil_necesidad,Departamento,la libertad,1,La Libertad,70.15920477,2.36999054,65.5,74.8,0.03378017964,669.0,La Libertad,70.15920477015777,2.369990540417392,65.50894499527185,74.8094645450437,0.0337801796383169,669.0,460,669,2.0226909200367604,2.0226909200367604,True,True,True,True,True,True,True,False,True,EN_AMBOS
rechaza_trabajo_infantil_necesidad,Departamento,lambayeque,1,Lambayeque,64.2306356,3.611219137,57.1,71.3,0.0562226903599999,643.0,Lambayeque,64.23063559924636,3.6112191367636974,57.14490812329069,71.31636307520202,0.0562226903575288,643.0,432,643,2.0301079282503425,2.0301079282503425,True,True,True,True,True,True,True,False,True,EN_AMBOS
rechaza_trabajo_infantil_necesidad,Departamento,lima metropolitana,1,Lima Metropolitana,81.26331836,1.616243789,78.1,84.4,0.0198889710799999,789.0,Lima Metropolitana,81.26331835884555,1.616243788987554,78.09201731347751,84.43461940421358,0.0198889710834904,789.0,641,789,2.0210753903062733,2.0210753903062733,True,True,True,True,True,True,True,False,True,EN_AMBOS
rechaza_trabajo_infantil_necesidad,Departamento,loreto,1,Loreto,56.445498,4.000509677,48.6,64.3,0.07087384856,662.0,Loreto,56.44549799555263,4.000509676853801,48.5959269056871,64.29506908541815,0.0708738485604113,662.0,401,662,2.019540970441376,2.0210753903062733,True,True,True,True,True,True,True,False,True,EN_AMBOS
rechaza_trabajo_infantil_necesidad,Departamento,madre de dios,1,Madre de Dios,57.3054255,3.019907963,51.4,63.2,0.05269846505,616.0,Madre de Dios,57.30542549500544,3.01990796287056,51.379934956498296,63.23091603351257,0.0526984650543038,616.0,343,616,2.0301079282503425,2.0301079282503425,True,True,True,True,True,True,True,False,True,EN_AMBOS
rechaza_trabajo_infantil_necesidad,Departamento,moquegua,1,Moquegua,70.77869615,1.897903864,67.1,74.5,0.02681462032,652.0,Moquegua,70.7786961483433,1.8979038639610533,67.05473782671038,74.50265446997622,0.0268146203199799,652.0,479,652,2.0301079282503425,2.0301079282503425,True,True,True,True,True,True,True,False,True,EN_AMBOS
rechaza_trabajo_infantil_necesidad,Departamento,pasco,1,Pasco,61.37176142,2.743901268,56.0,66.8,0.04470950815,973.0,Pasco,61.3717614214749,2.7439012676160064,55.98783542116015,66.75568742178966,0.0447095081526513,973.0,613,973,1.999623584994939,1.999623584994939,True,True,True,True,True,True,True,False,True,EN_AMBOS
rechaza_trabajo_infantil_necesidad,Departamento,piura,1,Piura,80.7162718,1.991390722,76.8,84.6,0.02467149036,652.0,Piura,80.71627179620873,1.9913907215039457,76.80887891410045,84.623664678317,0.0246714903598592,652.0,527,652,2.026192463029109,2.026192463029109,True,True,True,True,True,True,True,False,True,EN_AMBOS
rechaza_trabajo_infantil_necesidad,Departamento,puno,1,Puno,65.39811596,2.521559466,60.5,70.3,0.03855706588,962.0,Puno,65.39811595537441,2.5215594655329694,60.45045631176853,70.3457755989803,0.0385570658832679,962.0,655,962,2.000995378088267,2.000995378088267,True,True,True,True,True,True,True,False,True,EN_AMBOS
rechaza_trabajo_infantil_necesidad,Departamento,region lima,1,Región Lima,74.61552887,2.188014462,70.3,78.9,0.0293238484699999,675.0,Región Lima,74.6155288666543,2.188014462361945,70.32233213541399,78.90872559789462,0.029323848474922,675.0,511,675,2.026192463029109,2.026192463029109,True,True,True,True,True,True,True,False,True,EN_AMBOS
rechaza_trabajo_infantil_necesidad,Departamento,san martin,1,San Martín,53.50981613,3.467184739,46.7,60.3,0.0647953028,641.0,San Martín,53.509816133229016,3.467184738959712,46.70670470779558,60.312927558662444,0.0647953027969129,641.0,364,641,2.0226909200367604,2.0226909200367604,True,True,True,True,True,True,True,False,True,EN_AMBOS
rechaza_trabajo_infantil_necesidad,Departamento,tacna,1,Tacna,80.36874822,2.396782184,75.7,85.1,0.02982231573,656.0,Tacna,80.36874822421484,2.396782184136835,75.66591941963581,85.07157702879388,0.029822315727131,656.0,523,656,2.0345152974493383,2.0345152974493383,True,True,True,True,True,True,True,False,True,EN_AMBOS
rechaza_trabajo_infantil_necesidad,Departamento,tumbes,1,Tumbes,73.02623233,2.536783197,68.0,78.0,0.03473797177,670.0,Tumbes,73.02623232776992,2.5367831969247536,68.04870154986726,78.00376310567256,0.03473797176799,670.0,485,670,2.0301079282503425,2.0301079282503425,True,True,True,True,True,True,True,False,True,EN_AMBOS
rechaza_trabajo_infantil_necesidad,Departamento,ucayali,1,Ucayali,61.4415557,2.912598175,55.7,67.2,0.04740436894,684.0,Ucayali,61.4415557037972,2.912598174804291,55.72662228878315,67.15648911881125,0.0474043689395756,684.0,419,684,2.0226909200367604,2.0226909200367604,True,True,True,True,True,True,True,False,True,EN_AMBOS
rechaza_trabajo_infantil_necesidad,Discapacidad,bin_0,1,No,70.77984806,0.7316550095,69.3,72.2,0.0103370525599999,16515.0,0,70.77984806287945,0.7316550094680052,69.3442364848587,72.21545964090019,0.010337052557926,16515.0,11255,16515,1.962142757779508,1.9621447606766775,True,True,True,True,True,True,True,False,True,EN_AMBOS
rechaza_trabajo_infantil_necesidad,Discapacidad,bin_1,1,Sí,72.14197533,2.177917992,67.9,76.4,0.0301893312699999,1982.0,1,72.14197532887414,2.1779179918240925,67.8685893141788,76.41536134356947,0.030189331272059,1982.0,1270,1982,1.9640483976635408,1.964970773330283,True,True,True,True,True,True,True,False,True,EN_AMBOS
rechaza_trabajo_infantil_necesidad,Etnicidad,etnicidad_1,1,Indígena andino,68.28211503,1.369207047,65.6,71.0,0.0200522061499999,5161.0,1,68.28211502834043,1.369207046803784,65.59553533755371,70.96869471912714,0.0200522061484987,5161.0,3426,5161,1.9628366422266053,1.963090286477997,True,True,True,True,True,True,True,False,True,EN_AMBOS
rechaza_trabajo_infantil_necesidad,Etnicidad,etnicidad_3,1,Indígena amazónico/nativo,49.7197796,6.024097701,37.9,61.5,0.1211609896,425.0,3,49.719779598559285,6.024097700963834,37.89963992245692,61.539919274661656,0.1211609896424076,425.0,195,425,1.978524491479245,1.9889597801751624,True,True,True,True,True,True,True,False,True,EN_AMBOS
rechaza_trabajo_infantil_necesidad,Etnicidad,etnicidad_5,1,Afrodescendiente,68.51323446,1.732197854,65.1,71.9,0.0252826752,1790.0,5,68.51323446367084,1.7321978539848288,65.1144149894333,71.91205393790837,0.0252826752020199,1790.0,1168,1790,1.96362596651301,1.9646172223304037,True,True,True,True,True,True,True,False,True,EN_AMBOS
rechaza_trabajo_infantil_necesidad,Etnicidad,etnicidad_6,1,No indígena ni afrodescendiente,74.44562765,0.8525515443,72.8,76.1,0.01145200291,8595.0,6,74.44562765242378,0.8525515442830355,72.77279981417509,76.11845549067247,0.0114520029069199,8595.0,6090,8595,1.962322551204167,1.9624695239865813,True,True,True,True,True,True,True,False,True,EN_AMBOS
rechaza_trabajo_infantil_necesidad,Etnicidad,etnicidad_9,1,No sabe,67.63696553,1.642073705,64.4,70.9,0.0242777554,2526.0,9,67.6369655251362,1.6420737048137592,64.41498249749571,70.8589485527767,0.0242777553969878,2526.0,1646,2526,1.9629115987173988,1.963453590097576,True,True,True,True,True,True,True,False,True,EN_AMBOS
rechaza_trabajo_infantil_necesidad,Lengua materna,idioma_1,1,Castellano,72.24633066,0.7167214914,70.8,73.7,0.009920524473,17209.0,1,72.24633066466352,0.7167214914295087,70.84002078091018,73.65264054841685,0.0099205244728098,17209.0,11858,17209,1.9621649940614452,1.9621960580489897,True,True,True,True,True,True,True,False,True,EN_AMBOS
rechaza_trabajo_infantil_necesidad,Lengua materna,idioma_3,1,Quechua/Aymara,52.70263805,2.626306529,47.5,57.9,0.04983254399,943.0,3,52.702638053718346,2.626306529134653,47.54944971786775,57.85582638956895,0.0498325439887417,943.0,511,943,1.967404973747932,1.9701100622681027,True,True,True,True,True,True,True,False,True,EN_AMBOS
rechaza_trabajo_infantil_necesidad,Lengua materna,idioma_4,1,Otra lengua nativa,34.72580805,4.426279895,26.0,43.4,0.1274636976,273.0,4,34.72580804534147,4.426279894623604,26.040815006200724,43.41080108448222,0.1274636975716796,273.0,109,273,2.00957523712924,2.032244509317718,True,True,True,True,True,True,True,False,True,EN_AMBOS
rechaza_trabajo_infantil_necesidad,Nacional,national_single,1,Total,70.93520638,0.7268345173,69.5,72.4,0.01024645665,18497.0,Total,70.9352063800757,0.7268345173487676,69.50905183998086,72.36136092017055,0.0102464566530523,18497.0,12525,18497,1.962142757779508,1.9621447606766775,True,True,True,True,True,True,True,False,True,EN_AMBOS
rechaza_trabajo_infantil_necesidad,Sexo,sexo_1,1,Mujer,76.94656656,0.996609966,75.0,78.9,0.01295197447,9462.0,1,76.94656656196929,0.9966099660304596,74.99099701189567,78.9021361120429,0.0129519744747523,9462.0,7000,9462,1.962202376365632,1.962221547776332,True,True,True,True,True,True,True,False,True,EN_AMBOS
rechaza_trabajo_infantil_necesidad,Sexo,sexo_2,1,Hombre,64.61303701,1.004608742,62.6,66.6,0.01554808113,9035.0,2,64.61303701212903,1.0046087418041858,62.641700856899575,66.58437316735848,0.015548081134394,9035.0,5525,9035,1.9622476264013184,1.962292455955648,True,True,True,True,True,True,True,False,True,EN_AMBOS
rechaza_trabajo_infantil_necesidad,Tipo de hogar,hogar_1,1,Biparental,71.69262292,0.8104814613,70.1,73.3,0.01130494922,13247.0,1,71.69262292051597,0.8104814613165489,70.10233607967825,73.2829097613537,0.0113049492165339,13247.0,9051,13247,1.962142757779508,1.9621507915239005,True,True,True,True,True,True,True,False,True,EN_AMBOS
rechaza_trabajo_infantil_necesidad,Tipo de hogar,hogar_2,1,Monoparental,71.07596016,1.210351687,68.7,73.5,0.01702898821,4324.0,2,71.07596015591064,1.210351687160827,68.70059622857083,73.45132408325044,0.0170289882050953,4324.0,2920,4324,1.962322551204167,1.9625402703505064,True,True,True,True,True,True,True,False,True,EN_AMBOS
rechaza_trabajo_infantil_necesidad,Tipo de hogar,hogar_3,1,Sin figuras parentales,58.34612851,2.973087876,52.5,64.2,0.05095604373,909.0,3,58.34612851289229,2.973087875924295,52.50036465180528,64.19189237397931,0.05095604372906,909.0,545,909,1.9642398045825584,1.96622639661118,True,True,True,True,True,True,True,False,True,EN_AMBOS
rechaza_trabajo_infantil_necesidad,Área,area_1,1,Urbano,74.64849518,0.7508418021,73.2,76.1,0.0100583648799999,15310.0,1,74.6484951803252,0.7508418021285539,73.17523637604053,76.12175398460985,0.0100583648781502,15310.0,10719,15310,1.9630738928941311,1.9630738928941311,True,True,True,True,True,True,True,False,True,EN_AMBOS
rechaza_trabajo_infantil_necesidad,Área,area_2,1,Rural,57.0221252,1.506550158,54.1,60.0,0.0264204491199999,3187.0,2,57.02212520037824,1.506550157597069,54.066058719417576,59.9781916813389,0.0264204491204595,3187.0,1806,3187,1.967850227366019,1.9678765312856947,True,True,True,True,True,True,True,False,True,EN_AMBOS
rechaza_trabajo_infantil_necesidad,Área y sexo,area_1_sexo_1,1,Urbano Mujer,80.49887418,1.095988757,78.3,82.6,0.01361495758,7868.0,Urbano Mujer,80.4988741799972,1.095988756810533,78.34838777821365,82.64936058178077,0.0136149575751814,7868.0,6006,7868,1.9631967955598617,1.9631967955598617,True,True,True,True,True,True,True,False,True,EN_AMBOS
rechaza_trabajo_infantil_necesidad,Área y sexo,area_1_sexo_2,1,Urbano Hombre,68.34986508,1.106296698,66.2,70.5,0.01618579199,7442.0,Urbano Hombre,68.34986507916005,1.1062966984512626,66.17915302433853,70.52057713398158,0.0161857919861289,7442.0,4713,7442,1.9632873744486168,1.9632920368193776,True,True,True,True,True,True,True,False,True,EN_AMBOS
rechaza_trabajo_infantil_necesidad,Área y sexo,area_2_sexo_1,1,Rural Mujer,62.88369635,1.86442083,59.2,66.5,0.0296487156099999,1594.0,Rural Mujer,62.88369634572061,1.8644208296740852,59.225436517322336,66.54195617411888,0.0296487156134065,1594.0,994,1594,1.967850227366019,1.9680934526838216,True,True,True,True,True,True,True,False,True,EN_AMBOS
rechaza_trabajo_infantil_necesidad,Área y sexo,area_2_sexo_2,1,Rural Hombre,51.37486847,1.979712235,47.5,55.3,0.03853464337,1593.0,Rural Hombre,51.37486846934084,1.9797122346717413,47.4903904455922,55.25934649308948,0.0385346433704872,1593.0,812,1593,1.9678765312856947,1.9684119005009904,True,True,True,True,True,True,True,False,True,EN_AMBOS
recibio_ayuda_escuela,Nacional,national_single,1,Total,96.1,0.6,94.8,97.0,0.006,3654.0,Total,96.05873420830218,0.5632224591994112,94.79232658045945,97.02683484366366,0.0058633133555358,3654.0,3654,3823,1.9622833497895968,1.9622993326434304,True,True,True,True,True,True,True,False,True,EN_AMBOS
recibio_ayuda_escuela_victimas,Nacional,national_single,1,Total,46.5,1.0,44.5,48.5,0.022,3654.0,Total,46.52478603935708,1.026505439414945,44.51047510063828,48.53909697807588,0.0220636251512599,3654.0,3654,8040,1.9621649940614452,1.9622993326434304,True,True,True,True,True,True,True,False,True,EN_AMBOS
recibio_ayuda_hogar,Nacional,national_single,1,Total,95.4,0.9,93.4,96.8,0.009,2131.0,Total,95.3783722594631,0.8530541332813155,93.38496878155794,96.79171189836282,0.0089438948586866,2131.0,2131,2230,1.962675738642432,1.96271984188672,True,True,True,True,True,True,True,False,True,EN_AMBOS
recibio_ayuda_hogar_victimas,Nacional,national_single,1,Total,35.9,1.2,33.6,38.3,0.033,2131.0,Total,35.88731555300366,1.1983857014199977,33.570660004584646,38.271735068863705,0.0333930159710621,2131.0,2131,6185,1.9622044904276708,1.96271984188672,True,True,True,True,True,True,True,False,True,EN_AMBOS
recibio_ayuda_institucional_vs,Nacional,national_single,1,Total,68.9,8.3,50.8,82.6,0.12,132.0,Total,68.88390073127024,8.262470524453857,50.79579365630599,82.60029285954586,0.1199477735253029,132.0,132,161,1.9789706019906144,1.9844674545084813,True,True,True,True,True,True,True,False,True,EN_AMBOS
recibio_ayuda_vs,Nacional,national_single,1,Total,93.8,1.1,91.1,95.6,0.012,1323.0,Total,93.76647064764413,1.1271956315841956,91.15118059480652,95.64572927384586,0.0120213080837816,1323.0,1323,1417,1.9632056306564256,1.9633441998181376,True,True,True,True,True,True,True,False,True,EN_AMBOS
recibio_ayuda_vs_victimas,Nacional,national_single,1,Total,37.3,1.7,34.1,40.6,0.044,1323.0,Total,37.32548078646752,1.6578539632572646,34.070542823560864,40.58041874937419,0.0444161449049123,1323.0,1323,3424,1.9624304486435091,1.9633441998181376,True,True,True,True,True,True,True,False,True,EN_AMBOS
reconoce_derecho_denunciar,Departamento,amazonas,1,Amazonas,86.79081543,2.337864499,82.2,91.4,0.02693677306,897.0,Amazonas,86.79081543137792,2.337864499217895,82.20359153556771,91.37803932718812,0.0269367730628865,897.0,792,897,2.000995378088267,2.000995378088267,True,True,True,True,True,True,True,False,True,EN_AMBOS
reconoce_derecho_denunciar,Departamento,ancash,1,Áncash,94.2896681,1.052375833,92.2,96.4,0.01116109383,699.0,Áncash,94.28966810401069,1.0523758327047,92.22475648540696,96.3545797226144,0.0111610938278394,699.0,658,699,2.016692199227824,2.016692199227824,True,True,True,True,True,True,True,False,True,EN_AMBOS
reconoce_derecho_denunciar,Departamento,apurimac,1,Apurímac,93.43006688,1.069389711,91.3,95.5,0.0114458840299999,684.0,Apurímac,93.43006688279816,1.0693897105062249,91.33177160708443,95.52836215851188,0.0114458840305412,684.0,648,684,2.016692199227824,2.016692199227824,True,True,True,True,True,True,True,False,True,EN_AMBOS
reconoce_derecho_denunciar,Departamento,arequipa,1,Arequipa,94.67735578,0.8669068707,93.0,96.4,0.009156433062,758.0,Arequipa,94.67735578490375,0.8669068707249231,92.97636074684156,96.37835082296596,0.0091564330619291,758.0,716,758,2.0226909200367604,2.0226909200367604,True,True,True,True,True,True,True,False,True,EN_AMBOS
reconoce_derecho_denunciar,Departamento,ayacucho,1,Ayacucho,94.96517693,0.8057151799,93.4,96.5,0.008484322422,639.0,Ayacucho,94.96517692663434,0.8057151799214731,93.38424872151842,96.54610513175028,0.0084843224221435,639.0,602,639,2.0210753903062733,2.0210753903062733,True,True,True,True,True,True,True,False,True,EN_AMBOS
reconoce_derecho_denunciar,Departamento,cajamarca,1,Cajamarca,94.10318392,0.9138255701,92.3,95.9,0.009710888963,773.0,Cajamarca,94.10318392381927,0.913825570136744,92.31012769950176,95.89624014813684,0.00971088896287,773.0,729,773,2.004044783289145,2.004044783289145,True,True,True,True,True,True,True,False,True,EN_AMBOS
reconoce_derecho_denunciar,Departamento,callao,1,Callao,96.8906749,0.7870480631,95.3,98.4,0.008123052749,608.0,Callao,96.89067489758304,0.7870480631102605,95.34637424052686,98.43497555463922,0.0081230527493197,608.0,585,608,2.0422724563012378,2.0422724563012378,True,True,True,True,True,True,True,False,True,EN_AMBOS
reconoce_derecho_denunciar,Departamento,cusco,1,Cusco,95.90561691,0.8457543147,94.2,97.6,0.008818610859,713.0,Cusco,95.9056169110172,0.8457543146990817,94.24612620756962,97.56510761446476,0.0088186108586714,713.0,678,713,2.016692199227824,2.016692199227824,True,True,True,True,True,True,True,False,True,EN_AMBOS
reconoce_derecho_denunciar,Departamento,huancavelica,1,Huancavelica,92.38819834,1.520600316,89.4,95.4,0.01645881556,756.0,Huancavelica,92.3881983374948,1.5206003164561153,89.40456343908319,95.37183323590638,0.0164588155610671,756.0,701,756,2.0057459953178687,2.0057459953178687,True,True,True,True,True,True,True,False,True,EN_AMBOS
reconoce_derecho_denunciar,Departamento,huanuco,1,Huánuco,92.45632257,2.047622591,88.4,96.5,0.0221469179599999,676.0,Huánuco,92.45632256887934,2.0476225909789707,88.43859473132424,96.47405040643444,0.0221469179617597,676.0,628,676,2.016692199227824,2.016692199227824,True,True,True,True,True,True,True,False,True,EN_AMBOS
reconoce_derecho_denunciar,Departamento,ica,1,Ica,94.04371993,0.9788124292,92.1,96.0,0.01040805734,699.0,Ica,94.0437199338792,0.97881242923623,92.12315021462877,95.96428965312964,0.0104080573367835,699.0,656,699,2.026192463029109,2.026192463029109,True,True,True,True,True,True,True,False,True,EN_AMBOS
reconoce_derecho_denunciar,Departamento,junin,1,Junín,93.41578942,1.301699889,90.9,96.0,0.0139344739999999,685.0,Junín,93.4157894203,1.3016998887242068,90.8616684108374,95.9699104297626,0.0139344739984752,685.0,643,685,2.0226909200367604,2.0226909200367604,True,True,True,True,True,True,True,False,True,EN_AMBOS
reconoce_derecho_denunciar,Departamento,la libertad,1,La Libertad,95.19876879,0.9373159218,93.4,97.0,0.009845882817,678.0,La Libertad,95.19876878676462,0.9373159218252368,93.3596211390038,97.03791643452544,0.0098458828172949,678.0,638,678,2.0226909200367604,2.0226909200367604,True,True,True,True,True,True,True,False,True,EN_AMBOS
reconoce_derecho_denunciar,Departamento,lambayeque,1,Lambayeque,90.23264624,2.149483668,86.0,94.5,0.0238215741,642.0,Lambayeque,90.2326462413332,2.1494836683510945,86.01505242851277,94.45024005415364,0.0238215740963881,642.0,595,642,2.0301079282503425,2.0301079282503425,True,True,True,True,True,True,True,False,True,EN_AMBOS
reconoce_derecho_denunciar,Departamento,lima metropolitana,1,Lima Metropolitana,95.14600417,0.9382296754,93.3,97.0,0.009860946695,794.0,Lima Metropolitana,95.14600416992718,0.938229675403458,93.30506360720048,96.9869447326539,0.0098609466954367,794.0,759,794,2.0210753903062733,2.0210753903062733,True,True,True,True,True,True,True,False,True,EN_AMBOS
reconoce_derecho_denunciar,Departamento,loreto,1,Loreto,92.96429568,0.8327153411,91.3,94.6,0.008957367288,660.0,Loreto,92.96429568430251,0.8327153411407764,91.33038930839128,94.5982020602138,0.0089573672882823,660.0,614,660,2.019540970441376,2.019540970441376,True,True,True,True,True,True,True,False,True,EN_AMBOS
reconoce_derecho_denunciar,Departamento,madre de dios,1,Madre de Dios,93.03590198,1.448847844,90.2,95.9,0.01557299723,628.0,Madre de Dios,93.0359019768252,1.4488478437018166,90.19305567318122,95.87874828046915,0.0155729972292063,628.0,585,628,2.0301079282503425,2.0301079282503425,True,True,True,True,True,True,True,False,True,EN_AMBOS
reconoce_derecho_denunciar,Departamento,moquegua,1,Moquegua,94.30094434,0.9842233619,92.4,96.2,0.01043704672,660.0,Moquegua,94.30094434315372,0.9842233618927724,92.3697576015784,96.23213108472902,0.0104370467204576,660.0,619,660,2.0301079282503425,2.0301079282503425,True,True,True,True,True,True,True,False,True,EN_AMBOS
reconoce_derecho_denunciar,Departamento,pasco,1,Pasco,96.09245634,0.8106098537,94.5,97.7,0.008435728303,980.0,Pasco,96.09245633853874,0.810609853686216,94.50192408474362,97.68298859233386,0.008435728303483,980.0,939,980,1.999623584994939,1.999623584994939,True,True,True,True,True,True,True,False,True,EN_AMBOS
reconoce_derecho_denunciar,Departamento,piura,1,Piura,95.81099609,1.176644832,93.5,98.1,0.01228089551,648.0,Piura,95.8109960929914,1.1766448317932428,93.50225095780958,98.11974122817318,0.0122808955106909,648.0,616,648,2.026192463029109,2.026192463029109,True,True,True,True,True,True,True,False,True,EN_AMBOS
reconoce_derecho_denunciar,Departamento,puno,1,Puno,93.61699934,1.231642302,91.2,96.0,0.01315618221,967.0,Puno,93.6169993362292,1.231642301623376,91.200341313924,96.0336573585344,0.0131561822142993,967.0,912,967,2.000995378088267,2.000995378088267,True,True,True,True,True,True,True,False,True,EN_AMBOS
reconoce_derecho_denunciar,Departamento,region lima,1,Región Lima,95.39765101,0.8697657176,93.7,97.1,0.009117265555,674.0,Región Lima,95.39765100713366,0.8697657175532071,93.69104650347174,97.1042555107956,0.0091172655549785,674.0,642,674,2.026192463029109,2.026192463029109,True,True,True,True,True,True,True,False,True,EN_AMBOS
reconoce_derecho_denunciar,Departamento,san martin,1,San Martín,92.36354716,1.676274557,89.1,95.7,0.01814865939,637.0,San Martín,92.36354715912464,1.6762745574929037,89.0744571760899,95.6526371421594,0.0181486593905386,637.0,599,637,2.0226909200367604,2.0226909200367604,True,True,True,True,True,True,True,False,True,EN_AMBOS
reconoce_derecho_denunciar,Departamento,tacna,1,Tacna,94.72268926,1.053892036,92.7,96.8,0.0111260780799999,654.0,Tacna,94.722689258183,1.05389203646912,92.6548026313436,96.79057588502236,0.011126078078258,654.0,622,654,2.0345152974493383,2.0345152974493383,True,True,True,True,True,True,True,False,True,EN_AMBOS
reconoce_derecho_denunciar,Departamento,tumbes,1,Tumbes,93.86785427,1.568718057,90.8,96.9,0.01671198377,674.0,Tumbes,93.86785427389458,1.5687180568188248,90.78980549970956,96.9459030480796,0.0167119837664713,674.0,630,674,2.0301079282503425,2.0301079282503425,True,True,True,True,True,True,True,False,True,EN_AMBOS
reconoce_derecho_denunciar,Departamento,ucayali,1,Ucayali,90.38439633,1.86616979,86.7,94.0,0.0206470349499999,686.0,Ucayali,90.38439633183368,1.866169789906692,86.72270479378135,94.046087869886,0.0206470349489895,686.0,632,686,2.0226909200367604,2.0226909200367604,True,True,True,True,True,True,True,False,True,EN_AMBOS
reconoce_derecho_denunciar,Discapacidad,bin_0,1,No,94.51529782,0.3545877767,93.8,95.2,0.003751644282,16584.0,0,94.51529782249064,0.3545877766592709,93.81954598452153,95.21104966045978,0.0037516442822327,16584.0,15601,16584,1.962142757779508,1.962142757779508,True,True,True,True,True,True,True,False,True,EN_AMBOS
reconoce_derecho_denunciar,Discapacidad,bin_1,1,Sí,92.1125297,1.111633516,89.9,94.3,0.01206821178,1985.0,1,92.11252970367092,1.111633515916343,89.9290824664772,94.29597694086466,0.0120682117784899,1985.0,1837,1985,1.9640483976635408,1.9641790265687291,True,True,True,True,True,True,True,False,True,EN_AMBOS
reconoce_derecho_denunciar,Etnicidad,etnicidad_1,1,Indígena andino,93.38362599,0.6636830096,92.1,94.7,0.007107059751,5188.0,1,93.38362598737476,0.6636830096487893,92.08138517653109,94.68586679821844,0.0071070597509087,5188.0,4858,5188,1.9628366422266053,1.9629006520454932,True,True,True,True,True,True,True,False,True,EN_AMBOS
reconoce_derecho_denunciar,Etnicidad,etnicidad_3,1,Indígena amazónico/nativo,90.87818211,2.078649279,86.8,95.0,0.02287291878,427.0,3,90.87818210856612,2.078649278591856,86.7995754806135,94.95678873651872,0.0228729187838356,427.0,373,427,1.978524491479245,1.9795998784866224,True,True,True,True,True,True,True,False,True,EN_AMBOS
reconoce_derecho_denunciar,Etnicidad,etnicidad_5,1,Afrodescendiente,94.19874747,0.9229469491,92.4,96.0,0.009797868591,1791.0,5,94.19874746873164,0.9229469491077404,92.38779379672518,96.00970114073807,0.009797868590706,1791.0,1675,1791,1.96362596651301,1.9637668545841729,True,True,True,True,True,True,True,False,True,EN_AMBOS
reconoce_derecho_denunciar,Etnicidad,etnicidad_6,1,No indígena ni afrodescendiente,94.84996501,0.4197740391,94.0,95.7,0.004425663615,8630.0,6,94.84996501391691,0.4197740390559765,94.0263084232794,95.67362160455446,0.0044256636151039,8630.0,8145,8630,1.962322551204167,1.9623606767360355,True,True,True,True,True,True,True,False,True,EN_AMBOS
reconoce_derecho_denunciar,Etnicidad,etnicidad_9,1,No sabe,93.97863965,0.7414795196,92.5,95.4,0.007889872872,2533.0,9,93.9786396546785,0.7414795195840935,92.52375098528474,95.43352832407226,0.0078898728722679,2533.0,2387,2533,1.9629115987173988,1.9630022003282483,True,True,True,True,True,True,True,False,True,EN_AMBOS
reconoce_derecho_denunciar,Lengua materna,idioma_1,1,Castellano,94.62803352,0.3231905922,94.0,95.3,0.003415378933,17282.0,1,94.6280335198241,0.3231905921717726,93.9938874400118,95.26217959963644,0.003415378933179,17282.0,16315,17282,1.9621649940614452,1.9621711374946107,True,True,True,True,True,True,True,False,True,EN_AMBOS
reconoce_derecho_denunciar,Lengua materna,idioma_3,1,Quechua/Aymara,89.07018914,1.999796226,85.1,93.0,0.022451914,945.0,3,89.07018913705343,1.9997962262989808,85.1463034545861,92.99407481952076,0.0224519139980927,945.0,847,945,1.967404973747932,1.967850227366019,True,True,True,True,True,True,True,False,True,EN_AMBOS
reconoce_derecho_denunciar,Lengua materna,idioma_4,1,Otra lengua nativa,82.93491597,4.161951826,74.8,91.1,0.05018334892,270.0,4,82.93491597114644,4.161951825835815,74.7685723378555,91.10125960443736,0.050183348920059,270.0,212,270,2.00957523712924,2.011740513729765,True,True,True,True,True,True,True,False,True,EN_AMBOS
reconoce_derecho_denunciar,Nacional,national_single,1,Total,94.24159652,0.3224561404,93.6,94.9,0.003421590383,18569.0,Total,94.2415965210826,0.3224561403816681,93.60889154053118,94.87430150163402,0.0034215903834941,18569.0,17438,18569,1.962142757779508,1.962142757779508,True,True,True,True,True,True,True,False,True,EN_AMBOS
reconoce_derecho_denunciar,Sexo,sexo_1,1,Mujer,94.79263561,0.4491401725,93.9,95.7,0.004738133607,9493.0,1,94.7926356088184,0.4491401724842661,93.9113316950485,95.67393952258828,0.0047381336071056,9493.0,8982,9493,1.962202376365632,1.962202376365632,True,True,True,True,True,True,True,False,True,EN_AMBOS
reconoce_derecho_denunciar,Sexo,sexo_2,1,Hombre,93.66209529,0.5081032916,92.7,94.7,0.005424855061,9076.0,2,93.66209528579232,0.5081032915881962,92.66507080790667,94.65911976367796,0.0054248550605003,9076.0,8456,9076,1.9622476264013184,1.9622476264013184,True,True,True,True,True,True,True,False,True,EN_AMBOS
reconoce_derecho_denunciar,Tipo de hogar,hogar_1,1,Biparental,94.16578862,0.3845903647,93.4,94.9,0.004084183548,13293.0,1,94.16578862477428,0.3845903646506686,93.41116742606316,94.92040982348536,0.0040841835476274,13293.0,12459,13293,1.962142757779508,1.962142757779508,True,True,True,True,True,True,True,False,True,EN_AMBOS
reconoce_derecho_denunciar,Tipo de hogar,hogar_2,1,Monoparental,94.50524375,0.6950786477,93.1,95.9,0.007354921485,4341.0,2,94.50524374509166,0.6950786476806157,93.14140021045796,95.86908727972536,0.0073549214851553,4341.0,4103,4341,1.962322551204167,1.962370401490364,True,True,True,True,True,True,True,False,True,EN_AMBOS
reconoce_derecho_denunciar,Tipo de hogar,hogar_3,1,Sin figuras parentales,94.00999171,1.285830801,91.5,96.5,0.0136775972199999,919.0,3,94.0099917109603,1.2858308010651238,91.48700811692056,96.53297530500004,0.013677597217735,919.0,860,919,1.9642398045825584,1.9644928544487328,True,True,True,True,True,True,True,False,True,EN_AMBOS
reconoce_derecho_denunciar,Área,area_1,1,Urbano,94.95259603,0.3504784314,94.3,95.6,0.003691088459,15391.0,1,94.95259603118708,0.3504784314034236,94.26458097247652,95.6406110898976,0.0036910884594277,15391.0,14536,15391,1.9630738928941311,1.9630738928941311,True,True,True,True,True,True,True,False,True,EN_AMBOS
reconoce_derecho_denunciar,Área,area_2,1,Rural,91.54666395,0.7675268398,90.0,93.1,0.008383995731,3178.0,2,91.54666395251658,0.7675268398050847,90.03628608629663,93.05704181873654,0.0083839957314357,3178.0,2902,3178,1.967850227366019,1.967850227366019,True,True,True,True,True,True,True,False,True,EN_AMBOS
reconoce_derecho_denunciar,Área y sexo,area_1_sexo_1,1,Urbano Mujer,95.35067198,0.5181957804,94.3,96.4,0.005434631656,7899.0,Urbano Mujer,95.35067198023653,0.5181957803507042,94.33389788270948,96.36744607776356,0.0054346316558535,7899.0,7512,7899,1.9631967955598617,1.9631967955598617,True,True,True,True,True,True,True,False,True,EN_AMBOS
reconoce_derecho_denunciar,Área y sexo,area_1_sexo_2,1,Urbano Hombre,94.52492783,0.5575592729,93.4,95.6,0.00589854217,7492.0,Urbano Hombre,94.5249278277246,0.5575592728890991,93.43091693839244,95.61893871705676,0.0058985421697996,7492.0,7024,7492,1.9632873744486168,1.9632873744486168,True,True,True,True,True,True,True,False,True,EN_AMBOS
reconoce_derecho_denunciar,Área y sexo,area_2_sexo_1,1,Rural Mujer,92.56779061,0.8556617519,90.9,94.2,0.0092436229299999,1594.0,Rural Mujer,92.56779061457206,0.8556617518728098,90.8888601050259,94.24672112411822,0.0092436229296598,1594.0,1470,1594,1.967850227366019,1.967850227366019,True,True,True,True,True,True,True,False,True,EN_AMBOS
reconoce_derecho_denunciar,Área y sexo,area_2_sexo_2,1,Rural Hombre,90.55618324,1.154979373,88.3,92.8,0.01275428504,1584.0,Rural Hombre,90.55618323989124,1.1549793727578828,88.28994882824962,92.82241765153282,0.0127542850353823,1584.0,1432,1584,1.9678765312856947,1.9678765312856947,True,True,True,True,True,True,True,False,True,EN_AMBOS
reconoce_derecho_opinar,Departamento,amazonas,1,Amazonas,87.30331888,2.231528525,82.9,91.7,0.02556063794,907.0,Amazonas,87.30331888326536,2.231528524781521,82.92474134958691,91.6818964169438,0.0255606379382361,907.0,811,907,2.000995378088267,2.000995378088267,True,True,True,True,True,True,True,False,True,EN_AMBOS
reconoce_derecho_opinar,Departamento,ancash,1,Áncash,92.94306215,1.165686014,90.7,95.2,0.0125419368199999,701.0,Áncash,92.9430621482486,1.1656860135619724,90.6558197788931,95.23030451760408,0.0125419368225962,701.0,652,701,2.016692199227824,2.016692199227824,True,True,True,True,True,True,True,False,True,EN_AMBOS
reconoce_derecho_opinar,Departamento,apurimac,1,Apurímac,93.64574859,1.614902155,90.5,96.8,0.01724479946,694.0,Apurímac,93.64574858989216,1.6149021549781606,90.47708002197923,96.81441715780508,0.0172447994628179,694.0,661,694,2.016692199227824,2.016692199227824,True,True,True,True,True,True,True,False,True,EN_AMBOS
reconoce_derecho_opinar,Departamento,arequipa,1,Arequipa,97.02266838,0.7739975763,95.5,98.5,0.00797749216,760.0,Arequipa,97.02266837924395,0.7739975763364456,95.50397464029648,98.5413621181914,0.007977492159987,760.0,738,760,2.0226909200367604,2.0226909200367604,True,True,True,True,True,True,True,False,True,EN_AMBOS
reconoce_derecho_opinar,Departamento,ayacucho,1,Ayacucho,94.65793125,1.108681934,92.5,96.8,0.01171250965,641.0,Ayacucho,94.65793125121644,1.108681933636965,92.4825390244497,96.8333234779832,0.0117125096543108,641.0,606,641,2.0210753903062733,2.0210753903062733,True,True,True,True,True,True,True,False,True,EN_AMBOS
reconoce_derecho_opinar,Departamento,cajamarca,1,Cajamarca,93.96411273,1.270282444,91.5,96.5,0.01351880422,777.0,Cajamarca,93.96411273044542,1.2702824441340408,91.47163723235336,96.45658822853748,0.0135188042245244,777.0,739,777,2.004044783289145,2.004044783289145,True,True,True,True,True,True,True,False,True,EN_AMBOS
reconoce_derecho_opinar,Departamento,callao,1,Callao,97.87415913,0.6498495212,96.6,99.1,0.006639643467,610.0,Callao,97.87415912827704,0.6498495212190146,96.59906159657066,99.1492566599834,0.0066396434667428,610.0,598,610,2.0422724563012378,2.0422724563012378,True,True,True,True,True,True,True,False,True,EN_AMBOS
reconoce_derecho_opinar,Departamento,cusco,1,Cusco,93.70762252,1.285615742,91.2,96.2,0.01371943613,714.0,Cusco,93.70762251832988,1.285615742158603,91.18506090056606,96.23018413609373,0.0137194361313256,714.0,673,714,2.016692199227824,2.016692199227824,True,True,True,True,True,True,True,False,True,EN_AMBOS
reconoce_derecho_opinar,Departamento,huancavelica,1,Huancavelica,92.1045082,1.958210127,88.3,95.9,0.02126074136,763.0,Huancavelica,92.10450819970558,1.9582101266928476,88.26222038140472,95.94679601800644,0.0212607413574909,763.0,724,763,2.0057459953178687,2.0057459953178687,True,True,True,True,True,True,True,False,True,EN_AMBOS
reconoce_derecho_opinar,Departamento,huanuco,1,Huánuco,90.12834288,1.968982987,86.3,94.0,0.02184643503,684.0,Huánuco,90.1283428832658,1.968982986791152,86.26491717554246,93.99176859098912,0.0218464350258983,684.0,627,684,2.016692199227824,2.016692199227824,True,True,True,True,True,True,True,False,True,EN_AMBOS
reconoce_derecho_opinar,Departamento,ica,1,Ica,94.00691583,0.9856746269,92.1,95.9,0.01048512887,710.0,Ica,94.00691582812864,0.9856746269430676,92.07288149734528,95.94095015891202,0.0104851288680203,710.0,662,710,2.026192463029109,2.026192463029109,True,True,True,True,True,True,True,False,True,EN_AMBOS
reconoce_derecho_opinar,Departamento,junin,1,Junín,92.71842149,1.912087935,89.0,96.5,0.02062252467,691.0,Junín,92.71842148858008,1.912087934788807,88.96663199509666,96.47021098206352,0.0206225246729886,691.0,649,691,2.0226909200367604,2.0226909200367604,True,True,True,True,True,True,True,False,True,EN_AMBOS
reconoce_derecho_opinar,Departamento,la libertad,1,La Libertad,95.27117246,0.9441617184,93.4,97.1,0.009910256104,681.0,La Libertad,95.27117246469405,0.9441617184469748,93.41859238667064,97.12375254271744,0.0099102561039318,681.0,644,681,2.0226909200367604,2.0226909200367604,True,True,True,True,True,True,True,False,True,EN_AMBOS
reconoce_derecho_opinar,Departamento,lambayeque,1,Lambayeque,90.38376836,2.520625685,85.4,95.3,0.02788803489,649.0,Lambayeque,90.38376835638977,2.520625685431574,85.43794092264719,95.32959579013232,0.027888034890209,649.0,600,649,2.0301079282503425,2.0301079282503425,True,True,True,True,True,True,True,False,True,EN_AMBOS
reconoce_derecho_opinar,Departamento,lima metropolitana,1,Lima Metropolitana,97.12223518,0.5335322371,96.1,98.2,0.0054934097849999,795.0,Lima Metropolitana,97.12223518427156,0.5335322370699576,96.07536876926284,98.16910159928028,0.0054934097846664,795.0,771,795,2.0210753903062733,2.0210753903062733,True,True,True,True,True,True,True,False,True,EN_AMBOS
reconoce_derecho_opinar,Departamento,loreto,1,Loreto,93.82677149,1.165904684,91.5,96.1,0.01242614091,670.0,Loreto,93.82677148734436,1.1659046836301128,91.5391000560983,96.11444291859036,0.0124261409099787,670.0,626,670,2.019540970441376,2.019540970441376,True,True,True,True,True,True,True,False,True,EN_AMBOS
reconoce_derecho_opinar,Departamento,madre de dios,1,Madre de Dios,91.91543315,1.492958326,89.0,94.8,0.0162427383,640.0,Madre de Dios,91.91543314517592,1.492958326304001,88.98603577755192,94.84483051279994,0.0162427382999538,640.0,588,640,2.0301079282503425,2.0301079282503425,True,True,True,True,True,True,True,False,True,EN_AMBOS
reconoce_derecho_opinar,Departamento,moquegua,1,Moquegua,98.14374013,0.6223832348,96.9,99.4,0.006341547958,669.0,Moquegua,98.14374013224584,0.6223832348144525,96.9225353754913,99.3649448890004,0.006341547957881,669.0,655,669,2.0301079282503425,2.0301079282503425,True,True,True,True,True,True,True,False,True,EN_AMBOS
reconoce_derecho_opinar,Departamento,pasco,1,Pasco,95.59994979,0.8725501223,93.9,97.3,0.009127098123,983.0,Pasco,95.599949791574,0.8725501223283095,93.88788188824788,97.31201769490012,0.0091270981232797,983.0,933,983,1.999623584994939,1.999623584994939,True,True,True,True,True,True,True,False,True,EN_AMBOS
reconoce_derecho_opinar,Departamento,piura,1,Piura,93.78495274,1.296315406,91.2,96.3,0.013822211,656.0,Piura,93.7849527372002,1.2963154056205268,91.24139685226388,96.32850862213652,0.0138222110027927,656.0,614,656,2.026192463029109,2.026192463029109,True,True,True,True,True,True,True,False,True,EN_AMBOS
reconoce_derecho_opinar,Departamento,puno,1,Puno,95.5752911,0.8446662077,93.9,97.2,0.008837704788,977.0,Puno,95.5752910953212,0.8446662077053784,93.917935413131,97.23264677751138,0.0088377047877673,977.0,934,977,2.000995378088267,2.000995378088267,True,True,True,True,True,True,True,False,True,EN_AMBOS
reconoce_derecho_opinar,Departamento,region lima,1,Región Lima,96.43362196,0.6982643969,95.1,97.8,0.007240881164,679.0,Región Lima,96.43362196233352,0.698264396872971,95.06352753299396,97.8037163916731,0.007240881164307,679.0,656,679,2.026192463029109,2.026192463029109,True,True,True,True,True,True,True,False,True,EN_AMBOS
reconoce_derecho_opinar,Departamento,san martin,1,San Martín,95.1695939,0.9573049943,93.3,97.0,0.01005893747,647.0,San Martín,95.16959390222289,0.9573049942721344,93.29122484072566,97.0479629637201,0.0100589374717272,647.0,611,647,2.0226909200367604,2.0226909200367604,True,True,True,True,True,True,True,False,True,EN_AMBOS
reconoce_derecho_opinar,Departamento,tacna,1,Tacna,95.73676228,0.9535297421,93.9,97.6,0.009959912153,655.0,Tacna,95.7367622799471,0.9535297421090224,93.86580080214053,97.60772375775367,0.0099599121528757,655.0,631,655,2.0345152974493383,2.0345152974493383,True,True,True,True,True,True,True,False,True,EN_AMBOS
reconoce_derecho_opinar,Departamento,tumbes,1,Tumbes,92.24472771,1.514455169,89.3,95.2,0.01641779651,672.0,Tumbes,92.24472770747234,1.5144551686953442,89.27315046623502,95.21630494870963,0.016417796510799,672.0,621,672,2.0301079282503425,2.0301079282503425,True,True,True,True,True,True,True,False,True,EN_AMBOS
reconoce_derecho_opinar,Departamento,ucayali,1,Ucayali,92.04648467,1.037053522,90.0,94.1,0.0112666282199999,689.0,Ucayali,92.0464846715672,1.0370535221851154,90.01163761358197,94.08133172955247,0.0112666282247002,689.0,631,689,2.0226909200367604,2.0226909200367604,True,True,True,True,True,True,True,False,True,EN_AMBOS
reconoce_derecho_opinar,Discapacidad,bin_0,1,No,94.78869272,0.2959518568,94.2,95.4,0.003122227433,16697.0,0,94.78869271852848,0.2959518567562762,94.20799292614274,95.3693925109142,0.0031222274331295,16697.0,15769,16697,1.962142757779508,1.962142757779508,True,True,True,True,True,True,True,False,True,EN_AMBOS
reconoce_derecho_opinar,Discapacidad,bin_1,1,Sí,94.73490886,0.7112352322,93.3,96.1,0.007507636212,2017.0,1,94.73490885787658,0.7112352322493383,93.33792614726626,96.13189156848688,0.0075076362116561,2017.0,1886,2017,1.9640483976635408,1.9641641010840425,True,True,True,True,True,True,True,False,True,EN_AMBOS
reconoce_derecho_opinar,Etnicidad,etnicidad_1,1,Indígena andino,93.87811535,0.6534216884,92.6,95.2,0.006960319622,5221.0,1,93.87811534877358,0.6534216883625225,92.596008715177,95.16022198237016,0.0069603196222564,5221.0,4931,5221,1.9628366422266053,1.962864743169874,True,True,True,True,True,True,True,False,True,EN_AMBOS
reconoce_derecho_opinar,Etnicidad,etnicidad_3,1,Indígena amazónico/nativo,88.19911142,2.191122748,83.9,92.5,0.0248429118299999,431.0,3,88.1991114186774,2.1911227482759124,83.89981578674188,92.49840705061293,0.0248429118279292,431.0,364,431,1.978524491479245,1.97928011660484,True,True,True,True,True,True,True,False,True,EN_AMBOS
reconoce_derecho_opinar,Etnicidad,etnicidad_5,1,Afrodescendiente,93.36479217,0.8745688359,91.6,95.1,0.009367223078,1797.0,5,93.36479216506858,0.8745688358536434,91.6487632576187,95.08082107251846,0.0093672230781321,1797.0,1663,1797,1.96362596651301,1.9637668545841729,True,True,True,True,True,True,True,False,True,EN_AMBOS
reconoce_derecho_opinar,Etnicidad,etnicidad_6,1,No indígena ni afrodescendiente,95.80052308,0.3643807288,95.1,96.5,0.003803535901,8687.0,6,95.8005230808366,0.364380728835176,95.08555607267824,96.51549008899497,0.0038035359006099,8687.0,8275,8687,1.962322551204167,1.962343846216334,True,True,True,True,True,True,True,False,True,EN_AMBOS
reconoce_derecho_opinar,Etnicidad,etnicidad_9,1,No sabe,94.64949796,0.6698688809,93.3,96.0,0.007077363275,2578.0,9,94.64949795730251,0.6698688808546078,93.3351195840718,95.96387633053324,0.0070773632751522,2578.0,2422,2578,1.9629115987173988,1.962986715247151,True,True,True,True,True,True,True,False,True,EN_AMBOS
reconoce_derecho_opinar,Lengua materna,idioma_1,1,Castellano,95.38139249,0.2603108584,94.9,95.9,0.002729157665,17415.0,1,95.3813924891424,0.2603108583928187,94.87062542357558,95.89215955470924,0.0027291576648186,17415.0,16541,17415,1.9621649940614452,1.9621711374946107,True,True,True,True,True,True,True,False,True,EN_AMBOS
reconoce_derecho_opinar,Lengua materna,idioma_3,1,Quechua/Aymara,85.48791618,2.359783052,80.9,90.1,0.0276037030499999,949.0,3,85.48791617729051,2.359783052205235,80.85768495147518,90.11814740310584,0.0276037030463037,949.0,833,949,1.967404973747932,1.9676708853560143,True,True,True,True,True,True,True,False,True,EN_AMBOS
reconoce_derecho_opinar,Lengua materna,idioma_4,1,Otra lengua nativa,83.28366748,3.248365826,76.9,89.7,0.0390036357,274.0,4,83.28366748229868,3.2483658264581217,76.90991000129543,89.65742496330193,0.0390036357026248,274.0,213,274,2.00957523712924,2.011740513729765,True,True,True,True,True,True,True,False,True,EN_AMBOS
reconoce_derecho_opinar,Nacional,national_single,1,Total,94.78253721,0.2743076383,94.2,95.3,0.002894073596,18714.0,Total,94.78253721066386,0.2743076382675293,94.2173151334263,95.29527103846873,0.0028940735956229,18714.0,17655,18714,1.962142757779508,1.962142757779508,True,True,True,True,True,True,True,False,True,EN_AMBOS
reconoce_derecho_opinar,Sexo,sexo_1,1,Mujer,95.6991078,0.3653051256,95.0,96.4,0.003817226032,9570.0,1,95.69910780406065,0.3653051255897886,94.9823269975049,96.41588861061638,0.0038172260324279,9570.0,9126,9570,1.962202376365632,1.962202376365632,True,True,True,True,True,True,True,False,True,EN_AMBOS
reconoce_derecho_opinar,Sexo,sexo_2,1,Hombre,93.81786263,0.4217667884,93.0,94.6,0.004495591528,9144.0,2,93.8178626318312,0.4217667884011081,92.99029598249804,94.64542928116435,0.0044955915277695,9144.0,8529,9144,1.9622476264013184,1.9622498268425952,True,True,True,True,True,True,True,False,True,EN_AMBOS
reconoce_derecho_opinar,Tipo de hogar,hogar_1,1,Biparental,94.49991282,0.3268371345,93.9,95.1,0.003458597207,13388.0,1,94.49991282273024,0.3268371345290132,93.85861170624072,95.14121393921975,0.0034585972067732,13388.0,12616,13388,1.962142757779508,1.962142757779508,True,True,True,True,True,True,True,False,True,EN_AMBOS
reconoce_derecho_opinar,Tipo de hogar,hogar_2,1,Monoparental,95.79354255,0.4389651339,94.9,96.7,0.0045824083989999,4384.0,2,95.7935425528565,0.4389651339274558,94.93213463557908,96.6549504701339,0.0045824083986166,4384.0,4164,4384,1.962322551204167,1.9623606767360355,True,True,True,True,True,True,True,False,True,EN_AMBOS
reconoce_derecho_opinar,Tipo de hogar,hogar_3,1,Sin figuras parentales,94.05176604,1.021626192,92.0,96.1,0.0108623818,925.0,3,94.05176603993634,1.0216261919025371,92.0448668399507,96.05866523992196,0.0108623818022591,925.0,859,925,1.9642398045825584,1.9644163549177047,True,True,True,True,True,True,True,False,True,EN_AMBOS
reconoce_derecho_opinar,Área,area_1,1,Urbano,96.03111988,0.2399532881,95.6,96.5,0.002498703425,15505.0,1,96.03111987520865,0.2399532881332695,95.56029726869258,96.50194248172473,0.0024987034249427,15505.0,14761,15505,1.9630738928941311,1.9630738928941311,True,True,True,True,True,True,True,False,True,EN_AMBOS
reconoce_derecho_opinar,Área,area_2,1,Rural,90.07139061,0.8406251494,88.4,91.7,0.00933287633,3209.0,2,90.07139060513953,0.8406251494182645,88.42196405620116,91.72081715407788,0.0093328763303261,3209.0,2894,3209,1.967850227366019,1.967850227366019,True,True,True,True,True,True,True,False,True,EN_AMBOS
reconoce_derecho_opinar,Área y sexo,area_1_sexo_1,1,Urbano Mujer,96.57748341,0.3864426,95.8,97.3,0.004001373679,7965.0,Urbano Mujer,96.57748340509326,0.3864426000445435,95.81922785611836,97.33573895406812,0.0040013736786204,7965.0,7650,7965,1.9631967955598617,1.9631967955598617,True,True,True,True,True,True,True,False,True,EN_AMBOS
reconoce_derecho_opinar,Área y sexo,area_1_sexo_2,1,Urbano Hombre,95.44285514,0.372197615,94.7,96.2,0.003899690705,7540.0,Urbano Hombre,95.44285514459204,0.3721976150432189,94.7125502897722,96.1731599994119,0.003899690704761,7540.0,7111,7540,1.9632873744486168,1.9632873744486168,True,True,True,True,True,True,True,False,True,EN_AMBOS
reconoce_derecho_opinar,Área y sexo,area_2_sexo_1,1,Rural Mujer,92.20196442,0.9214146488,90.4,94.0,0.009993438368,1605.0,Rural Mujer,92.2019644165646,0.9214146488141448,90.39401733648198,94.00991149664722,0.0099934383680941,1605.0,1476,1605,1.967850227366019,1.967850227366019,True,True,True,True,True,True,True,False,True,EN_AMBOS
reconoce_derecho_opinar,Área y sexo,area_2_sexo_2,1,Rural Hombre,88.01324005,1.245635333,85.6,90.5,0.01415281761,1604.0,Rural Hombre,88.01324005045281,1.2456353334273274,85.56912570213412,90.4573543987715,0.0141528176069109,1604.0,1418,1604,1.9678765312856947,1.967903011261086,True,True,True,True,True,True,True,False,True,EN_AMBOS
uso_demuna,Nacional,national_single,1,Total,5.3,1.1,3.5,8.0,0.212,96.0,Total,5.3208043195895325,1.1265911921965714,3.497001203927596,8.016765147979573,0.2117332501871598,96.0,96,1659,1.9624304486435091,2.000995378088267,True,True,True,True,True,True,True,False,True,EN_AMBOS
