indicator_name,label,module,data_variable,variable_type,numerator_rule,denominator_rule,missing_rule,domain_variable,domain_value,dimensions,statistic_type,target_category,ci_method,ci_methods_by_dimension,department_categories,source_spss,sql_definition,source_reference_file,source_reference_sha256,source_dictionary_pdf,status
AG_VF_09,AG_VF_09,3.1 Características y percepciones,AG_VF_09,binary_materialized,AG_VF_09 == 1,VF_ESCUELA == 1,SYSMIS/NULL tratado literalmente por la sintaxis SPSS; R usa na.rm dentro del dominio,VF_ESCUELA,1,Nacional,prevalence,1,logit,Nacional=>logit,,07_CRS04_3.1_Caracteristicas_violencia_Percepciones_ver6.sps,02SQL/stage3_08*.sql; bloque exacto registrado en stage3_spss_block_lineage.csv,spss_reference_results.csv,667f82c959c4a59e30e40e1f94ecc7108ed38790f9234b75c4fda83bd6a25fc0,No usado como autoridad de cálculo; validar metadata Stage 02 si se exige trazabilidad PDF,implemented_and_required_by_spss_reference
AG_VP_09,AG_VP_09,3.1 Características y percepciones,AG_VP_09,binary_materialized,AG_VP_09 == 1,VP_ESCUELA == 1,SYSMIS/NULL tratado literalmente por la sintaxis SPSS; R usa na.rm dentro del dominio,VP_ESCUELA,1,Nacional,prevalence,1,logit,Nacional=>logit,,07_CRS04_3.1_Caracteristicas_violencia_Percepciones_ver6.sps,02SQL/stage3_08*.sql; bloque exacto registrado en stage3_spss_block_lineage.csv,spss_reference_results.csv,667f82c959c4a59e30e40e1f94ecc7108ed38790f9234b75c4fda83bd6a25fc0,No usado como autoridad de cálculo; validar metadata Stage 02 si se exige trazabilidad PDF,implemented_and_required_by_spss_reference
Agresor_VF_E__AG_VF_01,Agresor_VF_E__AG_VF_01,3.1 Características y percepciones,Agresor_VF_E__AG_VF_01,binary_materialized,Agresor_VF_E__AG_VF_01 == 1,VF_ESCUELA == 1,SYSMIS/NULL tratado literalmente por la sintaxis SPSS; R usa na.rm dentro del dominio,VF_ESCUELA,1,Nacional,prevalence,1,logit,Nacional=>logit,,07_CRS04_3.1_Caracteristicas_violencia_Percepciones_ver6.sps,02SQL/stage3_08*.sql; bloque exacto registrado en stage3_spss_block_lineage.csv,spss_reference_results.csv,667f82c959c4a59e30e40e1f94ecc7108ed38790f9234b75c4fda83bd6a25fc0,No usado como autoridad de cálculo; validar metadata Stage 02 si se exige trazabilidad PDF,implemented_and_required_by_spss_reference
Agresor_VF_E__AG_VF_02,Agresor_VF_E__AG_VF_02,3.1 Características y percepciones,Agresor_VF_E__AG_VF_02,binary_materialized,Agresor_VF_E__AG_VF_02 == 1,VF_ESCUELA == 1,SYSMIS/NULL tratado literalmente por la sintaxis SPSS; R usa na.rm dentro del dominio,VF_ESCUELA,1,Nacional,prevalence,1,logit,Nacional=>logit,,07_CRS04_3.1_Caracteristicas_violencia_Percepciones_ver6.sps,02SQL/stage3_08*.sql; bloque exacto registrado en stage3_spss_block_lineage.csv,spss_reference_results.csv,667f82c959c4a59e30e40e1f94ecc7108ed38790f9234b75c4fda83bd6a25fc0,No usado como autoridad de cálculo; validar metadata Stage 02 si se exige trazabilidad PDF,implemented_and_required_by_spss_reference
Agresor_VF_E__AG_VF_03,Agresor_VF_E__AG_VF_03,3.1 Características y percepciones,Agresor_VF_E__AG_VF_03,binary_materialized,Agresor_VF_E__AG_VF_03 == 1,VF_ESCUELA == 1,SYSMIS/NULL tratado literalmente por la sintaxis SPSS; R usa na.rm dentro del dominio,VF_ESCUELA,1,Nacional,prevalence,1,logit,Nacional=>logit,,07_CRS04_3.1_Caracteristicas_violencia_Percepciones_ver6.sps,02SQL/stage3_08*.sql; bloque exacto registrado en stage3_spss_block_lineage.csv,spss_reference_results.csv,667f82c959c4a59e30e40e1f94ecc7108ed38790f9234b75c4fda83bd6a25fc0,No usado como autoridad de cálculo; validar metadata Stage 02 si se exige trazabilidad PDF,implemented_and_required_by_spss_reference
Agresor_VF_E__AG_VF_04,Agresor_VF_E__AG_VF_04,3.1 Características y percepciones,Agresor_VF_E__AG_VF_04,binary_materialized,Agresor_VF_E__AG_VF_04 == 1,VF_ESCUELA == 1,SYSMIS/NULL tratado literalmente por la sintaxis SPSS; R usa na.rm dentro del dominio,VF_ESCUELA,1,Nacional,prevalence,1,logit,Nacional=>logit,,07_CRS04_3.1_Caracteristicas_violencia_Percepciones_ver6.sps,02SQL/stage3_08*.sql; bloque exacto registrado en stage3_spss_block_lineage.csv,spss_reference_results.csv,667f82c959c4a59e30e40e1f94ecc7108ed38790f9234b75c4fda83bd6a25fc0,No usado como autoridad de cálculo; validar metadata Stage 02 si se exige trazabilidad PDF,implemented_and_required_by_spss_reference
Agresor_VF_E__AG_VF_05,Agresor_VF_E__AG_VF_05,3.1 Características y percepciones,Agresor_VF_E__AG_VF_05,binary_materialized,Agresor_VF_E__AG_VF_05 == 1,VF_ESCUELA == 1,SYSMIS/NULL tratado literalmente por la sintaxis SPSS; R usa na.rm dentro del dominio,VF_ESCUELA,1,Nacional,prevalence,1,logit,Nacional=>logit,,07_CRS04_3.1_Caracteristicas_violencia_Percepciones_ver6.sps,02SQL/stage3_08*.sql; bloque exacto registrado en stage3_spss_block_lineage.csv,spss_reference_results.csv,667f82c959c4a59e30e40e1f94ecc7108ed38790f9234b75c4fda83bd6a25fc0,No usado como autoridad de cálculo; validar metadata Stage 02 si se exige trazabilidad PDF,implemented_and_required_by_spss_reference
Agresor_VF_E__AG_VF_06,Agresor_VF_E__AG_VF_06,3.1 Características y percepciones,Agresor_VF_E__AG_VF_06,binary_materialized,Agresor_VF_E__AG_VF_06 == 1,VF_ESCUELA == 1,SYSMIS/NULL tratado literalmente por la sintaxis SPSS; R usa na.rm dentro del dominio,VF_ESCUELA,1,Nacional,prevalence,1,logit,Nacional=>logit,,07_CRS04_3.1_Caracteristicas_violencia_Percepciones_ver6.sps,02SQL/stage3_08*.sql; bloque exacto registrado en stage3_spss_block_lineage.csv,spss_reference_results.csv,667f82c959c4a59e30e40e1f94ecc7108ed38790f9234b75c4fda83bd6a25fc0,No usado como autoridad de cálculo; validar metadata Stage 02 si se exige trazabilidad PDF,implemented_and_required_by_spss_reference
Agresor_VF_E__AG_VF_07,Agresor_VF_E__AG_VF_07,3.1 Características y percepciones,Agresor_VF_E__AG_VF_07,binary_materialized,Agresor_VF_E__AG_VF_07 == 1,VF_ESCUELA == 1,SYSMIS/NULL tratado literalmente por la sintaxis SPSS; R usa na.rm dentro del dominio,VF_ESCUELA,1,Nacional,prevalence,1,logit,Nacional=>logit,,07_CRS04_3.1_Caracteristicas_violencia_Percepciones_ver6.sps,02SQL/stage3_08*.sql; bloque exacto registrado en stage3_spss_block_lineage.csv,spss_reference_results.csv,667f82c959c4a59e30e40e1f94ecc7108ed38790f9234b75c4fda83bd6a25fc0,No usado como autoridad de cálculo; validar metadata Stage 02 si se exige trazabilidad PDF,implemented_and_required_by_spss_reference
Agresor_VF_E__AG_VF_08,Agresor_VF_E__AG_VF_08,3.1 Características y percepciones,Agresor_VF_E__AG_VF_08,binary_materialized,Agresor_VF_E__AG_VF_08 == 1,VF_ESCUELA == 1,SYSMIS/NULL tratado literalmente por la sintaxis SPSS; R usa na.rm dentro del dominio,VF_ESCUELA,1,Nacional,prevalence,1,logit,Nacional=>logit,,07_CRS04_3.1_Caracteristicas_violencia_Percepciones_ver6.sps,02SQL/stage3_08*.sql; bloque exacto registrado en stage3_spss_block_lineage.csv,spss_reference_results.csv,667f82c959c4a59e30e40e1f94ecc7108ed38790f9234b75c4fda83bd6a25fc0,No usado como autoridad de cálculo; validar metadata Stage 02 si se exige trazabilidad PDF,implemented_and_required_by_spss_reference
Agresor_VF_H__AG_VF_01,Agresor_VF_H__AG_VF_01,3.1 Características y percepciones,Agresor_VF_H__AG_VF_01,binary_materialized,Agresor_VF_H__AG_VF_01 == 1,VF_HOGAR == 1,SYSMIS/NULL tratado literalmente por la sintaxis SPSS; R usa na.rm dentro del dominio,VF_HOGAR,1,Nacional,prevalence,1,logit,Nacional=>logit,,07_CRS04_3.1_Caracteristicas_violencia_Percepciones_ver6.sps,02SQL/stage3_08*.sql; bloque exacto registrado en stage3_spss_block_lineage.csv,spss_reference_results.csv,667f82c959c4a59e30e40e1f94ecc7108ed38790f9234b75c4fda83bd6a25fc0,No usado como autoridad de cálculo; validar metadata Stage 02 si se exige trazabilidad PDF,implemented_and_required_by_spss_reference
Agresor_VF_H__AG_VF_02,Agresor_VF_H__AG_VF_02,3.1 Características y percepciones,Agresor_VF_H__AG_VF_02,binary_materialized,Agresor_VF_H__AG_VF_02 == 1,VF_HOGAR == 1,SYSMIS/NULL tratado literalmente por la sintaxis SPSS; R usa na.rm dentro del dominio,VF_HOGAR,1,Nacional,prevalence,1,logit,Nacional=>logit,,07_CRS04_3.1_Caracteristicas_violencia_Percepciones_ver6.sps,02SQL/stage3_08*.sql; bloque exacto registrado en stage3_spss_block_lineage.csv,spss_reference_results.csv,667f82c959c4a59e30e40e1f94ecc7108ed38790f9234b75c4fda83bd6a25fc0,No usado como autoridad de cálculo; validar metadata Stage 02 si se exige trazabilidad PDF,implemented_and_required_by_spss_reference
Agresor_VF_H__AG_VF_03,Agresor_VF_H__AG_VF_03,3.1 Características y percepciones,Agresor_VF_H__AG_VF_03,binary_materialized,Agresor_VF_H__AG_VF_03 == 1,VF_HOGAR == 1,SYSMIS/NULL tratado literalmente por la sintaxis SPSS; R usa na.rm dentro del dominio,VF_HOGAR,1,Nacional,prevalence,1,wald,Nacional=>wald,,07_CRS04_3.1_Caracteristicas_violencia_Percepciones_ver6.sps,02SQL/stage3_08*.sql; bloque exacto registrado en stage3_spss_block_lineage.csv,spss_reference_results.csv,667f82c959c4a59e30e40e1f94ecc7108ed38790f9234b75c4fda83bd6a25fc0,No usado como autoridad de cálculo; validar metadata Stage 02 si se exige trazabilidad PDF,implemented_and_required_by_spss_reference
Agresor_VF_H__AG_VF_04,Agresor_VF_H__AG_VF_04,3.1 Características y percepciones,Agresor_VF_H__AG_VF_04,binary_materialized,Agresor_VF_H__AG_VF_04 == 1,VF_HOGAR == 1,SYSMIS/NULL tratado literalmente por la sintaxis SPSS; R usa na.rm dentro del dominio,VF_HOGAR,1,Nacional,prevalence,1,logit,Nacional=>logit,,07_CRS04_3.1_Caracteristicas_violencia_Percepciones_ver6.sps,02SQL/stage3_08*.sql; bloque exacto registrado en stage3_spss_block_lineage.csv,spss_reference_results.csv,667f82c959c4a59e30e40e1f94ecc7108ed38790f9234b75c4fda83bd6a25fc0,No usado como autoridad de cálculo; validar metadata Stage 02 si se exige trazabilidad PDF,implemented_and_required_by_spss_reference
Agresor_VF_H__AG_VF_05,Agresor_VF_H__AG_VF_05,3.1 Características y percepciones,Agresor_VF_H__AG_VF_05,binary_materialized,Agresor_VF_H__AG_VF_05 == 1,VF_HOGAR == 1,SYSMIS/NULL tratado literalmente por la sintaxis SPSS; R usa na.rm dentro del dominio,VF_HOGAR,1,Nacional,prevalence,1,logit,Nacional=>logit,,07_CRS04_3.1_Caracteristicas_violencia_Percepciones_ver6.sps,02SQL/stage3_08*.sql; bloque exacto registrado en stage3_spss_block_lineage.csv,spss_reference_results.csv,667f82c959c4a59e30e40e1f94ecc7108ed38790f9234b75c4fda83bd6a25fc0,No usado como autoridad de cálculo; validar metadata Stage 02 si se exige trazabilidad PDF,implemented_and_required_by_spss_reference
Agresor_VF_H__AG_VF_06,Agresor_VF_H__AG_VF_06,3.1 Características y percepciones,Agresor_VF_H__AG_VF_06,binary_materialized,Agresor_VF_H__AG_VF_06 == 1,VF_HOGAR == 1,SYSMIS/NULL tratado literalmente por la sintaxis SPSS; R usa na.rm dentro del dominio,VF_HOGAR,1,Nacional,prevalence,1,logit,Nacional=>logit,,07_CRS04_3.1_Caracteristicas_violencia_Percepciones_ver6.sps,02SQL/stage3_08*.sql; bloque exacto registrado en stage3_spss_block_lineage.csv,spss_reference_results.csv,667f82c959c4a59e30e40e1f94ecc7108ed38790f9234b75c4fda83bd6a25fc0,No usado como autoridad de cálculo; validar metadata Stage 02 si se exige trazabilidad PDF,implemented_and_required_by_spss_reference
Agresor_VF_H__AG_VF_07,Agresor_VF_H__AG_VF_07,3.1 Características y percepciones,Agresor_VF_H__AG_VF_07,binary_materialized,Agresor_VF_H__AG_VF_07 == 1,VF_HOGAR == 1,SYSMIS/NULL tratado literalmente por la sintaxis SPSS; R usa na.rm dentro del dominio,VF_HOGAR,1,Nacional,prevalence,1,logit,Nacional=>logit,,07_CRS04_3.1_Caracteristicas_violencia_Percepciones_ver6.sps,02SQL/stage3_08*.sql; bloque exacto registrado en stage3_spss_block_lineage.csv,spss_reference_results.csv,667f82c959c4a59e30e40e1f94ecc7108ed38790f9234b75c4fda83bd6a25fc0,No usado como autoridad de cálculo; validar metadata Stage 02 si se exige trazabilidad PDF,implemented_and_required_by_spss_reference
Agresor_VF_H__AG_VF_08,Agresor_VF_H__AG_VF_08,3.1 Características y percepciones,Agresor_VF_H__AG_VF_08,binary_materialized,Agresor_VF_H__AG_VF_08 == 1,VF_HOGAR == 1,SYSMIS/NULL tratado literalmente por la sintaxis SPSS; R usa na.rm dentro del dominio,VF_HOGAR,1,Nacional,prevalence,1,logit,Nacional=>logit,,07_CRS04_3.1_Caracteristicas_violencia_Percepciones_ver6.sps,02SQL/stage3_08*.sql; bloque exacto registrado en stage3_spss_block_lineage.csv,spss_reference_results.csv,667f82c959c4a59e30e40e1f94ecc7108ed38790f9234b75c4fda83bd6a25fc0,No usado como autoridad de cálculo; validar metadata Stage 02 si se exige trazabilidad PDF,implemented_and_required_by_spss_reference
Agresor_VP_E__AG_VP_01,Agresor_VP_E__AG_VP_01,3.1 Características y percepciones,Agresor_VP_E__AG_VP_01,binary_materialized,Agresor_VP_E__AG_VP_01 == 1,VP_ESCUELA == 1,SYSMIS/NULL tratado literalmente por la sintaxis SPSS; R usa na.rm dentro del dominio,VP_ESCUELA,1,Nacional,prevalence,1,logit,Nacional=>logit,,07_CRS04_3.1_Caracteristicas_violencia_Percepciones_ver6.sps,02SQL/stage3_08*.sql; bloque exacto registrado en stage3_spss_block_lineage.csv,spss_reference_results.csv,667f82c959c4a59e30e40e1f94ecc7108ed38790f9234b75c4fda83bd6a25fc0,No usado como autoridad de cálculo; validar metadata Stage 02 si se exige trazabilidad PDF,implemented_and_required_by_spss_reference
Agresor_VP_E__AG_VP_02,Agresor_VP_E__AG_VP_02,3.1 Características y percepciones,Agresor_VP_E__AG_VP_02,binary_materialized,Agresor_VP_E__AG_VP_02 == 1,VP_ESCUELA == 1,SYSMIS/NULL tratado literalmente por la sintaxis SPSS; R usa na.rm dentro del dominio,VP_ESCUELA,1,Nacional,prevalence,1,logit,Nacional=>logit,,07_CRS04_3.1_Caracteristicas_violencia_Percepciones_ver6.sps,02SQL/stage3_08*.sql; bloque exacto registrado en stage3_spss_block_lineage.csv,spss_reference_results.csv,667f82c959c4a59e30e40e1f94ecc7108ed38790f9234b75c4fda83bd6a25fc0,No usado como autoridad de cálculo; validar metadata Stage 02 si se exige trazabilidad PDF,implemented_and_required_by_spss_reference
Agresor_VP_E__AG_VP_03,Agresor_VP_E__AG_VP_03,3.1 Características y percepciones,Agresor_VP_E__AG_VP_03,binary_materialized,Agresor_VP_E__AG_VP_03 == 1,VP_ESCUELA == 1,SYSMIS/NULL tratado literalmente por la sintaxis SPSS; R usa na.rm dentro del dominio,VP_ESCUELA,1,Nacional,prevalence,1,logit,Nacional=>logit,,07_CRS04_3.1_Caracteristicas_violencia_Percepciones_ver6.sps,02SQL/stage3_08*.sql; bloque exacto registrado en stage3_spss_block_lineage.csv,spss_reference_results.csv,667f82c959c4a59e30e40e1f94ecc7108ed38790f9234b75c4fda83bd6a25fc0,No usado como autoridad de cálculo; validar metadata Stage 02 si se exige trazabilidad PDF,implemented_and_required_by_spss_reference
Agresor_VP_E__AG_VP_04,Agresor_VP_E__AG_VP_04,3.1 Características y percepciones,Agresor_VP_E__AG_VP_04,binary_materialized,Agresor_VP_E__AG_VP_04 == 1,VP_ESCUELA == 1,SYSMIS/NULL tratado literalmente por la sintaxis SPSS; R usa na.rm dentro del dominio,VP_ESCUELA,1,Nacional,prevalence,1,logit,Nacional=>logit,,07_CRS04_3.1_Caracteristicas_violencia_Percepciones_ver6.sps,02SQL/stage3_08*.sql; bloque exacto registrado en stage3_spss_block_lineage.csv,spss_reference_results.csv,667f82c959c4a59e30e40e1f94ecc7108ed38790f9234b75c4fda83bd6a25fc0,No usado como autoridad de cálculo; validar metadata Stage 02 si se exige trazabilidad PDF,implemented_and_required_by_spss_reference
Agresor_VP_E__AG_VP_05,Agresor_VP_E__AG_VP_05,3.1 Características y percepciones,Agresor_VP_E__AG_VP_05,binary_materialized,Agresor_VP_E__AG_VP_05 == 1,VP_ESCUELA == 1,SYSMIS/NULL tratado literalmente por la sintaxis SPSS; R usa na.rm dentro del dominio,VP_ESCUELA,1,Nacional,prevalence,1,wald,Nacional=>wald,,07_CRS04_3.1_Caracteristicas_violencia_Percepciones_ver6.sps,02SQL/stage3_08*.sql; bloque exacto registrado en stage3_spss_block_lineage.csv,spss_reference_results.csv,667f82c959c4a59e30e40e1f94ecc7108ed38790f9234b75c4fda83bd6a25fc0,No usado como autoridad de cálculo; validar metadata Stage 02 si se exige trazabilidad PDF,implemented_and_required_by_spss_reference
Agresor_VP_E__AG_VP_06,Agresor_VP_E__AG_VP_06,3.1 Características y percepciones,Agresor_VP_E__AG_VP_06,binary_materialized,Agresor_VP_E__AG_VP_06 == 1,VP_ESCUELA == 1,SYSMIS/NULL tratado literalmente por la sintaxis SPSS; R usa na.rm dentro del dominio,VP_ESCUELA,1,Nacional,prevalence,1,logit,Nacional=>logit,,07_CRS04_3.1_Caracteristicas_violencia_Percepciones_ver6.sps,02SQL/stage3_08*.sql; bloque exacto registrado en stage3_spss_block_lineage.csv,spss_reference_results.csv,667f82c959c4a59e30e40e1f94ecc7108ed38790f9234b75c4fda83bd6a25fc0,No usado como autoridad de cálculo; validar metadata Stage 02 si se exige trazabilidad PDF,implemented_and_required_by_spss_reference
Agresor_VP_E__AG_VP_07,Agresor_VP_E__AG_VP_07,3.1 Características y percepciones,Agresor_VP_E__AG_VP_07,binary_materialized,Agresor_VP_E__AG_VP_07 == 1,VP_ESCUELA == 1,SYSMIS/NULL tratado literalmente por la sintaxis SPSS; R usa na.rm dentro del dominio,VP_ESCUELA,1,Nacional,prevalence,1,logit,Nacional=>logit,,07_CRS04_3.1_Caracteristicas_violencia_Percepciones_ver6.sps,02SQL/stage3_08*.sql; bloque exacto registrado en stage3_spss_block_lineage.csv,spss_reference_results.csv,667f82c959c4a59e30e40e1f94ecc7108ed38790f9234b75c4fda83bd6a25fc0,No usado como autoridad de cálculo; validar metadata Stage 02 si se exige trazabilidad PDF,implemented_and_required_by_spss_reference
Agresor_VP_E__AG_VP_08,Agresor_VP_E__AG_VP_08,3.1 Características y percepciones,Agresor_VP_E__AG_VP_08,binary_materialized,Agresor_VP_E__AG_VP_08 == 1,VP_ESCUELA == 1,SYSMIS/NULL tratado literalmente por la sintaxis SPSS; R usa na.rm dentro del dominio,VP_ESCUELA,1,Nacional,prevalence,1,logit,Nacional=>logit,,07_CRS04_3.1_Caracteristicas_violencia_Percepciones_ver6.sps,02SQL/stage3_08*.sql; bloque exacto registrado en stage3_spss_block_lineage.csv,spss_reference_results.csv,667f82c959c4a59e30e40e1f94ecc7108ed38790f9234b75c4fda83bd6a25fc0,No usado como autoridad de cálculo; validar metadata Stage 02 si se exige trazabilidad PDF,implemented_and_required_by_spss_reference
Agresor_VP_H__AG_VP_01,Agresor_VP_H__AG_VP_01,3.1 Características y percepciones,Agresor_VP_H__AG_VP_01,binary_materialized,Agresor_VP_H__AG_VP_01 == 1,VP_HOGAR == 1,SYSMIS/NULL tratado literalmente por la sintaxis SPSS; R usa na.rm dentro del dominio,VP_HOGAR,1,Nacional,prevalence,1,logit,Nacional=>logit,,07_CRS04_3.1_Caracteristicas_violencia_Percepciones_ver6.sps,02SQL/stage3_08*.sql; bloque exacto registrado en stage3_spss_block_lineage.csv,spss_reference_results.csv,667f82c959c4a59e30e40e1f94ecc7108ed38790f9234b75c4fda83bd6a25fc0,No usado como autoridad de cálculo; validar metadata Stage 02 si se exige trazabilidad PDF,implemented_and_required_by_spss_reference
Agresor_VP_H__AG_VP_02,Agresor_VP_H__AG_VP_02,3.1 Características y percepciones,Agresor_VP_H__AG_VP_02,binary_materialized,Agresor_VP_H__AG_VP_02 == 1,VP_HOGAR == 1,SYSMIS/NULL tratado literalmente por la sintaxis SPSS; R usa na.rm dentro del dominio,VP_HOGAR,1,Nacional,prevalence,1,logit,Nacional=>logit,,07_CRS04_3.1_Caracteristicas_violencia_Percepciones_ver6.sps,02SQL/stage3_08*.sql; bloque exacto registrado en stage3_spss_block_lineage.csv,spss_reference_results.csv,667f82c959c4a59e30e40e1f94ecc7108ed38790f9234b75c4fda83bd6a25fc0,No usado como autoridad de cálculo; validar metadata Stage 02 si se exige trazabilidad PDF,implemented_and_required_by_spss_reference
Agresor_VP_H__AG_VP_03,Agresor_VP_H__AG_VP_03,3.1 Características y percepciones,Agresor_VP_H__AG_VP_03,binary_materialized,Agresor_VP_H__AG_VP_03 == 1,VP_HOGAR == 1,SYSMIS/NULL tratado literalmente por la sintaxis SPSS; R usa na.rm dentro del dominio,VP_HOGAR,1,Nacional,prevalence,1,logit,Nacional=>logit,,07_CRS04_3.1_Caracteristicas_violencia_Percepciones_ver6.sps,02SQL/stage3_08*.sql; bloque exacto registrado en stage3_spss_block_lineage.csv,spss_reference_results.csv,667f82c959c4a59e30e40e1f94ecc7108ed38790f9234b75c4fda83bd6a25fc0,No usado como autoridad de cálculo; validar metadata Stage 02 si se exige trazabilidad PDF,implemented_and_required_by_spss_reference
Agresor_VP_H__AG_VP_04,Agresor_VP_H__AG_VP_04,3.1 Características y percepciones,Agresor_VP_H__AG_VP_04,binary_materialized,Agresor_VP_H__AG_VP_04 == 1,VP_HOGAR == 1,SYSMIS/NULL tratado literalmente por la sintaxis SPSS; R usa na.rm dentro del dominio,VP_HOGAR,1,Nacional,prevalence,1,logit,Nacional=>logit,,07_CRS04_3.1_Caracteristicas_violencia_Percepciones_ver6.sps,02SQL/stage3_08*.sql; bloque exacto registrado en stage3_spss_block_lineage.csv,spss_reference_results.csv,667f82c959c4a59e30e40e1f94ecc7108ed38790f9234b75c4fda83bd6a25fc0,No usado como autoridad de cálculo; validar metadata Stage 02 si se exige trazabilidad PDF,implemented_and_required_by_spss_reference
Agresor_VP_H__AG_VP_05,Agresor_VP_H__AG_VP_05,3.1 Características y percepciones,Agresor_VP_H__AG_VP_05,binary_materialized,Agresor_VP_H__AG_VP_05 == 1,VP_HOGAR == 1,SYSMIS/NULL tratado literalmente por la sintaxis SPSS; R usa na.rm dentro del dominio,VP_HOGAR,1,Nacional,prevalence,1,logit,Nacional=>logit,,07_CRS04_3.1_Caracteristicas_violencia_Percepciones_ver6.sps,02SQL/stage3_08*.sql; bloque exacto registrado en stage3_spss_block_lineage.csv,spss_reference_results.csv,667f82c959c4a59e30e40e1f94ecc7108ed38790f9234b75c4fda83bd6a25fc0,No usado como autoridad de cálculo; validar metadata Stage 02 si se exige trazabilidad PDF,implemented_and_required_by_spss_reference
Agresor_VP_H__AG_VP_06,Agresor_VP_H__AG_VP_06,3.1 Características y percepciones,Agresor_VP_H__AG_VP_06,binary_materialized,Agresor_VP_H__AG_VP_06 == 1,VP_HOGAR == 1,SYSMIS/NULL tratado literalmente por la sintaxis SPSS; R usa na.rm dentro del dominio,VP_HOGAR,1,Nacional,prevalence,1,wald,Nacional=>wald,,07_CRS04_3.1_Caracteristicas_violencia_Percepciones_ver6.sps,02SQL/stage3_08*.sql; bloque exacto registrado en stage3_spss_block_lineage.csv,spss_reference_results.csv,667f82c959c4a59e30e40e1f94ecc7108ed38790f9234b75c4fda83bd6a25fc0,No usado como autoridad de cálculo; validar metadata Stage 02 si se exige trazabilidad PDF,implemented_and_required_by_spss_reference
Agresor_VP_H__AG_VP_07,Agresor_VP_H__AG_VP_07,3.1 Características y percepciones,Agresor_VP_H__AG_VP_07,binary_materialized,Agresor_VP_H__AG_VP_07 == 1,VP_HOGAR == 1,SYSMIS/NULL tratado literalmente por la sintaxis SPSS; R usa na.rm dentro del dominio,VP_HOGAR,1,Nacional,prevalence,1,logit,Nacional=>logit,,07_CRS04_3.1_Caracteristicas_violencia_Percepciones_ver6.sps,02SQL/stage3_08*.sql; bloque exacto registrado en stage3_spss_block_lineage.csv,spss_reference_results.csv,667f82c959c4a59e30e40e1f94ecc7108ed38790f9234b75c4fda83bd6a25fc0,No usado como autoridad de cálculo; validar metadata Stage 02 si se exige trazabilidad PDF,implemented_and_required_by_spss_reference
Agresor_VP_H__AG_VP_08,Agresor_VP_H__AG_VP_08,3.1 Características y percepciones,Agresor_VP_H__AG_VP_08,binary_materialized,Agresor_VP_H__AG_VP_08 == 1,VP_HOGAR == 1,SYSMIS/NULL tratado literalmente por la sintaxis SPSS; R usa na.rm dentro del dominio,VP_HOGAR,1,Nacional,prevalence,1,logit,Nacional=>logit,,07_CRS04_3.1_Caracteristicas_violencia_Percepciones_ver6.sps,02SQL/stage3_08*.sql; bloque exacto registrado en stage3_spss_block_lineage.csv,spss_reference_results.csv,667f82c959c4a59e30e40e1f94ecc7108ed38790f9234b75c4fda83bd6a25fc0,No usado como autoridad de cálculo; validar metadata Stage 02 si se exige trazabilidad PDF,implemented_and_required_by_spss_reference
Agresor_VS_12M__AG_01,Agresor_VS_12M__AG_01,3.4 Violencia sexual,Agresor_VS_12M__AG_01,binary_materialized,Agresor_VS_12M__AG_01 == 1,VS_12M == 1,SYSMIS/NULL tratado literalmente por la sintaxis SPSS; R usa na.rm dentro del dominio,VS_12M,1,Nacional,prevalence,1,logit,Nacional=>logit,,10/10b_CRS04_3.4*.sps,02SQL/stage3_08*.sql; bloque exacto registrado en stage3_spss_block_lineage.csv,spss_reference_results.csv,667f82c959c4a59e30e40e1f94ecc7108ed38790f9234b75c4fda83bd6a25fc0,No usado como autoridad de cálculo; validar metadata Stage 02 si se exige trazabilidad PDF,implemented_and_required_by_spss_reference
Agresor_VS_12M__AG_02,Agresor_VS_12M__AG_02,3.4 Violencia sexual,Agresor_VS_12M__AG_02,binary_materialized,Agresor_VS_12M__AG_02 == 1,VS_12M == 1,SYSMIS/NULL tratado literalmente por la sintaxis SPSS; R usa na.rm dentro del dominio,VS_12M,1,Nacional,prevalence,1,logit,Nacional=>logit,,10/10b_CRS04_3.4*.sps,02SQL/stage3_08*.sql; bloque exacto registrado en stage3_spss_block_lineage.csv,spss_reference_results.csv,667f82c959c4a59e30e40e1f94ecc7108ed38790f9234b75c4fda83bd6a25fc0,No usado como autoridad de cálculo; validar metadata Stage 02 si se exige trazabilidad PDF,implemented_and_required_by_spss_reference
Agresor_VS_12M__AG_03,Agresor_VS_12M__AG_03,3.4 Violencia sexual,Agresor_VS_12M__AG_03,binary_materialized,Agresor_VS_12M__AG_03 == 1,VS_12M == 1,SYSMIS/NULL tratado literalmente por la sintaxis SPSS; R usa na.rm dentro del dominio,VS_12M,1,Nacional,prevalence,1,logit,Nacional=>logit,,10/10b_CRS04_3.4*.sps,02SQL/stage3_08*.sql; bloque exacto registrado en stage3_spss_block_lineage.csv,spss_reference_results.csv,667f82c959c4a59e30e40e1f94ecc7108ed38790f9234b75c4fda83bd6a25fc0,No usado como autoridad de cálculo; validar metadata Stage 02 si se exige trazabilidad PDF,implemented_and_required_by_spss_reference
Agresor_VS_12M__AG_04,Agresor_VS_12M__AG_04,3.4 Violencia sexual,Agresor_VS_12M__AG_04,binary_materialized,Agresor_VS_12M__AG_04 == 1,VS_12M == 1,SYSMIS/NULL tratado literalmente por la sintaxis SPSS; R usa na.rm dentro del dominio,VS_12M,1,Nacional,prevalence,1,logit,Nacional=>logit,,10/10b_CRS04_3.4*.sps,02SQL/stage3_08*.sql; bloque exacto registrado en stage3_spss_block_lineage.csv,spss_reference_results.csv,667f82c959c4a59e30e40e1f94ecc7108ed38790f9234b75c4fda83bd6a25fc0,No usado como autoridad de cálculo; validar metadata Stage 02 si se exige trazabilidad PDF,implemented_and_required_by_spss_reference
Agresor_VS_12M__AG_05,Agresor_VS_12M__AG_05,3.4 Violencia sexual,Agresor_VS_12M__AG_05,binary_materialized,Agresor_VS_12M__AG_05 == 1,VS_12M == 1,SYSMIS/NULL tratado literalmente por la sintaxis SPSS; R usa na.rm dentro del dominio,VS_12M,1,Nacional,prevalence,1,logit,Nacional=>logit,,10/10b_CRS04_3.4*.sps,02SQL/stage3_08*.sql; bloque exacto registrado en stage3_spss_block_lineage.csv,spss_reference_results.csv,667f82c959c4a59e30e40e1f94ecc7108ed38790f9234b75c4fda83bd6a25fc0,No usado como autoridad de cálculo; validar metadata Stage 02 si se exige trazabilidad PDF,implemented_and_required_by_spss_reference
Agresor_VS_12M__AG_06,Agresor_VS_12M__AG_06,3.4 Violencia sexual,Agresor_VS_12M__AG_06,binary_materialized,Agresor_VS_12M__AG_06 == 1,VS_12M == 1,SYSMIS/NULL tratado literalmente por la sintaxis SPSS; R usa na.rm dentro del dominio,VS_12M,1,Nacional,prevalence,1,logit,Nacional=>logit,,10/10b_CRS04_3.4*.sps,02SQL/stage3_08*.sql; bloque exacto registrado en stage3_spss_block_lineage.csv,spss_reference_results.csv,667f82c959c4a59e30e40e1f94ecc7108ed38790f9234b75c4fda83bd6a25fc0,No usado como autoridad de cálculo; validar metadata Stage 02 si se exige trazabilidad PDF,implemented_and_required_by_spss_reference
Agresor_VS_12M__AG_07,Agresor_VS_12M__AG_07,3.4 Violencia sexual,Agresor_VS_12M__AG_07,binary_materialized,Agresor_VS_12M__AG_07 == 1,VS_12M == 1,SYSMIS/NULL tratado literalmente por la sintaxis SPSS; R usa na.rm dentro del dominio,VS_12M,1,Nacional,prevalence,1,logit,Nacional=>logit,,10/10b_CRS04_3.4*.sps,02SQL/stage3_08*.sql; bloque exacto registrado en stage3_spss_block_lineage.csv,spss_reference_results.csv,667f82c959c4a59e30e40e1f94ecc7108ed38790f9234b75c4fda83bd6a25fc0,No usado como autoridad de cálculo; validar metadata Stage 02 si se exige trazabilidad PDF,implemented_and_required_by_spss_reference
Agresor_VS_12M__AG_08,Agresor_VS_12M__AG_08,3.4 Violencia sexual,Agresor_VS_12M__AG_08,binary_materialized,Agresor_VS_12M__AG_08 == 1,VS_12M == 1,SYSMIS/NULL tratado literalmente por la sintaxis SPSS; R usa na.rm dentro del dominio,VS_12M,1,Nacional,prevalence,1,wald,Nacional=>wald,,10/10b_CRS04_3.4*.sps,02SQL/stage3_08*.sql; bloque exacto registrado en stage3_spss_block_lineage.csv,spss_reference_results.csv,667f82c959c4a59e30e40e1f94ecc7108ed38790f9234b75c4fda83bd6a25fc0,No usado como autoridad de cálculo; validar metadata Stage 02 si se exige trazabilidad PDF,implemented_and_required_by_spss_reference
Agresor_VS_12M__AG_09,Agresor_VS_12M__AG_09,3.4 Violencia sexual,Agresor_VS_12M__AG_09,binary_materialized,Agresor_VS_12M__AG_09 == 1,VS_12M == 1,SYSMIS/NULL tratado literalmente por la sintaxis SPSS; R usa na.rm dentro del dominio,VS_12M,1,Nacional,prevalence,1,logit,Nacional=>logit,,10/10b_CRS04_3.4*.sps,02SQL/stage3_08*.sql; bloque exacto registrado en stage3_spss_block_lineage.csv,spss_reference_results.csv,667f82c959c4a59e30e40e1f94ecc7108ed38790f9234b75c4fda83bd6a25fc0,No usado como autoridad de cálculo; validar metadata Stage 02 si se exige trazabilidad PDF,implemented_and_required_by_spss_reference
Agresor_VS_VIDA__AG_01,Agresor_VS_VIDA__AG_01,3.4 Violencia sexual,Agresor_VS_VIDA__AG_01,binary_materialized,Agresor_VS_VIDA__AG_01 == 1,VS_VIDA == 1,SYSMIS/NULL tratado literalmente por la sintaxis SPSS; R usa na.rm dentro del dominio,VS_VIDA,1,Nacional,prevalence,1,logit,Nacional=>logit,,10/10b_CRS04_3.4*.sps,02SQL/stage3_08*.sql; bloque exacto registrado en stage3_spss_block_lineage.csv,spss_reference_results.csv,667f82c959c4a59e30e40e1f94ecc7108ed38790f9234b75c4fda83bd6a25fc0,No usado como autoridad de cálculo; validar metadata Stage 02 si se exige trazabilidad PDF,implemented_and_required_by_spss_reference
Agresor_VS_VIDA__AG_02,Agresor_VS_VIDA__AG_02,3.4 Violencia sexual,Agresor_VS_VIDA__AG_02,binary_materialized,Agresor_VS_VIDA__AG_02 == 1,VS_VIDA == 1,SYSMIS/NULL tratado literalmente por la sintaxis SPSS; R usa na.rm dentro del dominio,VS_VIDA,1,Nacional,prevalence,1,logit,Nacional=>logit,,10/10b_CRS04_3.4*.sps,02SQL/stage3_08*.sql; bloque exacto registrado en stage3_spss_block_lineage.csv,spss_reference_results.csv,667f82c959c4a59e30e40e1f94ecc7108ed38790f9234b75c4fda83bd6a25fc0,No usado como autoridad de cálculo; validar metadata Stage 02 si se exige trazabilidad PDF,implemented_and_required_by_spss_reference
Agresor_VS_VIDA__AG_03,Agresor_VS_VIDA__AG_03,3.4 Violencia sexual,Agresor_VS_VIDA__AG_03,binary_materialized,Agresor_VS_VIDA__AG_03 == 1,VS_VIDA == 1,SYSMIS/NULL tratado literalmente por la sintaxis SPSS; R usa na.rm dentro del dominio,VS_VIDA,1,Nacional,prevalence,1,logit,Nacional=>logit,,10/10b_CRS04_3.4*.sps,02SQL/stage3_08*.sql; bloque exacto registrado en stage3_spss_block_lineage.csv,spss_reference_results.csv,667f82c959c4a59e30e40e1f94ecc7108ed38790f9234b75c4fda83bd6a25fc0,No usado como autoridad de cálculo; validar metadata Stage 02 si se exige trazabilidad PDF,implemented_and_required_by_spss_reference
Agresor_VS_VIDA__AG_04,Agresor_VS_VIDA__AG_04,3.4 Violencia sexual,Agresor_VS_VIDA__AG_04,binary_materialized,Agresor_VS_VIDA__AG_04 == 1,VS_VIDA == 1,SYSMIS/NULL tratado literalmente por la sintaxis SPSS; R usa na.rm dentro del dominio,VS_VIDA,1,Nacional,prevalence,1,wald,Nacional=>wald,,10/10b_CRS04_3.4*.sps,02SQL/stage3_08*.sql; bloque exacto registrado en stage3_spss_block_lineage.csv,spss_reference_results.csv,667f82c959c4a59e30e40e1f94ecc7108ed38790f9234b75c4fda83bd6a25fc0,No usado como autoridad de cálculo; validar metadata Stage 02 si se exige trazabilidad PDF,implemented_and_required_by_spss_reference
Agresor_VS_VIDA__AG_05,Agresor_VS_VIDA__AG_05,3.4 Violencia sexual,Agresor_VS_VIDA__AG_05,binary_materialized,Agresor_VS_VIDA__AG_05 == 1,VS_VIDA == 1,SYSMIS/NULL tratado literalmente por la sintaxis SPSS; R usa na.rm dentro del dominio,VS_VIDA,1,Nacional,prevalence,1,wald,Nacional=>wald,,10/10b_CRS04_3.4*.sps,02SQL/stage3_08*.sql; bloque exacto registrado en stage3_spss_block_lineage.csv,spss_reference_results.csv,667f82c959c4a59e30e40e1f94ecc7108ed38790f9234b75c4fda83bd6a25fc0,No usado como autoridad de cálculo; validar metadata Stage 02 si se exige trazabilidad PDF,implemented_and_required_by_spss_reference
Agresor_VS_VIDA__AG_06,Agresor_VS_VIDA__AG_06,3.4 Violencia sexual,Agresor_VS_VIDA__AG_06,binary_materialized,Agresor_VS_VIDA__AG_06 == 1,VS_VIDA == 1,SYSMIS/NULL tratado literalmente por la sintaxis SPSS; R usa na.rm dentro del dominio,VS_VIDA,1,Nacional,prevalence,1,logit,Nacional=>logit,,10/10b_CRS04_3.4*.sps,02SQL/stage3_08*.sql; bloque exacto registrado en stage3_spss_block_lineage.csv,spss_reference_results.csv,667f82c959c4a59e30e40e1f94ecc7108ed38790f9234b75c4fda83bd6a25fc0,No usado como autoridad de cálculo; validar metadata Stage 02 si se exige trazabilidad PDF,implemented_and_required_by_spss_reference
Agresor_VS_VIDA__AG_07,Agresor_VS_VIDA__AG_07,3.4 Violencia sexual,Agresor_VS_VIDA__AG_07,binary_materialized,Agresor_VS_VIDA__AG_07 == 1,VS_VIDA == 1,SYSMIS/NULL tratado literalmente por la sintaxis SPSS; R usa na.rm dentro del dominio,VS_VIDA,1,Nacional,prevalence,1,wald,Nacional=>wald,,10/10b_CRS04_3.4*.sps,02SQL/stage3_08*.sql; bloque exacto registrado en stage3_spss_block_lineage.csv,spss_reference_results.csv,667f82c959c4a59e30e40e1f94ecc7108ed38790f9234b75c4fda83bd6a25fc0,No usado como autoridad de cálculo; validar metadata Stage 02 si se exige trazabilidad PDF,implemented_and_required_by_spss_reference
Agresor_VS_VIDA__AG_08,Agresor_VS_VIDA__AG_08,3.4 Violencia sexual,Agresor_VS_VIDA__AG_08,binary_materialized,Agresor_VS_VIDA__AG_08 == 1,VS_VIDA == 1,SYSMIS/NULL tratado literalmente por la sintaxis SPSS; R usa na.rm dentro del dominio,VS_VIDA,1,Nacional,prevalence,1,wald,Nacional=>wald,,10/10b_CRS04_3.4*.sps,02SQL/stage3_08*.sql; bloque exacto registrado en stage3_spss_block_lineage.csv,spss_reference_results.csv,667f82c959c4a59e30e40e1f94ecc7108ed38790f9234b75c4fda83bd6a25fc0,No usado como autoridad de cálculo; validar metadata Stage 02 si se exige trazabilidad PDF,implemented_and_required_by_spss_reference
Agresor_VS_VIDA__AG_09,Agresor_VS_VIDA__AG_09,3.4 Violencia sexual,Agresor_VS_VIDA__AG_09,binary_materialized,Agresor_VS_VIDA__AG_09 == 1,VS_VIDA == 1,SYSMIS/NULL tratado literalmente por la sintaxis SPSS; R usa na.rm dentro del dominio,VS_VIDA,1,Nacional,prevalence,1,logit,Nacional=>logit,,10/10b_CRS04_3.4*.sps,02SQL/stage3_08*.sql; bloque exacto registrado en stage3_spss_block_lineage.csv,spss_reference_results.csv,667f82c959c4a59e30e40e1f94ecc7108ed38790f9234b75c4fda83bd6a25fc0,No usado como autoridad de cálculo; validar metadata Stage 02 si se exige trazabilidad PDF,implemented_and_required_by_spss_reference
C3P201_10_1,C3P201_10_1,3.2 Violencia en el hogar,C3P201_10_1,binary_materialized,C3P201_10_1 == 1,VP_HOGAR == 1,SYSMIS/NULL tratado literalmente por la sintaxis SPSS; R usa na.rm dentro del dominio,VP_HOGAR,1,Nacional,prevalence,1,wald,Nacional=>wald,,03/08/08b_CRS03_CRS04_3.2*.sps,02SQL/stage3_08*.sql; bloque exacto registrado en stage3_spss_block_lineage.csv,spss_reference_results.csv,667f82c959c4a59e30e40e1f94ecc7108ed38790f9234b75c4fda83bd6a25fc0,No usado como autoridad de cálculo; validar metadata Stage 02 si se exige trazabilidad PDF,implemented_and_required_by_spss_reference
C3P201_11_1,C3P201_11_1,3.2 Violencia en el hogar,C3P201_11_1,binary_materialized,C3P201_11_1 == 1,VP_HOGAR == 1,SYSMIS/NULL tratado literalmente por la sintaxis SPSS; R usa na.rm dentro del dominio,VP_HOGAR,1,Nacional,prevalence,1,logit,Nacional=>logit,,03/08/08b_CRS03_CRS04_3.2*.sps,02SQL/stage3_08*.sql; bloque exacto registrado en stage3_spss_block_lineage.csv,spss_reference_results.csv,667f82c959c4a59e30e40e1f94ecc7108ed38790f9234b75c4fda83bd6a25fc0,No usado como autoridad de cálculo; validar metadata Stage 02 si se exige trazabilidad PDF,implemented_and_required_by_spss_reference
C3P201_1_1,C3P201_1_1,3.2 Violencia en el hogar,C3P201_1_1,binary_materialized,C3P201_1_1 == 1,VP_HOGAR == 1,SYSMIS/NULL tratado literalmente por la sintaxis SPSS; R usa na.rm dentro del dominio,VP_HOGAR,1,Nacional,prevalence,1,logit,Nacional=>logit,,03/08/08b_CRS03_CRS04_3.2*.sps,02SQL/stage3_08*.sql; bloque exacto registrado en stage3_spss_block_lineage.csv,spss_reference_results.csv,667f82c959c4a59e30e40e1f94ecc7108ed38790f9234b75c4fda83bd6a25fc0,No usado como autoridad de cálculo; validar metadata Stage 02 si se exige trazabilidad PDF,implemented_and_required_by_spss_reference
C3P201_2_1,C3P201_2_1,3.2 Violencia en el hogar,C3P201_2_1,binary_materialized,C3P201_2_1 == 1,VP_HOGAR == 1,SYSMIS/NULL tratado literalmente por la sintaxis SPSS; R usa na.rm dentro del dominio,VP_HOGAR,1,Nacional,prevalence,1,logit,Nacional=>logit,,03/08/08b_CRS03_CRS04_3.2*.sps,02SQL/stage3_08*.sql; bloque exacto registrado en stage3_spss_block_lineage.csv,spss_reference_results.csv,667f82c959c4a59e30e40e1f94ecc7108ed38790f9234b75c4fda83bd6a25fc0,No usado como autoridad de cálculo; validar metadata Stage 02 si se exige trazabilidad PDF,implemented_and_required_by_spss_reference
C3P201_3_1,C3P201_3_1,3.2 Violencia en el hogar,C3P201_3_1,binary_materialized,C3P201_3_1 == 1,VP_HOGAR == 1,SYSMIS/NULL tratado literalmente por la sintaxis SPSS; R usa na.rm dentro del dominio,VP_HOGAR,1,Nacional,prevalence,1,wald,Nacional=>wald,,03/08/08b_CRS03_CRS04_3.2*.sps,02SQL/stage3_08*.sql; bloque exacto registrado en stage3_spss_block_lineage.csv,spss_reference_results.csv,667f82c959c4a59e30e40e1f94ecc7108ed38790f9234b75c4fda83bd6a25fc0,No usado como autoridad de cálculo; validar metadata Stage 02 si se exige trazabilidad PDF,implemented_and_required_by_spss_reference
C3P201_4_1,C3P201_4_1,3.2 Violencia en el hogar,C3P201_4_1,binary_materialized,C3P201_4_1 == 1,VP_HOGAR == 1,SYSMIS/NULL tratado literalmente por la sintaxis SPSS; R usa na.rm dentro del dominio,VP_HOGAR,1,Nacional,prevalence,1,logit,Nacional=>logit,,03/08/08b_CRS03_CRS04_3.2*.sps,02SQL/stage3_08*.sql; bloque exacto registrado en stage3_spss_block_lineage.csv,spss_reference_results.csv,667f82c959c4a59e30e40e1f94ecc7108ed38790f9234b75c4fda83bd6a25fc0,No usado como autoridad de cálculo; validar metadata Stage 02 si se exige trazabilidad PDF,implemented_and_required_by_spss_reference
C3P201_5_1,C3P201_5_1,3.2 Violencia en el hogar,C3P201_5_1,binary_materialized,C3P201_5_1 == 1,VP_HOGAR == 1,SYSMIS/NULL tratado literalmente por la sintaxis SPSS; R usa na.rm dentro del dominio,VP_HOGAR,1,Nacional,prevalence,1,logit,Nacional=>logit,,03/08/08b_CRS03_CRS04_3.2*.sps,02SQL/stage3_08*.sql; bloque exacto registrado en stage3_spss_block_lineage.csv,spss_reference_results.csv,667f82c959c4a59e30e40e1f94ecc7108ed38790f9234b75c4fda83bd6a25fc0,No usado como autoridad de cálculo; validar metadata Stage 02 si se exige trazabilidad PDF,implemented_and_required_by_spss_reference
C3P201_6_1,C3P201_6_1,3.2 Violencia en el hogar,C3P201_6_1,binary_materialized,C3P201_6_1 == 1,VP_HOGAR == 1,SYSMIS/NULL tratado literalmente por la sintaxis SPSS; R usa na.rm dentro del dominio,VP_HOGAR,1,Nacional,prevalence,1,wald,Nacional=>wald,,03/08/08b_CRS03_CRS04_3.2*.sps,02SQL/stage3_08*.sql; bloque exacto registrado en stage3_spss_block_lineage.csv,spss_reference_results.csv,667f82c959c4a59e30e40e1f94ecc7108ed38790f9234b75c4fda83bd6a25fc0,No usado como autoridad de cálculo; validar metadata Stage 02 si se exige trazabilidad PDF,implemented_and_required_by_spss_reference
C3P201_7_1,C3P201_7_1,3.2 Violencia en el hogar,C3P201_7_1,binary_materialized,C3P201_7_1 == 1,VP_HOGAR == 1,SYSMIS/NULL tratado literalmente por la sintaxis SPSS; R usa na.rm dentro del dominio,VP_HOGAR,1,Nacional,prevalence,1,logit,Nacional=>logit,,03/08/08b_CRS03_CRS04_3.2*.sps,02SQL/stage3_08*.sql; bloque exacto registrado en stage3_spss_block_lineage.csv,spss_reference_results.csv,667f82c959c4a59e30e40e1f94ecc7108ed38790f9234b75c4fda83bd6a25fc0,No usado como autoridad de cálculo; validar metadata Stage 02 si se exige trazabilidad PDF,implemented_and_required_by_spss_reference
C3P201_8_1,C3P201_8_1,3.2 Violencia en el hogar,C3P201_8_1,binary_materialized,C3P201_8_1 == 1,VP_HOGAR == 1,SYSMIS/NULL tratado literalmente por la sintaxis SPSS; R usa na.rm dentro del dominio,VP_HOGAR,1,Nacional,prevalence,1,logit,Nacional=>logit,,03/08/08b_CRS03_CRS04_3.2*.sps,02SQL/stage3_08*.sql; bloque exacto registrado en stage3_spss_block_lineage.csv,spss_reference_results.csv,667f82c959c4a59e30e40e1f94ecc7108ed38790f9234b75c4fda83bd6a25fc0,No usado como autoridad de cálculo; validar metadata Stage 02 si se exige trazabilidad PDF,implemented_and_required_by_spss_reference
C3P201_9_1,C3P201_9_1,3.2 Violencia en el hogar,C3P201_9_1,binary_materialized,C3P201_9_1 == 1,VP_HOGAR == 1,SYSMIS/NULL tratado literalmente por la sintaxis SPSS; R usa na.rm dentro del dominio,VP_HOGAR,1,Nacional,prevalence,1,logit,Nacional=>logit,,03/08/08b_CRS03_CRS04_3.2*.sps,02SQL/stage3_08*.sql; bloque exacto registrado en stage3_spss_block_lineage.csv,spss_reference_results.csv,667f82c959c4a59e30e40e1f94ecc7108ed38790f9234b75c4fda83bd6a25fc0,No usado como autoridad de cálculo; validar metadata Stage 02 si se exige trazabilidad PDF,implemented_and_required_by_spss_reference
"C3P205_1_1,","C3P205_1_1,",3.2 Violencia en el hogar,C3P205_1_1,binary_materialized,C3P205_1_1 == 1,VF_HOGAR == 1,SYSMIS/NULL tratado literalmente por la sintaxis SPSS; R usa na.rm dentro del dominio,VF_HOGAR,1,Nacional,prevalence,1,logit,Nacional=>logit,,03/08/08b_CRS03_CRS04_3.2*.sps,02SQL/stage3_08*.sql; bloque exacto registrado en stage3_spss_block_lineage.csv,spss_reference_results.csv,667f82c959c4a59e30e40e1f94ecc7108ed38790f9234b75c4fda83bd6a25fc0,No usado como autoridad de cálculo; validar metadata Stage 02 si se exige trazabilidad PDF,implemented_and_required_by_spss_reference
"C3P205_2_1,","C3P205_2_1,",3.2 Violencia en el hogar,C3P205_2_1,binary_materialized,C3P205_2_1 == 1,VF_HOGAR == 1,SYSMIS/NULL tratado literalmente por la sintaxis SPSS; R usa na.rm dentro del dominio,VF_HOGAR,1,Nacional,prevalence,1,logit,Nacional=>logit,,03/08/08b_CRS03_CRS04_3.2*.sps,02SQL/stage3_08*.sql; bloque exacto registrado en stage3_spss_block_lineage.csv,spss_reference_results.csv,667f82c959c4a59e30e40e1f94ecc7108ed38790f9234b75c4fda83bd6a25fc0,No usado como autoridad de cálculo; validar metadata Stage 02 si se exige trazabilidad PDF,implemented_and_required_by_spss_reference
"C3P205_3_1,","C3P205_3_1,",3.2 Violencia en el hogar,C3P205_3_1,binary_materialized,C3P205_3_1 == 1,VF_HOGAR == 1,SYSMIS/NULL tratado literalmente por la sintaxis SPSS; R usa na.rm dentro del dominio,VF_HOGAR,1,Nacional,prevalence,1,logit,Nacional=>logit,,03/08/08b_CRS03_CRS04_3.2*.sps,02SQL/stage3_08*.sql; bloque exacto registrado en stage3_spss_block_lineage.csv,spss_reference_results.csv,667f82c959c4a59e30e40e1f94ecc7108ed38790f9234b75c4fda83bd6a25fc0,No usado como autoridad de cálculo; validar metadata Stage 02 si se exige trazabilidad PDF,implemented_and_required_by_spss_reference
"C3P205_4_1,","C3P205_4_1,",3.2 Violencia en el hogar,C3P205_4_1,binary_materialized,C3P205_4_1 == 1,VF_HOGAR == 1,SYSMIS/NULL tratado literalmente por la sintaxis SPSS; R usa na.rm dentro del dominio,VF_HOGAR,1,Nacional,prevalence,1,logit,Nacional=>logit,,03/08/08b_CRS03_CRS04_3.2*.sps,02SQL/stage3_08*.sql; bloque exacto registrado en stage3_spss_block_lineage.csv,spss_reference_results.csv,667f82c959c4a59e30e40e1f94ecc7108ed38790f9234b75c4fda83bd6a25fc0,No usado como autoridad de cálculo; validar metadata Stage 02 si se exige trazabilidad PDF,implemented_and_required_by_spss_reference
"C3P205_5_1,","C3P205_5_1,",3.2 Violencia en el hogar,C3P205_5_1,binary_materialized,C3P205_5_1 == 1,VF_HOGAR == 1,SYSMIS/NULL tratado literalmente por la sintaxis SPSS; R usa na.rm dentro del dominio,VF_HOGAR,1,Nacional,prevalence,1,logit,Nacional=>logit,,03/08/08b_CRS03_CRS04_3.2*.sps,02SQL/stage3_08*.sql; bloque exacto registrado en stage3_spss_block_lineage.csv,spss_reference_results.csv,667f82c959c4a59e30e40e1f94ecc7108ed38790f9234b75c4fda83bd6a25fc0,No usado como autoridad de cálculo; validar metadata Stage 02 si se exige trazabilidad PDF,implemented_and_required_by_spss_reference
"C3P205_6_1,","C3P205_6_1,",3.2 Violencia en el hogar,C3P205_6_1,binary_materialized,C3P205_6_1 == 1,VF_HOGAR == 1,SYSMIS/NULL tratado literalmente por la sintaxis SPSS; R usa na.rm dentro del dominio,VF_HOGAR,1,Nacional,prevalence,1,logit,Nacional=>logit,,03/08/08b_CRS03_CRS04_3.2*.sps,02SQL/stage3_08*.sql; bloque exacto registrado en stage3_spss_block_lineage.csv,spss_reference_results.csv,667f82c959c4a59e30e40e1f94ecc7108ed38790f9234b75c4fda83bd6a25fc0,No usado como autoridad de cálculo; validar metadata Stage 02 si se exige trazabilidad PDF,implemented_and_required_by_spss_reference
C3P205_7_1,C3P205_7_1,3.2 Violencia en el hogar,C3P205_7_1,binary_materialized,C3P205_7_1 == 1,VF_HOGAR == 1,SYSMIS/NULL tratado literalmente por la sintaxis SPSS; R usa na.rm dentro del dominio,VF_HOGAR,1,Nacional,prevalence,1,logit,Nacional=>logit,,03/08/08b_CRS03_CRS04_3.2*.sps,02SQL/stage3_08*.sql; bloque exacto registrado en stage3_spss_block_lineage.csv,spss_reference_results.csv,667f82c959c4a59e30e40e1f94ecc7108ed38790f9234b75c4fda83bd6a25fc0,No usado como autoridad de cálculo; validar metadata Stage 02 si se exige trazabilidad PDF,implemented_and_required_by_spss_reference
C3P213,C3P213,3.6 Búsqueda de ayuda,C3P213,categorical_target,C3P213 == 5,dom_no_recibio_hogar == 1,SYSMIS/NULL tratado literalmente por la sintaxis SPSS; R usa na.rm dentro del dominio,dom_no_recibio_hogar,1,Nacional,prevalence,5,logit,Nacional=>logit,,13_CRS04_3.6_BusquedaAyuda*.sps,02SQL/stage3_08*.sql; bloque exacto registrado en stage3_spss_block_lineage.csv,spss_reference_results.csv,667f82c959c4a59e30e40e1f94ecc7108ed38790f9234b75c4fda83bd6a25fc0,No usado como autoridad de cálculo; validar metadata Stage 02 si se exige trazabilidad PDF,implemented_and_required_by_spss_reference
C3P215_1,C3P215_1,3.6 Búsqueda de ayuda,C3P215_1,categorical_target,C3P215_1 == 1,dom_institucion_hogar == 1,SYSMIS/NULL tratado literalmente por la sintaxis SPSS; R usa na.rm dentro del dominio,dom_institucion_hogar,1,Nacional,prevalence,1,logit,Nacional=>logit,,13_CRS04_3.6_BusquedaAyuda*.sps,02SQL/stage3_08*.sql; bloque exacto registrado en stage3_spss_block_lineage.csv,spss_reference_results.csv,667f82c959c4a59e30e40e1f94ecc7108ed38790f9234b75c4fda83bd6a25fc0,No usado como autoridad de cálculo; validar metadata Stage 02 si se exige trazabilidad PDF,implemented_and_required_by_spss_reference
C3P215_10,C3P215_10,3.6 Búsqueda de ayuda,C3P215_10,categorical_target,C3P215_10 == 1,dom_institucion_hogar == 1,SYSMIS/NULL tratado literalmente por la sintaxis SPSS; R usa na.rm dentro del dominio,dom_institucion_hogar,1,Nacional,prevalence,1,logit,Nacional=>logit,,13_CRS04_3.6_BusquedaAyuda*.sps,02SQL/stage3_08*.sql; bloque exacto registrado en stage3_spss_block_lineage.csv,spss_reference_results.csv,667f82c959c4a59e30e40e1f94ecc7108ed38790f9234b75c4fda83bd6a25fc0,No usado como autoridad de cálculo; validar metadata Stage 02 si se exige trazabilidad PDF,implemented_and_required_by_spss_reference
C3P215_11,C3P215_11,3.6 Búsqueda de ayuda,C3P215_11,categorical_target,C3P215_11 == 1,dom_institucion_hogar == 1,SYSMIS/NULL tratado literalmente por la sintaxis SPSS; R usa na.rm dentro del dominio,dom_institucion_hogar,1,Nacional,prevalence,1,logit,Nacional=>logit,,13_CRS04_3.6_BusquedaAyuda*.sps,02SQL/stage3_08*.sql; bloque exacto registrado en stage3_spss_block_lineage.csv,spss_reference_results.csv,667f82c959c4a59e30e40e1f94ecc7108ed38790f9234b75c4fda83bd6a25fc0,No usado como autoridad de cálculo; validar metadata Stage 02 si se exige trazabilidad PDF,implemented_and_required_by_spss_reference
C3P215_2,C3P215_2,3.6 Búsqueda de ayuda,C3P215_2,categorical_target,C3P215_2 == 1,dom_institucion_hogar == 1,SYSMIS/NULL tratado literalmente por la sintaxis SPSS; R usa na.rm dentro del dominio,dom_institucion_hogar,1,Nacional,prevalence,1,logit,Nacional=>logit,,13_CRS04_3.6_BusquedaAyuda*.sps,02SQL/stage3_08*.sql; bloque exacto registrado en stage3_spss_block_lineage.csv,spss_reference_results.csv,667f82c959c4a59e30e40e1f94ecc7108ed38790f9234b75c4fda83bd6a25fc0,No usado como autoridad de cálculo; validar metadata Stage 02 si se exige trazabilidad PDF,implemented_and_required_by_spss_reference
C3P215_3,C3P215_3,3.6 Búsqueda de ayuda,C3P215_3,categorical_target,C3P215_3 == 1,dom_institucion_hogar == 1,SYSMIS/NULL tratado literalmente por la sintaxis SPSS; R usa na.rm dentro del dominio,dom_institucion_hogar,1,Nacional,prevalence,1,logit,Nacional=>logit,,13_CRS04_3.6_BusquedaAyuda*.sps,02SQL/stage3_08*.sql; bloque exacto registrado en stage3_spss_block_lineage.csv,spss_reference_results.csv,667f82c959c4a59e30e40e1f94ecc7108ed38790f9234b75c4fda83bd6a25fc0,No usado como autoridad de cálculo; validar metadata Stage 02 si se exige trazabilidad PDF,implemented_and_required_by_spss_reference
C3P215_4,C3P215_4,3.6 Búsqueda de ayuda,C3P215_4,categorical_target,C3P215_4 == 1,dom_institucion_hogar == 1,SYSMIS/NULL tratado literalmente por la sintaxis SPSS; R usa na.rm dentro del dominio,dom_institucion_hogar,1,Nacional,prevalence,1,logit,Nacional=>logit,,13_CRS04_3.6_BusquedaAyuda*.sps,02SQL/stage3_08*.sql; bloque exacto registrado en stage3_spss_block_lineage.csv,spss_reference_results.csv,667f82c959c4a59e30e40e1f94ecc7108ed38790f9234b75c4fda83bd6a25fc0,No usado como autoridad de cálculo; validar metadata Stage 02 si se exige trazabilidad PDF,implemented_and_required_by_spss_reference
C3P215_5,C3P215_5,3.6 Búsqueda de ayuda,C3P215_5,categorical_target,C3P215_5 == 1,dom_institucion_hogar == 1,SYSMIS/NULL tratado literalmente por la sintaxis SPSS; R usa na.rm dentro del dominio,dom_institucion_hogar,1,Nacional,prevalence,1,wald,Nacional=>wald,,13_CRS04_3.6_BusquedaAyuda*.sps,02SQL/stage3_08*.sql; bloque exacto registrado en stage3_spss_block_lineage.csv,spss_reference_results.csv,667f82c959c4a59e30e40e1f94ecc7108ed38790f9234b75c4fda83bd6a25fc0,No usado como autoridad de cálculo; validar metadata Stage 02 si se exige trazabilidad PDF,implemented_and_required_by_spss_reference
C3P215_6,C3P215_6,3.6 Búsqueda de ayuda,C3P215_6,categorical_target,C3P215_6 == 1,dom_institucion_hogar == 1,SYSMIS/NULL tratado literalmente por la sintaxis SPSS; R usa na.rm dentro del dominio,dom_institucion_hogar,1,Nacional,prevalence,1,logit,Nacional=>logit,,13_CRS04_3.6_BusquedaAyuda*.sps,02SQL/stage3_08*.sql; bloque exacto registrado en stage3_spss_block_lineage.csv,spss_reference_results.csv,667f82c959c4a59e30e40e1f94ecc7108ed38790f9234b75c4fda83bd6a25fc0,No usado como autoridad de cálculo; validar metadata Stage 02 si se exige trazabilidad PDF,implemented_and_required_by_spss_reference
C3P215_7,C3P215_7,3.6 Búsqueda de ayuda,C3P215_7,categorical_target,C3P215_7 == 1,dom_institucion_hogar == 1,SYSMIS/NULL tratado literalmente por la sintaxis SPSS; R usa na.rm dentro del dominio,dom_institucion_hogar,1,Nacional,prevalence,1,logit,Nacional=>logit,,13_CRS04_3.6_BusquedaAyuda*.sps,02SQL/stage3_08*.sql; bloque exacto registrado en stage3_spss_block_lineage.csv,spss_reference_results.csv,667f82c959c4a59e30e40e1f94ecc7108ed38790f9234b75c4fda83bd6a25fc0,No usado como autoridad de cálculo; validar metadata Stage 02 si se exige trazabilidad PDF,implemented_and_required_by_spss_reference
C3P215_8,C3P215_8,3.6 Búsqueda de ayuda,C3P215_8,categorical_target,C3P215_8 == 1,dom_institucion_hogar == 1,SYSMIS/NULL tratado literalmente por la sintaxis SPSS; R usa na.rm dentro del dominio,dom_institucion_hogar,1,Nacional,prevalence,1,logit,Nacional=>logit,,13_CRS04_3.6_BusquedaAyuda*.sps,02SQL/stage3_08*.sql; bloque exacto registrado en stage3_spss_block_lineage.csv,spss_reference_results.csv,667f82c959c4a59e30e40e1f94ecc7108ed38790f9234b75c4fda83bd6a25fc0,No usado como autoridad de cálculo; validar metadata Stage 02 si se exige trazabilidad PDF,implemented_and_required_by_spss_reference
C3P215_9,C3P215_9,3.6 Búsqueda de ayuda,C3P215_9,categorical_target,C3P215_9 == 1,dom_institucion_hogar == 1,SYSMIS/NULL tratado literalmente por la sintaxis SPSS; R usa na.rm dentro del dominio,dom_institucion_hogar,1,Nacional,prevalence,1,logit,Nacional=>logit,,13_CRS04_3.6_BusquedaAyuda*.sps,02SQL/stage3_08*.sql; bloque exacto registrado en stage3_spss_block_lineage.csv,spss_reference_results.csv,667f82c959c4a59e30e40e1f94ecc7108ed38790f9234b75c4fda83bd6a25fc0,No usado como autoridad de cálculo; validar metadata Stage 02 si se exige trazabilidad PDF,implemented_and_required_by_spss_reference
C3P223_10_1,C3P223_10_1,3.3 Violencia en la escuela,C3P223_10_1,binary_materialized,C3P223_10_1 == 1,VP_ESCUELA == 1,SYSMIS/NULL tratado literalmente por la sintaxis SPSS; R usa na.rm dentro del dominio,VP_ESCUELA,1,Nacional,prevalence,1,logit,Nacional=>logit,,05/09/09b/09c_CRS03_CRS04_3.3*.sps,02SQL/stage3_08*.sql; bloque exacto registrado en stage3_spss_block_lineage.csv,spss_reference_results.csv,667f82c959c4a59e30e40e1f94ecc7108ed38790f9234b75c4fda83bd6a25fc0,No usado como autoridad de cálculo; validar metadata Stage 02 si se exige trazabilidad PDF,implemented_and_required_by_spss_reference
C3P223_11_1,C3P223_11_1,3.3 Violencia en la escuela,C3P223_11_1,binary_materialized,C3P223_11_1 == 1,VP_ESCUELA == 1,SYSMIS/NULL tratado literalmente por la sintaxis SPSS; R usa na.rm dentro del dominio,VP_ESCUELA,1,Nacional,prevalence,1,logit,Nacional=>logit,,05/09/09b/09c_CRS03_CRS04_3.3*.sps,02SQL/stage3_08*.sql; bloque exacto registrado en stage3_spss_block_lineage.csv,spss_reference_results.csv,667f82c959c4a59e30e40e1f94ecc7108ed38790f9234b75c4fda83bd6a25fc0,No usado como autoridad de cálculo; validar metadata Stage 02 si se exige trazabilidad PDF,implemented_and_required_by_spss_reference
C3P223_12_1,C3P223_12_1,3.3 Violencia en la escuela,C3P223_12_1,binary_materialized,C3P223_12_1 == 1,VP_ESCUELA == 1,SYSMIS/NULL tratado literalmente por la sintaxis SPSS; R usa na.rm dentro del dominio,VP_ESCUELA,1,Nacional,prevalence,1,wald,Nacional=>wald,,05/09/09b/09c_CRS03_CRS04_3.3*.sps,02SQL/stage3_08*.sql; bloque exacto registrado en stage3_spss_block_lineage.csv,spss_reference_results.csv,667f82c959c4a59e30e40e1f94ecc7108ed38790f9234b75c4fda83bd6a25fc0,No usado como autoridad de cálculo; validar metadata Stage 02 si se exige trazabilidad PDF,implemented_and_required_by_spss_reference
C3P223_13_1,C3P223_13_1,3.3 Violencia en la escuela,C3P223_13_1,binary_materialized,C3P223_13_1 == 1,VP_ESCUELA == 1,SYSMIS/NULL tratado literalmente por la sintaxis SPSS; R usa na.rm dentro del dominio,VP_ESCUELA,1,Nacional,prevalence,1,logit,Nacional=>logit,,05/09/09b/09c_CRS03_CRS04_3.3*.sps,02SQL/stage3_08*.sql; bloque exacto registrado en stage3_spss_block_lineage.csv,spss_reference_results.csv,667f82c959c4a59e30e40e1f94ecc7108ed38790f9234b75c4fda83bd6a25fc0,No usado como autoridad de cálculo; validar metadata Stage 02 si se exige trazabilidad PDF,implemented_and_required_by_spss_reference
C3P223_14_1,C3P223_14_1,3.3 Violencia en la escuela,C3P223_14_1,binary_materialized,C3P223_14_1 == 1,VP_ESCUELA == 1,SYSMIS/NULL tratado literalmente por la sintaxis SPSS; R usa na.rm dentro del dominio,VP_ESCUELA,1,Nacional,prevalence,1,logit,Nacional=>logit,,05/09/09b/09c_CRS03_CRS04_3.3*.sps,02SQL/stage3_08*.sql; bloque exacto registrado en stage3_spss_block_lineage.csv,spss_reference_results.csv,667f82c959c4a59e30e40e1f94ecc7108ed38790f9234b75c4fda83bd6a25fc0,No usado como autoridad de cálculo; validar metadata Stage 02 si se exige trazabilidad PDF,implemented_and_required_by_spss_reference
C3P223_1_1,C3P223_1_1,3.3 Violencia en la escuela,C3P223_1_1,binary_materialized,C3P223_1_1 == 1,VP_ESCUELA == 1,SYSMIS/NULL tratado literalmente por la sintaxis SPSS; R usa na.rm dentro del dominio,VP_ESCUELA,1,Nacional,prevalence,1,logit,Nacional=>logit,,05/09/09b/09c_CRS03_CRS04_3.3*.sps,02SQL/stage3_08*.sql; bloque exacto registrado en stage3_spss_block_lineage.csv,spss_reference_results.csv,667f82c959c4a59e30e40e1f94ecc7108ed38790f9234b75c4fda83bd6a25fc0,No usado como autoridad de cálculo; validar metadata Stage 02 si se exige trazabilidad PDF,implemented_and_required_by_spss_reference
C3P223_2_1,C3P223_2_1,3.3 Violencia en la escuela,C3P223_2_1,binary_materialized,C3P223_2_1 == 1,VP_ESCUELA == 1,SYSMIS/NULL tratado literalmente por la sintaxis SPSS; R usa na.rm dentro del dominio,VP_ESCUELA,1,Nacional,prevalence,1,wald,Nacional=>wald,,05/09/09b/09c_CRS03_CRS04_3.3*.sps,02SQL/stage3_08*.sql; bloque exacto registrado en stage3_spss_block_lineage.csv,spss_reference_results.csv,667f82c959c4a59e30e40e1f94ecc7108ed38790f9234b75c4fda83bd6a25fc0,No usado como autoridad de cálculo; validar metadata Stage 02 si se exige trazabilidad PDF,implemented_and_required_by_spss_reference
C3P223_3_1,C3P223_3_1,3.3 Violencia en la escuela,C3P223_3_1,binary_materialized,C3P223_3_1 == 1,VP_ESCUELA == 1,SYSMIS/NULL tratado literalmente por la sintaxis SPSS; R usa na.rm dentro del dominio,VP_ESCUELA,1,Nacional,prevalence,1,logit,Nacional=>logit,,05/09/09b/09c_CRS03_CRS04_3.3*.sps,02SQL/stage3_08*.sql; bloque exacto registrado en stage3_spss_block_lineage.csv,spss_reference_results.csv,667f82c959c4a59e30e40e1f94ecc7108ed38790f9234b75c4fda83bd6a25fc0,No usado como autoridad de cálculo; validar metadata Stage 02 si se exige trazabilidad PDF,implemented_and_required_by_spss_reference
C3P223_4_1,C3P223_4_1,3.3 Violencia en la escuela,C3P223_4_1,binary_materialized,C3P223_4_1 == 1,VP_ESCUELA == 1,SYSMIS/NULL tratado literalmente por la sintaxis SPSS; R usa na.rm dentro del dominio,VP_ESCUELA,1,Nacional,prevalence,1,wald,Nacional=>wald,,05/09/09b/09c_CRS03_CRS04_3.3*.sps,02SQL/stage3_08*.sql; bloque exacto registrado en stage3_spss_block_lineage.csv,spss_reference_results.csv,667f82c959c4a59e30e40e1f94ecc7108ed38790f9234b75c4fda83bd6a25fc0,No usado como autoridad de cálculo; validar metadata Stage 02 si se exige trazabilidad PDF,implemented_and_required_by_spss_reference
C3P223_5_1,C3P223_5_1,3.3 Violencia en la escuela,C3P223_5_1,binary_materialized,C3P223_5_1 == 1,VP_ESCUELA == 1,SYSMIS/NULL tratado literalmente por la sintaxis SPSS; R usa na.rm dentro del dominio,VP_ESCUELA,1,Nacional,prevalence,1,wald,Nacional=>wald,,05/09/09b/09c_CRS03_CRS04_3.3*.sps,02SQL/stage3_08*.sql; bloque exacto registrado en stage3_spss_block_lineage.csv,spss_reference_results.csv,667f82c959c4a59e30e40e1f94ecc7108ed38790f9234b75c4fda83bd6a25fc0,No usado como autoridad de cálculo; validar metadata Stage 02 si se exige trazabilidad PDF,implemented_and_required_by_spss_reference
C3P223_6_1,C3P223_6_1,3.3 Violencia en la escuela,C3P223_6_1,binary_materialized,C3P223_6_1 == 1,VP_ESCUELA == 1,SYSMIS/NULL tratado literalmente por la sintaxis SPSS; R usa na.rm dentro del dominio,VP_ESCUELA,1,Nacional,prevalence,1,wald,Nacional=>wald,,05/09/09b/09c_CRS03_CRS04_3.3*.sps,02SQL/stage3_08*.sql; bloque exacto registrado en stage3_spss_block_lineage.csv,spss_reference_results.csv,667f82c959c4a59e30e40e1f94ecc7108ed38790f9234b75c4fda83bd6a25fc0,No usado como autoridad de cálculo; validar metadata Stage 02 si se exige trazabilidad PDF,implemented_and_required_by_spss_reference
C3P223_7_1,C3P223_7_1,3.3 Violencia en la escuela,C3P223_7_1,binary_materialized,C3P223_7_1 == 1,VP_ESCUELA == 1,SYSMIS/NULL tratado literalmente por la sintaxis SPSS; R usa na.rm dentro del dominio,VP_ESCUELA,1,Nacional,prevalence,1,logit,Nacional=>logit,,05/09/09b/09c_CRS03_CRS04_3.3*.sps,02SQL/stage3_08*.sql; bloque exacto registrado en stage3_spss_block_lineage.csv,spss_reference_results.csv,667f82c959c4a59e30e40e1f94ecc7108ed38790f9234b75c4fda83bd6a25fc0,No usado como autoridad de cálculo; validar metadata Stage 02 si se exige trazabilidad PDF,implemented_and_required_by_spss_reference
C3P223_8_1,C3P223_8_1,3.3 Violencia en la escuela,C3P223_8_1,binary_materialized,C3P223_8_1 == 1,VP_ESCUELA == 1,SYSMIS/NULL tratado literalmente por la sintaxis SPSS; R usa na.rm dentro del dominio,VP_ESCUELA,1,Nacional,prevalence,1,logit,Nacional=>logit,,05/09/09b/09c_CRS03_CRS04_3.3*.sps,02SQL/stage3_08*.sql; bloque exacto registrado en stage3_spss_block_lineage.csv,spss_reference_results.csv,667f82c959c4a59e30e40e1f94ecc7108ed38790f9234b75c4fda83bd6a25fc0,No usado como autoridad de cálculo; validar metadata Stage 02 si se exige trazabilidad PDF,implemented_and_required_by_spss_reference
C3P223_9_1,C3P223_9_1,3.3 Violencia en la escuela,C3P223_9_1,binary_materialized,C3P223_9_1 == 1,VP_ESCUELA == 1,SYSMIS/NULL tratado literalmente por la sintaxis SPSS; R usa na.rm dentro del dominio,VP_ESCUELA,1,Nacional,prevalence,1,logit,Nacional=>logit,,05/09/09b/09c_CRS03_CRS04_3.3*.sps,02SQL/stage3_08*.sql; bloque exacto registrado en stage3_spss_block_lineage.csv,spss_reference_results.csv,667f82c959c4a59e30e40e1f94ecc7108ed38790f9234b75c4fda83bd6a25fc0,No usado como autoridad de cálculo; validar metadata Stage 02 si se exige trazabilidad PDF,implemented_and_required_by_spss_reference
C3P227_10_1,C3P227_10_1,3.3 Violencia en la escuela,C3P227_10_1,binary_materialized,C3P227_10_1 == 1,VF_ESCUELA == 1,SYSMIS/NULL tratado literalmente por la sintaxis SPSS; R usa na.rm dentro del dominio,VF_ESCUELA,1,Nacional,prevalence,1,logit,Nacional=>logit,,05/09/09b/09c_CRS03_CRS04_3.3*.sps,02SQL/stage3_08*.sql; bloque exacto registrado en stage3_spss_block_lineage.csv,spss_reference_results.csv,667f82c959c4a59e30e40e1f94ecc7108ed38790f9234b75c4fda83bd6a25fc0,No usado como autoridad de cálculo; validar metadata Stage 02 si se exige trazabilidad PDF,implemented_and_required_by_spss_reference
C3P227_1_1,C3P227_1_1,3.3 Violencia en la escuela,C3P227_1_1,binary_materialized,C3P227_1_1 == 1,VF_ESCUELA == 1,SYSMIS/NULL tratado literalmente por la sintaxis SPSS; R usa na.rm dentro del dominio,VF_ESCUELA,1,Nacional,prevalence,1,logit,Nacional=>logit,,05/09/09b/09c_CRS03_CRS04_3.3*.sps,02SQL/stage3_08*.sql; bloque exacto registrado en stage3_spss_block_lineage.csv,spss_reference_results.csv,667f82c959c4a59e30e40e1f94ecc7108ed38790f9234b75c4fda83bd6a25fc0,No usado como autoridad de cálculo; validar metadata Stage 02 si se exige trazabilidad PDF,implemented_and_required_by_spss_reference
C3P227_2_1,C3P227_2_1,3.3 Violencia en la escuela,C3P227_2_1,binary_materialized,C3P227_2_1 == 1,VF_ESCUELA == 1,SYSMIS/NULL tratado literalmente por la sintaxis SPSS; R usa na.rm dentro del dominio,VF_ESCUELA,1,Nacional,prevalence,1,wald,Nacional=>wald,,05/09/09b/09c_CRS03_CRS04_3.3*.sps,02SQL/stage3_08*.sql; bloque exacto registrado en stage3_spss_block_lineage.csv,spss_reference_results.csv,667f82c959c4a59e30e40e1f94ecc7108ed38790f9234b75c4fda83bd6a25fc0,No usado como autoridad de cálculo; validar metadata Stage 02 si se exige trazabilidad PDF,implemented_and_required_by_spss_reference
C3P227_3_1,C3P227_3_1,3.3 Violencia en la escuela,C3P227_3_1,binary_materialized,C3P227_3_1 == 1,VF_ESCUELA == 1,SYSMIS/NULL tratado literalmente por la sintaxis SPSS; R usa na.rm dentro del dominio,VF_ESCUELA,1,Nacional,prevalence,1,logit,Nacional=>logit,,05/09/09b/09c_CRS03_CRS04_3.3*.sps,02SQL/stage3_08*.sql; bloque exacto registrado en stage3_spss_block_lineage.csv,spss_reference_results.csv,667f82c959c4a59e30e40e1f94ecc7108ed38790f9234b75c4fda83bd6a25fc0,No usado como autoridad de cálculo; validar metadata Stage 02 si se exige trazabilidad PDF,implemented_and_required_by_spss_reference
C3P227_4_1,C3P227_4_1,3.3 Violencia en la escuela,C3P227_4_1,binary_materialized,C3P227_4_1 == 1,VF_ESCUELA == 1,SYSMIS/NULL tratado literalmente por la sintaxis SPSS; R usa na.rm dentro del dominio,VF_ESCUELA,1,Nacional,prevalence,1,logit,Nacional=>logit,,05/09/09b/09c_CRS03_CRS04_3.3*.sps,02SQL/stage3_08*.sql; bloque exacto registrado en stage3_spss_block_lineage.csv,spss_reference_results.csv,667f82c959c4a59e30e40e1f94ecc7108ed38790f9234b75c4fda83bd6a25fc0,No usado como autoridad de cálculo; validar metadata Stage 02 si se exige trazabilidad PDF,implemented_and_required_by_spss_reference
C3P227_5_1,C3P227_5_1,3.3 Violencia en la escuela,C3P227_5_1,binary_materialized,C3P227_5_1 == 1,VF_ESCUELA == 1,SYSMIS/NULL tratado literalmente por la sintaxis SPSS; R usa na.rm dentro del dominio,VF_ESCUELA,1,Nacional,prevalence,1,logit,Nacional=>logit,,05/09/09b/09c_CRS03_CRS04_3.3*.sps,02SQL/stage3_08*.sql; bloque exacto registrado en stage3_spss_block_lineage.csv,spss_reference_results.csv,667f82c959c4a59e30e40e1f94ecc7108ed38790f9234b75c4fda83bd6a25fc0,No usado como autoridad de cálculo; validar metadata Stage 02 si se exige trazabilidad PDF,implemented_and_required_by_spss_reference
C3P227_6_1,C3P227_6_1,3.3 Violencia en la escuela,C3P227_6_1,binary_materialized,C3P227_6_1 == 1,VF_ESCUELA == 1,SYSMIS/NULL tratado literalmente por la sintaxis SPSS; R usa na.rm dentro del dominio,VF_ESCUELA,1,Nacional,prevalence,1,logit,Nacional=>logit,,05/09/09b/09c_CRS03_CRS04_3.3*.sps,02SQL/stage3_08*.sql; bloque exacto registrado en stage3_spss_block_lineage.csv,spss_reference_results.csv,667f82c959c4a59e30e40e1f94ecc7108ed38790f9234b75c4fda83bd6a25fc0,No usado como autoridad de cálculo; validar metadata Stage 02 si se exige trazabilidad PDF,implemented_and_required_by_spss_reference
C3P227_7_1,C3P227_7_1,3.3 Violencia en la escuela,C3P227_7_1,binary_materialized,C3P227_7_1 == 1,VF_ESCUELA == 1,SYSMIS/NULL tratado literalmente por la sintaxis SPSS; R usa na.rm dentro del dominio,VF_ESCUELA,1,Nacional,prevalence,1,logit,Nacional=>logit,,05/09/09b/09c_CRS03_CRS04_3.3*.sps,02SQL/stage3_08*.sql; bloque exacto registrado en stage3_spss_block_lineage.csv,spss_reference_results.csv,667f82c959c4a59e30e40e1f94ecc7108ed38790f9234b75c4fda83bd6a25fc0,No usado como autoridad de cálculo; validar metadata Stage 02 si se exige trazabilidad PDF,implemented_and_required_by_spss_reference
C3P227_8_1,C3P227_8_1,3.3 Violencia en la escuela,C3P227_8_1,binary_materialized,C3P227_8_1 == 1,VF_ESCUELA == 1,SYSMIS/NULL tratado literalmente por la sintaxis SPSS; R usa na.rm dentro del dominio,VF_ESCUELA,1,Nacional,prevalence,1,logit,Nacional=>logit,,05/09/09b/09c_CRS03_CRS04_3.3*.sps,02SQL/stage3_08*.sql; bloque exacto registrado en stage3_spss_block_lineage.csv,spss_reference_results.csv,667f82c959c4a59e30e40e1f94ecc7108ed38790f9234b75c4fda83bd6a25fc0,No usado como autoridad de cálculo; validar metadata Stage 02 si se exige trazabilidad PDF,implemented_and_required_by_spss_reference
C3P227_9_1,C3P227_9_1,3.3 Violencia en la escuela,C3P227_9_1,binary_materialized,C3P227_9_1 == 1,VF_ESCUELA == 1,SYSMIS/NULL tratado literalmente por la sintaxis SPSS; R usa na.rm dentro del dominio,VF_ESCUELA,1,Nacional,prevalence,1,logit,Nacional=>logit,,05/09/09b/09c_CRS03_CRS04_3.3*.sps,02SQL/stage3_08*.sql; bloque exacto registrado en stage3_spss_block_lineage.csv,spss_reference_results.csv,667f82c959c4a59e30e40e1f94ecc7108ed38790f9234b75c4fda83bd6a25fc0,No usado como autoridad de cálculo; validar metadata Stage 02 si se exige trazabilidad PDF,implemented_and_required_by_spss_reference
C3P233_1A_1,C3P233_1A_1,3.1 Características y percepciones,C3P233_1A_1,binary_materialized,C3P233_1A_1 == 1,casos válidos del diseño muestral,SYSMIS/NULL tratado literalmente por la sintaxis SPSS; R usa na.rm dentro del dominio,,,Nacional,prevalence,1,logit,Nacional=>logit,,07_CRS04_3.1_Caracteristicas_violencia_Percepciones_ver6.sps,02SQL/stage3_08*.sql; bloque exacto registrado en stage3_spss_block_lineage.csv,spss_reference_results.csv,667f82c959c4a59e30e40e1f94ecc7108ed38790f9234b75c4fda83bd6a25fc0,No usado como autoridad de cálculo; validar metadata Stage 02 si se exige trazabilidad PDF,implemented_and_required_by_spss_reference
C3P233_1_1,C3P233_1_1,3.1 Características y percepciones,C3P233_1_1,binary_materialized,C3P233_1_1 == 1,casos válidos del diseño muestral,SYSMIS/NULL tratado literalmente por la sintaxis SPSS; R usa na.rm dentro del dominio,,,Nacional,prevalence,1,logit,Nacional=>logit,,07_CRS04_3.1_Caracteristicas_violencia_Percepciones_ver6.sps,02SQL/stage3_08*.sql; bloque exacto registrado en stage3_spss_block_lineage.csv,spss_reference_results.csv,667f82c959c4a59e30e40e1f94ecc7108ed38790f9234b75c4fda83bd6a25fc0,No usado como autoridad de cálculo; validar metadata Stage 02 si se exige trazabilidad PDF,implemented_and_required_by_spss_reference
C3P233_2A_1,C3P233_2A_1,3.1 Características y percepciones,C3P233_2A_1,binary_materialized,C3P233_2A_1 == 1,casos válidos del diseño muestral,SYSMIS/NULL tratado literalmente por la sintaxis SPSS; R usa na.rm dentro del dominio,,,Nacional,prevalence,1,logit,Nacional=>logit,,07_CRS04_3.1_Caracteristicas_violencia_Percepciones_ver6.sps,02SQL/stage3_08*.sql; bloque exacto registrado en stage3_spss_block_lineage.csv,spss_reference_results.csv,667f82c959c4a59e30e40e1f94ecc7108ed38790f9234b75c4fda83bd6a25fc0,No usado como autoridad de cálculo; validar metadata Stage 02 si se exige trazabilidad PDF,implemented_and_required_by_spss_reference
C3P233_2_1,C3P233_2_1,3.1 Características y percepciones,C3P233_2_1,binary_materialized,C3P233_2_1 == 1,casos válidos del diseño muestral,SYSMIS/NULL tratado literalmente por la sintaxis SPSS; R usa na.rm dentro del dominio,,,Nacional,prevalence,1,logit,Nacional=>logit,,07_CRS04_3.1_Caracteristicas_violencia_Percepciones_ver6.sps,02SQL/stage3_08*.sql; bloque exacto registrado en stage3_spss_block_lineage.csv,spss_reference_results.csv,667f82c959c4a59e30e40e1f94ecc7108ed38790f9234b75c4fda83bd6a25fc0,No usado como autoridad de cálculo; validar metadata Stage 02 si se exige trazabilidad PDF,implemented_and_required_by_spss_reference
C3P233_3_1,C3P233_3_1,3.1 Características y percepciones,C3P233_3_1,binary_materialized,C3P233_3_1 == 1,casos válidos del diseño muestral,SYSMIS/NULL tratado literalmente por la sintaxis SPSS; R usa na.rm dentro del dominio,,,Nacional,prevalence,1,logit,Nacional=>logit,,07_CRS04_3.1_Caracteristicas_violencia_Percepciones_ver6.sps,02SQL/stage3_08*.sql; bloque exacto registrado en stage3_spss_block_lineage.csv,spss_reference_results.csv,667f82c959c4a59e30e40e1f94ecc7108ed38790f9234b75c4fda83bd6a25fc0,No usado como autoridad de cálculo; validar metadata Stage 02 si se exige trazabilidad PDF,implemented_and_required_by_spss_reference
C3P240,C3P240,3.6 Búsqueda de ayuda,C3P240,categorical_target,C3P240 == 4,dom_no_recibio_escuela == 1,SYSMIS/NULL tratado literalmente por la sintaxis SPSS; R usa na.rm dentro del dominio,dom_no_recibio_escuela,1,Nacional,prevalence,4,logit,Nacional=>logit,,13_CRS04_3.6_BusquedaAyuda*.sps,02SQL/stage3_08*.sql; bloque exacto registrado en stage3_spss_block_lineage.csv,spss_reference_results.csv,667f82c959c4a59e30e40e1f94ecc7108ed38790f9234b75c4fda83bd6a25fc0,No usado como autoridad de cálculo; validar metadata Stage 02 si se exige trazabilidad PDF,implemented_and_required_by_spss_reference
C3P242_1,C3P242_1,3.6 Búsqueda de ayuda,C3P242_1,categorical_target,C3P242_1 == 1,dom_institucion_escuela == 1,SYSMIS/NULL tratado literalmente por la sintaxis SPSS; R usa na.rm dentro del dominio,dom_institucion_escuela,1,Nacional,prevalence,1,logit,Nacional=>logit,,13_CRS04_3.6_BusquedaAyuda*.sps,02SQL/stage3_08*.sql; bloque exacto registrado en stage3_spss_block_lineage.csv,spss_reference_results.csv,667f82c959c4a59e30e40e1f94ecc7108ed38790f9234b75c4fda83bd6a25fc0,No usado como autoridad de cálculo; validar metadata Stage 02 si se exige trazabilidad PDF,implemented_and_required_by_spss_reference
C3P242_10,C3P242_10,3.6 Búsqueda de ayuda,C3P242_10,categorical_target,C3P242_10 == 1,dom_institucion_escuela == 1,SYSMIS/NULL tratado literalmente por la sintaxis SPSS; R usa na.rm dentro del dominio,dom_institucion_escuela,1,Nacional,prevalence,1,wald,Nacional=>wald,,13_CRS04_3.6_BusquedaAyuda*.sps,02SQL/stage3_08*.sql; bloque exacto registrado en stage3_spss_block_lineage.csv,spss_reference_results.csv,667f82c959c4a59e30e40e1f94ecc7108ed38790f9234b75c4fda83bd6a25fc0,No usado como autoridad de cálculo; validar metadata Stage 02 si se exige trazabilidad PDF,implemented_and_required_by_spss_reference
C3P242_11,C3P242_11,3.6 Búsqueda de ayuda,C3P242_11,categorical_target,C3P242_11 == 1,dom_institucion_escuela == 1,SYSMIS/NULL tratado literalmente por la sintaxis SPSS; R usa na.rm dentro del dominio,dom_institucion_escuela,1,Nacional,prevalence,1,logit,Nacional=>logit,,13_CRS04_3.6_BusquedaAyuda*.sps,02SQL/stage3_08*.sql; bloque exacto registrado en stage3_spss_block_lineage.csv,spss_reference_results.csv,667f82c959c4a59e30e40e1f94ecc7108ed38790f9234b75c4fda83bd6a25fc0,No usado como autoridad de cálculo; validar metadata Stage 02 si se exige trazabilidad PDF,implemented_and_required_by_spss_reference
C3P242_12,C3P242_12,3.6 Búsqueda de ayuda,C3P242_12,categorical_target,C3P242_12 == 1,dom_institucion_escuela == 1,SYSMIS/NULL tratado literalmente por la sintaxis SPSS; R usa na.rm dentro del dominio,dom_institucion_escuela,1,Nacional,prevalence,1,logit,Nacional=>logit,,13_CRS04_3.6_BusquedaAyuda*.sps,02SQL/stage3_08*.sql; bloque exacto registrado en stage3_spss_block_lineage.csv,spss_reference_results.csv,667f82c959c4a59e30e40e1f94ecc7108ed38790f9234b75c4fda83bd6a25fc0,No usado como autoridad de cálculo; validar metadata Stage 02 si se exige trazabilidad PDF,implemented_and_required_by_spss_reference
C3P242_2,C3P242_2,3.6 Búsqueda de ayuda,C3P242_2,categorical_target,C3P242_2 == 1,dom_institucion_escuela == 1,SYSMIS/NULL tratado literalmente por la sintaxis SPSS; R usa na.rm dentro del dominio,dom_institucion_escuela,1,Nacional,prevalence,1,logit,Nacional=>logit,,13_CRS04_3.6_BusquedaAyuda*.sps,02SQL/stage3_08*.sql; bloque exacto registrado en stage3_spss_block_lineage.csv,spss_reference_results.csv,667f82c959c4a59e30e40e1f94ecc7108ed38790f9234b75c4fda83bd6a25fc0,No usado como autoridad de cálculo; validar metadata Stage 02 si se exige trazabilidad PDF,implemented_and_required_by_spss_reference
C3P242_3,C3P242_3,3.6 Búsqueda de ayuda,C3P242_3,categorical_target,C3P242_3 == 1,dom_institucion_escuela == 1,SYSMIS/NULL tratado literalmente por la sintaxis SPSS; R usa na.rm dentro del dominio,dom_institucion_escuela,1,Nacional,prevalence,1,logit,Nacional=>logit,,13_CRS04_3.6_BusquedaAyuda*.sps,02SQL/stage3_08*.sql; bloque exacto registrado en stage3_spss_block_lineage.csv,spss_reference_results.csv,667f82c959c4a59e30e40e1f94ecc7108ed38790f9234b75c4fda83bd6a25fc0,No usado como autoridad de cálculo; validar metadata Stage 02 si se exige trazabilidad PDF,implemented_and_required_by_spss_reference
C3P242_4,C3P242_4,3.6 Búsqueda de ayuda,C3P242_4,categorical_target,C3P242_4 == 1,dom_institucion_escuela == 1,SYSMIS/NULL tratado literalmente por la sintaxis SPSS; R usa na.rm dentro del dominio,dom_institucion_escuela,1,Nacional,prevalence,1,wald,Nacional=>wald,,13_CRS04_3.6_BusquedaAyuda*.sps,02SQL/stage3_08*.sql; bloque exacto registrado en stage3_spss_block_lineage.csv,spss_reference_results.csv,667f82c959c4a59e30e40e1f94ecc7108ed38790f9234b75c4fda83bd6a25fc0,No usado como autoridad de cálculo; validar metadata Stage 02 si se exige trazabilidad PDF,implemented_and_required_by_spss_reference
C3P242_5,C3P242_5,3.6 Búsqueda de ayuda,C3P242_5,categorical_target,C3P242_5 == 1,dom_institucion_escuela == 1,SYSMIS/NULL tratado literalmente por la sintaxis SPSS; R usa na.rm dentro del dominio,dom_institucion_escuela,1,Nacional,prevalence,1,wald,Nacional=>wald,,13_CRS04_3.6_BusquedaAyuda*.sps,02SQL/stage3_08*.sql; bloque exacto registrado en stage3_spss_block_lineage.csv,spss_reference_results.csv,667f82c959c4a59e30e40e1f94ecc7108ed38790f9234b75c4fda83bd6a25fc0,No usado como autoridad de cálculo; validar metadata Stage 02 si se exige trazabilidad PDF,implemented_and_required_by_spss_reference
C3P242_6,C3P242_6,3.6 Búsqueda de ayuda,C3P242_6,categorical_target,C3P242_6 == 1,dom_institucion_escuela == 1,SYSMIS/NULL tratado literalmente por la sintaxis SPSS; R usa na.rm dentro del dominio,dom_institucion_escuela,1,Nacional,prevalence,1,logit,Nacional=>logit,,13_CRS04_3.6_BusquedaAyuda*.sps,02SQL/stage3_08*.sql; bloque exacto registrado en stage3_spss_block_lineage.csv,spss_reference_results.csv,667f82c959c4a59e30e40e1f94ecc7108ed38790f9234b75c4fda83bd6a25fc0,No usado como autoridad de cálculo; validar metadata Stage 02 si se exige trazabilidad PDF,implemented_and_required_by_spss_reference
C3P242_7,C3P242_7,3.6 Búsqueda de ayuda,C3P242_7,categorical_target,C3P242_7 == 1,dom_institucion_escuela == 1,SYSMIS/NULL tratado literalmente por la sintaxis SPSS; R usa na.rm dentro del dominio,dom_institucion_escuela,1,Nacional,prevalence,1,logit,Nacional=>logit,,13_CRS04_3.6_BusquedaAyuda*.sps,02SQL/stage3_08*.sql; bloque exacto registrado en stage3_spss_block_lineage.csv,spss_reference_results.csv,667f82c959c4a59e30e40e1f94ecc7108ed38790f9234b75c4fda83bd6a25fc0,No usado como autoridad de cálculo; validar metadata Stage 02 si se exige trazabilidad PDF,implemented_and_required_by_spss_reference
C3P242_8,C3P242_8,3.6 Búsqueda de ayuda,C3P242_8,categorical_target,C3P242_8 == 1,dom_institucion_escuela == 1,SYSMIS/NULL tratado literalmente por la sintaxis SPSS; R usa na.rm dentro del dominio,dom_institucion_escuela,1,Nacional,prevalence,1,logit,Nacional=>logit,,13_CRS04_3.6_BusquedaAyuda*.sps,02SQL/stage3_08*.sql; bloque exacto registrado en stage3_spss_block_lineage.csv,spss_reference_results.csv,667f82c959c4a59e30e40e1f94ecc7108ed38790f9234b75c4fda83bd6a25fc0,No usado como autoridad de cálculo; validar metadata Stage 02 si se exige trazabilidad PDF,implemented_and_required_by_spss_reference
C3P242_9,C3P242_9,3.6 Búsqueda de ayuda,C3P242_9,categorical_target,C3P242_9 == 1,dom_institucion_escuela == 1,SYSMIS/NULL tratado literalmente por la sintaxis SPSS; R usa na.rm dentro del dominio,dom_institucion_escuela,1,Nacional,prevalence,1,logit,Nacional=>logit,,13_CRS04_3.6_BusquedaAyuda*.sps,02SQL/stage3_08*.sql; bloque exacto registrado en stage3_spss_block_lineage.csv,spss_reference_results.csv,667f82c959c4a59e30e40e1f94ecc7108ed38790f9234b75c4fda83bd6a25fc0,No usado como autoridad de cálculo; validar metadata Stage 02 si se exige trazabilidad PDF,implemented_and_required_by_spss_reference
C3P243_1,C3P243_1,3.1 Características y percepciones,C3P243_1,categorical_target,C3P243_1 == 1,casos válidos del diseño muestral,SYSMIS/NULL tratado literalmente por la sintaxis SPSS; R usa na.rm dentro del dominio,,,Nacional,prevalence,1,wald,Nacional=>wald,,07_CRS04_3.1_Caracteristicas_violencia_Percepciones_ver6.sps,02SQL/stage3_08*.sql; bloque exacto registrado en stage3_spss_block_lineage.csv,spss_reference_results.csv,667f82c959c4a59e30e40e1f94ecc7108ed38790f9234b75c4fda83bd6a25fc0,No usado como autoridad de cálculo; validar metadata Stage 02 si se exige trazabilidad PDF,implemented_and_required_by_spss_reference
C3P243_2,C3P243_2,3.1 Características y percepciones,C3P243_2,categorical_target,C3P243_2 == 1,casos válidos del diseño muestral,SYSMIS/NULL tratado literalmente por la sintaxis SPSS; R usa na.rm dentro del dominio,,,Nacional,prevalence,1,logit,Nacional=>logit,,07_CRS04_3.1_Caracteristicas_violencia_Percepciones_ver6.sps,02SQL/stage3_08*.sql; bloque exacto registrado en stage3_spss_block_lineage.csv,spss_reference_results.csv,667f82c959c4a59e30e40e1f94ecc7108ed38790f9234b75c4fda83bd6a25fc0,No usado como autoridad de cálculo; validar metadata Stage 02 si se exige trazabilidad PDF,implemented_and_required_by_spss_reference
C3P243_3,C3P243_3,3.1 Características y percepciones,C3P243_3,categorical_target,C3P243_3 == 1,casos válidos del diseño muestral,SYSMIS/NULL tratado literalmente por la sintaxis SPSS; R usa na.rm dentro del dominio,,,Nacional,prevalence,1,logit,Nacional=>logit,,07_CRS04_3.1_Caracteristicas_violencia_Percepciones_ver6.sps,02SQL/stage3_08*.sql; bloque exacto registrado en stage3_spss_block_lineage.csv,spss_reference_results.csv,667f82c959c4a59e30e40e1f94ecc7108ed38790f9234b75c4fda83bd6a25fc0,No usado como autoridad de cálculo; validar metadata Stage 02 si se exige trazabilidad PDF,implemented_and_required_by_spss_reference
C3P243_4,C3P243_4,3.1 Características y percepciones,C3P243_4,categorical_target,C3P243_4 == 1,casos válidos del diseño muestral,SYSMIS/NULL tratado literalmente por la sintaxis SPSS; R usa na.rm dentro del dominio,,,Nacional,prevalence,1,logit,Nacional=>logit,,07_CRS04_3.1_Caracteristicas_violencia_Percepciones_ver6.sps,02SQL/stage3_08*.sql; bloque exacto registrado en stage3_spss_block_lineage.csv,spss_reference_results.csv,667f82c959c4a59e30e40e1f94ecc7108ed38790f9234b75c4fda83bd6a25fc0,No usado como autoridad de cálculo; validar metadata Stage 02 si se exige trazabilidad PDF,implemented_and_required_by_spss_reference
C3P243_5,C3P243_5,3.1 Características y percepciones,C3P243_5,categorical_target,C3P243_5 == 1,casos válidos del diseño muestral,SYSMIS/NULL tratado literalmente por la sintaxis SPSS; R usa na.rm dentro del dominio,,,Nacional,prevalence,1,logit,Nacional=>logit,,07_CRS04_3.1_Caracteristicas_violencia_Percepciones_ver6.sps,02SQL/stage3_08*.sql; bloque exacto registrado en stage3_spss_block_lineage.csv,spss_reference_results.csv,667f82c959c4a59e30e40e1f94ecc7108ed38790f9234b75c4fda83bd6a25fc0,No usado como autoridad de cálculo; validar metadata Stage 02 si se exige trazabilidad PDF,implemented_and_required_by_spss_reference
C3P243_6,C3P243_6,3.1 Características y percepciones,C3P243_6,categorical_target,C3P243_6 == 1,casos válidos del diseño muestral,SYSMIS/NULL tratado literalmente por la sintaxis SPSS; R usa na.rm dentro del dominio,,,Nacional,prevalence,1,wald,Nacional=>wald,,07_CRS04_3.1_Caracteristicas_violencia_Percepciones_ver6.sps,02SQL/stage3_08*.sql; bloque exacto registrado en stage3_spss_block_lineage.csv,spss_reference_results.csv,667f82c959c4a59e30e40e1f94ecc7108ed38790f9234b75c4fda83bd6a25fc0,No usado como autoridad de cálculo; validar metadata Stage 02 si se exige trazabilidad PDF,implemented_and_required_by_spss_reference
C3P243_T1,C3P243_T1,3.1 Características y percepciones,C3P243_T1,categorical_target,C3P243_T1 == 1,casos válidos del diseño muestral,SYSMIS/NULL tratado literalmente por la sintaxis SPSS; R usa na.rm dentro del dominio,,,Nacional,prevalence,1,logit,Nacional=>logit,,07_CRS04_3.1_Caracteristicas_violencia_Percepciones_ver6.sps,02SQL/stage3_08*.sql; bloque exacto registrado en stage3_spss_block_lineage.csv,spss_reference_results.csv,667f82c959c4a59e30e40e1f94ecc7108ed38790f9234b75c4fda83bd6a25fc0,No usado como autoridad de cálculo; validar metadata Stage 02 si se exige trazabilidad PDF,implemented_and_required_by_spss_reference
C3P243_T2,C3P243_T2,3.1 Características y percepciones,C3P243_T2,categorical_target,C3P243_T2 == 1,casos válidos del diseño muestral,SYSMIS/NULL tratado literalmente por la sintaxis SPSS; R usa na.rm dentro del dominio,,,Nacional,prevalence,1,logit,Nacional=>logit,,07_CRS04_3.1_Caracteristicas_violencia_Percepciones_ver6.sps,02SQL/stage3_08*.sql; bloque exacto registrado en stage3_spss_block_lineage.csv,spss_reference_results.csv,667f82c959c4a59e30e40e1f94ecc7108ed38790f9234b75c4fda83bd6a25fc0,No usado como autoridad de cálculo; validar metadata Stage 02 si se exige trazabilidad PDF,implemented_and_required_by_spss_reference
C3P243_T3,C3P243_T3,3.1 Características y percepciones,C3P243_T3,categorical_target,C3P243_T3 == 1,casos válidos del diseño muestral,SYSMIS/NULL tratado literalmente por la sintaxis SPSS; R usa na.rm dentro del dominio,,,Nacional,prevalence,1,logit,Nacional=>logit,,07_CRS04_3.1_Caracteristicas_violencia_Percepciones_ver6.sps,02SQL/stage3_08*.sql; bloque exacto registrado en stage3_spss_block_lineage.csv,spss_reference_results.csv,667f82c959c4a59e30e40e1f94ecc7108ed38790f9234b75c4fda83bd6a25fc0,No usado como autoridad de cálculo; validar metadata Stage 02 si se exige trazabilidad PDF,implemented_and_required_by_spss_reference
C3P243_T4,C3P243_T4,3.1 Características y percepciones,C3P243_T4,categorical_target,C3P243_T4 == 1,casos válidos del diseño muestral,SYSMIS/NULL tratado literalmente por la sintaxis SPSS; R usa na.rm dentro del dominio,,,Nacional,prevalence,1,logit,Nacional=>logit,,07_CRS04_3.1_Caracteristicas_violencia_Percepciones_ver6.sps,02SQL/stage3_08*.sql; bloque exacto registrado en stage3_spss_block_lineage.csv,spss_reference_results.csv,667f82c959c4a59e30e40e1f94ecc7108ed38790f9234b75c4fda83bd6a25fc0,No usado como autoridad de cálculo; validar metadata Stage 02 si se exige trazabilidad PDF,implemented_and_required_by_spss_reference
C3P243_T5,C3P243_T5,3.1 Características y percepciones,C3P243_T5,categorical_target,C3P243_T5 == 1,casos válidos del diseño muestral,SYSMIS/NULL tratado literalmente por la sintaxis SPSS; R usa na.rm dentro del dominio,,,Nacional,prevalence,1,logit,Nacional=>logit,,07_CRS04_3.1_Caracteristicas_violencia_Percepciones_ver6.sps,02SQL/stage3_08*.sql; bloque exacto registrado en stage3_spss_block_lineage.csv,spss_reference_results.csv,667f82c959c4a59e30e40e1f94ecc7108ed38790f9234b75c4fda83bd6a25fc0,No usado como autoridad de cálculo; validar metadata Stage 02 si se exige trazabilidad PDF,implemented_and_required_by_spss_reference
C3P243_T6,C3P243_T6,3.1 Características y percepciones,C3P243_T6,categorical_target,C3P243_T6 == 1,casos válidos del diseño muestral,SYSMIS/NULL tratado literalmente por la sintaxis SPSS; R usa na.rm dentro del dominio,,,Nacional,prevalence,1,logit,Nacional=>logit,,07_CRS04_3.1_Caracteristicas_violencia_Percepciones_ver6.sps,02SQL/stage3_08*.sql; bloque exacto registrado en stage3_spss_block_lineage.csv,spss_reference_results.csv,667f82c959c4a59e30e40e1f94ecc7108ed38790f9234b75c4fda83bd6a25fc0,No usado como autoridad de cálculo; validar metadata Stage 02 si se exige trazabilidad PDF,implemented_and_required_by_spss_reference
C4P256,C4P256,3.6 Búsqueda de ayuda,C4P256,categorical_target,C4P256 == 3,dom_no_recibio_vs == 1,SYSMIS/NULL tratado literalmente por la sintaxis SPSS; R usa na.rm dentro del dominio,dom_no_recibio_vs,1,Nacional,prevalence,3,logit,Nacional=>logit,,13_CRS04_3.6_BusquedaAyuda*.sps,02SQL/stage3_08*.sql; bloque exacto registrado en stage3_spss_block_lineage.csv,spss_reference_results.csv,667f82c959c4a59e30e40e1f94ecc7108ed38790f9234b75c4fda83bd6a25fc0,No usado como autoridad de cálculo; validar metadata Stage 02 si se exige trazabilidad PDF,implemented_and_required_by_spss_reference
C4P258_1,C4P258_1,3.6 Búsqueda de ayuda,C4P258_1,categorical_target,C4P258_1 == 1,dom_institucion_vs == 1,SYSMIS/NULL tratado literalmente por la sintaxis SPSS; R usa na.rm dentro del dominio,dom_institucion_vs,1,Nacional,prevalence,1,logit,Nacional=>logit,,13_CRS04_3.6_BusquedaAyuda*.sps,02SQL/stage3_08*.sql; bloque exacto registrado en stage3_spss_block_lineage.csv,spss_reference_results.csv,667f82c959c4a59e30e40e1f94ecc7108ed38790f9234b75c4fda83bd6a25fc0,No usado como autoridad de cálculo; validar metadata Stage 02 si se exige trazabilidad PDF,implemented_and_required_by_spss_reference
C4P258_10,C4P258_10,3.6 Búsqueda de ayuda,C4P258_10,categorical_target,C4P258_10 == 1,dom_institucion_vs == 1,SYSMIS/NULL tratado literalmente por la sintaxis SPSS; R usa na.rm dentro del dominio,dom_institucion_vs,1,Nacional,prevalence,1,logit,Nacional=>logit,,13_CRS04_3.6_BusquedaAyuda*.sps,02SQL/stage3_08*.sql; bloque exacto registrado en stage3_spss_block_lineage.csv,spss_reference_results.csv,667f82c959c4a59e30e40e1f94ecc7108ed38790f9234b75c4fda83bd6a25fc0,No usado como autoridad de cálculo; validar metadata Stage 02 si se exige trazabilidad PDF,implemented_and_required_by_spss_reference
C4P258_11,C4P258_11,3.6 Búsqueda de ayuda,C4P258_11,categorical_target,C4P258_11 == 1,dom_institucion_vs == 1,SYSMIS/NULL tratado literalmente por la sintaxis SPSS; R usa na.rm dentro del dominio,dom_institucion_vs,1,Nacional,prevalence,1,logit,Nacional=>logit,,13_CRS04_3.6_BusquedaAyuda*.sps,02SQL/stage3_08*.sql; bloque exacto registrado en stage3_spss_block_lineage.csv,spss_reference_results.csv,667f82c959c4a59e30e40e1f94ecc7108ed38790f9234b75c4fda83bd6a25fc0,No usado como autoridad de cálculo; validar metadata Stage 02 si se exige trazabilidad PDF,implemented_and_required_by_spss_reference
C4P258_12,C4P258_12,3.6 Búsqueda de ayuda,C4P258_12,categorical_target,C4P258_12 == 1,dom_institucion_vs == 1,SYSMIS/NULL tratado literalmente por la sintaxis SPSS; R usa na.rm dentro del dominio,dom_institucion_vs,1,Nacional,prevalence,1,logit,Nacional=>logit,,13_CRS04_3.6_BusquedaAyuda*.sps,02SQL/stage3_08*.sql; bloque exacto registrado en stage3_spss_block_lineage.csv,spss_reference_results.csv,667f82c959c4a59e30e40e1f94ecc7108ed38790f9234b75c4fda83bd6a25fc0,No usado como autoridad de cálculo; validar metadata Stage 02 si se exige trazabilidad PDF,implemented_and_required_by_spss_reference
C4P258_2,C4P258_2,3.6 Búsqueda de ayuda,C4P258_2,categorical_target,C4P258_2 == 1,dom_institucion_vs == 1,SYSMIS/NULL tratado literalmente por la sintaxis SPSS; R usa na.rm dentro del dominio,dom_institucion_vs,1,Nacional,prevalence,1,logit,Nacional=>logit,,13_CRS04_3.6_BusquedaAyuda*.sps,02SQL/stage3_08*.sql; bloque exacto registrado en stage3_spss_block_lineage.csv,spss_reference_results.csv,667f82c959c4a59e30e40e1f94ecc7108ed38790f9234b75c4fda83bd6a25fc0,No usado como autoridad de cálculo; validar metadata Stage 02 si se exige trazabilidad PDF,implemented_and_required_by_spss_reference
C4P258_3,C4P258_3,3.6 Búsqueda de ayuda,C4P258_3,categorical_target,C4P258_3 == 1,dom_institucion_vs == 1,SYSMIS/NULL tratado literalmente por la sintaxis SPSS; R usa na.rm dentro del dominio,dom_institucion_vs,1,Nacional,prevalence,1,logit,Nacional=>logit,,13_CRS04_3.6_BusquedaAyuda*.sps,02SQL/stage3_08*.sql; bloque exacto registrado en stage3_spss_block_lineage.csv,spss_reference_results.csv,667f82c959c4a59e30e40e1f94ecc7108ed38790f9234b75c4fda83bd6a25fc0,No usado como autoridad de cálculo; validar metadata Stage 02 si se exige trazabilidad PDF,implemented_and_required_by_spss_reference
C4P258_4,C4P258_4,3.6 Búsqueda de ayuda,C4P258_4,categorical_target,C4P258_4 == 1,dom_institucion_vs == 1,SYSMIS/NULL tratado literalmente por la sintaxis SPSS; R usa na.rm dentro del dominio,dom_institucion_vs,1,Nacional,prevalence,1,logit,Nacional=>logit,,13_CRS04_3.6_BusquedaAyuda*.sps,02SQL/stage3_08*.sql; bloque exacto registrado en stage3_spss_block_lineage.csv,spss_reference_results.csv,667f82c959c4a59e30e40e1f94ecc7108ed38790f9234b75c4fda83bd6a25fc0,No usado como autoridad de cálculo; validar metadata Stage 02 si se exige trazabilidad PDF,implemented_and_required_by_spss_reference
C4P258_5,C4P258_5,3.6 Búsqueda de ayuda,C4P258_5,categorical_target,C4P258_5 == 1,dom_institucion_vs == 1,SYSMIS/NULL tratado literalmente por la sintaxis SPSS; R usa na.rm dentro del dominio,dom_institucion_vs,1,Nacional,prevalence,1,logit,Nacional=>logit,,13_CRS04_3.6_BusquedaAyuda*.sps,02SQL/stage3_08*.sql; bloque exacto registrado en stage3_spss_block_lineage.csv,spss_reference_results.csv,667f82c959c4a59e30e40e1f94ecc7108ed38790f9234b75c4fda83bd6a25fc0,No usado como autoridad de cálculo; validar metadata Stage 02 si se exige trazabilidad PDF,implemented_and_required_by_spss_reference
C4P258_6,C4P258_6,3.6 Búsqueda de ayuda,C4P258_6,categorical_target,C4P258_6 == 1,dom_institucion_vs == 1,SYSMIS/NULL tratado literalmente por la sintaxis SPSS; R usa na.rm dentro del dominio,dom_institucion_vs,1,Nacional,prevalence,1,logit,Nacional=>logit,,13_CRS04_3.6_BusquedaAyuda*.sps,02SQL/stage3_08*.sql; bloque exacto registrado en stage3_spss_block_lineage.csv,spss_reference_results.csv,667f82c959c4a59e30e40e1f94ecc7108ed38790f9234b75c4fda83bd6a25fc0,No usado como autoridad de cálculo; validar metadata Stage 02 si se exige trazabilidad PDF,implemented_and_required_by_spss_reference
C4P258_7,C4P258_7,3.6 Búsqueda de ayuda,C4P258_7,categorical_target,C4P258_7 == 1,dom_institucion_vs == 1,SYSMIS/NULL tratado literalmente por la sintaxis SPSS; R usa na.rm dentro del dominio,dom_institucion_vs,1,Nacional,prevalence,1,wald,Nacional=>wald,,13_CRS04_3.6_BusquedaAyuda*.sps,02SQL/stage3_08*.sql; bloque exacto registrado en stage3_spss_block_lineage.csv,spss_reference_results.csv,667f82c959c4a59e30e40e1f94ecc7108ed38790f9234b75c4fda83bd6a25fc0,No usado como autoridad de cálculo; validar metadata Stage 02 si se exige trazabilidad PDF,implemented_and_required_by_spss_reference
C4P258_8,C4P258_8,3.6 Búsqueda de ayuda,C4P258_8,categorical_target,C4P258_8 == 1,dom_institucion_vs == 1,SYSMIS/NULL tratado literalmente por la sintaxis SPSS; R usa na.rm dentro del dominio,dom_institucion_vs,1,Nacional,prevalence,1,logit,Nacional=>logit,,13_CRS04_3.6_BusquedaAyuda*.sps,02SQL/stage3_08*.sql; bloque exacto registrado en stage3_spss_block_lineage.csv,spss_reference_results.csv,667f82c959c4a59e30e40e1f94ecc7108ed38790f9234b75c4fda83bd6a25fc0,No usado como autoridad de cálculo; validar metadata Stage 02 si se exige trazabilidad PDF,implemented_and_required_by_spss_reference
C4P258_9,C4P258_9,3.6 Búsqueda de ayuda,C4P258_9,categorical_target,C4P258_9 == 1,dom_institucion_vs == 1,SYSMIS/NULL tratado literalmente por la sintaxis SPSS; R usa na.rm dentro del dominio,dom_institucion_vs,1,Nacional,prevalence,1,logit,Nacional=>logit,,13_CRS04_3.6_BusquedaAyuda*.sps,02SQL/stage3_08*.sql; bloque exacto registrado en stage3_spss_block_lineage.csv,spss_reference_results.csv,667f82c959c4a59e30e40e1f94ecc7108ed38790f9234b75c4fda83bd6a25fc0,No usado como autoridad de cálculo; validar metadata Stage 02 si se exige trazabilidad PDF,implemented_and_required_by_spss_reference
CONS_ALGUNA,CONS_ALGUNA,3.1 Características y percepciones,CONS_ALGUNA,binary_materialized,CONS_ALGUNA == 1,casos válidos del diseño muestral,SYSMIS/NULL tratado literalmente por la sintaxis SPSS; R usa na.rm dentro del dominio,,,DEPARTAMENTO2;DISCAPACIDAD;etnicidad1;idiomaHogar;Nacional;SEXO;tipo_hogar1;AREA;AREA_SEXO,prevalence,1,wald,Departamento=>wald||Discapacidad=>wald||Etnicidad=>wald||Lengua materna=>wald||Nacional=>wald||Sexo=>wald||Tipo de hogar=>wald||Área=>logit||Área y sexo=>wald,Amazonas;Apurímac;Arequipa;Ayacucho;Cajamarca;Callao;Cusco;Huancavelica;Huánuco;Ica;Junín;La Libertad;Lambayeque;Lima Metropolitana;Loreto;Madre de Dios;Moquegua;Pasco;Piura;Puno;Región Lima;San Martín;Tacna;Tumbes;Ucayali;Áncash,07_CRS04_3.1_Caracteristicas_violencia_Percepciones_ver6.sps,02SQL/stage3_08*.sql; bloque exacto registrado en stage3_spss_block_lineage.csv,spss_reference_results.csv,667f82c959c4a59e30e40e1f94ecc7108ed38790f9234b75c4fda83bd6a25fc0,No usado como autoridad de cálculo; validar metadata Stage 02 si se exige trazabilidad PDF,implemented_and_required_by_spss_reference
CONS_ATENCION_SALUD,CONS_ATENCION_SALUD,3.5 Consecuencias,CONS_ATENCION_SALUD,binary_materialized,CONS_ATENCION_SALUD == 1,casos válidos del diseño muestral,SYSMIS/NULL tratado literalmente por la sintaxis SPSS; R usa na.rm dentro del dominio,,,DISCAPACIDAD;etnicidad1;idiomaHogar;Nacional;SEXO;tipo_hogar1;AREA;AREA_SEXO,prevalence,1,wald,Discapacidad=>wald||Etnicidad=>wald||Lengua materna=>wald||Nacional=>wald||Sexo=>wald||Tipo de hogar=>wald||Área=>wald||Área y sexo=>wald,,12_CRS04_consecuencias*.sps,02SQL/stage3_08*.sql; bloque exacto registrado en stage3_spss_block_lineage.csv,spss_reference_results.csv,667f82c959c4a59e30e40e1f94ecc7108ed38790f9234b75c4fda83bd6a25fc0,No usado como autoridad de cálculo; validar metadata Stage 02 si se exige trazabilidad PDF,implemented_and_required_by_spss_reference
Componentes,Componentes,3.1 Características y percepciones,tarea1_fem,special,special(tarea1_fem),casos válidos del diseño muestral,SYSMIS/NULL tratado literalmente por la sintaxis SPSS; R usa na.rm dentro del dominio,,,Nacional;Tareas del hogar,special,,logit,Tareas del hogar=>logit,,07_CRS04_3.1_Caracteristicas_violencia_Percepciones_ver6.sps,02SQL/stage3_08*.sql; bloque exacto registrado en stage3_spss_block_lineage.csv,spss_reference_results.csv,667f82c959c4a59e30e40e1f94ecc7108ed38790f9234b75c4fda83bd6a25fc0,No usado como autoridad de cálculo; validar metadata Stage 02 si se exige trazabilidad PDF,implemented_and_required_by_spss_reference
Formas_Agresor_VS_H_1__C4P248_1,Formas_Agresor_VS_H_1__C4P248_1,3.4 Violencia sexual,Formas_Agresor_VS_H_1__C4P248_1,binary_materialized,Formas_Agresor_VS_H_1__C4P248_1 == 1,VS_H_1 == 1,SYSMIS/NULL tratado literalmente por la sintaxis SPSS; R usa na.rm dentro del dominio,VS_H_1,1,Nacional,prevalence,1,logit,Nacional=>logit,,10/10b_CRS04_3.4*.sps,02SQL/stage3_08*.sql; bloque exacto registrado en stage3_spss_block_lineage.csv,spss_reference_results.csv,667f82c959c4a59e30e40e1f94ecc7108ed38790f9234b75c4fda83bd6a25fc0,No usado como autoridad de cálculo; validar metadata Stage 02 si se exige trazabilidad PDF,implemented_and_required_by_spss_reference
Formas_Agresor_VS_H_1__C4P248_10,Formas_Agresor_VS_H_1__C4P248_10,3.4 Violencia sexual,Formas_Agresor_VS_H_1__C4P248_10,binary_materialized,Formas_Agresor_VS_H_1__C4P248_10 == 1,VS_H_1 == 1,SYSMIS/NULL tratado literalmente por la sintaxis SPSS; R usa na.rm dentro del dominio,VS_H_1,1,Nacional,prevalence,1,logit,Nacional=>logit,,10/10b_CRS04_3.4*.sps,02SQL/stage3_08*.sql; bloque exacto registrado en stage3_spss_block_lineage.csv,spss_reference_results.csv,667f82c959c4a59e30e40e1f94ecc7108ed38790f9234b75c4fda83bd6a25fc0,No usado como autoridad de cálculo; validar metadata Stage 02 si se exige trazabilidad PDF,implemented_and_required_by_spss_reference
Formas_Agresor_VS_H_1__C4P248_11,Formas_Agresor_VS_H_1__C4P248_11,3.4 Violencia sexual,Formas_Agresor_VS_H_1__C4P248_11,binary_materialized,Formas_Agresor_VS_H_1__C4P248_11 == 1,VS_H_1 == 1,SYSMIS/NULL tratado literalmente por la sintaxis SPSS; R usa na.rm dentro del dominio,VS_H_1,1,Nacional,prevalence,1,logit,Nacional=>logit,,10/10b_CRS04_3.4*.sps,02SQL/stage3_08*.sql; bloque exacto registrado en stage3_spss_block_lineage.csv,spss_reference_results.csv,667f82c959c4a59e30e40e1f94ecc7108ed38790f9234b75c4fda83bd6a25fc0,No usado como autoridad de cálculo; validar metadata Stage 02 si se exige trazabilidad PDF,implemented_and_required_by_spss_reference
Formas_Agresor_VS_H_1__C4P248_13,Formas_Agresor_VS_H_1__C4P248_13,3.4 Violencia sexual,Formas_Agresor_VS_H_1__C4P248_13,binary_materialized,Formas_Agresor_VS_H_1__C4P248_13 == 1,VS_H_1 == 1,SYSMIS/NULL tratado literalmente por la sintaxis SPSS; R usa na.rm dentro del dominio,VS_H_1,1,Nacional,prevalence,1,logit,Nacional=>logit,,10/10b_CRS04_3.4*.sps,02SQL/stage3_08*.sql; bloque exacto registrado en stage3_spss_block_lineage.csv,spss_reference_results.csv,667f82c959c4a59e30e40e1f94ecc7108ed38790f9234b75c4fda83bd6a25fc0,No usado como autoridad de cálculo; validar metadata Stage 02 si se exige trazabilidad PDF,implemented_and_required_by_spss_reference
Formas_Agresor_VS_H_1__C4P248_14,Formas_Agresor_VS_H_1__C4P248_14,3.4 Violencia sexual,Formas_Agresor_VS_H_1__C4P248_14,binary_materialized,Formas_Agresor_VS_H_1__C4P248_14 == 1,VS_H_1 == 1,SYSMIS/NULL tratado literalmente por la sintaxis SPSS; R usa na.rm dentro del dominio,VS_H_1,1,Nacional,prevalence,1,logit,Nacional=>logit,,10/10b_CRS04_3.4*.sps,02SQL/stage3_08*.sql; bloque exacto registrado en stage3_spss_block_lineage.csv,spss_reference_results.csv,667f82c959c4a59e30e40e1f94ecc7108ed38790f9234b75c4fda83bd6a25fc0,No usado como autoridad de cálculo; validar metadata Stage 02 si se exige trazabilidad PDF,implemented_and_required_by_spss_reference
Formas_Agresor_VS_H_1__C4P248_15,Formas_Agresor_VS_H_1__C4P248_15,3.4 Violencia sexual,Formas_Agresor_VS_H_1__C4P248_15,binary_materialized,Formas_Agresor_VS_H_1__C4P248_15 == 1,VS_H_1 == 1,SYSMIS/NULL tratado literalmente por la sintaxis SPSS; R usa na.rm dentro del dominio,VS_H_1,1,Nacional,prevalence,1,logit,Nacional=>logit,,10/10b_CRS04_3.4*.sps,02SQL/stage3_08*.sql; bloque exacto registrado en stage3_spss_block_lineage.csv,spss_reference_results.csv,667f82c959c4a59e30e40e1f94ecc7108ed38790f9234b75c4fda83bd6a25fc0,No usado como autoridad de cálculo; validar metadata Stage 02 si se exige trazabilidad PDF,implemented_and_required_by_spss_reference
Formas_Agresor_VS_H_1__C4P248_16,Formas_Agresor_VS_H_1__C4P248_16,3.4 Violencia sexual,Formas_Agresor_VS_H_1__C4P248_16,binary_materialized,Formas_Agresor_VS_H_1__C4P248_16 == 1,VS_H_1 == 1,SYSMIS/NULL tratado literalmente por la sintaxis SPSS; R usa na.rm dentro del dominio,VS_H_1,1,Nacional,prevalence,1,logit,Nacional=>logit,,10/10b_CRS04_3.4*.sps,02SQL/stage3_08*.sql; bloque exacto registrado en stage3_spss_block_lineage.csv,spss_reference_results.csv,667f82c959c4a59e30e40e1f94ecc7108ed38790f9234b75c4fda83bd6a25fc0,No usado como autoridad de cálculo; validar metadata Stage 02 si se exige trazabilidad PDF,implemented_and_required_by_spss_reference
Formas_Agresor_VS_H_1__C4P248_2,Formas_Agresor_VS_H_1__C4P248_2,3.4 Violencia sexual,Formas_Agresor_VS_H_1__C4P248_2,binary_materialized,Formas_Agresor_VS_H_1__C4P248_2 == 1,VS_H_1 == 1,SYSMIS/NULL tratado literalmente por la sintaxis SPSS; R usa na.rm dentro del dominio,VS_H_1,1,Nacional,prevalence,1,logit,Nacional=>logit,,10/10b_CRS04_3.4*.sps,02SQL/stage3_08*.sql; bloque exacto registrado en stage3_spss_block_lineage.csv,spss_reference_results.csv,667f82c959c4a59e30e40e1f94ecc7108ed38790f9234b75c4fda83bd6a25fc0,No usado como autoridad de cálculo; validar metadata Stage 02 si se exige trazabilidad PDF,implemented_and_required_by_spss_reference
Formas_Agresor_VS_H_1__C4P248_3,Formas_Agresor_VS_H_1__C4P248_3,3.4 Violencia sexual,Formas_Agresor_VS_H_1__C4P248_3,binary_materialized,Formas_Agresor_VS_H_1__C4P248_3 == 1,VS_H_1 == 1,SYSMIS/NULL tratado literalmente por la sintaxis SPSS; R usa na.rm dentro del dominio,VS_H_1,1,Nacional,prevalence,1,logit,Nacional=>logit,,10/10b_CRS04_3.4*.sps,02SQL/stage3_08*.sql; bloque exacto registrado en stage3_spss_block_lineage.csv,spss_reference_results.csv,667f82c959c4a59e30e40e1f94ecc7108ed38790f9234b75c4fda83bd6a25fc0,No usado como autoridad de cálculo; validar metadata Stage 02 si se exige trazabilidad PDF,implemented_and_required_by_spss_reference
Formas_Agresor_VS_H_1__C4P248_4,Formas_Agresor_VS_H_1__C4P248_4,3.4 Violencia sexual,Formas_Agresor_VS_H_1__C4P248_4,binary_materialized,Formas_Agresor_VS_H_1__C4P248_4 == 1,VS_H_1 == 1,SYSMIS/NULL tratado literalmente por la sintaxis SPSS; R usa na.rm dentro del dominio,VS_H_1,1,Nacional,prevalence,1,logit,Nacional=>logit,,10/10b_CRS04_3.4*.sps,02SQL/stage3_08*.sql; bloque exacto registrado en stage3_spss_block_lineage.csv,spss_reference_results.csv,667f82c959c4a59e30e40e1f94ecc7108ed38790f9234b75c4fda83bd6a25fc0,No usado como autoridad de cálculo; validar metadata Stage 02 si se exige trazabilidad PDF,implemented_and_required_by_spss_reference
Formas_Agresor_VS_H_1__C4P248_5,Formas_Agresor_VS_H_1__C4P248_5,3.4 Violencia sexual,Formas_Agresor_VS_H_1__C4P248_5,binary_materialized,Formas_Agresor_VS_H_1__C4P248_5 == 1,VS_H_1 == 1,SYSMIS/NULL tratado literalmente por la sintaxis SPSS; R usa na.rm dentro del dominio,VS_H_1,1,Nacional,prevalence,1,logit,Nacional=>logit,,10/10b_CRS04_3.4*.sps,02SQL/stage3_08*.sql; bloque exacto registrado en stage3_spss_block_lineage.csv,spss_reference_results.csv,667f82c959c4a59e30e40e1f94ecc7108ed38790f9234b75c4fda83bd6a25fc0,No usado como autoridad de cálculo; validar metadata Stage 02 si se exige trazabilidad PDF,implemented_and_required_by_spss_reference
Formas_Agresor_VS_H_1__C4P248_6,Formas_Agresor_VS_H_1__C4P248_6,3.4 Violencia sexual,Formas_Agresor_VS_H_1__C4P248_6,binary_materialized,Formas_Agresor_VS_H_1__C4P248_6 == 1,VS_H_1 == 1,SYSMIS/NULL tratado literalmente por la sintaxis SPSS; R usa na.rm dentro del dominio,VS_H_1,1,Nacional,prevalence,1,wald,Nacional=>wald,,10/10b_CRS04_3.4*.sps,02SQL/stage3_08*.sql; bloque exacto registrado en stage3_spss_block_lineage.csv,spss_reference_results.csv,667f82c959c4a59e30e40e1f94ecc7108ed38790f9234b75c4fda83bd6a25fc0,No usado como autoridad de cálculo; validar metadata Stage 02 si se exige trazabilidad PDF,implemented_and_required_by_spss_reference
Formas_Agresor_VS_H_1__C4P248_7,Formas_Agresor_VS_H_1__C4P248_7,3.4 Violencia sexual,Formas_Agresor_VS_H_1__C4P248_7,binary_materialized,Formas_Agresor_VS_H_1__C4P248_7 == 1,VS_H_1 == 1,SYSMIS/NULL tratado literalmente por la sintaxis SPSS; R usa na.rm dentro del dominio,VS_H_1,1,Nacional,prevalence,1,logit,Nacional=>logit,,10/10b_CRS04_3.4*.sps,02SQL/stage3_08*.sql; bloque exacto registrado en stage3_spss_block_lineage.csv,spss_reference_results.csv,667f82c959c4a59e30e40e1f94ecc7108ed38790f9234b75c4fda83bd6a25fc0,No usado como autoridad de cálculo; validar metadata Stage 02 si se exige trazabilidad PDF,implemented_and_required_by_spss_reference
Formas_Agresor_VS_H_1__C4P248_8,Formas_Agresor_VS_H_1__C4P248_8,3.4 Violencia sexual,Formas_Agresor_VS_H_1__C4P248_8,binary_materialized,Formas_Agresor_VS_H_1__C4P248_8 == 1,VS_H_1 == 1,SYSMIS/NULL tratado literalmente por la sintaxis SPSS; R usa na.rm dentro del dominio,VS_H_1,1,Nacional,prevalence,1,logit,Nacional=>logit,,10/10b_CRS04_3.4*.sps,02SQL/stage3_08*.sql; bloque exacto registrado en stage3_spss_block_lineage.csv,spss_reference_results.csv,667f82c959c4a59e30e40e1f94ecc7108ed38790f9234b75c4fda83bd6a25fc0,No usado como autoridad de cálculo; validar metadata Stage 02 si se exige trazabilidad PDF,implemented_and_required_by_spss_reference
Formas_Agresor_VS_H_1__C4P248_9,Formas_Agresor_VS_H_1__C4P248_9,3.4 Violencia sexual,Formas_Agresor_VS_H_1__C4P248_9,binary_materialized,Formas_Agresor_VS_H_1__C4P248_9 == 1,VS_H_1 == 1,SYSMIS/NULL tratado literalmente por la sintaxis SPSS; R usa na.rm dentro del dominio,VS_H_1,1,Nacional,prevalence,1,logit,Nacional=>logit,,10/10b_CRS04_3.4*.sps,02SQL/stage3_08*.sql; bloque exacto registrado en stage3_spss_block_lineage.csv,spss_reference_results.csv,667f82c959c4a59e30e40e1f94ecc7108ed38790f9234b75c4fda83bd6a25fc0,No usado como autoridad de cálculo; validar metadata Stage 02 si se exige trazabilidad PDF,implemented_and_required_by_spss_reference
Formas_Agresor_VS_H_1__ICVAC_301,Formas_Agresor_VS_H_1__ICVAC_301,3.4 Violencia sexual,Formas_Agresor_VS_H_1__ICVAC_301,binary_materialized,Formas_Agresor_VS_H_1__ICVAC_301 == 1,VS_H_1 == 1,SYSMIS/NULL tratado literalmente por la sintaxis SPSS; R usa na.rm dentro del dominio,VS_H_1,1,Nacional,prevalence,1,logit,Nacional=>logit,,10/10b_CRS04_3.4*.sps,02SQL/stage3_08*.sql; bloque exacto registrado en stage3_spss_block_lineage.csv,spss_reference_results.csv,667f82c959c4a59e30e40e1f94ecc7108ed38790f9234b75c4fda83bd6a25fc0,No usado como autoridad de cálculo; validar metadata Stage 02 si se exige trazabilidad PDF,implemented_and_required_by_spss_reference
Formas_Agresor_VS_H_1__ICVAC_302,Formas_Agresor_VS_H_1__ICVAC_302,3.4 Violencia sexual,Formas_Agresor_VS_H_1__ICVAC_302,binary_materialized,Formas_Agresor_VS_H_1__ICVAC_302 == 1,VS_H_1 == 1,SYSMIS/NULL tratado literalmente por la sintaxis SPSS; R usa na.rm dentro del dominio,VS_H_1,1,Nacional,prevalence,1,logit,Nacional=>logit,,10/10b_CRS04_3.4*.sps,02SQL/stage3_08*.sql; bloque exacto registrado en stage3_spss_block_lineage.csv,spss_reference_results.csv,667f82c959c4a59e30e40e1f94ecc7108ed38790f9234b75c4fda83bd6a25fc0,No usado como autoridad de cálculo; validar metadata Stage 02 si se exige trazabilidad PDF,implemented_and_required_by_spss_reference
Formas_Agresor_VS_H_1__ICVAC_303,Formas_Agresor_VS_H_1__ICVAC_303,3.4 Violencia sexual,Formas_Agresor_VS_H_1__ICVAC_303,binary_materialized,Formas_Agresor_VS_H_1__ICVAC_303 == 1,VS_H_1 == 1,SYSMIS/NULL tratado literalmente por la sintaxis SPSS; R usa na.rm dentro del dominio,VS_H_1,1,Nacional,prevalence,1,logit,Nacional=>logit,,10/10b_CRS04_3.4*.sps,02SQL/stage3_08*.sql; bloque exacto registrado en stage3_spss_block_lineage.csv,spss_reference_results.csv,667f82c959c4a59e30e40e1f94ecc7108ed38790f9234b75c4fda83bd6a25fc0,No usado como autoridad de cálculo; validar metadata Stage 02 si se exige trazabilidad PDF,implemented_and_required_by_spss_reference
Formas_Agresor_VS_H_1__VSH_AG01,Formas_Agresor_VS_H_1__VSH_AG01,3.4 Violencia sexual,Formas_Agresor_VS_H_1__VSH_AG01,binary_materialized,Formas_Agresor_VS_H_1__VSH_AG01 == 1,VS_H_1 == 1,SYSMIS/NULL tratado literalmente por la sintaxis SPSS; R usa na.rm dentro del dominio,VS_H_1,1,Nacional,prevalence,1,logit,Nacional=>logit,,10/10b_CRS04_3.4*.sps,02SQL/stage3_08*.sql; bloque exacto registrado en stage3_spss_block_lineage.csv,spss_reference_results.csv,667f82c959c4a59e30e40e1f94ecc7108ed38790f9234b75c4fda83bd6a25fc0,No usado como autoridad de cálculo; validar metadata Stage 02 si se exige trazabilidad PDF,implemented_and_required_by_spss_reference
Formas_Agresor_VS_H_1__VSH_AG02,Formas_Agresor_VS_H_1__VSH_AG02,3.4 Violencia sexual,Formas_Agresor_VS_H_1__VSH_AG02,binary_materialized,Formas_Agresor_VS_H_1__VSH_AG02 == 1,VS_H_1 == 1,SYSMIS/NULL tratado literalmente por la sintaxis SPSS; R usa na.rm dentro del dominio,VS_H_1,1,Nacional,prevalence,1,logit,Nacional=>logit,,10/10b_CRS04_3.4*.sps,02SQL/stage3_08*.sql; bloque exacto registrado en stage3_spss_block_lineage.csv,spss_reference_results.csv,667f82c959c4a59e30e40e1f94ecc7108ed38790f9234b75c4fda83bd6a25fc0,No usado como autoridad de cálculo; validar metadata Stage 02 si se exige trazabilidad PDF,implemented_and_required_by_spss_reference
Formas_Agresor_VS_H_1__VSH_AG03,Formas_Agresor_VS_H_1__VSH_AG03,3.4 Violencia sexual,Formas_Agresor_VS_H_1__VSH_AG03,binary_materialized,Formas_Agresor_VS_H_1__VSH_AG03 == 1,VS_H_1 == 1,SYSMIS/NULL tratado literalmente por la sintaxis SPSS; R usa na.rm dentro del dominio,VS_H_1,1,Nacional,prevalence,1,logit,Nacional=>logit,,10/10b_CRS04_3.4*.sps,02SQL/stage3_08*.sql; bloque exacto registrado en stage3_spss_block_lineage.csv,spss_reference_results.csv,667f82c959c4a59e30e40e1f94ecc7108ed38790f9234b75c4fda83bd6a25fc0,No usado como autoridad de cálculo; validar metadata Stage 02 si se exige trazabilidad PDF,implemented_and_required_by_spss_reference
Formas_Agresor_VS_H_1__VSH_CP01,Formas_Agresor_VS_H_1__VSH_CP01,3.4 Violencia sexual,Formas_Agresor_VS_H_1__VSH_CP01,binary_materialized,Formas_Agresor_VS_H_1__VSH_CP01 == 1,VS_H_1 == 1,SYSMIS/NULL tratado literalmente por la sintaxis SPSS; R usa na.rm dentro del dominio,VS_H_1,1,Nacional,prevalence,1,logit,Nacional=>logit,,10/10b_CRS04_3.4*.sps,02SQL/stage3_08*.sql; bloque exacto registrado en stage3_spss_block_lineage.csv,spss_reference_results.csv,667f82c959c4a59e30e40e1f94ecc7108ed38790f9234b75c4fda83bd6a25fc0,No usado como autoridad de cálculo; validar metadata Stage 02 si se exige trazabilidad PDF,implemented_and_required_by_spss_reference
Formas_Agresor_VS_H_1__VSH_CP02,Formas_Agresor_VS_H_1__VSH_CP02,3.4 Violencia sexual,Formas_Agresor_VS_H_1__VSH_CP02,binary_materialized,Formas_Agresor_VS_H_1__VSH_CP02 == 1,VS_H_1 == 1,SYSMIS/NULL tratado literalmente por la sintaxis SPSS; R usa na.rm dentro del dominio,VS_H_1,1,Nacional,prevalence,1,logit,Nacional=>logit,,10/10b_CRS04_3.4*.sps,02SQL/stage3_08*.sql; bloque exacto registrado en stage3_spss_block_lineage.csv,spss_reference_results.csv,667f82c959c4a59e30e40e1f94ecc7108ed38790f9234b75c4fda83bd6a25fc0,No usado como autoridad de cálculo; validar metadata Stage 02 si se exige trazabilidad PDF,implemented_and_required_by_spss_reference
Formas_Agresor_VS_H_1__VSH_CP03,Formas_Agresor_VS_H_1__VSH_CP03,3.4 Violencia sexual,Formas_Agresor_VS_H_1__VSH_CP03,binary_materialized,Formas_Agresor_VS_H_1__VSH_CP03 == 1,VS_H_1 == 1,SYSMIS/NULL tratado literalmente por la sintaxis SPSS; R usa na.rm dentro del dominio,VS_H_1,1,Nacional,prevalence,1,logit,Nacional=>logit,,10/10b_CRS04_3.4*.sps,02SQL/stage3_08*.sql; bloque exacto registrado en stage3_spss_block_lineage.csv,spss_reference_results.csv,667f82c959c4a59e30e40e1f94ecc7108ed38790f9234b75c4fda83bd6a25fc0,No usado como autoridad de cálculo; validar metadata Stage 02 si se exige trazabilidad PDF,implemented_and_required_by_spss_reference
Formas_Agresor_VS_H_1__VSH_CP04,Formas_Agresor_VS_H_1__VSH_CP04,3.4 Violencia sexual,Formas_Agresor_VS_H_1__VSH_CP04,binary_materialized,Formas_Agresor_VS_H_1__VSH_CP04 == 1,VS_H_1 == 1,SYSMIS/NULL tratado literalmente por la sintaxis SPSS; R usa na.rm dentro del dominio,VS_H_1,1,Nacional,prevalence,1,logit,Nacional=>logit,,10/10b_CRS04_3.4*.sps,02SQL/stage3_08*.sql; bloque exacto registrado en stage3_spss_block_lineage.csv,spss_reference_results.csv,667f82c959c4a59e30e40e1f94ecc7108ed38790f9234b75c4fda83bd6a25fc0,No usado como autoridad de cálculo; validar metadata Stage 02 si se exige trazabilidad PDF,implemented_and_required_by_spss_reference
Formas_Agresor_VS_H_1__VSH_CP05,Formas_Agresor_VS_H_1__VSH_CP05,3.4 Violencia sexual,Formas_Agresor_VS_H_1__VSH_CP05,binary_materialized,Formas_Agresor_VS_H_1__VSH_CP05 == 1,VS_H_1 == 1,SYSMIS/NULL tratado literalmente por la sintaxis SPSS; R usa na.rm dentro del dominio,VS_H_1,1,Nacional,prevalence,1,logit,Nacional=>logit,,10/10b_CRS04_3.4*.sps,02SQL/stage3_08*.sql; bloque exacto registrado en stage3_spss_block_lineage.csv,spss_reference_results.csv,667f82c959c4a59e30e40e1f94ecc7108ed38790f9234b75c4fda83bd6a25fc0,No usado como autoridad de cálculo; validar metadata Stage 02 si se exige trazabilidad PDF,implemented_and_required_by_spss_reference
Formas_Agresor_VS_H_1__VSH_CP06,Formas_Agresor_VS_H_1__VSH_CP06,3.4 Violencia sexual,Formas_Agresor_VS_H_1__VSH_CP06,binary_materialized,Formas_Agresor_VS_H_1__VSH_CP06 == 1,VS_H_1 == 1,SYSMIS/NULL tratado literalmente por la sintaxis SPSS; R usa na.rm dentro del dominio,VS_H_1,1,Nacional,prevalence,1,logit,Nacional=>logit,,10/10b_CRS04_3.4*.sps,02SQL/stage3_08*.sql; bloque exacto registrado en stage3_spss_block_lineage.csv,spss_reference_results.csv,667f82c959c4a59e30e40e1f94ecc7108ed38790f9234b75c4fda83bd6a25fc0,No usado como autoridad de cálculo; validar metadata Stage 02 si se exige trazabilidad PDF,implemented_and_required_by_spss_reference
Formas_Agresor_VS_H_1__VSH_CP07,Formas_Agresor_VS_H_1__VSH_CP07,3.4 Violencia sexual,Formas_Agresor_VS_H_1__VSH_CP07,binary_materialized,Formas_Agresor_VS_H_1__VSH_CP07 == 1,VS_H_1 == 1,SYSMIS/NULL tratado literalmente por la sintaxis SPSS; R usa na.rm dentro del dominio,VS_H_1,1,Nacional,prevalence,1,logit,Nacional=>logit,,10/10b_CRS04_3.4*.sps,02SQL/stage3_08*.sql; bloque exacto registrado en stage3_spss_block_lineage.csv,spss_reference_results.csv,667f82c959c4a59e30e40e1f94ecc7108ed38790f9234b75c4fda83bd6a25fc0,No usado como autoridad de cálculo; validar metadata Stage 02 si se exige trazabilidad PDF,implemented_and_required_by_spss_reference
Formas_Agresor_VS_H_1__VSH_CP08,Formas_Agresor_VS_H_1__VSH_CP08,3.4 Violencia sexual,Formas_Agresor_VS_H_1__VSH_CP08,binary_materialized,Formas_Agresor_VS_H_1__VSH_CP08 == 1,VS_H_1 == 1,SYSMIS/NULL tratado literalmente por la sintaxis SPSS; R usa na.rm dentro del dominio,VS_H_1,1,Nacional,prevalence,1,logit,Nacional=>logit,,10/10b_CRS04_3.4*.sps,02SQL/stage3_08*.sql; bloque exacto registrado en stage3_spss_block_lineage.csv,spss_reference_results.csv,667f82c959c4a59e30e40e1f94ecc7108ed38790f9234b75c4fda83bd6a25fc0,No usado como autoridad de cálculo; validar metadata Stage 02 si se exige trazabilidad PDF,implemented_and_required_by_spss_reference
Formas_Agresor_VS_H__C4P248_1,Formas_Agresor_VS_H__C4P248_1,3.4 Violencia sexual,Formas_Agresor_VS_H__C4P248_1,binary_materialized,Formas_Agresor_VS_H__C4P248_1 == 1,VS_H == 1,SYSMIS/NULL tratado literalmente por la sintaxis SPSS; R usa na.rm dentro del dominio,VS_H,1,Nacional,prevalence,1,logit,Nacional=>logit,,10/10b_CRS04_3.4*.sps,02SQL/stage3_08*.sql; bloque exacto registrado en stage3_spss_block_lineage.csv,spss_reference_results.csv,667f82c959c4a59e30e40e1f94ecc7108ed38790f9234b75c4fda83bd6a25fc0,No usado como autoridad de cálculo; validar metadata Stage 02 si se exige trazabilidad PDF,implemented_and_required_by_spss_reference
Formas_Agresor_VS_H__C4P248_10,Formas_Agresor_VS_H__C4P248_10,3.4 Violencia sexual,Formas_Agresor_VS_H__C4P248_10,binary_materialized,Formas_Agresor_VS_H__C4P248_10 == 1,VS_H == 1,SYSMIS/NULL tratado literalmente por la sintaxis SPSS; R usa na.rm dentro del dominio,VS_H,1,Nacional,prevalence,1,logit,Nacional=>logit,,10/10b_CRS04_3.4*.sps,02SQL/stage3_08*.sql; bloque exacto registrado en stage3_spss_block_lineage.csv,spss_reference_results.csv,667f82c959c4a59e30e40e1f94ecc7108ed38790f9234b75c4fda83bd6a25fc0,No usado como autoridad de cálculo; validar metadata Stage 02 si se exige trazabilidad PDF,implemented_and_required_by_spss_reference
Formas_Agresor_VS_H__C4P248_11,Formas_Agresor_VS_H__C4P248_11,3.4 Violencia sexual,Formas_Agresor_VS_H__C4P248_11,binary_materialized,Formas_Agresor_VS_H__C4P248_11 == 1,VS_H == 1,SYSMIS/NULL tratado literalmente por la sintaxis SPSS; R usa na.rm dentro del dominio,VS_H,1,Nacional,prevalence,1,logit,Nacional=>logit,,10/10b_CRS04_3.4*.sps,02SQL/stage3_08*.sql; bloque exacto registrado en stage3_spss_block_lineage.csv,spss_reference_results.csv,667f82c959c4a59e30e40e1f94ecc7108ed38790f9234b75c4fda83bd6a25fc0,No usado como autoridad de cálculo; validar metadata Stage 02 si se exige trazabilidad PDF,implemented_and_required_by_spss_reference
Formas_Agresor_VS_H__C4P248_13,Formas_Agresor_VS_H__C4P248_13,3.4 Violencia sexual,Formas_Agresor_VS_H__C4P248_13,binary_materialized,Formas_Agresor_VS_H__C4P248_13 == 1,VS_H == 1,SYSMIS/NULL tratado literalmente por la sintaxis SPSS; R usa na.rm dentro del dominio,VS_H,1,Nacional,prevalence,1,logit,Nacional=>logit,,10/10b_CRS04_3.4*.sps,02SQL/stage3_08*.sql; bloque exacto registrado en stage3_spss_block_lineage.csv,spss_reference_results.csv,667f82c959c4a59e30e40e1f94ecc7108ed38790f9234b75c4fda83bd6a25fc0,No usado como autoridad de cálculo; validar metadata Stage 02 si se exige trazabilidad PDF,implemented_and_required_by_spss_reference
Formas_Agresor_VS_H__C4P248_14,Formas_Agresor_VS_H__C4P248_14,3.4 Violencia sexual,Formas_Agresor_VS_H__C4P248_14,binary_materialized,Formas_Agresor_VS_H__C4P248_14 == 1,VS_H == 1,SYSMIS/NULL tratado literalmente por la sintaxis SPSS; R usa na.rm dentro del dominio,VS_H,1,Nacional,prevalence,1,logit,Nacional=>logit,,10/10b_CRS04_3.4*.sps,02SQL/stage3_08*.sql; bloque exacto registrado en stage3_spss_block_lineage.csv,spss_reference_results.csv,667f82c959c4a59e30e40e1f94ecc7108ed38790f9234b75c4fda83bd6a25fc0,No usado como autoridad de cálculo; validar metadata Stage 02 si se exige trazabilidad PDF,implemented_and_required_by_spss_reference
Formas_Agresor_VS_H__C4P248_15,Formas_Agresor_VS_H__C4P248_15,3.4 Violencia sexual,Formas_Agresor_VS_H__C4P248_15,binary_materialized,Formas_Agresor_VS_H__C4P248_15 == 1,VS_H == 1,SYSMIS/NULL tratado literalmente por la sintaxis SPSS; R usa na.rm dentro del dominio,VS_H,1,Nacional,prevalence,1,logit,Nacional=>logit,,10/10b_CRS04_3.4*.sps,02SQL/stage3_08*.sql; bloque exacto registrado en stage3_spss_block_lineage.csv,spss_reference_results.csv,667f82c959c4a59e30e40e1f94ecc7108ed38790f9234b75c4fda83bd6a25fc0,No usado como autoridad de cálculo; validar metadata Stage 02 si se exige trazabilidad PDF,implemented_and_required_by_spss_reference
Formas_Agresor_VS_H__C4P248_16,Formas_Agresor_VS_H__C4P248_16,3.4 Violencia sexual,Formas_Agresor_VS_H__C4P248_16,binary_materialized,Formas_Agresor_VS_H__C4P248_16 == 1,VS_H == 1,SYSMIS/NULL tratado literalmente por la sintaxis SPSS; R usa na.rm dentro del dominio,VS_H,1,Nacional,prevalence,1,logit,Nacional=>logit,,10/10b_CRS04_3.4*.sps,02SQL/stage3_08*.sql; bloque exacto registrado en stage3_spss_block_lineage.csv,spss_reference_results.csv,667f82c959c4a59e30e40e1f94ecc7108ed38790f9234b75c4fda83bd6a25fc0,No usado como autoridad de cálculo; validar metadata Stage 02 si se exige trazabilidad PDF,implemented_and_required_by_spss_reference
Formas_Agresor_VS_H__C4P248_2,Formas_Agresor_VS_H__C4P248_2,3.4 Violencia sexual,Formas_Agresor_VS_H__C4P248_2,binary_materialized,Formas_Agresor_VS_H__C4P248_2 == 1,VS_H == 1,SYSMIS/NULL tratado literalmente por la sintaxis SPSS; R usa na.rm dentro del dominio,VS_H,1,Nacional,prevalence,1,logit,Nacional=>logit,,10/10b_CRS04_3.4*.sps,02SQL/stage3_08*.sql; bloque exacto registrado en stage3_spss_block_lineage.csv,spss_reference_results.csv,667f82c959c4a59e30e40e1f94ecc7108ed38790f9234b75c4fda83bd6a25fc0,No usado como autoridad de cálculo; validar metadata Stage 02 si se exige trazabilidad PDF,implemented_and_required_by_spss_reference
Formas_Agresor_VS_H__C4P248_3,Formas_Agresor_VS_H__C4P248_3,3.4 Violencia sexual,Formas_Agresor_VS_H__C4P248_3,binary_materialized,Formas_Agresor_VS_H__C4P248_3 == 1,VS_H == 1,SYSMIS/NULL tratado literalmente por la sintaxis SPSS; R usa na.rm dentro del dominio,VS_H,1,Nacional,prevalence,1,logit,Nacional=>logit,,10/10b_CRS04_3.4*.sps,02SQL/stage3_08*.sql; bloque exacto registrado en stage3_spss_block_lineage.csv,spss_reference_results.csv,667f82c959c4a59e30e40e1f94ecc7108ed38790f9234b75c4fda83bd6a25fc0,No usado como autoridad de cálculo; validar metadata Stage 02 si se exige trazabilidad PDF,implemented_and_required_by_spss_reference
Formas_Agresor_VS_H__C4P248_4,Formas_Agresor_VS_H__C4P248_4,3.4 Violencia sexual,Formas_Agresor_VS_H__C4P248_4,binary_materialized,Formas_Agresor_VS_H__C4P248_4 == 1,VS_H == 1,SYSMIS/NULL tratado literalmente por la sintaxis SPSS; R usa na.rm dentro del dominio,VS_H,1,Nacional,prevalence,1,logit,Nacional=>logit,,10/10b_CRS04_3.4*.sps,02SQL/stage3_08*.sql; bloque exacto registrado en stage3_spss_block_lineage.csv,spss_reference_results.csv,667f82c959c4a59e30e40e1f94ecc7108ed38790f9234b75c4fda83bd6a25fc0,No usado como autoridad de cálculo; validar metadata Stage 02 si se exige trazabilidad PDF,implemented_and_required_by_spss_reference
Formas_Agresor_VS_H__C4P248_5,Formas_Agresor_VS_H__C4P248_5,3.4 Violencia sexual,Formas_Agresor_VS_H__C4P248_5,binary_materialized,Formas_Agresor_VS_H__C4P248_5 == 1,VS_H == 1,SYSMIS/NULL tratado literalmente por la sintaxis SPSS; R usa na.rm dentro del dominio,VS_H,1,Nacional,prevalence,1,logit,Nacional=>logit,,10/10b_CRS04_3.4*.sps,02SQL/stage3_08*.sql; bloque exacto registrado en stage3_spss_block_lineage.csv,spss_reference_results.csv,667f82c959c4a59e30e40e1f94ecc7108ed38790f9234b75c4fda83bd6a25fc0,No usado como autoridad de cálculo; validar metadata Stage 02 si se exige trazabilidad PDF,implemented_and_required_by_spss_reference
Formas_Agresor_VS_H__C4P248_6,Formas_Agresor_VS_H__C4P248_6,3.4 Violencia sexual,Formas_Agresor_VS_H__C4P248_6,binary_materialized,Formas_Agresor_VS_H__C4P248_6 == 1,VS_H == 1,SYSMIS/NULL tratado literalmente por la sintaxis SPSS; R usa na.rm dentro del dominio,VS_H,1,Nacional,prevalence,1,logit,Nacional=>logit,,10/10b_CRS04_3.4*.sps,02SQL/stage3_08*.sql; bloque exacto registrado en stage3_spss_block_lineage.csv,spss_reference_results.csv,667f82c959c4a59e30e40e1f94ecc7108ed38790f9234b75c4fda83bd6a25fc0,No usado como autoridad de cálculo; validar metadata Stage 02 si se exige trazabilidad PDF,implemented_and_required_by_spss_reference
Formas_Agresor_VS_H__C4P248_7,Formas_Agresor_VS_H__C4P248_7,3.4 Violencia sexual,Formas_Agresor_VS_H__C4P248_7,binary_materialized,Formas_Agresor_VS_H__C4P248_7 == 1,VS_H == 1,SYSMIS/NULL tratado literalmente por la sintaxis SPSS; R usa na.rm dentro del dominio,VS_H,1,Nacional,prevalence,1,logit,Nacional=>logit,,10/10b_CRS04_3.4*.sps,02SQL/stage3_08*.sql; bloque exacto registrado en stage3_spss_block_lineage.csv,spss_reference_results.csv,667f82c959c4a59e30e40e1f94ecc7108ed38790f9234b75c4fda83bd6a25fc0,No usado como autoridad de cálculo; validar metadata Stage 02 si se exige trazabilidad PDF,implemented_and_required_by_spss_reference
Formas_Agresor_VS_H__C4P248_8,Formas_Agresor_VS_H__C4P248_8,3.4 Violencia sexual,Formas_Agresor_VS_H__C4P248_8,binary_materialized,Formas_Agresor_VS_H__C4P248_8 == 1,VS_H == 1,SYSMIS/NULL tratado literalmente por la sintaxis SPSS; R usa na.rm dentro del dominio,VS_H,1,Nacional,prevalence,1,logit,Nacional=>logit,,10/10b_CRS04_3.4*.sps,02SQL/stage3_08*.sql; bloque exacto registrado en stage3_spss_block_lineage.csv,spss_reference_results.csv,667f82c959c4a59e30e40e1f94ecc7108ed38790f9234b75c4fda83bd6a25fc0,No usado como autoridad de cálculo; validar metadata Stage 02 si se exige trazabilidad PDF,implemented_and_required_by_spss_reference
Formas_Agresor_VS_H__C4P248_9,Formas_Agresor_VS_H__C4P248_9,3.4 Violencia sexual,Formas_Agresor_VS_H__C4P248_9,binary_materialized,Formas_Agresor_VS_H__C4P248_9 == 1,VS_H == 1,SYSMIS/NULL tratado literalmente por la sintaxis SPSS; R usa na.rm dentro del dominio,VS_H,1,Nacional,prevalence,1,logit,Nacional=>logit,,10/10b_CRS04_3.4*.sps,02SQL/stage3_08*.sql; bloque exacto registrado en stage3_spss_block_lineage.csv,spss_reference_results.csv,667f82c959c4a59e30e40e1f94ecc7108ed38790f9234b75c4fda83bd6a25fc0,No usado como autoridad de cálculo; validar metadata Stage 02 si se exige trazabilidad PDF,implemented_and_required_by_spss_reference
Formas_Agresor_VS_H__ICVAC_301,Formas_Agresor_VS_H__ICVAC_301,3.4 Violencia sexual,Formas_Agresor_VS_H__ICVAC_301,binary_materialized,Formas_Agresor_VS_H__ICVAC_301 == 1,VS_H == 1,SYSMIS/NULL tratado literalmente por la sintaxis SPSS; R usa na.rm dentro del dominio,VS_H,1,Nacional,prevalence,1,logit,Nacional=>logit,,10/10b_CRS04_3.4*.sps,02SQL/stage3_08*.sql; bloque exacto registrado en stage3_spss_block_lineage.csv,spss_reference_results.csv,667f82c959c4a59e30e40e1f94ecc7108ed38790f9234b75c4fda83bd6a25fc0,No usado como autoridad de cálculo; validar metadata Stage 02 si se exige trazabilidad PDF,implemented_and_required_by_spss_reference
Formas_Agresor_VS_H__ICVAC_302,Formas_Agresor_VS_H__ICVAC_302,3.4 Violencia sexual,Formas_Agresor_VS_H__ICVAC_302,binary_materialized,Formas_Agresor_VS_H__ICVAC_302 == 1,VS_H == 1,SYSMIS/NULL tratado literalmente por la sintaxis SPSS; R usa na.rm dentro del dominio,VS_H,1,Nacional,prevalence,1,logit,Nacional=>logit,,10/10b_CRS04_3.4*.sps,02SQL/stage3_08*.sql; bloque exacto registrado en stage3_spss_block_lineage.csv,spss_reference_results.csv,667f82c959c4a59e30e40e1f94ecc7108ed38790f9234b75c4fda83bd6a25fc0,No usado como autoridad de cálculo; validar metadata Stage 02 si se exige trazabilidad PDF,implemented_and_required_by_spss_reference
Formas_Agresor_VS_H__ICVAC_303,Formas_Agresor_VS_H__ICVAC_303,3.4 Violencia sexual,Formas_Agresor_VS_H__ICVAC_303,binary_materialized,Formas_Agresor_VS_H__ICVAC_303 == 1,VS_H == 1,SYSMIS/NULL tratado literalmente por la sintaxis SPSS; R usa na.rm dentro del dominio,VS_H,1,Nacional,prevalence,1,logit,Nacional=>logit,,10/10b_CRS04_3.4*.sps,02SQL/stage3_08*.sql; bloque exacto registrado en stage3_spss_block_lineage.csv,spss_reference_results.csv,667f82c959c4a59e30e40e1f94ecc7108ed38790f9234b75c4fda83bd6a25fc0,No usado como autoridad de cálculo; validar metadata Stage 02 si se exige trazabilidad PDF,implemented_and_required_by_spss_reference
Formas_Agresor_VS_H__VSH_AG01,Formas_Agresor_VS_H__VSH_AG01,3.4 Violencia sexual,Formas_Agresor_VS_H__VSH_AG01,binary_materialized,Formas_Agresor_VS_H__VSH_AG01 == 1,VS_H == 1,SYSMIS/NULL tratado literalmente por la sintaxis SPSS; R usa na.rm dentro del dominio,VS_H,1,Nacional,prevalence,1,logit,Nacional=>logit,,10/10b_CRS04_3.4*.sps,02SQL/stage3_08*.sql; bloque exacto registrado en stage3_spss_block_lineage.csv,spss_reference_results.csv,667f82c959c4a59e30e40e1f94ecc7108ed38790f9234b75c4fda83bd6a25fc0,No usado como autoridad de cálculo; validar metadata Stage 02 si se exige trazabilidad PDF,implemented_and_required_by_spss_reference
Formas_Agresor_VS_H__VSH_AG02,Formas_Agresor_VS_H__VSH_AG02,3.4 Violencia sexual,Formas_Agresor_VS_H__VSH_AG02,binary_materialized,Formas_Agresor_VS_H__VSH_AG02 == 1,VS_H == 1,SYSMIS/NULL tratado literalmente por la sintaxis SPSS; R usa na.rm dentro del dominio,VS_H,1,Nacional,prevalence,1,logit,Nacional=>logit,,10/10b_CRS04_3.4*.sps,02SQL/stage3_08*.sql; bloque exacto registrado en stage3_spss_block_lineage.csv,spss_reference_results.csv,667f82c959c4a59e30e40e1f94ecc7108ed38790f9234b75c4fda83bd6a25fc0,No usado como autoridad de cálculo; validar metadata Stage 02 si se exige trazabilidad PDF,implemented_and_required_by_spss_reference
Formas_Agresor_VS_H__VSH_AG03,Formas_Agresor_VS_H__VSH_AG03,3.4 Violencia sexual,Formas_Agresor_VS_H__VSH_AG03,binary_materialized,Formas_Agresor_VS_H__VSH_AG03 == 1,VS_H == 1,SYSMIS/NULL tratado literalmente por la sintaxis SPSS; R usa na.rm dentro del dominio,VS_H,1,Nacional,prevalence,1,logit,Nacional=>logit,,10/10b_CRS04_3.4*.sps,02SQL/stage3_08*.sql; bloque exacto registrado en stage3_spss_block_lineage.csv,spss_reference_results.csv,667f82c959c4a59e30e40e1f94ecc7108ed38790f9234b75c4fda83bd6a25fc0,No usado como autoridad de cálculo; validar metadata Stage 02 si se exige trazabilidad PDF,implemented_and_required_by_spss_reference
Formas_Agresor_VS_H__VSH_CP01,Formas_Agresor_VS_H__VSH_CP01,3.4 Violencia sexual,Formas_Agresor_VS_H__VSH_CP01,binary_materialized,Formas_Agresor_VS_H__VSH_CP01 == 1,VS_H == 1,SYSMIS/NULL tratado literalmente por la sintaxis SPSS; R usa na.rm dentro del dominio,VS_H,1,Nacional,prevalence,1,logit,Nacional=>logit,,10/10b_CRS04_3.4*.sps,02SQL/stage3_08*.sql; bloque exacto registrado en stage3_spss_block_lineage.csv,spss_reference_results.csv,667f82c959c4a59e30e40e1f94ecc7108ed38790f9234b75c4fda83bd6a25fc0,No usado como autoridad de cálculo; validar metadata Stage 02 si se exige trazabilidad PDF,implemented_and_required_by_spss_reference
Formas_Agresor_VS_H__VSH_CP02,Formas_Agresor_VS_H__VSH_CP02,3.4 Violencia sexual,Formas_Agresor_VS_H__VSH_CP02,binary_materialized,Formas_Agresor_VS_H__VSH_CP02 == 1,VS_H == 1,SYSMIS/NULL tratado literalmente por la sintaxis SPSS; R usa na.rm dentro del dominio,VS_H,1,Nacional,prevalence,1,logit,Nacional=>logit,,10/10b_CRS04_3.4*.sps,02SQL/stage3_08*.sql; bloque exacto registrado en stage3_spss_block_lineage.csv,spss_reference_results.csv,667f82c959c4a59e30e40e1f94ecc7108ed38790f9234b75c4fda83bd6a25fc0,No usado como autoridad de cálculo; validar metadata Stage 02 si se exige trazabilidad PDF,implemented_and_required_by_spss_reference
Formas_Agresor_VS_H__VSH_CP03,Formas_Agresor_VS_H__VSH_CP03,3.4 Violencia sexual,Formas_Agresor_VS_H__VSH_CP03,binary_materialized,Formas_Agresor_VS_H__VSH_CP03 == 1,VS_H == 1,SYSMIS/NULL tratado literalmente por la sintaxis SPSS; R usa na.rm dentro del dominio,VS_H,1,Nacional,prevalence,1,logit,Nacional=>logit,,10/10b_CRS04_3.4*.sps,02SQL/stage3_08*.sql; bloque exacto registrado en stage3_spss_block_lineage.csv,spss_reference_results.csv,667f82c959c4a59e30e40e1f94ecc7108ed38790f9234b75c4fda83bd6a25fc0,No usado como autoridad de cálculo; validar metadata Stage 02 si se exige trazabilidad PDF,implemented_and_required_by_spss_reference
Formas_Agresor_VS_H__VSH_CP04,Formas_Agresor_VS_H__VSH_CP04,3.4 Violencia sexual,Formas_Agresor_VS_H__VSH_CP04,binary_materialized,Formas_Agresor_VS_H__VSH_CP04 == 1,VS_H == 1,SYSMIS/NULL tratado literalmente por la sintaxis SPSS; R usa na.rm dentro del dominio,VS_H,1,Nacional,prevalence,1,logit,Nacional=>logit,,10/10b_CRS04_3.4*.sps,02SQL/stage3_08*.sql; bloque exacto registrado en stage3_spss_block_lineage.csv,spss_reference_results.csv,667f82c959c4a59e30e40e1f94ecc7108ed38790f9234b75c4fda83bd6a25fc0,No usado como autoridad de cálculo; validar metadata Stage 02 si se exige trazabilidad PDF,implemented_and_required_by_spss_reference
Formas_Agresor_VS_H__VSH_CP05,Formas_Agresor_VS_H__VSH_CP05,3.4 Violencia sexual,Formas_Agresor_VS_H__VSH_CP05,binary_materialized,Formas_Agresor_VS_H__VSH_CP05 == 1,VS_H == 1,SYSMIS/NULL tratado literalmente por la sintaxis SPSS; R usa na.rm dentro del dominio,VS_H,1,Nacional,prevalence,1,logit,Nacional=>logit,,10/10b_CRS04_3.4*.sps,02SQL/stage3_08*.sql; bloque exacto registrado en stage3_spss_block_lineage.csv,spss_reference_results.csv,667f82c959c4a59e30e40e1f94ecc7108ed38790f9234b75c4fda83bd6a25fc0,No usado como autoridad de cálculo; validar metadata Stage 02 si se exige trazabilidad PDF,implemented_and_required_by_spss_reference
Formas_Agresor_VS_H__VSH_CP06,Formas_Agresor_VS_H__VSH_CP06,3.4 Violencia sexual,Formas_Agresor_VS_H__VSH_CP06,binary_materialized,Formas_Agresor_VS_H__VSH_CP06 == 1,VS_H == 1,SYSMIS/NULL tratado literalmente por la sintaxis SPSS; R usa na.rm dentro del dominio,VS_H,1,Nacional,prevalence,1,logit,Nacional=>logit,,10/10b_CRS04_3.4*.sps,02SQL/stage3_08*.sql; bloque exacto registrado en stage3_spss_block_lineage.csv,spss_reference_results.csv,667f82c959c4a59e30e40e1f94ecc7108ed38790f9234b75c4fda83bd6a25fc0,No usado como autoridad de cálculo; validar metadata Stage 02 si se exige trazabilidad PDF,implemented_and_required_by_spss_reference
Formas_Agresor_VS_H__VSH_CP07,Formas_Agresor_VS_H__VSH_CP07,3.4 Violencia sexual,Formas_Agresor_VS_H__VSH_CP07,binary_materialized,Formas_Agresor_VS_H__VSH_CP07 == 1,VS_H == 1,SYSMIS/NULL tratado literalmente por la sintaxis SPSS; R usa na.rm dentro del dominio,VS_H,1,Nacional,prevalence,1,logit,Nacional=>logit,,10/10b_CRS04_3.4*.sps,02SQL/stage3_08*.sql; bloque exacto registrado en stage3_spss_block_lineage.csv,spss_reference_results.csv,667f82c959c4a59e30e40e1f94ecc7108ed38790f9234b75c4fda83bd6a25fc0,No usado como autoridad de cálculo; validar metadata Stage 02 si se exige trazabilidad PDF,implemented_and_required_by_spss_reference
Formas_Agresor_VS_H__VSH_CP08,Formas_Agresor_VS_H__VSH_CP08,3.4 Violencia sexual,Formas_Agresor_VS_H__VSH_CP08,binary_materialized,Formas_Agresor_VS_H__VSH_CP08 == 1,VS_H == 1,SYSMIS/NULL tratado literalmente por la sintaxis SPSS; R usa na.rm dentro del dominio,VS_H,1,Nacional,prevalence,1,logit,Nacional=>logit,,10/10b_CRS04_3.4*.sps,02SQL/stage3_08*.sql; bloque exacto registrado en stage3_spss_block_lineage.csv,spss_reference_results.csv,667f82c959c4a59e30e40e1f94ecc7108ed38790f9234b75c4fda83bd6a25fc0,No usado como autoridad de cálculo; validar metadata Stage 02 si se exige trazabilidad PDF,implemented_and_required_by_spss_reference
Formas_VS_12M__C4P248_1,Formas_VS_12M__C4P248_1,3.4 Violencia sexual,Formas_VS_12M__C4P248_1,binary_materialized,Formas_VS_12M__C4P248_1 == 1,VS_12M == 1,SYSMIS/NULL tratado literalmente por la sintaxis SPSS; R usa na.rm dentro del dominio,VS_12M,1,Nacional,prevalence,1,logit,Nacional=>logit,,10/10b_CRS04_3.4*.sps,02SQL/stage3_08*.sql; bloque exacto registrado en stage3_spss_block_lineage.csv,spss_reference_results.csv,667f82c959c4a59e30e40e1f94ecc7108ed38790f9234b75c4fda83bd6a25fc0,No usado como autoridad de cálculo; validar metadata Stage 02 si se exige trazabilidad PDF,implemented_and_required_by_spss_reference
Formas_VS_12M__C4P248_10,Formas_VS_12M__C4P248_10,3.4 Violencia sexual,Formas_VS_12M__C4P248_10,binary_materialized,Formas_VS_12M__C4P248_10 == 1,VS_12M == 1,SYSMIS/NULL tratado literalmente por la sintaxis SPSS; R usa na.rm dentro del dominio,VS_12M,1,Nacional,prevalence,1,logit,Nacional=>logit,,10/10b_CRS04_3.4*.sps,02SQL/stage3_08*.sql; bloque exacto registrado en stage3_spss_block_lineage.csv,spss_reference_results.csv,667f82c959c4a59e30e40e1f94ecc7108ed38790f9234b75c4fda83bd6a25fc0,No usado como autoridad de cálculo; validar metadata Stage 02 si se exige trazabilidad PDF,implemented_and_required_by_spss_reference
Formas_VS_12M__C4P248_11,Formas_VS_12M__C4P248_11,3.4 Violencia sexual,Formas_VS_12M__C4P248_11,binary_materialized,Formas_VS_12M__C4P248_11 == 1,VS_12M == 1,SYSMIS/NULL tratado literalmente por la sintaxis SPSS; R usa na.rm dentro del dominio,VS_12M,1,Nacional,prevalence,1,logit,Nacional=>logit,,10/10b_CRS04_3.4*.sps,02SQL/stage3_08*.sql; bloque exacto registrado en stage3_spss_block_lineage.csv,spss_reference_results.csv,667f82c959c4a59e30e40e1f94ecc7108ed38790f9234b75c4fda83bd6a25fc0,No usado como autoridad de cálculo; validar metadata Stage 02 si se exige trazabilidad PDF,implemented_and_required_by_spss_reference
Formas_VS_12M__C4P248_12,Formas_VS_12M__C4P248_12,3.4 Violencia sexual,Formas_VS_12M__C4P248_12,binary_materialized,Formas_VS_12M__C4P248_12 == 1,VS_12M == 1,SYSMIS/NULL tratado literalmente por la sintaxis SPSS; R usa na.rm dentro del dominio,VS_12M,1,Nacional,prevalence,1,wald,Nacional=>wald,,10/10b_CRS04_3.4*.sps,02SQL/stage3_08*.sql; bloque exacto registrado en stage3_spss_block_lineage.csv,spss_reference_results.csv,667f82c959c4a59e30e40e1f94ecc7108ed38790f9234b75c4fda83bd6a25fc0,No usado como autoridad de cálculo; validar metadata Stage 02 si se exige trazabilidad PDF,implemented_and_required_by_spss_reference
Formas_VS_12M__C4P248_13,Formas_VS_12M__C4P248_13,3.4 Violencia sexual,Formas_VS_12M__C4P248_13,binary_materialized,Formas_VS_12M__C4P248_13 == 1,VS_12M == 1,SYSMIS/NULL tratado literalmente por la sintaxis SPSS; R usa na.rm dentro del dominio,VS_12M,1,Nacional,prevalence,1,logit,Nacional=>logit,,10/10b_CRS04_3.4*.sps,02SQL/stage3_08*.sql; bloque exacto registrado en stage3_spss_block_lineage.csv,spss_reference_results.csv,667f82c959c4a59e30e40e1f94ecc7108ed38790f9234b75c4fda83bd6a25fc0,No usado como autoridad de cálculo; validar metadata Stage 02 si se exige trazabilidad PDF,implemented_and_required_by_spss_reference
Formas_VS_12M__C4P248_14,Formas_VS_12M__C4P248_14,3.4 Violencia sexual,Formas_VS_12M__C4P248_14,binary_materialized,Formas_VS_12M__C4P248_14 == 1,VS_12M == 1,SYSMIS/NULL tratado literalmente por la sintaxis SPSS; R usa na.rm dentro del dominio,VS_12M,1,Nacional,prevalence,1,logit,Nacional=>logit,,10/10b_CRS04_3.4*.sps,02SQL/stage3_08*.sql; bloque exacto registrado en stage3_spss_block_lineage.csv,spss_reference_results.csv,667f82c959c4a59e30e40e1f94ecc7108ed38790f9234b75c4fda83bd6a25fc0,No usado como autoridad de cálculo; validar metadata Stage 02 si se exige trazabilidad PDF,implemented_and_required_by_spss_reference
Formas_VS_12M__C4P248_15,Formas_VS_12M__C4P248_15,3.4 Violencia sexual,Formas_VS_12M__C4P248_15,binary_materialized,Formas_VS_12M__C4P248_15 == 1,VS_12M == 1,SYSMIS/NULL tratado literalmente por la sintaxis SPSS; R usa na.rm dentro del dominio,VS_12M,1,Nacional,prevalence,1,logit,Nacional=>logit,,10/10b_CRS04_3.4*.sps,02SQL/stage3_08*.sql; bloque exacto registrado en stage3_spss_block_lineage.csv,spss_reference_results.csv,667f82c959c4a59e30e40e1f94ecc7108ed38790f9234b75c4fda83bd6a25fc0,No usado como autoridad de cálculo; validar metadata Stage 02 si se exige trazabilidad PDF,implemented_and_required_by_spss_reference
Formas_VS_12M__C4P248_16,Formas_VS_12M__C4P248_16,3.4 Violencia sexual,Formas_VS_12M__C4P248_16,binary_materialized,Formas_VS_12M__C4P248_16 == 1,VS_12M == 1,SYSMIS/NULL tratado literalmente por la sintaxis SPSS; R usa na.rm dentro del dominio,VS_12M,1,Nacional,prevalence,1,logit,Nacional=>logit,,10/10b_CRS04_3.4*.sps,02SQL/stage3_08*.sql; bloque exacto registrado en stage3_spss_block_lineage.csv,spss_reference_results.csv,667f82c959c4a59e30e40e1f94ecc7108ed38790f9234b75c4fda83bd6a25fc0,No usado como autoridad de cálculo; validar metadata Stage 02 si se exige trazabilidad PDF,implemented_and_required_by_spss_reference
Formas_VS_12M__C4P248_2,Formas_VS_12M__C4P248_2,3.4 Violencia sexual,Formas_VS_12M__C4P248_2,binary_materialized,Formas_VS_12M__C4P248_2 == 1,VS_12M == 1,SYSMIS/NULL tratado literalmente por la sintaxis SPSS; R usa na.rm dentro del dominio,VS_12M,1,Nacional,prevalence,1,logit,Nacional=>logit,,10/10b_CRS04_3.4*.sps,02SQL/stage3_08*.sql; bloque exacto registrado en stage3_spss_block_lineage.csv,spss_reference_results.csv,667f82c959c4a59e30e40e1f94ecc7108ed38790f9234b75c4fda83bd6a25fc0,No usado como autoridad de cálculo; validar metadata Stage 02 si se exige trazabilidad PDF,implemented_and_required_by_spss_reference
Formas_VS_12M__C4P248_3,Formas_VS_12M__C4P248_3,3.4 Violencia sexual,Formas_VS_12M__C4P248_3,binary_materialized,Formas_VS_12M__C4P248_3 == 1,VS_12M == 1,SYSMIS/NULL tratado literalmente por la sintaxis SPSS; R usa na.rm dentro del dominio,VS_12M,1,Nacional,prevalence,1,logit,Nacional=>logit,,10/10b_CRS04_3.4*.sps,02SQL/stage3_08*.sql; bloque exacto registrado en stage3_spss_block_lineage.csv,spss_reference_results.csv,667f82c959c4a59e30e40e1f94ecc7108ed38790f9234b75c4fda83bd6a25fc0,No usado como autoridad de cálculo; validar metadata Stage 02 si se exige trazabilidad PDF,implemented_and_required_by_spss_reference
Formas_VS_12M__C4P248_4,Formas_VS_12M__C4P248_4,3.4 Violencia sexual,Formas_VS_12M__C4P248_4,binary_materialized,Formas_VS_12M__C4P248_4 == 1,VS_12M == 1,SYSMIS/NULL tratado literalmente por la sintaxis SPSS; R usa na.rm dentro del dominio,VS_12M,1,Nacional,prevalence,1,logit,Nacional=>logit,,10/10b_CRS04_3.4*.sps,02SQL/stage3_08*.sql; bloque exacto registrado en stage3_spss_block_lineage.csv,spss_reference_results.csv,667f82c959c4a59e30e40e1f94ecc7108ed38790f9234b75c4fda83bd6a25fc0,No usado como autoridad de cálculo; validar metadata Stage 02 si se exige trazabilidad PDF,implemented_and_required_by_spss_reference
Formas_VS_12M__C4P248_5,Formas_VS_12M__C4P248_5,3.4 Violencia sexual,Formas_VS_12M__C4P248_5,binary_materialized,Formas_VS_12M__C4P248_5 == 1,VS_12M == 1,SYSMIS/NULL tratado literalmente por la sintaxis SPSS; R usa na.rm dentro del dominio,VS_12M,1,Nacional,prevalence,1,logit,Nacional=>logit,,10/10b_CRS04_3.4*.sps,02SQL/stage3_08*.sql; bloque exacto registrado en stage3_spss_block_lineage.csv,spss_reference_results.csv,667f82c959c4a59e30e40e1f94ecc7108ed38790f9234b75c4fda83bd6a25fc0,No usado como autoridad de cálculo; validar metadata Stage 02 si se exige trazabilidad PDF,implemented_and_required_by_spss_reference
Formas_VS_12M__C4P248_6,Formas_VS_12M__C4P248_6,3.4 Violencia sexual,Formas_VS_12M__C4P248_6,binary_materialized,Formas_VS_12M__C4P248_6 == 1,VS_12M == 1,SYSMIS/NULL tratado literalmente por la sintaxis SPSS; R usa na.rm dentro del dominio,VS_12M,1,Nacional,prevalence,1,logit,Nacional=>logit,,10/10b_CRS04_3.4*.sps,02SQL/stage3_08*.sql; bloque exacto registrado en stage3_spss_block_lineage.csv,spss_reference_results.csv,667f82c959c4a59e30e40e1f94ecc7108ed38790f9234b75c4fda83bd6a25fc0,No usado como autoridad de cálculo; validar metadata Stage 02 si se exige trazabilidad PDF,implemented_and_required_by_spss_reference
Formas_VS_12M__C4P248_7,Formas_VS_12M__C4P248_7,3.4 Violencia sexual,Formas_VS_12M__C4P248_7,binary_materialized,Formas_VS_12M__C4P248_7 == 1,VS_12M == 1,SYSMIS/NULL tratado literalmente por la sintaxis SPSS; R usa na.rm dentro del dominio,VS_12M,1,Nacional,prevalence,1,logit,Nacional=>logit,,10/10b_CRS04_3.4*.sps,02SQL/stage3_08*.sql; bloque exacto registrado en stage3_spss_block_lineage.csv,spss_reference_results.csv,667f82c959c4a59e30e40e1f94ecc7108ed38790f9234b75c4fda83bd6a25fc0,No usado como autoridad de cálculo; validar metadata Stage 02 si se exige trazabilidad PDF,implemented_and_required_by_spss_reference
Formas_VS_12M__C4P248_8,Formas_VS_12M__C4P248_8,3.4 Violencia sexual,Formas_VS_12M__C4P248_8,binary_materialized,Formas_VS_12M__C4P248_8 == 1,VS_12M == 1,SYSMIS/NULL tratado literalmente por la sintaxis SPSS; R usa na.rm dentro del dominio,VS_12M,1,Nacional,prevalence,1,logit,Nacional=>logit,,10/10b_CRS04_3.4*.sps,02SQL/stage3_08*.sql; bloque exacto registrado en stage3_spss_block_lineage.csv,spss_reference_results.csv,667f82c959c4a59e30e40e1f94ecc7108ed38790f9234b75c4fda83bd6a25fc0,No usado como autoridad de cálculo; validar metadata Stage 02 si se exige trazabilidad PDF,implemented_and_required_by_spss_reference
Formas_VS_12M__C4P248_9,Formas_VS_12M__C4P248_9,3.4 Violencia sexual,Formas_VS_12M__C4P248_9,binary_materialized,Formas_VS_12M__C4P248_9 == 1,VS_12M == 1,SYSMIS/NULL tratado literalmente por la sintaxis SPSS; R usa na.rm dentro del dominio,VS_12M,1,Nacional,prevalence,1,logit,Nacional=>logit,,10/10b_CRS04_3.4*.sps,02SQL/stage3_08*.sql; bloque exacto registrado en stage3_spss_block_lineage.csv,spss_reference_results.csv,667f82c959c4a59e30e40e1f94ecc7108ed38790f9234b75c4fda83bd6a25fc0,No usado como autoridad de cálculo; validar metadata Stage 02 si se exige trazabilidad PDF,implemented_and_required_by_spss_reference
Formas_VS_12M__ICVAC_301,Formas_VS_12M__ICVAC_301,3.4 Violencia sexual,Formas_VS_12M__ICVAC_301,binary_materialized,Formas_VS_12M__ICVAC_301 == 1,VS_12M == 1,SYSMIS/NULL tratado literalmente por la sintaxis SPSS; R usa na.rm dentro del dominio,VS_12M,1,Nacional,prevalence,1,logit,Nacional=>logit,,10/10b_CRS04_3.4*.sps,02SQL/stage3_08*.sql; bloque exacto registrado en stage3_spss_block_lineage.csv,spss_reference_results.csv,667f82c959c4a59e30e40e1f94ecc7108ed38790f9234b75c4fda83bd6a25fc0,No usado como autoridad de cálculo; validar metadata Stage 02 si se exige trazabilidad PDF,implemented_and_required_by_spss_reference
Formas_VS_12M__ICVAC_302,Formas_VS_12M__ICVAC_302,3.4 Violencia sexual,Formas_VS_12M__ICVAC_302,binary_materialized,Formas_VS_12M__ICVAC_302 == 1,VS_12M == 1,SYSMIS/NULL tratado literalmente por la sintaxis SPSS; R usa na.rm dentro del dominio,VS_12M,1,Nacional,prevalence,1,wald,Nacional=>wald,,10/10b_CRS04_3.4*.sps,02SQL/stage3_08*.sql; bloque exacto registrado en stage3_spss_block_lineage.csv,spss_reference_results.csv,667f82c959c4a59e30e40e1f94ecc7108ed38790f9234b75c4fda83bd6a25fc0,No usado como autoridad de cálculo; validar metadata Stage 02 si se exige trazabilidad PDF,implemented_and_required_by_spss_reference
Formas_VS_12M__ICVAC_303,Formas_VS_12M__ICVAC_303,3.4 Violencia sexual,Formas_VS_12M__ICVAC_303,binary_materialized,Formas_VS_12M__ICVAC_303 == 1,VS_12M == 1,SYSMIS/NULL tratado literalmente por la sintaxis SPSS; R usa na.rm dentro del dominio,VS_12M,1,Nacional,prevalence,1,logit,Nacional=>logit,,10/10b_CRS04_3.4*.sps,02SQL/stage3_08*.sql; bloque exacto registrado en stage3_spss_block_lineage.csv,spss_reference_results.csv,667f82c959c4a59e30e40e1f94ecc7108ed38790f9234b75c4fda83bd6a25fc0,No usado como autoridad de cálculo; validar metadata Stage 02 si se exige trazabilidad PDF,implemented_and_required_by_spss_reference
Formas_VS_12M__ICVAC_309,Formas_VS_12M__ICVAC_309,3.4 Violencia sexual,Formas_VS_12M__ICVAC_309,binary_materialized,Formas_VS_12M__ICVAC_309 == 1,VS_12M == 1,SYSMIS/NULL tratado literalmente por la sintaxis SPSS; R usa na.rm dentro del dominio,VS_12M,1,Nacional,prevalence,1,wald,Nacional=>wald,,10/10b_CRS04_3.4*.sps,02SQL/stage3_08*.sql; bloque exacto registrado en stage3_spss_block_lineage.csv,spss_reference_results.csv,667f82c959c4a59e30e40e1f94ecc7108ed38790f9234b75c4fda83bd6a25fc0,No usado como autoridad de cálculo; validar metadata Stage 02 si se exige trazabilidad PDF,implemented_and_required_by_spss_reference
Formas_VS_12M__VS_CP01,Formas_VS_12M__VS_CP01,3.4 Violencia sexual,Formas_VS_12M__VS_CP01,binary_materialized,Formas_VS_12M__VS_CP01 == 1,VS_12M == 1,SYSMIS/NULL tratado literalmente por la sintaxis SPSS; R usa na.rm dentro del dominio,VS_12M,1,Nacional,prevalence,1,wald,Nacional=>wald,,10/10b_CRS04_3.4*.sps,02SQL/stage3_08*.sql; bloque exacto registrado en stage3_spss_block_lineage.csv,spss_reference_results.csv,667f82c959c4a59e30e40e1f94ecc7108ed38790f9234b75c4fda83bd6a25fc0,No usado como autoridad de cálculo; validar metadata Stage 02 si se exige trazabilidad PDF,implemented_and_required_by_spss_reference
Formas_VS_12M__VS_CP02,Formas_VS_12M__VS_CP02,3.4 Violencia sexual,Formas_VS_12M__VS_CP02,binary_materialized,Formas_VS_12M__VS_CP02 == 1,VS_12M == 1,SYSMIS/NULL tratado literalmente por la sintaxis SPSS; R usa na.rm dentro del dominio,VS_12M,1,Nacional,prevalence,1,logit,Nacional=>logit,,10/10b_CRS04_3.4*.sps,02SQL/stage3_08*.sql; bloque exacto registrado en stage3_spss_block_lineage.csv,spss_reference_results.csv,667f82c959c4a59e30e40e1f94ecc7108ed38790f9234b75c4fda83bd6a25fc0,No usado como autoridad de cálculo; validar metadata Stage 02 si se exige trazabilidad PDF,implemented_and_required_by_spss_reference
Formas_VS_12M__VS_CP03,Formas_VS_12M__VS_CP03,3.4 Violencia sexual,Formas_VS_12M__VS_CP03,binary_materialized,Formas_VS_12M__VS_CP03 == 1,VS_12M == 1,SYSMIS/NULL tratado literalmente por la sintaxis SPSS; R usa na.rm dentro del dominio,VS_12M,1,Nacional,prevalence,1,wald,Nacional=>wald,,10/10b_CRS04_3.4*.sps,02SQL/stage3_08*.sql; bloque exacto registrado en stage3_spss_block_lineage.csv,spss_reference_results.csv,667f82c959c4a59e30e40e1f94ecc7108ed38790f9234b75c4fda83bd6a25fc0,No usado como autoridad de cálculo; validar metadata Stage 02 si se exige trazabilidad PDF,implemented_and_required_by_spss_reference
Formas_VS_12M__VS_CP04,Formas_VS_12M__VS_CP04,3.4 Violencia sexual,Formas_VS_12M__VS_CP04,binary_materialized,Formas_VS_12M__VS_CP04 == 1,VS_12M == 1,SYSMIS/NULL tratado literalmente por la sintaxis SPSS; R usa na.rm dentro del dominio,VS_12M,1,Nacional,prevalence,1,logit,Nacional=>logit,,10/10b_CRS04_3.4*.sps,02SQL/stage3_08*.sql; bloque exacto registrado en stage3_spss_block_lineage.csv,spss_reference_results.csv,667f82c959c4a59e30e40e1f94ecc7108ed38790f9234b75c4fda83bd6a25fc0,No usado como autoridad de cálculo; validar metadata Stage 02 si se exige trazabilidad PDF,implemented_and_required_by_spss_reference
Formas_VS_12M__VS_CP05,Formas_VS_12M__VS_CP05,3.4 Violencia sexual,Formas_VS_12M__VS_CP05,binary_materialized,Formas_VS_12M__VS_CP05 == 1,VS_12M == 1,SYSMIS/NULL tratado literalmente por la sintaxis SPSS; R usa na.rm dentro del dominio,VS_12M,1,Nacional,prevalence,1,logit,Nacional=>logit,,10/10b_CRS04_3.4*.sps,02SQL/stage3_08*.sql; bloque exacto registrado en stage3_spss_block_lineage.csv,spss_reference_results.csv,667f82c959c4a59e30e40e1f94ecc7108ed38790f9234b75c4fda83bd6a25fc0,No usado como autoridad de cálculo; validar metadata Stage 02 si se exige trazabilidad PDF,implemented_and_required_by_spss_reference
Formas_VS_12M__VS_CP06,Formas_VS_12M__VS_CP06,3.4 Violencia sexual,Formas_VS_12M__VS_CP06,binary_materialized,Formas_VS_12M__VS_CP06 == 1,VS_12M == 1,SYSMIS/NULL tratado literalmente por la sintaxis SPSS; R usa na.rm dentro del dominio,VS_12M,1,Nacional,prevalence,1,logit,Nacional=>logit,,10/10b_CRS04_3.4*.sps,02SQL/stage3_08*.sql; bloque exacto registrado en stage3_spss_block_lineage.csv,spss_reference_results.csv,667f82c959c4a59e30e40e1f94ecc7108ed38790f9234b75c4fda83bd6a25fc0,No usado como autoridad de cálculo; validar metadata Stage 02 si se exige trazabilidad PDF,implemented_and_required_by_spss_reference
Formas_VS_12M__VS_CP07,Formas_VS_12M__VS_CP07,3.4 Violencia sexual,Formas_VS_12M__VS_CP07,binary_materialized,Formas_VS_12M__VS_CP07 == 1,VS_12M == 1,SYSMIS/NULL tratado literalmente por la sintaxis SPSS; R usa na.rm dentro del dominio,VS_12M,1,Nacional,prevalence,1,logit,Nacional=>logit,,10/10b_CRS04_3.4*.sps,02SQL/stage3_08*.sql; bloque exacto registrado en stage3_spss_block_lineage.csv,spss_reference_results.csv,667f82c959c4a59e30e40e1f94ecc7108ed38790f9234b75c4fda83bd6a25fc0,No usado como autoridad de cálculo; validar metadata Stage 02 si se exige trazabilidad PDF,implemented_and_required_by_spss_reference
Formas_VS_12M__VS_CP08,Formas_VS_12M__VS_CP08,3.4 Violencia sexual,Formas_VS_12M__VS_CP08,binary_materialized,Formas_VS_12M__VS_CP08 == 1,VS_12M == 1,SYSMIS/NULL tratado literalmente por la sintaxis SPSS; R usa na.rm dentro del dominio,VS_12M,1,Nacional,prevalence,1,logit,Nacional=>logit,,10/10b_CRS04_3.4*.sps,02SQL/stage3_08*.sql; bloque exacto registrado en stage3_spss_block_lineage.csv,spss_reference_results.csv,667f82c959c4a59e30e40e1f94ecc7108ed38790f9234b75c4fda83bd6a25fc0,No usado como autoridad de cálculo; validar metadata Stage 02 si se exige trazabilidad PDF,implemented_and_required_by_spss_reference
Formas_VS_12M__VS_CP09,Formas_VS_12M__VS_CP09,3.4 Violencia sexual,Formas_VS_12M__VS_CP09,binary_materialized,Formas_VS_12M__VS_CP09 == 1,VS_12M == 1,SYSMIS/NULL tratado literalmente por la sintaxis SPSS; R usa na.rm dentro del dominio,VS_12M,1,Nacional,prevalence,1,wald,Nacional=>wald,,10/10b_CRS04_3.4*.sps,02SQL/stage3_08*.sql; bloque exacto registrado en stage3_spss_block_lineage.csv,spss_reference_results.csv,667f82c959c4a59e30e40e1f94ecc7108ed38790f9234b75c4fda83bd6a25fc0,No usado como autoridad de cálculo; validar metadata Stage 02 si se exige trazabilidad PDF,implemented_and_required_by_spss_reference
Formas_VS_E_1__C4P248_1,Formas_VS_E_1__C4P248_1,3.4 Violencia sexual,Formas_VS_E_1__C4P248_1,binary_materialized,Formas_VS_E_1__C4P248_1 == 1,VS_E_1 == 1,SYSMIS/NULL tratado literalmente por la sintaxis SPSS; R usa na.rm dentro del dominio,VS_E_1,1,Nacional,prevalence,1,logit,Nacional=>logit,,10/10b_CRS04_3.4*.sps,02SQL/stage3_08*.sql; bloque exacto registrado en stage3_spss_block_lineage.csv,spss_reference_results.csv,667f82c959c4a59e30e40e1f94ecc7108ed38790f9234b75c4fda83bd6a25fc0,No usado como autoridad de cálculo; validar metadata Stage 02 si se exige trazabilidad PDF,implemented_and_required_by_spss_reference
Formas_VS_E_1__C4P248_10,Formas_VS_E_1__C4P248_10,3.4 Violencia sexual,Formas_VS_E_1__C4P248_10,binary_materialized,Formas_VS_E_1__C4P248_10 == 1,VS_E_1 == 1,SYSMIS/NULL tratado literalmente por la sintaxis SPSS; R usa na.rm dentro del dominio,VS_E_1,1,Nacional,prevalence,1,logit,Nacional=>logit,,10/10b_CRS04_3.4*.sps,02SQL/stage3_08*.sql; bloque exacto registrado en stage3_spss_block_lineage.csv,spss_reference_results.csv,667f82c959c4a59e30e40e1f94ecc7108ed38790f9234b75c4fda83bd6a25fc0,No usado como autoridad de cálculo; validar metadata Stage 02 si se exige trazabilidad PDF,implemented_and_required_by_spss_reference
Formas_VS_E_1__C4P248_11,Formas_VS_E_1__C4P248_11,3.4 Violencia sexual,Formas_VS_E_1__C4P248_11,binary_materialized,Formas_VS_E_1__C4P248_11 == 1,VS_E_1 == 1,SYSMIS/NULL tratado literalmente por la sintaxis SPSS; R usa na.rm dentro del dominio,VS_E_1,1,Nacional,prevalence,1,logit,Nacional=>logit,,10/10b_CRS04_3.4*.sps,02SQL/stage3_08*.sql; bloque exacto registrado en stage3_spss_block_lineage.csv,spss_reference_results.csv,667f82c959c4a59e30e40e1f94ecc7108ed38790f9234b75c4fda83bd6a25fc0,No usado como autoridad de cálculo; validar metadata Stage 02 si se exige trazabilidad PDF,implemented_and_required_by_spss_reference
Formas_VS_E_1__C4P248_12,Formas_VS_E_1__C4P248_12,3.4 Violencia sexual,Formas_VS_E_1__C4P248_12,binary_materialized,Formas_VS_E_1__C4P248_12 == 1,VS_E_1 == 1,SYSMIS/NULL tratado literalmente por la sintaxis SPSS; R usa na.rm dentro del dominio,VS_E_1,1,Nacional,prevalence,1,wald,Nacional=>wald,,10/10b_CRS04_3.4*.sps,02SQL/stage3_08*.sql; bloque exacto registrado en stage3_spss_block_lineage.csv,spss_reference_results.csv,667f82c959c4a59e30e40e1f94ecc7108ed38790f9234b75c4fda83bd6a25fc0,No usado como autoridad de cálculo; validar metadata Stage 02 si se exige trazabilidad PDF,implemented_and_required_by_spss_reference
Formas_VS_E_1__C4P248_13,Formas_VS_E_1__C4P248_13,3.4 Violencia sexual,Formas_VS_E_1__C4P248_13,binary_materialized,Formas_VS_E_1__C4P248_13 == 1,VS_E_1 == 1,SYSMIS/NULL tratado literalmente por la sintaxis SPSS; R usa na.rm dentro del dominio,VS_E_1,1,Nacional,prevalence,1,logit,Nacional=>logit,,10/10b_CRS04_3.4*.sps,02SQL/stage3_08*.sql; bloque exacto registrado en stage3_spss_block_lineage.csv,spss_reference_results.csv,667f82c959c4a59e30e40e1f94ecc7108ed38790f9234b75c4fda83bd6a25fc0,No usado como autoridad de cálculo; validar metadata Stage 02 si se exige trazabilidad PDF,implemented_and_required_by_spss_reference
Formas_VS_E_1__C4P248_14,Formas_VS_E_1__C4P248_14,3.4 Violencia sexual,Formas_VS_E_1__C4P248_14,binary_materialized,Formas_VS_E_1__C4P248_14 == 1,VS_E_1 == 1,SYSMIS/NULL tratado literalmente por la sintaxis SPSS; R usa na.rm dentro del dominio,VS_E_1,1,Nacional,prevalence,1,logit,Nacional=>logit,,10/10b_CRS04_3.4*.sps,02SQL/stage3_08*.sql; bloque exacto registrado en stage3_spss_block_lineage.csv,spss_reference_results.csv,667f82c959c4a59e30e40e1f94ecc7108ed38790f9234b75c4fda83bd6a25fc0,No usado como autoridad de cálculo; validar metadata Stage 02 si se exige trazabilidad PDF,implemented_and_required_by_spss_reference
Formas_VS_E_1__C4P248_15,Formas_VS_E_1__C4P248_15,3.4 Violencia sexual,Formas_VS_E_1__C4P248_15,binary_materialized,Formas_VS_E_1__C4P248_15 == 1,VS_E_1 == 1,SYSMIS/NULL tratado literalmente por la sintaxis SPSS; R usa na.rm dentro del dominio,VS_E_1,1,Nacional,prevalence,1,logit,Nacional=>logit,,10/10b_CRS04_3.4*.sps,02SQL/stage3_08*.sql; bloque exacto registrado en stage3_spss_block_lineage.csv,spss_reference_results.csv,667f82c959c4a59e30e40e1f94ecc7108ed38790f9234b75c4fda83bd6a25fc0,No usado como autoridad de cálculo; validar metadata Stage 02 si se exige trazabilidad PDF,implemented_and_required_by_spss_reference
Formas_VS_E_1__C4P248_16,Formas_VS_E_1__C4P248_16,3.4 Violencia sexual,Formas_VS_E_1__C4P248_16,binary_materialized,Formas_VS_E_1__C4P248_16 == 1,VS_E_1 == 1,SYSMIS/NULL tratado literalmente por la sintaxis SPSS; R usa na.rm dentro del dominio,VS_E_1,1,Nacional,prevalence,1,logit,Nacional=>logit,,10/10b_CRS04_3.4*.sps,02SQL/stage3_08*.sql; bloque exacto registrado en stage3_spss_block_lineage.csv,spss_reference_results.csv,667f82c959c4a59e30e40e1f94ecc7108ed38790f9234b75c4fda83bd6a25fc0,No usado como autoridad de cálculo; validar metadata Stage 02 si se exige trazabilidad PDF,implemented_and_required_by_spss_reference
Formas_VS_E_1__C4P248_2,Formas_VS_E_1__C4P248_2,3.4 Violencia sexual,Formas_VS_E_1__C4P248_2,binary_materialized,Formas_VS_E_1__C4P248_2 == 1,VS_E_1 == 1,SYSMIS/NULL tratado literalmente por la sintaxis SPSS; R usa na.rm dentro del dominio,VS_E_1,1,Nacional,prevalence,1,logit,Nacional=>logit,,10/10b_CRS04_3.4*.sps,02SQL/stage3_08*.sql; bloque exacto registrado en stage3_spss_block_lineage.csv,spss_reference_results.csv,667f82c959c4a59e30e40e1f94ecc7108ed38790f9234b75c4fda83bd6a25fc0,No usado como autoridad de cálculo; validar metadata Stage 02 si se exige trazabilidad PDF,implemented_and_required_by_spss_reference
Formas_VS_E_1__C4P248_3,Formas_VS_E_1__C4P248_3,3.4 Violencia sexual,Formas_VS_E_1__C4P248_3,binary_materialized,Formas_VS_E_1__C4P248_3 == 1,VS_E_1 == 1,SYSMIS/NULL tratado literalmente por la sintaxis SPSS; R usa na.rm dentro del dominio,VS_E_1,1,Nacional,prevalence,1,logit,Nacional=>logit,,10/10b_CRS04_3.4*.sps,02SQL/stage3_08*.sql; bloque exacto registrado en stage3_spss_block_lineage.csv,spss_reference_results.csv,667f82c959c4a59e30e40e1f94ecc7108ed38790f9234b75c4fda83bd6a25fc0,No usado como autoridad de cálculo; validar metadata Stage 02 si se exige trazabilidad PDF,implemented_and_required_by_spss_reference
Formas_VS_E_1__C4P248_4,Formas_VS_E_1__C4P248_4,3.4 Violencia sexual,Formas_VS_E_1__C4P248_4,binary_materialized,Formas_VS_E_1__C4P248_4 == 1,VS_E_1 == 1,SYSMIS/NULL tratado literalmente por la sintaxis SPSS; R usa na.rm dentro del dominio,VS_E_1,1,Nacional,prevalence,1,logit,Nacional=>logit,,10/10b_CRS04_3.4*.sps,02SQL/stage3_08*.sql; bloque exacto registrado en stage3_spss_block_lineage.csv,spss_reference_results.csv,667f82c959c4a59e30e40e1f94ecc7108ed38790f9234b75c4fda83bd6a25fc0,No usado como autoridad de cálculo; validar metadata Stage 02 si se exige trazabilidad PDF,implemented_and_required_by_spss_reference
Formas_VS_E_1__C4P248_5,Formas_VS_E_1__C4P248_5,3.4 Violencia sexual,Formas_VS_E_1__C4P248_5,binary_materialized,Formas_VS_E_1__C4P248_5 == 1,VS_E_1 == 1,SYSMIS/NULL tratado literalmente por la sintaxis SPSS; R usa na.rm dentro del dominio,VS_E_1,1,Nacional,prevalence,1,logit,Nacional=>logit,,10/10b_CRS04_3.4*.sps,02SQL/stage3_08*.sql; bloque exacto registrado en stage3_spss_block_lineage.csv,spss_reference_results.csv,667f82c959c4a59e30e40e1f94ecc7108ed38790f9234b75c4fda83bd6a25fc0,No usado como autoridad de cálculo; validar metadata Stage 02 si se exige trazabilidad PDF,implemented_and_required_by_spss_reference
Formas_VS_E_1__C4P248_6,Formas_VS_E_1__C4P248_6,3.4 Violencia sexual,Formas_VS_E_1__C4P248_6,binary_materialized,Formas_VS_E_1__C4P248_6 == 1,VS_E_1 == 1,SYSMIS/NULL tratado literalmente por la sintaxis SPSS; R usa na.rm dentro del dominio,VS_E_1,1,Nacional,prevalence,1,logit,Nacional=>logit,,10/10b_CRS04_3.4*.sps,02SQL/stage3_08*.sql; bloque exacto registrado en stage3_spss_block_lineage.csv,spss_reference_results.csv,667f82c959c4a59e30e40e1f94ecc7108ed38790f9234b75c4fda83bd6a25fc0,No usado como autoridad de cálculo; validar metadata Stage 02 si se exige trazabilidad PDF,implemented_and_required_by_spss_reference
Formas_VS_E_1__C4P248_7,Formas_VS_E_1__C4P248_7,3.4 Violencia sexual,Formas_VS_E_1__C4P248_7,binary_materialized,Formas_VS_E_1__C4P248_7 == 1,VS_E_1 == 1,SYSMIS/NULL tratado literalmente por la sintaxis SPSS; R usa na.rm dentro del dominio,VS_E_1,1,Nacional,prevalence,1,logit,Nacional=>logit,,10/10b_CRS04_3.4*.sps,02SQL/stage3_08*.sql; bloque exacto registrado en stage3_spss_block_lineage.csv,spss_reference_results.csv,667f82c959c4a59e30e40e1f94ecc7108ed38790f9234b75c4fda83bd6a25fc0,No usado como autoridad de cálculo; validar metadata Stage 02 si se exige trazabilidad PDF,implemented_and_required_by_spss_reference
Formas_VS_E_1__C4P248_8,Formas_VS_E_1__C4P248_8,3.4 Violencia sexual,Formas_VS_E_1__C4P248_8,binary_materialized,Formas_VS_E_1__C4P248_8 == 1,VS_E_1 == 1,SYSMIS/NULL tratado literalmente por la sintaxis SPSS; R usa na.rm dentro del dominio,VS_E_1,1,Nacional,prevalence,1,logit,Nacional=>logit,,10/10b_CRS04_3.4*.sps,02SQL/stage3_08*.sql; bloque exacto registrado en stage3_spss_block_lineage.csv,spss_reference_results.csv,667f82c959c4a59e30e40e1f94ecc7108ed38790f9234b75c4fda83bd6a25fc0,No usado como autoridad de cálculo; validar metadata Stage 02 si se exige trazabilidad PDF,implemented_and_required_by_spss_reference
Formas_VS_E_1__C4P248_9,Formas_VS_E_1__C4P248_9,3.4 Violencia sexual,Formas_VS_E_1__C4P248_9,binary_materialized,Formas_VS_E_1__C4P248_9 == 1,VS_E_1 == 1,SYSMIS/NULL tratado literalmente por la sintaxis SPSS; R usa na.rm dentro del dominio,VS_E_1,1,Nacional,prevalence,1,logit,Nacional=>logit,,10/10b_CRS04_3.4*.sps,02SQL/stage3_08*.sql; bloque exacto registrado en stage3_spss_block_lineage.csv,spss_reference_results.csv,667f82c959c4a59e30e40e1f94ecc7108ed38790f9234b75c4fda83bd6a25fc0,No usado como autoridad de cálculo; validar metadata Stage 02 si se exige trazabilidad PDF,implemented_and_required_by_spss_reference
Formas_VS_E_1__ICVAC_301,Formas_VS_E_1__ICVAC_301,3.4 Violencia sexual,Formas_VS_E_1__ICVAC_301,binary_materialized,Formas_VS_E_1__ICVAC_301 == 1,VS_E_1 == 1,SYSMIS/NULL tratado literalmente por la sintaxis SPSS; R usa na.rm dentro del dominio,VS_E_1,1,Nacional,prevalence,1,logit,Nacional=>logit,,10/10b_CRS04_3.4*.sps,02SQL/stage3_08*.sql; bloque exacto registrado en stage3_spss_block_lineage.csv,spss_reference_results.csv,667f82c959c4a59e30e40e1f94ecc7108ed38790f9234b75c4fda83bd6a25fc0,No usado como autoridad de cálculo; validar metadata Stage 02 si se exige trazabilidad PDF,implemented_and_required_by_spss_reference
Formas_VS_E_1__ICVAC_302,Formas_VS_E_1__ICVAC_302,3.4 Violencia sexual,Formas_VS_E_1__ICVAC_302,binary_materialized,Formas_VS_E_1__ICVAC_302 == 1,VS_E_1 == 1,SYSMIS/NULL tratado literalmente por la sintaxis SPSS; R usa na.rm dentro del dominio,VS_E_1,1,Nacional,prevalence,1,logit,Nacional=>logit,,10/10b_CRS04_3.4*.sps,02SQL/stage3_08*.sql; bloque exacto registrado en stage3_spss_block_lineage.csv,spss_reference_results.csv,667f82c959c4a59e30e40e1f94ecc7108ed38790f9234b75c4fda83bd6a25fc0,No usado como autoridad de cálculo; validar metadata Stage 02 si se exige trazabilidad PDF,implemented_and_required_by_spss_reference
Formas_VS_E_1__ICVAC_303,Formas_VS_E_1__ICVAC_303,3.4 Violencia sexual,Formas_VS_E_1__ICVAC_303,binary_materialized,Formas_VS_E_1__ICVAC_303 == 1,VS_E_1 == 1,SYSMIS/NULL tratado literalmente por la sintaxis SPSS; R usa na.rm dentro del dominio,VS_E_1,1,Nacional,prevalence,1,logit,Nacional=>logit,,10/10b_CRS04_3.4*.sps,02SQL/stage3_08*.sql; bloque exacto registrado en stage3_spss_block_lineage.csv,spss_reference_results.csv,667f82c959c4a59e30e40e1f94ecc7108ed38790f9234b75c4fda83bd6a25fc0,No usado como autoridad de cálculo; validar metadata Stage 02 si se exige trazabilidad PDF,implemented_and_required_by_spss_reference
Formas_VS_E_1__ICVAC_309,Formas_VS_E_1__ICVAC_309,3.4 Violencia sexual,Formas_VS_E_1__ICVAC_309,binary_materialized,Formas_VS_E_1__ICVAC_309 == 1,VS_E_1 == 1,SYSMIS/NULL tratado literalmente por la sintaxis SPSS; R usa na.rm dentro del dominio,VS_E_1,1,Nacional,prevalence,1,wald,Nacional=>wald,,10/10b_CRS04_3.4*.sps,02SQL/stage3_08*.sql; bloque exacto registrado en stage3_spss_block_lineage.csv,spss_reference_results.csv,667f82c959c4a59e30e40e1f94ecc7108ed38790f9234b75c4fda83bd6a25fc0,No usado como autoridad de cálculo; validar metadata Stage 02 si se exige trazabilidad PDF,implemented_and_required_by_spss_reference
Formas_VS_E_1__VSE_CP01,Formas_VS_E_1__VSE_CP01,3.4 Violencia sexual,Formas_VS_E_1__VSE_CP01,binary_materialized,Formas_VS_E_1__VSE_CP01 == 1,VS_E_1 == 1,SYSMIS/NULL tratado literalmente por la sintaxis SPSS; R usa na.rm dentro del dominio,VS_E_1,1,Nacional,prevalence,1,logit,Nacional=>logit,,10/10b_CRS04_3.4*.sps,02SQL/stage3_08*.sql; bloque exacto registrado en stage3_spss_block_lineage.csv,spss_reference_results.csv,667f82c959c4a59e30e40e1f94ecc7108ed38790f9234b75c4fda83bd6a25fc0,No usado como autoridad de cálculo; validar metadata Stage 02 si se exige trazabilidad PDF,implemented_and_required_by_spss_reference
Formas_VS_E_1__VSE_CP02,Formas_VS_E_1__VSE_CP02,3.4 Violencia sexual,Formas_VS_E_1__VSE_CP02,binary_materialized,Formas_VS_E_1__VSE_CP02 == 1,VS_E_1 == 1,SYSMIS/NULL tratado literalmente por la sintaxis SPSS; R usa na.rm dentro del dominio,VS_E_1,1,Nacional,prevalence,1,logit,Nacional=>logit,,10/10b_CRS04_3.4*.sps,02SQL/stage3_08*.sql; bloque exacto registrado en stage3_spss_block_lineage.csv,spss_reference_results.csv,667f82c959c4a59e30e40e1f94ecc7108ed38790f9234b75c4fda83bd6a25fc0,No usado como autoridad de cálculo; validar metadata Stage 02 si se exige trazabilidad PDF,implemented_and_required_by_spss_reference
Formas_VS_E_1__VSE_CP03,Formas_VS_E_1__VSE_CP03,3.4 Violencia sexual,Formas_VS_E_1__VSE_CP03,binary_materialized,Formas_VS_E_1__VSE_CP03 == 1,VS_E_1 == 1,SYSMIS/NULL tratado literalmente por la sintaxis SPSS; R usa na.rm dentro del dominio,VS_E_1,1,Nacional,prevalence,1,logit,Nacional=>logit,,10/10b_CRS04_3.4*.sps,02SQL/stage3_08*.sql; bloque exacto registrado en stage3_spss_block_lineage.csv,spss_reference_results.csv,667f82c959c4a59e30e40e1f94ecc7108ed38790f9234b75c4fda83bd6a25fc0,No usado como autoridad de cálculo; validar metadata Stage 02 si se exige trazabilidad PDF,implemented_and_required_by_spss_reference
Formas_VS_E_1__VSE_CP04,Formas_VS_E_1__VSE_CP04,3.4 Violencia sexual,Formas_VS_E_1__VSE_CP04,binary_materialized,Formas_VS_E_1__VSE_CP04 == 1,VS_E_1 == 1,SYSMIS/NULL tratado literalmente por la sintaxis SPSS; R usa na.rm dentro del dominio,VS_E_1,1,Nacional,prevalence,1,logit,Nacional=>logit,,10/10b_CRS04_3.4*.sps,02SQL/stage3_08*.sql; bloque exacto registrado en stage3_spss_block_lineage.csv,spss_reference_results.csv,667f82c959c4a59e30e40e1f94ecc7108ed38790f9234b75c4fda83bd6a25fc0,No usado como autoridad de cálculo; validar metadata Stage 02 si se exige trazabilidad PDF,implemented_and_required_by_spss_reference
Formas_VS_E_1__VSE_CP05,Formas_VS_E_1__VSE_CP05,3.4 Violencia sexual,Formas_VS_E_1__VSE_CP05,binary_materialized,Formas_VS_E_1__VSE_CP05 == 1,VS_E_1 == 1,SYSMIS/NULL tratado literalmente por la sintaxis SPSS; R usa na.rm dentro del dominio,VS_E_1,1,Nacional,prevalence,1,logit,Nacional=>logit,,10/10b_CRS04_3.4*.sps,02SQL/stage3_08*.sql; bloque exacto registrado en stage3_spss_block_lineage.csv,spss_reference_results.csv,667f82c959c4a59e30e40e1f94ecc7108ed38790f9234b75c4fda83bd6a25fc0,No usado como autoridad de cálculo; validar metadata Stage 02 si se exige trazabilidad PDF,implemented_and_required_by_spss_reference
Formas_VS_E_1__VSE_CP06,Formas_VS_E_1__VSE_CP06,3.4 Violencia sexual,Formas_VS_E_1__VSE_CP06,binary_materialized,Formas_VS_E_1__VSE_CP06 == 1,VS_E_1 == 1,SYSMIS/NULL tratado literalmente por la sintaxis SPSS; R usa na.rm dentro del dominio,VS_E_1,1,Nacional,prevalence,1,logit,Nacional=>logit,,10/10b_CRS04_3.4*.sps,02SQL/stage3_08*.sql; bloque exacto registrado en stage3_spss_block_lineage.csv,spss_reference_results.csv,667f82c959c4a59e30e40e1f94ecc7108ed38790f9234b75c4fda83bd6a25fc0,No usado como autoridad de cálculo; validar metadata Stage 02 si se exige trazabilidad PDF,implemented_and_required_by_spss_reference
Formas_VS_E_1__VSE_CP07,Formas_VS_E_1__VSE_CP07,3.4 Violencia sexual,Formas_VS_E_1__VSE_CP07,binary_materialized,Formas_VS_E_1__VSE_CP07 == 1,VS_E_1 == 1,SYSMIS/NULL tratado literalmente por la sintaxis SPSS; R usa na.rm dentro del dominio,VS_E_1,1,Nacional,prevalence,1,logit,Nacional=>logit,,10/10b_CRS04_3.4*.sps,02SQL/stage3_08*.sql; bloque exacto registrado en stage3_spss_block_lineage.csv,spss_reference_results.csv,667f82c959c4a59e30e40e1f94ecc7108ed38790f9234b75c4fda83bd6a25fc0,No usado como autoridad de cálculo; validar metadata Stage 02 si se exige trazabilidad PDF,implemented_and_required_by_spss_reference
Formas_VS_E_1__VSE_CP08,Formas_VS_E_1__VSE_CP08,3.4 Violencia sexual,Formas_VS_E_1__VSE_CP08,binary_materialized,Formas_VS_E_1__VSE_CP08 == 1,VS_E_1 == 1,SYSMIS/NULL tratado literalmente por la sintaxis SPSS; R usa na.rm dentro del dominio,VS_E_1,1,Nacional,prevalence,1,logit,Nacional=>logit,,10/10b_CRS04_3.4*.sps,02SQL/stage3_08*.sql; bloque exacto registrado en stage3_spss_block_lineage.csv,spss_reference_results.csv,667f82c959c4a59e30e40e1f94ecc7108ed38790f9234b75c4fda83bd6a25fc0,No usado como autoridad de cálculo; validar metadata Stage 02 si se exige trazabilidad PDF,implemented_and_required_by_spss_reference
Formas_VS_E_1__VSE_CP09,Formas_VS_E_1__VSE_CP09,3.4 Violencia sexual,Formas_VS_E_1__VSE_CP09,binary_materialized,Formas_VS_E_1__VSE_CP09 == 1,VS_E_1 == 1,SYSMIS/NULL tratado literalmente por la sintaxis SPSS; R usa na.rm dentro del dominio,VS_E_1,1,Nacional,prevalence,1,wald,Nacional=>wald,,10/10b_CRS04_3.4*.sps,02SQL/stage3_08*.sql; bloque exacto registrado en stage3_spss_block_lineage.csv,spss_reference_results.csv,667f82c959c4a59e30e40e1f94ecc7108ed38790f9234b75c4fda83bd6a25fc0,No usado como autoridad de cálculo; validar metadata Stage 02 si se exige trazabilidad PDF,implemented_and_required_by_spss_reference
Formas_VS_E__C4P248_1,Formas_VS_E__C4P248_1,3.4 Violencia sexual,Formas_VS_E__C4P248_1,binary_materialized,Formas_VS_E__C4P248_1 == 1,VS_E == 1,SYSMIS/NULL tratado literalmente por la sintaxis SPSS; R usa na.rm dentro del dominio,VS_E,1,Nacional,prevalence,1,logit,Nacional=>logit,,10/10b_CRS04_3.4*.sps,02SQL/stage3_08*.sql; bloque exacto registrado en stage3_spss_block_lineage.csv,spss_reference_results.csv,667f82c959c4a59e30e40e1f94ecc7108ed38790f9234b75c4fda83bd6a25fc0,No usado como autoridad de cálculo; validar metadata Stage 02 si se exige trazabilidad PDF,implemented_and_required_by_spss_reference
Formas_VS_E__C4P248_10,Formas_VS_E__C4P248_10,3.4 Violencia sexual,Formas_VS_E__C4P248_10,binary_materialized,Formas_VS_E__C4P248_10 == 1,VS_E == 1,SYSMIS/NULL tratado literalmente por la sintaxis SPSS; R usa na.rm dentro del dominio,VS_E,1,Nacional,prevalence,1,logit,Nacional=>logit,,10/10b_CRS04_3.4*.sps,02SQL/stage3_08*.sql; bloque exacto registrado en stage3_spss_block_lineage.csv,spss_reference_results.csv,667f82c959c4a59e30e40e1f94ecc7108ed38790f9234b75c4fda83bd6a25fc0,No usado como autoridad de cálculo; validar metadata Stage 02 si se exige trazabilidad PDF,implemented_and_required_by_spss_reference
Formas_VS_E__C4P248_11,Formas_VS_E__C4P248_11,3.4 Violencia sexual,Formas_VS_E__C4P248_11,binary_materialized,Formas_VS_E__C4P248_11 == 1,VS_E == 1,SYSMIS/NULL tratado literalmente por la sintaxis SPSS; R usa na.rm dentro del dominio,VS_E,1,Nacional,prevalence,1,logit,Nacional=>logit,,10/10b_CRS04_3.4*.sps,02SQL/stage3_08*.sql; bloque exacto registrado en stage3_spss_block_lineage.csv,spss_reference_results.csv,667f82c959c4a59e30e40e1f94ecc7108ed38790f9234b75c4fda83bd6a25fc0,No usado como autoridad de cálculo; validar metadata Stage 02 si se exige trazabilidad PDF,implemented_and_required_by_spss_reference
Formas_VS_E__C4P248_12,Formas_VS_E__C4P248_12,3.4 Violencia sexual,Formas_VS_E__C4P248_12,binary_materialized,Formas_VS_E__C4P248_12 == 1,VS_E == 1,SYSMIS/NULL tratado literalmente por la sintaxis SPSS; R usa na.rm dentro del dominio,VS_E,1,Nacional,prevalence,1,wald,Nacional=>wald,,10/10b_CRS04_3.4*.sps,02SQL/stage3_08*.sql; bloque exacto registrado en stage3_spss_block_lineage.csv,spss_reference_results.csv,667f82c959c4a59e30e40e1f94ecc7108ed38790f9234b75c4fda83bd6a25fc0,No usado como autoridad de cálculo; validar metadata Stage 02 si se exige trazabilidad PDF,implemented_and_required_by_spss_reference
Formas_VS_E__C4P248_13,Formas_VS_E__C4P248_13,3.4 Violencia sexual,Formas_VS_E__C4P248_13,binary_materialized,Formas_VS_E__C4P248_13 == 1,VS_E == 1,SYSMIS/NULL tratado literalmente por la sintaxis SPSS; R usa na.rm dentro del dominio,VS_E,1,Nacional,prevalence,1,logit,Nacional=>logit,,10/10b_CRS04_3.4*.sps,02SQL/stage3_08*.sql; bloque exacto registrado en stage3_spss_block_lineage.csv,spss_reference_results.csv,667f82c959c4a59e30e40e1f94ecc7108ed38790f9234b75c4fda83bd6a25fc0,No usado como autoridad de cálculo; validar metadata Stage 02 si se exige trazabilidad PDF,implemented_and_required_by_spss_reference
Formas_VS_E__C4P248_14,Formas_VS_E__C4P248_14,3.4 Violencia sexual,Formas_VS_E__C4P248_14,binary_materialized,Formas_VS_E__C4P248_14 == 1,VS_E == 1,SYSMIS/NULL tratado literalmente por la sintaxis SPSS; R usa na.rm dentro del dominio,VS_E,1,Nacional,prevalence,1,logit,Nacional=>logit,,10/10b_CRS04_3.4*.sps,02SQL/stage3_08*.sql; bloque exacto registrado en stage3_spss_block_lineage.csv,spss_reference_results.csv,667f82c959c4a59e30e40e1f94ecc7108ed38790f9234b75c4fda83bd6a25fc0,No usado como autoridad de cálculo; validar metadata Stage 02 si se exige trazabilidad PDF,implemented_and_required_by_spss_reference
Formas_VS_E__C4P248_15,Formas_VS_E__C4P248_15,3.4 Violencia sexual,Formas_VS_E__C4P248_15,binary_materialized,Formas_VS_E__C4P248_15 == 1,VS_E == 1,SYSMIS/NULL tratado literalmente por la sintaxis SPSS; R usa na.rm dentro del dominio,VS_E,1,Nacional,prevalence,1,logit,Nacional=>logit,,10/10b_CRS04_3.4*.sps,02SQL/stage3_08*.sql; bloque exacto registrado en stage3_spss_block_lineage.csv,spss_reference_results.csv,667f82c959c4a59e30e40e1f94ecc7108ed38790f9234b75c4fda83bd6a25fc0,No usado como autoridad de cálculo; validar metadata Stage 02 si se exige trazabilidad PDF,implemented_and_required_by_spss_reference
Formas_VS_E__C4P248_16,Formas_VS_E__C4P248_16,3.4 Violencia sexual,Formas_VS_E__C4P248_16,binary_materialized,Formas_VS_E__C4P248_16 == 1,VS_E == 1,SYSMIS/NULL tratado literalmente por la sintaxis SPSS; R usa na.rm dentro del dominio,VS_E,1,Nacional,prevalence,1,logit,Nacional=>logit,,10/10b_CRS04_3.4*.sps,02SQL/stage3_08*.sql; bloque exacto registrado en stage3_spss_block_lineage.csv,spss_reference_results.csv,667f82c959c4a59e30e40e1f94ecc7108ed38790f9234b75c4fda83bd6a25fc0,No usado como autoridad de cálculo; validar metadata Stage 02 si se exige trazabilidad PDF,implemented_and_required_by_spss_reference
Formas_VS_E__C4P248_2,Formas_VS_E__C4P248_2,3.4 Violencia sexual,Formas_VS_E__C4P248_2,binary_materialized,Formas_VS_E__C4P248_2 == 1,VS_E == 1,SYSMIS/NULL tratado literalmente por la sintaxis SPSS; R usa na.rm dentro del dominio,VS_E,1,Nacional,prevalence,1,logit,Nacional=>logit,,10/10b_CRS04_3.4*.sps,02SQL/stage3_08*.sql; bloque exacto registrado en stage3_spss_block_lineage.csv,spss_reference_results.csv,667f82c959c4a59e30e40e1f94ecc7108ed38790f9234b75c4fda83bd6a25fc0,No usado como autoridad de cálculo; validar metadata Stage 02 si se exige trazabilidad PDF,implemented_and_required_by_spss_reference
Formas_VS_E__C4P248_3,Formas_VS_E__C4P248_3,3.4 Violencia sexual,Formas_VS_E__C4P248_3,binary_materialized,Formas_VS_E__C4P248_3 == 1,VS_E == 1,SYSMIS/NULL tratado literalmente por la sintaxis SPSS; R usa na.rm dentro del dominio,VS_E,1,Nacional,prevalence,1,logit,Nacional=>logit,,10/10b_CRS04_3.4*.sps,02SQL/stage3_08*.sql; bloque exacto registrado en stage3_spss_block_lineage.csv,spss_reference_results.csv,667f82c959c4a59e30e40e1f94ecc7108ed38790f9234b75c4fda83bd6a25fc0,No usado como autoridad de cálculo; validar metadata Stage 02 si se exige trazabilidad PDF,implemented_and_required_by_spss_reference
Formas_VS_E__C4P248_4,Formas_VS_E__C4P248_4,3.4 Violencia sexual,Formas_VS_E__C4P248_4,binary_materialized,Formas_VS_E__C4P248_4 == 1,VS_E == 1,SYSMIS/NULL tratado literalmente por la sintaxis SPSS; R usa na.rm dentro del dominio,VS_E,1,Nacional,prevalence,1,logit,Nacional=>logit,,10/10b_CRS04_3.4*.sps,02SQL/stage3_08*.sql; bloque exacto registrado en stage3_spss_block_lineage.csv,spss_reference_results.csv,667f82c959c4a59e30e40e1f94ecc7108ed38790f9234b75c4fda83bd6a25fc0,No usado como autoridad de cálculo; validar metadata Stage 02 si se exige trazabilidad PDF,implemented_and_required_by_spss_reference
Formas_VS_E__C4P248_5,Formas_VS_E__C4P248_5,3.4 Violencia sexual,Formas_VS_E__C4P248_5,binary_materialized,Formas_VS_E__C4P248_5 == 1,VS_E == 1,SYSMIS/NULL tratado literalmente por la sintaxis SPSS; R usa na.rm dentro del dominio,VS_E,1,Nacional,prevalence,1,logit,Nacional=>logit,,10/10b_CRS04_3.4*.sps,02SQL/stage3_08*.sql; bloque exacto registrado en stage3_spss_block_lineage.csv,spss_reference_results.csv,667f82c959c4a59e30e40e1f94ecc7108ed38790f9234b75c4fda83bd6a25fc0,No usado como autoridad de cálculo; validar metadata Stage 02 si se exige trazabilidad PDF,implemented_and_required_by_spss_reference
Formas_VS_E__C4P248_6,Formas_VS_E__C4P248_6,3.4 Violencia sexual,Formas_VS_E__C4P248_6,binary_materialized,Formas_VS_E__C4P248_6 == 1,VS_E == 1,SYSMIS/NULL tratado literalmente por la sintaxis SPSS; R usa na.rm dentro del dominio,VS_E,1,Nacional,prevalence,1,logit,Nacional=>logit,,10/10b_CRS04_3.4*.sps,02SQL/stage3_08*.sql; bloque exacto registrado en stage3_spss_block_lineage.csv,spss_reference_results.csv,667f82c959c4a59e30e40e1f94ecc7108ed38790f9234b75c4fda83bd6a25fc0,No usado como autoridad de cálculo; validar metadata Stage 02 si se exige trazabilidad PDF,implemented_and_required_by_spss_reference
Formas_VS_E__C4P248_7,Formas_VS_E__C4P248_7,3.4 Violencia sexual,Formas_VS_E__C4P248_7,binary_materialized,Formas_VS_E__C4P248_7 == 1,VS_E == 1,SYSMIS/NULL tratado literalmente por la sintaxis SPSS; R usa na.rm dentro del dominio,VS_E,1,Nacional,prevalence,1,logit,Nacional=>logit,,10/10b_CRS04_3.4*.sps,02SQL/stage3_08*.sql; bloque exacto registrado en stage3_spss_block_lineage.csv,spss_reference_results.csv,667f82c959c4a59e30e40e1f94ecc7108ed38790f9234b75c4fda83bd6a25fc0,No usado como autoridad de cálculo; validar metadata Stage 02 si se exige trazabilidad PDF,implemented_and_required_by_spss_reference
Formas_VS_E__C4P248_8,Formas_VS_E__C4P248_8,3.4 Violencia sexual,Formas_VS_E__C4P248_8,binary_materialized,Formas_VS_E__C4P248_8 == 1,VS_E == 1,SYSMIS/NULL tratado literalmente por la sintaxis SPSS; R usa na.rm dentro del dominio,VS_E,1,Nacional,prevalence,1,logit,Nacional=>logit,,10/10b_CRS04_3.4*.sps,02SQL/stage3_08*.sql; bloque exacto registrado en stage3_spss_block_lineage.csv,spss_reference_results.csv,667f82c959c4a59e30e40e1f94ecc7108ed38790f9234b75c4fda83bd6a25fc0,No usado como autoridad de cálculo; validar metadata Stage 02 si se exige trazabilidad PDF,implemented_and_required_by_spss_reference
Formas_VS_E__C4P248_9,Formas_VS_E__C4P248_9,3.4 Violencia sexual,Formas_VS_E__C4P248_9,binary_materialized,Formas_VS_E__C4P248_9 == 1,VS_E == 1,SYSMIS/NULL tratado literalmente por la sintaxis SPSS; R usa na.rm dentro del dominio,VS_E,1,Nacional,prevalence,1,logit,Nacional=>logit,,10/10b_CRS04_3.4*.sps,02SQL/stage3_08*.sql; bloque exacto registrado en stage3_spss_block_lineage.csv,spss_reference_results.csv,667f82c959c4a59e30e40e1f94ecc7108ed38790f9234b75c4fda83bd6a25fc0,No usado como autoridad de cálculo; validar metadata Stage 02 si se exige trazabilidad PDF,implemented_and_required_by_spss_reference
Formas_VS_E__ICVAC_301,Formas_VS_E__ICVAC_301,3.4 Violencia sexual,Formas_VS_E__ICVAC_301,binary_materialized,Formas_VS_E__ICVAC_301 == 1,VS_E == 1,SYSMIS/NULL tratado literalmente por la sintaxis SPSS; R usa na.rm dentro del dominio,VS_E,1,Nacional,prevalence,1,logit,Nacional=>logit,,10/10b_CRS04_3.4*.sps,02SQL/stage3_08*.sql; bloque exacto registrado en stage3_spss_block_lineage.csv,spss_reference_results.csv,667f82c959c4a59e30e40e1f94ecc7108ed38790f9234b75c4fda83bd6a25fc0,No usado como autoridad de cálculo; validar metadata Stage 02 si se exige trazabilidad PDF,implemented_and_required_by_spss_reference
Formas_VS_E__ICVAC_302,Formas_VS_E__ICVAC_302,3.4 Violencia sexual,Formas_VS_E__ICVAC_302,binary_materialized,Formas_VS_E__ICVAC_302 == 1,VS_E == 1,SYSMIS/NULL tratado literalmente por la sintaxis SPSS; R usa na.rm dentro del dominio,VS_E,1,Nacional,prevalence,1,logit,Nacional=>logit,,10/10b_CRS04_3.4*.sps,02SQL/stage3_08*.sql; bloque exacto registrado en stage3_spss_block_lineage.csv,spss_reference_results.csv,667f82c959c4a59e30e40e1f94ecc7108ed38790f9234b75c4fda83bd6a25fc0,No usado como autoridad de cálculo; validar metadata Stage 02 si se exige trazabilidad PDF,implemented_and_required_by_spss_reference
Formas_VS_E__ICVAC_303,Formas_VS_E__ICVAC_303,3.4 Violencia sexual,Formas_VS_E__ICVAC_303,binary_materialized,Formas_VS_E__ICVAC_303 == 1,VS_E == 1,SYSMIS/NULL tratado literalmente por la sintaxis SPSS; R usa na.rm dentro del dominio,VS_E,1,Nacional,prevalence,1,logit,Nacional=>logit,,10/10b_CRS04_3.4*.sps,02SQL/stage3_08*.sql; bloque exacto registrado en stage3_spss_block_lineage.csv,spss_reference_results.csv,667f82c959c4a59e30e40e1f94ecc7108ed38790f9234b75c4fda83bd6a25fc0,No usado como autoridad de cálculo; validar metadata Stage 02 si se exige trazabilidad PDF,implemented_and_required_by_spss_reference
Formas_VS_E__ICVAC_309,Formas_VS_E__ICVAC_309,3.4 Violencia sexual,Formas_VS_E__ICVAC_309,binary_materialized,Formas_VS_E__ICVAC_309 == 1,VS_E == 1,SYSMIS/NULL tratado literalmente por la sintaxis SPSS; R usa na.rm dentro del dominio,VS_E,1,Nacional,prevalence,1,wald,Nacional=>wald,,10/10b_CRS04_3.4*.sps,02SQL/stage3_08*.sql; bloque exacto registrado en stage3_spss_block_lineage.csv,spss_reference_results.csv,667f82c959c4a59e30e40e1f94ecc7108ed38790f9234b75c4fda83bd6a25fc0,No usado como autoridad de cálculo; validar metadata Stage 02 si se exige trazabilidad PDF,implemented_and_required_by_spss_reference
Formas_VS_E__VSE_CP01,Formas_VS_E__VSE_CP01,3.4 Violencia sexual,Formas_VS_E__VSE_CP01,binary_materialized,Formas_VS_E__VSE_CP01 == 1,VS_E == 1,SYSMIS/NULL tratado literalmente por la sintaxis SPSS; R usa na.rm dentro del dominio,VS_E,1,Nacional,prevalence,1,logit,Nacional=>logit,,10/10b_CRS04_3.4*.sps,02SQL/stage3_08*.sql; bloque exacto registrado en stage3_spss_block_lineage.csv,spss_reference_results.csv,667f82c959c4a59e30e40e1f94ecc7108ed38790f9234b75c4fda83bd6a25fc0,No usado como autoridad de cálculo; validar metadata Stage 02 si se exige trazabilidad PDF,implemented_and_required_by_spss_reference
Formas_VS_E__VSE_CP02,Formas_VS_E__VSE_CP02,3.4 Violencia sexual,Formas_VS_E__VSE_CP02,binary_materialized,Formas_VS_E__VSE_CP02 == 1,VS_E == 1,SYSMIS/NULL tratado literalmente por la sintaxis SPSS; R usa na.rm dentro del dominio,VS_E,1,Nacional,prevalence,1,logit,Nacional=>logit,,10/10b_CRS04_3.4*.sps,02SQL/stage3_08*.sql; bloque exacto registrado en stage3_spss_block_lineage.csv,spss_reference_results.csv,667f82c959c4a59e30e40e1f94ecc7108ed38790f9234b75c4fda83bd6a25fc0,No usado como autoridad de cálculo; validar metadata Stage 02 si se exige trazabilidad PDF,implemented_and_required_by_spss_reference
Formas_VS_E__VSE_CP03,Formas_VS_E__VSE_CP03,3.4 Violencia sexual,Formas_VS_E__VSE_CP03,binary_materialized,Formas_VS_E__VSE_CP03 == 1,VS_E == 1,SYSMIS/NULL tratado literalmente por la sintaxis SPSS; R usa na.rm dentro del dominio,VS_E,1,Nacional,prevalence,1,logit,Nacional=>logit,,10/10b_CRS04_3.4*.sps,02SQL/stage3_08*.sql; bloque exacto registrado en stage3_spss_block_lineage.csv,spss_reference_results.csv,667f82c959c4a59e30e40e1f94ecc7108ed38790f9234b75c4fda83bd6a25fc0,No usado como autoridad de cálculo; validar metadata Stage 02 si se exige trazabilidad PDF,implemented_and_required_by_spss_reference
Formas_VS_E__VSE_CP04,Formas_VS_E__VSE_CP04,3.4 Violencia sexual,Formas_VS_E__VSE_CP04,binary_materialized,Formas_VS_E__VSE_CP04 == 1,VS_E == 1,SYSMIS/NULL tratado literalmente por la sintaxis SPSS; R usa na.rm dentro del dominio,VS_E,1,Nacional,prevalence,1,logit,Nacional=>logit,,10/10b_CRS04_3.4*.sps,02SQL/stage3_08*.sql; bloque exacto registrado en stage3_spss_block_lineage.csv,spss_reference_results.csv,667f82c959c4a59e30e40e1f94ecc7108ed38790f9234b75c4fda83bd6a25fc0,No usado como autoridad de cálculo; validar metadata Stage 02 si se exige trazabilidad PDF,implemented_and_required_by_spss_reference
Formas_VS_E__VSE_CP05,Formas_VS_E__VSE_CP05,3.4 Violencia sexual,Formas_VS_E__VSE_CP05,binary_materialized,Formas_VS_E__VSE_CP05 == 1,VS_E == 1,SYSMIS/NULL tratado literalmente por la sintaxis SPSS; R usa na.rm dentro del dominio,VS_E,1,Nacional,prevalence,1,logit,Nacional=>logit,,10/10b_CRS04_3.4*.sps,02SQL/stage3_08*.sql; bloque exacto registrado en stage3_spss_block_lineage.csv,spss_reference_results.csv,667f82c959c4a59e30e40e1f94ecc7108ed38790f9234b75c4fda83bd6a25fc0,No usado como autoridad de cálculo; validar metadata Stage 02 si se exige trazabilidad PDF,implemented_and_required_by_spss_reference
Formas_VS_E__VSE_CP06,Formas_VS_E__VSE_CP06,3.4 Violencia sexual,Formas_VS_E__VSE_CP06,binary_materialized,Formas_VS_E__VSE_CP06 == 1,VS_E == 1,SYSMIS/NULL tratado literalmente por la sintaxis SPSS; R usa na.rm dentro del dominio,VS_E,1,Nacional,prevalence,1,logit,Nacional=>logit,,10/10b_CRS04_3.4*.sps,02SQL/stage3_08*.sql; bloque exacto registrado en stage3_spss_block_lineage.csv,spss_reference_results.csv,667f82c959c4a59e30e40e1f94ecc7108ed38790f9234b75c4fda83bd6a25fc0,No usado como autoridad de cálculo; validar metadata Stage 02 si se exige trazabilidad PDF,implemented_and_required_by_spss_reference
Formas_VS_E__VSE_CP07,Formas_VS_E__VSE_CP07,3.4 Violencia sexual,Formas_VS_E__VSE_CP07,binary_materialized,Formas_VS_E__VSE_CP07 == 1,VS_E == 1,SYSMIS/NULL tratado literalmente por la sintaxis SPSS; R usa na.rm dentro del dominio,VS_E,1,Nacional,prevalence,1,logit,Nacional=>logit,,10/10b_CRS04_3.4*.sps,02SQL/stage3_08*.sql; bloque exacto registrado en stage3_spss_block_lineage.csv,spss_reference_results.csv,667f82c959c4a59e30e40e1f94ecc7108ed38790f9234b75c4fda83bd6a25fc0,No usado como autoridad de cálculo; validar metadata Stage 02 si se exige trazabilidad PDF,implemented_and_required_by_spss_reference
Formas_VS_E__VSE_CP08,Formas_VS_E__VSE_CP08,3.4 Violencia sexual,Formas_VS_E__VSE_CP08,binary_materialized,Formas_VS_E__VSE_CP08 == 1,VS_E == 1,SYSMIS/NULL tratado literalmente por la sintaxis SPSS; R usa na.rm dentro del dominio,VS_E,1,Nacional,prevalence,1,logit,Nacional=>logit,,10/10b_CRS04_3.4*.sps,02SQL/stage3_08*.sql; bloque exacto registrado en stage3_spss_block_lineage.csv,spss_reference_results.csv,667f82c959c4a59e30e40e1f94ecc7108ed38790f9234b75c4fda83bd6a25fc0,No usado como autoridad de cálculo; validar metadata Stage 02 si se exige trazabilidad PDF,implemented_and_required_by_spss_reference
Formas_VS_E__VSE_CP09,Formas_VS_E__VSE_CP09,3.4 Violencia sexual,Formas_VS_E__VSE_CP09,binary_materialized,Formas_VS_E__VSE_CP09 == 1,VS_E == 1,SYSMIS/NULL tratado literalmente por la sintaxis SPSS; R usa na.rm dentro del dominio,VS_E,1,Nacional,prevalence,1,wald,Nacional=>wald,,10/10b_CRS04_3.4*.sps,02SQL/stage3_08*.sql; bloque exacto registrado en stage3_spss_block_lineage.csv,spss_reference_results.csv,667f82c959c4a59e30e40e1f94ecc7108ed38790f9234b75c4fda83bd6a25fc0,No usado como autoridad de cálculo; validar metadata Stage 02 si se exige trazabilidad PDF,implemented_and_required_by_spss_reference
Formas_VS_VIDA__C4P248_1,Formas_VS_VIDA__C4P248_1,3.4 Violencia sexual,Formas_VS_VIDA__C4P248_1,binary_materialized,Formas_VS_VIDA__C4P248_1 == 1,VS_VIDA == 1,SYSMIS/NULL tratado literalmente por la sintaxis SPSS; R usa na.rm dentro del dominio,VS_VIDA,1,Nacional,prevalence,1,logit,Nacional=>logit,,10/10b_CRS04_3.4*.sps,02SQL/stage3_08*.sql; bloque exacto registrado en stage3_spss_block_lineage.csv,spss_reference_results.csv,667f82c959c4a59e30e40e1f94ecc7108ed38790f9234b75c4fda83bd6a25fc0,No usado como autoridad de cálculo; validar metadata Stage 02 si se exige trazabilidad PDF,implemented_and_required_by_spss_reference
Formas_VS_VIDA__C4P248_10,Formas_VS_VIDA__C4P248_10,3.4 Violencia sexual,Formas_VS_VIDA__C4P248_10,binary_materialized,Formas_VS_VIDA__C4P248_10 == 1,VS_VIDA == 1,SYSMIS/NULL tratado literalmente por la sintaxis SPSS; R usa na.rm dentro del dominio,VS_VIDA,1,Nacional,prevalence,1,logit,Nacional=>logit,,10/10b_CRS04_3.4*.sps,02SQL/stage3_08*.sql; bloque exacto registrado en stage3_spss_block_lineage.csv,spss_reference_results.csv,667f82c959c4a59e30e40e1f94ecc7108ed38790f9234b75c4fda83bd6a25fc0,No usado como autoridad de cálculo; validar metadata Stage 02 si se exige trazabilidad PDF,implemented_and_required_by_spss_reference
Formas_VS_VIDA__C4P248_11,Formas_VS_VIDA__C4P248_11,3.4 Violencia sexual,Formas_VS_VIDA__C4P248_11,binary_materialized,Formas_VS_VIDA__C4P248_11 == 1,VS_VIDA == 1,SYSMIS/NULL tratado literalmente por la sintaxis SPSS; R usa na.rm dentro del dominio,VS_VIDA,1,Nacional,prevalence,1,logit,Nacional=>logit,,10/10b_CRS04_3.4*.sps,02SQL/stage3_08*.sql; bloque exacto registrado en stage3_spss_block_lineage.csv,spss_reference_results.csv,667f82c959c4a59e30e40e1f94ecc7108ed38790f9234b75c4fda83bd6a25fc0,No usado como autoridad de cálculo; validar metadata Stage 02 si se exige trazabilidad PDF,implemented_and_required_by_spss_reference
Formas_VS_VIDA__C4P248_12,Formas_VS_VIDA__C4P248_12,3.4 Violencia sexual,Formas_VS_VIDA__C4P248_12,binary_materialized,Formas_VS_VIDA__C4P248_12 == 1,VS_VIDA == 1,SYSMIS/NULL tratado literalmente por la sintaxis SPSS; R usa na.rm dentro del dominio,VS_VIDA,1,Nacional,prevalence,1,wald,Nacional=>wald,,10/10b_CRS04_3.4*.sps,02SQL/stage3_08*.sql; bloque exacto registrado en stage3_spss_block_lineage.csv,spss_reference_results.csv,667f82c959c4a59e30e40e1f94ecc7108ed38790f9234b75c4fda83bd6a25fc0,No usado como autoridad de cálculo; validar metadata Stage 02 si se exige trazabilidad PDF,implemented_and_required_by_spss_reference
Formas_VS_VIDA__C4P248_13,Formas_VS_VIDA__C4P248_13,3.4 Violencia sexual,Formas_VS_VIDA__C4P248_13,binary_materialized,Formas_VS_VIDA__C4P248_13 == 1,VS_VIDA == 1,SYSMIS/NULL tratado literalmente por la sintaxis SPSS; R usa na.rm dentro del dominio,VS_VIDA,1,Nacional,prevalence,1,logit,Nacional=>logit,,10/10b_CRS04_3.4*.sps,02SQL/stage3_08*.sql; bloque exacto registrado en stage3_spss_block_lineage.csv,spss_reference_results.csv,667f82c959c4a59e30e40e1f94ecc7108ed38790f9234b75c4fda83bd6a25fc0,No usado como autoridad de cálculo; validar metadata Stage 02 si se exige trazabilidad PDF,implemented_and_required_by_spss_reference
Formas_VS_VIDA__C4P248_14,Formas_VS_VIDA__C4P248_14,3.4 Violencia sexual,Formas_VS_VIDA__C4P248_14,binary_materialized,Formas_VS_VIDA__C4P248_14 == 1,VS_VIDA == 1,SYSMIS/NULL tratado literalmente por la sintaxis SPSS; R usa na.rm dentro del dominio,VS_VIDA,1,Nacional,prevalence,1,logit,Nacional=>logit,,10/10b_CRS04_3.4*.sps,02SQL/stage3_08*.sql; bloque exacto registrado en stage3_spss_block_lineage.csv,spss_reference_results.csv,667f82c959c4a59e30e40e1f94ecc7108ed38790f9234b75c4fda83bd6a25fc0,No usado como autoridad de cálculo; validar metadata Stage 02 si se exige trazabilidad PDF,implemented_and_required_by_spss_reference
Formas_VS_VIDA__C4P248_15,Formas_VS_VIDA__C4P248_15,3.4 Violencia sexual,Formas_VS_VIDA__C4P248_15,binary_materialized,Formas_VS_VIDA__C4P248_15 == 1,VS_VIDA == 1,SYSMIS/NULL tratado literalmente por la sintaxis SPSS; R usa na.rm dentro del dominio,VS_VIDA,1,Nacional,prevalence,1,logit,Nacional=>logit,,10/10b_CRS04_3.4*.sps,02SQL/stage3_08*.sql; bloque exacto registrado en stage3_spss_block_lineage.csv,spss_reference_results.csv,667f82c959c4a59e30e40e1f94ecc7108ed38790f9234b75c4fda83bd6a25fc0,No usado como autoridad de cálculo; validar metadata Stage 02 si se exige trazabilidad PDF,implemented_and_required_by_spss_reference
Formas_VS_VIDA__C4P248_16,Formas_VS_VIDA__C4P248_16,3.4 Violencia sexual,Formas_VS_VIDA__C4P248_16,binary_materialized,Formas_VS_VIDA__C4P248_16 == 1,VS_VIDA == 1,SYSMIS/NULL tratado literalmente por la sintaxis SPSS; R usa na.rm dentro del dominio,VS_VIDA,1,Nacional,prevalence,1,logit,Nacional=>logit,,10/10b_CRS04_3.4*.sps,02SQL/stage3_08*.sql; bloque exacto registrado en stage3_spss_block_lineage.csv,spss_reference_results.csv,667f82c959c4a59e30e40e1f94ecc7108ed38790f9234b75c4fda83bd6a25fc0,No usado como autoridad de cálculo; validar metadata Stage 02 si se exige trazabilidad PDF,implemented_and_required_by_spss_reference
Formas_VS_VIDA__C4P248_2,Formas_VS_VIDA__C4P248_2,3.4 Violencia sexual,Formas_VS_VIDA__C4P248_2,binary_materialized,Formas_VS_VIDA__C4P248_2 == 1,VS_VIDA == 1,SYSMIS/NULL tratado literalmente por la sintaxis SPSS; R usa na.rm dentro del dominio,VS_VIDA,1,Nacional,prevalence,1,wald,Nacional=>wald,,10/10b_CRS04_3.4*.sps,02SQL/stage3_08*.sql; bloque exacto registrado en stage3_spss_block_lineage.csv,spss_reference_results.csv,667f82c959c4a59e30e40e1f94ecc7108ed38790f9234b75c4fda83bd6a25fc0,No usado como autoridad de cálculo; validar metadata Stage 02 si se exige trazabilidad PDF,implemented_and_required_by_spss_reference
Formas_VS_VIDA__C4P248_3,Formas_VS_VIDA__C4P248_3,3.4 Violencia sexual,Formas_VS_VIDA__C4P248_3,binary_materialized,Formas_VS_VIDA__C4P248_3 == 1,VS_VIDA == 1,SYSMIS/NULL tratado literalmente por la sintaxis SPSS; R usa na.rm dentro del dominio,VS_VIDA,1,Nacional,prevalence,1,logit,Nacional=>logit,,10/10b_CRS04_3.4*.sps,02SQL/stage3_08*.sql; bloque exacto registrado en stage3_spss_block_lineage.csv,spss_reference_results.csv,667f82c959c4a59e30e40e1f94ecc7108ed38790f9234b75c4fda83bd6a25fc0,No usado como autoridad de cálculo; validar metadata Stage 02 si se exige trazabilidad PDF,implemented_and_required_by_spss_reference
Formas_VS_VIDA__C4P248_4,Formas_VS_VIDA__C4P248_4,3.4 Violencia sexual,Formas_VS_VIDA__C4P248_4,binary_materialized,Formas_VS_VIDA__C4P248_4 == 1,VS_VIDA == 1,SYSMIS/NULL tratado literalmente por la sintaxis SPSS; R usa na.rm dentro del dominio,VS_VIDA,1,Nacional,prevalence,1,logit,Nacional=>logit,,10/10b_CRS04_3.4*.sps,02SQL/stage3_08*.sql; bloque exacto registrado en stage3_spss_block_lineage.csv,spss_reference_results.csv,667f82c959c4a59e30e40e1f94ecc7108ed38790f9234b75c4fda83bd6a25fc0,No usado como autoridad de cálculo; validar metadata Stage 02 si se exige trazabilidad PDF,implemented_and_required_by_spss_reference
Formas_VS_VIDA__C4P248_5,Formas_VS_VIDA__C4P248_5,3.4 Violencia sexual,Formas_VS_VIDA__C4P248_5,binary_materialized,Formas_VS_VIDA__C4P248_5 == 1,VS_VIDA == 1,SYSMIS/NULL tratado literalmente por la sintaxis SPSS; R usa na.rm dentro del dominio,VS_VIDA,1,Nacional,prevalence,1,logit,Nacional=>logit,,10/10b_CRS04_3.4*.sps,02SQL/stage3_08*.sql; bloque exacto registrado en stage3_spss_block_lineage.csv,spss_reference_results.csv,667f82c959c4a59e30e40e1f94ecc7108ed38790f9234b75c4fda83bd6a25fc0,No usado como autoridad de cálculo; validar metadata Stage 02 si se exige trazabilidad PDF,implemented_and_required_by_spss_reference
Formas_VS_VIDA__C4P248_6,Formas_VS_VIDA__C4P248_6,3.4 Violencia sexual,Formas_VS_VIDA__C4P248_6,binary_materialized,Formas_VS_VIDA__C4P248_6 == 1,VS_VIDA == 1,SYSMIS/NULL tratado literalmente por la sintaxis SPSS; R usa na.rm dentro del dominio,VS_VIDA,1,Nacional,prevalence,1,logit,Nacional=>logit,,10/10b_CRS04_3.4*.sps,02SQL/stage3_08*.sql; bloque exacto registrado en stage3_spss_block_lineage.csv,spss_reference_results.csv,667f82c959c4a59e30e40e1f94ecc7108ed38790f9234b75c4fda83bd6a25fc0,No usado como autoridad de cálculo; validar metadata Stage 02 si se exige trazabilidad PDF,implemented_and_required_by_spss_reference
Formas_VS_VIDA__C4P248_7,Formas_VS_VIDA__C4P248_7,3.4 Violencia sexual,Formas_VS_VIDA__C4P248_7,binary_materialized,Formas_VS_VIDA__C4P248_7 == 1,VS_VIDA == 1,SYSMIS/NULL tratado literalmente por la sintaxis SPSS; R usa na.rm dentro del dominio,VS_VIDA,1,Nacional,prevalence,1,logit,Nacional=>logit,,10/10b_CRS04_3.4*.sps,02SQL/stage3_08*.sql; bloque exacto registrado en stage3_spss_block_lineage.csv,spss_reference_results.csv,667f82c959c4a59e30e40e1f94ecc7108ed38790f9234b75c4fda83bd6a25fc0,No usado como autoridad de cálculo; validar metadata Stage 02 si se exige trazabilidad PDF,implemented_and_required_by_spss_reference
Formas_VS_VIDA__C4P248_8,Formas_VS_VIDA__C4P248_8,3.4 Violencia sexual,Formas_VS_VIDA__C4P248_8,binary_materialized,Formas_VS_VIDA__C4P248_8 == 1,VS_VIDA == 1,SYSMIS/NULL tratado literalmente por la sintaxis SPSS; R usa na.rm dentro del dominio,VS_VIDA,1,Nacional,prevalence,1,wald,Nacional=>wald,,10/10b_CRS04_3.4*.sps,02SQL/stage3_08*.sql; bloque exacto registrado en stage3_spss_block_lineage.csv,spss_reference_results.csv,667f82c959c4a59e30e40e1f94ecc7108ed38790f9234b75c4fda83bd6a25fc0,No usado como autoridad de cálculo; validar metadata Stage 02 si se exige trazabilidad PDF,implemented_and_required_by_spss_reference
Formas_VS_VIDA__C4P248_9,Formas_VS_VIDA__C4P248_9,3.4 Violencia sexual,Formas_VS_VIDA__C4P248_9,binary_materialized,Formas_VS_VIDA__C4P248_9 == 1,VS_VIDA == 1,SYSMIS/NULL tratado literalmente por la sintaxis SPSS; R usa na.rm dentro del dominio,VS_VIDA,1,Nacional,prevalence,1,logit,Nacional=>logit,,10/10b_CRS04_3.4*.sps,02SQL/stage3_08*.sql; bloque exacto registrado en stage3_spss_block_lineage.csv,spss_reference_results.csv,667f82c959c4a59e30e40e1f94ecc7108ed38790f9234b75c4fda83bd6a25fc0,No usado como autoridad de cálculo; validar metadata Stage 02 si se exige trazabilidad PDF,implemented_and_required_by_spss_reference
Formas_VS_VIDA__ICVAC_301,Formas_VS_VIDA__ICVAC_301,3.4 Violencia sexual,Formas_VS_VIDA__ICVAC_301,binary_materialized,Formas_VS_VIDA__ICVAC_301 == 1,VS_VIDA == 1,SYSMIS/NULL tratado literalmente por la sintaxis SPSS; R usa na.rm dentro del dominio,VS_VIDA,1,Nacional,prevalence,1,logit,Nacional=>logit,,10/10b_CRS04_3.4*.sps,02SQL/stage3_08*.sql; bloque exacto registrado en stage3_spss_block_lineage.csv,spss_reference_results.csv,667f82c959c4a59e30e40e1f94ecc7108ed38790f9234b75c4fda83bd6a25fc0,No usado como autoridad de cálculo; validar metadata Stage 02 si se exige trazabilidad PDF,implemented_and_required_by_spss_reference
Formas_VS_VIDA__ICVAC_302,Formas_VS_VIDA__ICVAC_302,3.4 Violencia sexual,Formas_VS_VIDA__ICVAC_302,binary_materialized,Formas_VS_VIDA__ICVAC_302 == 1,VS_VIDA == 1,SYSMIS/NULL tratado literalmente por la sintaxis SPSS; R usa na.rm dentro del dominio,VS_VIDA,1,Nacional,prevalence,1,wald,Nacional=>wald,,10/10b_CRS04_3.4*.sps,02SQL/stage3_08*.sql; bloque exacto registrado en stage3_spss_block_lineage.csv,spss_reference_results.csv,667f82c959c4a59e30e40e1f94ecc7108ed38790f9234b75c4fda83bd6a25fc0,No usado como autoridad de cálculo; validar metadata Stage 02 si se exige trazabilidad PDF,implemented_and_required_by_spss_reference
Formas_VS_VIDA__ICVAC_303,Formas_VS_VIDA__ICVAC_303,3.4 Violencia sexual,Formas_VS_VIDA__ICVAC_303,binary_materialized,Formas_VS_VIDA__ICVAC_303 == 1,VS_VIDA == 1,SYSMIS/NULL tratado literalmente por la sintaxis SPSS; R usa na.rm dentro del dominio,VS_VIDA,1,Nacional,prevalence,1,logit,Nacional=>logit,,10/10b_CRS04_3.4*.sps,02SQL/stage3_08*.sql; bloque exacto registrado en stage3_spss_block_lineage.csv,spss_reference_results.csv,667f82c959c4a59e30e40e1f94ecc7108ed38790f9234b75c4fda83bd6a25fc0,No usado como autoridad de cálculo; validar metadata Stage 02 si se exige trazabilidad PDF,implemented_and_required_by_spss_reference
Formas_VS_VIDA__ICVAC_309,Formas_VS_VIDA__ICVAC_309,3.4 Violencia sexual,Formas_VS_VIDA__ICVAC_309,binary_materialized,Formas_VS_VIDA__ICVAC_309 == 1,VS_VIDA == 1,SYSMIS/NULL tratado literalmente por la sintaxis SPSS; R usa na.rm dentro del dominio,VS_VIDA,1,Nacional,prevalence,1,wald,Nacional=>wald,,10/10b_CRS04_3.4*.sps,02SQL/stage3_08*.sql; bloque exacto registrado en stage3_spss_block_lineage.csv,spss_reference_results.csv,667f82c959c4a59e30e40e1f94ecc7108ed38790f9234b75c4fda83bd6a25fc0,No usado como autoridad de cálculo; validar metadata Stage 02 si se exige trazabilidad PDF,implemented_and_required_by_spss_reference
Formas_VS_VIDA__VS_CP01,Formas_VS_VIDA__VS_CP01,3.4 Violencia sexual,Formas_VS_VIDA__VS_CP01,binary_materialized,Formas_VS_VIDA__VS_CP01 == 1,VS_VIDA == 1,SYSMIS/NULL tratado literalmente por la sintaxis SPSS; R usa na.rm dentro del dominio,VS_VIDA,1,Nacional,prevalence,1,wald,Nacional=>wald,,10/10b_CRS04_3.4*.sps,02SQL/stage3_08*.sql; bloque exacto registrado en stage3_spss_block_lineage.csv,spss_reference_results.csv,667f82c959c4a59e30e40e1f94ecc7108ed38790f9234b75c4fda83bd6a25fc0,No usado como autoridad de cálculo; validar metadata Stage 02 si se exige trazabilidad PDF,implemented_and_required_by_spss_reference
Formas_VS_VIDA__VS_CP02,Formas_VS_VIDA__VS_CP02,3.4 Violencia sexual,Formas_VS_VIDA__VS_CP02,binary_materialized,Formas_VS_VIDA__VS_CP02 == 1,VS_VIDA == 1,SYSMIS/NULL tratado literalmente por la sintaxis SPSS; R usa na.rm dentro del dominio,VS_VIDA,1,Nacional,prevalence,1,wald,Nacional=>wald,,10/10b_CRS04_3.4*.sps,02SQL/stage3_08*.sql; bloque exacto registrado en stage3_spss_block_lineage.csv,spss_reference_results.csv,667f82c959c4a59e30e40e1f94ecc7108ed38790f9234b75c4fda83bd6a25fc0,No usado como autoridad de cálculo; validar metadata Stage 02 si se exige trazabilidad PDF,implemented_and_required_by_spss_reference
Formas_VS_VIDA__VS_CP03,Formas_VS_VIDA__VS_CP03,3.4 Violencia sexual,Formas_VS_VIDA__VS_CP03,binary_materialized,Formas_VS_VIDA__VS_CP03 == 1,VS_VIDA == 1,SYSMIS/NULL tratado literalmente por la sintaxis SPSS; R usa na.rm dentro del dominio,VS_VIDA,1,Nacional,prevalence,1,wald,Nacional=>wald,,10/10b_CRS04_3.4*.sps,02SQL/stage3_08*.sql; bloque exacto registrado en stage3_spss_block_lineage.csv,spss_reference_results.csv,667f82c959c4a59e30e40e1f94ecc7108ed38790f9234b75c4fda83bd6a25fc0,No usado como autoridad de cálculo; validar metadata Stage 02 si se exige trazabilidad PDF,implemented_and_required_by_spss_reference
Formas_VS_VIDA__VS_CP04,Formas_VS_VIDA__VS_CP04,3.4 Violencia sexual,Formas_VS_VIDA__VS_CP04,binary_materialized,Formas_VS_VIDA__VS_CP04 == 1,VS_VIDA == 1,SYSMIS/NULL tratado literalmente por la sintaxis SPSS; R usa na.rm dentro del dominio,VS_VIDA,1,Nacional,prevalence,1,logit,Nacional=>logit,,10/10b_CRS04_3.4*.sps,02SQL/stage3_08*.sql; bloque exacto registrado en stage3_spss_block_lineage.csv,spss_reference_results.csv,667f82c959c4a59e30e40e1f94ecc7108ed38790f9234b75c4fda83bd6a25fc0,No usado como autoridad de cálculo; validar metadata Stage 02 si se exige trazabilidad PDF,implemented_and_required_by_spss_reference
Formas_VS_VIDA__VS_CP05,Formas_VS_VIDA__VS_CP05,3.4 Violencia sexual,Formas_VS_VIDA__VS_CP05,binary_materialized,Formas_VS_VIDA__VS_CP05 == 1,VS_VIDA == 1,SYSMIS/NULL tratado literalmente por la sintaxis SPSS; R usa na.rm dentro del dominio,VS_VIDA,1,Nacional,prevalence,1,logit,Nacional=>logit,,10/10b_CRS04_3.4*.sps,02SQL/stage3_08*.sql; bloque exacto registrado en stage3_spss_block_lineage.csv,spss_reference_results.csv,667f82c959c4a59e30e40e1f94ecc7108ed38790f9234b75c4fda83bd6a25fc0,No usado como autoridad de cálculo; validar metadata Stage 02 si se exige trazabilidad PDF,implemented_and_required_by_spss_reference
Formas_VS_VIDA__VS_CP06,Formas_VS_VIDA__VS_CP06,3.4 Violencia sexual,Formas_VS_VIDA__VS_CP06,binary_materialized,Formas_VS_VIDA__VS_CP06 == 1,VS_VIDA == 1,SYSMIS/NULL tratado literalmente por la sintaxis SPSS; R usa na.rm dentro del dominio,VS_VIDA,1,Nacional,prevalence,1,logit,Nacional=>logit,,10/10b_CRS04_3.4*.sps,02SQL/stage3_08*.sql; bloque exacto registrado en stage3_spss_block_lineage.csv,spss_reference_results.csv,667f82c959c4a59e30e40e1f94ecc7108ed38790f9234b75c4fda83bd6a25fc0,No usado como autoridad de cálculo; validar metadata Stage 02 si se exige trazabilidad PDF,implemented_and_required_by_spss_reference
Formas_VS_VIDA__VS_CP07,Formas_VS_VIDA__VS_CP07,3.4 Violencia sexual,Formas_VS_VIDA__VS_CP07,binary_materialized,Formas_VS_VIDA__VS_CP07 == 1,VS_VIDA == 1,SYSMIS/NULL tratado literalmente por la sintaxis SPSS; R usa na.rm dentro del dominio,VS_VIDA,1,Nacional,prevalence,1,logit,Nacional=>logit,,10/10b_CRS04_3.4*.sps,02SQL/stage3_08*.sql; bloque exacto registrado en stage3_spss_block_lineage.csv,spss_reference_results.csv,667f82c959c4a59e30e40e1f94ecc7108ed38790f9234b75c4fda83bd6a25fc0,No usado como autoridad de cálculo; validar metadata Stage 02 si se exige trazabilidad PDF,implemented_and_required_by_spss_reference
Formas_VS_VIDA__VS_CP08,Formas_VS_VIDA__VS_CP08,3.4 Violencia sexual,Formas_VS_VIDA__VS_CP08,binary_materialized,Formas_VS_VIDA__VS_CP08 == 1,VS_VIDA == 1,SYSMIS/NULL tratado literalmente por la sintaxis SPSS; R usa na.rm dentro del dominio,VS_VIDA,1,Nacional,prevalence,1,logit,Nacional=>logit,,10/10b_CRS04_3.4*.sps,02SQL/stage3_08*.sql; bloque exacto registrado en stage3_spss_block_lineage.csv,spss_reference_results.csv,667f82c959c4a59e30e40e1f94ecc7108ed38790f9234b75c4fda83bd6a25fc0,No usado como autoridad de cálculo; validar metadata Stage 02 si se exige trazabilidad PDF,implemented_and_required_by_spss_reference
Formas_VS_VIDA__VS_CP09,Formas_VS_VIDA__VS_CP09,3.4 Violencia sexual,Formas_VS_VIDA__VS_CP09,binary_materialized,Formas_VS_VIDA__VS_CP09 == 1,VS_VIDA == 1,SYSMIS/NULL tratado literalmente por la sintaxis SPSS; R usa na.rm dentro del dominio,VS_VIDA,1,Nacional,prevalence,1,wald,Nacional=>wald,,10/10b_CRS04_3.4*.sps,02SQL/stage3_08*.sql; bloque exacto registrado en stage3_spss_block_lineage.csv,spss_reference_results.csv,667f82c959c4a59e30e40e1f94ecc7108ed38790f9234b75c4fda83bd6a25fc0,No usado como autoridad de cálculo; validar metadata Stage 02 si se exige trazabilidad PDF,implemented_and_required_by_spss_reference
Hogar__VP_o_VF_HOGAR,Hogar__VP_o_VF_HOGAR,3.2 Violencia en el hogar,VP_o_VF_HOGAR,binary_materialized,VP_o_VF_HOGAR == 1,VP_o_VF_HOGAR == 1,SYSMIS/NULL tratado literalmente por la sintaxis SPSS; R usa na.rm dentro del dominio,VP_o_VF_HOGAR,1,Nacional,prevalence,1,wald,Nacional=>wald,,03/08/08b_CRS03_CRS04_3.2*.sps,02SQL/stage3_08*.sql; bloque exacto registrado en stage3_spss_block_lineage.csv,spss_reference_results.csv,667f82c959c4a59e30e40e1f94ecc7108ed38790f9234b75c4fda83bd6a25fc0,No usado como autoridad de cálculo; validar metadata Stage 02 si se exige trazabilidad PDF,implemented_and_required_by_spss_reference
HoraClase_ViolEsc,HoraClase_ViolEsc,3.1 Características y percepciones,HoraClase_ViolEsc,binary_materialized,HoraClase_ViolEsc == 1,casos válidos del diseño muestral,SYSMIS/NULL tratado literalmente por la sintaxis SPSS; R usa na.rm dentro del dominio,,,Nacional,prevalence,1,logit,Nacional=>logit,,07_CRS04_3.1_Caracteristicas_violencia_Percepciones_ver6.sps,02SQL/stage3_08*.sql; bloque exacto registrado en stage3_spss_block_lineage.csv,spss_reference_results.csv,667f82c959c4a59e30e40e1f94ecc7108ed38790f9234b75c4fda83bd6a25fc0,No usado como autoridad de cálculo; validar metadata Stage 02 si se exige trazabilidad PDF,implemented_and_required_by_spss_reference
HoraEntrada_ViolEsc,HoraEntrada_ViolEsc,3.1 Características y percepciones,HoraEntrada_ViolEsc,binary_materialized,HoraEntrada_ViolEsc == 1,casos válidos del diseño muestral,SYSMIS/NULL tratado literalmente por la sintaxis SPSS; R usa na.rm dentro del dominio,,,Nacional,prevalence,1,logit,Nacional=>logit,,07_CRS04_3.1_Caracteristicas_violencia_Percepciones_ver6.sps,02SQL/stage3_08*.sql; bloque exacto registrado en stage3_spss_block_lineage.csv,spss_reference_results.csv,667f82c959c4a59e30e40e1f94ecc7108ed38790f9234b75c4fda83bd6a25fc0,No usado como autoridad de cálculo; validar metadata Stage 02 si se exige trazabilidad PDF,implemented_and_required_by_spss_reference
HoraRecreo_ViolEsc,HoraRecreo_ViolEsc,3.1 Características y percepciones,HoraRecreo_ViolEsc,binary_materialized,HoraRecreo_ViolEsc == 1,casos válidos del diseño muestral,SYSMIS/NULL tratado literalmente por la sintaxis SPSS; R usa na.rm dentro del dominio,,,Nacional,prevalence,1,logit,Nacional=>logit,,07_CRS04_3.1_Caracteristicas_violencia_Percepciones_ver6.sps,02SQL/stage3_08*.sql; bloque exacto registrado en stage3_spss_block_lineage.csv,spss_reference_results.csv,667f82c959c4a59e30e40e1f94ecc7108ed38790f9234b75c4fda83bd6a25fc0,No usado como autoridad de cálculo; validar metadata Stage 02 si se exige trazabilidad PDF,implemented_and_required_by_spss_reference
HoraSalida_ViolEsc,HoraSalida_ViolEsc,3.1 Características y percepciones,HoraSalida_ViolEsc,binary_materialized,HoraSalida_ViolEsc == 1,casos válidos del diseño muestral,SYSMIS/NULL tratado literalmente por la sintaxis SPSS; R usa na.rm dentro del dominio,,,Nacional,prevalence,1,wald,Nacional=>wald,,07_CRS04_3.1_Caracteristicas_violencia_Percepciones_ver6.sps,02SQL/stage3_08*.sql; bloque exacto registrado en stage3_spss_block_lineage.csv,spss_reference_results.csv,667f82c959c4a59e30e40e1f94ecc7108ed38790f9234b75c4fda83bd6a25fc0,No usado como autoridad de cálculo; validar metadata Stage 02 si se exige trazabilidad PDF,implemented_and_required_by_spss_reference
INDICADOR_8_2_13,INDICADOR_8_2_13,3.1 Características y percepciones,INDICADOR_8_2_13,binary_materialized,INDICADOR_8_2_13 == 1,SEXO == 1,SYSMIS/NULL tratado literalmente por la sintaxis SPSS; R usa na.rm dentro del dominio,SEXO,1,DEPARTAMENTO2;DISCAPACIDAD;etnicidad1;idiomaHogar;Nacional;SEXO;tipo_hogar1;AREA;AREA_SEXO,prevalence,1,wald,Departamento=>wald||Discapacidad=>wald||Etnicidad=>wald||Lengua materna=>wald||Nacional=>wald||Sexo=>wald||Tipo de hogar=>wald||Área=>wald||Área y sexo=>wald,Amazonas;Apurímac;Arequipa;Ayacucho;Cajamarca;Callao;Cusco;Huancavelica;Huánuco;Ica;Junín;La Libertad;Lambayeque;Lima Metropolitana;Loreto;Madre de Dios;Moquegua;Pasco;Piura;Puno;Región Lima;San Martín;Tacna;Tumbes;Ucayali;Áncash,07_CRS04_3.1_Caracteristicas_violencia_Percepciones_ver6.sps,02SQL/stage3_08*.sql; bloque exacto registrado en stage3_spss_block_lineage.csv,spss_reference_results.csv,667f82c959c4a59e30e40e1f94ecc7108ed38790f9234b75c4fda83bd6a25fc0,No usado como autoridad de cálculo; validar metadata Stage 02 si se exige trazabilidad PDF,implemented_and_required_by_spss_reference
INDICADOR_8_2_7,INDICADOR_8_2_7,3.1 Características y percepciones,INDICADOR_8_2_7,binary_materialized,INDICADOR_8_2_7 == 1,SEXO == 1,SYSMIS/NULL tratado literalmente por la sintaxis SPSS; R usa na.rm dentro del dominio,SEXO,1,DEPARTAMENTO2;DISCAPACIDAD;etnicidad1;idiomaHogar;Nacional;SEXO;tipo_hogar1;AREA;AREA_SEXO,prevalence,1,wald,Departamento=>wald||Discapacidad=>wald||Etnicidad=>wald||Lengua materna=>wald||Nacional=>wald||Sexo=>wald||Tipo de hogar=>wald||Área=>wald||Área y sexo=>wald,Amazonas;Apurímac;Arequipa;Ayacucho;Cajamarca;Callao;Cusco;Huancavelica;Huánuco;Ica;Junín;La Libertad;Lambayeque;Lima Metropolitana;Loreto;Madre de Dios;Moquegua;Pasco;Piura;Puno;Región Lima;San Martín;Tacna;Tumbes;Ucayali;Áncash,07_CRS04_3.1_Caracteristicas_violencia_Percepciones_ver6.sps,02SQL/stage3_08*.sql; bloque exacto registrado en stage3_spss_block_lineage.csv,spss_reference_results.csv,667f82c959c4a59e30e40e1f94ecc7108ed38790f9234b75c4fda83bd6a25fc0,No usado como autoridad de cálculo; validar metadata Stage 02 si se exige trazabilidad PDF,implemented_and_required_by_spss_reference
INDICADOR_8_2_8,INDICADOR_8_2_8,3.1 Características y percepciones,INDICADOR_8_2_8,binary_materialized,INDICADOR_8_2_8 == 1,SEXO == 1,SYSMIS/NULL tratado literalmente por la sintaxis SPSS; R usa na.rm dentro del dominio,SEXO,1,DEPARTAMENTO2;DISCAPACIDAD;etnicidad1;idiomaHogar;Nacional;SEXO;tipo_hogar1;AREA;AREA_SEXO,prevalence,1,wald,Departamento=>wald||Discapacidad=>wald||Etnicidad=>wald||Lengua materna=>wald||Nacional=>wald||Sexo=>wald||Tipo de hogar=>wald||Área=>wald||Área y sexo=>wald,Amazonas;Apurímac;Arequipa;Ayacucho;Cajamarca;Callao;Cusco;Huancavelica;Huánuco;Ica;Junín;La Libertad;Lambayeque;Lima Metropolitana;Loreto;Madre de Dios;Moquegua;Pasco;Piura;Puno;Región Lima;San Martín;Tacna;Tumbes;Ucayali;Áncash,07_CRS04_3.1_Caracteristicas_violencia_Percepciones_ver6.sps,02SQL/stage3_08*.sql; bloque exacto registrado en stage3_spss_block_lineage.csv,spss_reference_results.csv,667f82c959c4a59e30e40e1f94ecc7108ed38790f9234b75c4fda83bd6a25fc0,No usado como autoridad de cálculo; validar metadata Stage 02 si se exige trazabilidad PDF,implemented_and_required_by_spss_reference
INDICADOR_8_3_6,INDICADOR_8_3_6,3.1 Características y percepciones,INDICADOR_8_3_6,binary_materialized,INDICADOR_8_3_6 == 1,casos válidos del diseño muestral,SYSMIS/NULL tratado literalmente por la sintaxis SPSS; R usa na.rm dentro del dominio,,,DEPARTAMENTO2;DISCAPACIDAD;etnicidad1;idiomaHogar;Nacional;SEXO;tipo_hogar1;AREA;AREA_SEXO,prevalence,1,wald,Departamento=>wald||Discapacidad=>wald||Etnicidad=>wald||Lengua materna=>wald||Nacional=>wald||Sexo=>wald||Tipo de hogar=>wald||Área=>logit||Área y sexo=>wald,Amazonas;Apurímac;Arequipa;Ayacucho;Cajamarca;Callao;Cusco;Huancavelica;Huánuco;Ica;Junín;La Libertad;Lambayeque;Lima Metropolitana;Loreto;Madre de Dios;Moquegua;Pasco;Piura;Puno;Región Lima;San Martín;Tacna;Tumbes;Ucayali;Áncash,07_CRS04_3.1_Caracteristicas_violencia_Percepciones_ver6.sps,02SQL/stage3_08*.sql; bloque exacto registrado en stage3_spss_block_lineage.csv,spss_reference_results.csv,667f82c959c4a59e30e40e1f94ecc7108ed38790f9234b75c4fda83bd6a25fc0,No usado como autoridad de cálculo; validar metadata Stage 02 si se exige trazabilidad PDF,implemented_and_required_by_spss_reference
INDICADOR_8_3_9,INDICADOR_8_3_9,3.1 Características y percepciones,INDICADOR_8_3_9,binary_materialized,INDICADOR_8_3_9 == 1,casos válidos del diseño muestral,SYSMIS/NULL tratado literalmente por la sintaxis SPSS; R usa na.rm dentro del dominio,,,DEPARTAMENTO2;DISCAPACIDAD;etnicidad1;idiomaHogar;Nacional;SEXO;tipo_hogar1;AREA;AREA_SEXO,prevalence,1,wald,Departamento=>wald||Discapacidad=>wald||Etnicidad=>wald||Lengua materna=>wald||Nacional=>wald||Sexo=>wald||Tipo de hogar=>wald||Área=>logit||Área y sexo=>logit,Amazonas;Apurímac;Arequipa;Ayacucho;Cajamarca;Callao;Cusco;Huancavelica;Huánuco;Ica;Junín;La Libertad;Lambayeque;Lima Metropolitana;Loreto;Madre de Dios;Moquegua;Pasco;Piura;Puno;Región Lima;San Martín;Tacna;Tumbes;Ucayali;Áncash,07_CRS04_3.1_Caracteristicas_violencia_Percepciones_ver6.sps,02SQL/stage3_08*.sql; bloque exacto registrado en stage3_spss_block_lineage.csv,spss_reference_results.csv,667f82c959c4a59e30e40e1f94ecc7108ed38790f9234b75c4fda83bd6a25fc0,No usado como autoridad de cálculo; validar metadata Stage 02 si se exige trazabilidad PDF,implemented_and_required_by_spss_reference
LugarBano_ViolEsc,LugarBano_ViolEsc,3.1 Características y percepciones,LugarBano_ViolEsc,binary_materialized,LugarBano_ViolEsc == 1,casos válidos del diseño muestral,SYSMIS/NULL tratado literalmente por la sintaxis SPSS; R usa na.rm dentro del dominio,,,Nacional,prevalence,1,logit,Nacional=>logit,,07_CRS04_3.1_Caracteristicas_violencia_Percepciones_ver6.sps,02SQL/stage3_08*.sql; bloque exacto registrado en stage3_spss_block_lineage.csv,spss_reference_results.csv,667f82c959c4a59e30e40e1f94ecc7108ed38790f9234b75c4fda83bd6a25fc0,No usado como autoridad de cálculo; validar metadata Stage 02 si se exige trazabilidad PDF,implemented_and_required_by_spss_reference
LugarFueraColegio_ViolEsc,LugarFueraColegio_ViolEsc,3.1 Características y percepciones,LugarFueraColegio_ViolEsc,binary_materialized,LugarFueraColegio_ViolEsc == 1,casos válidos del diseño muestral,SYSMIS/NULL tratado literalmente por la sintaxis SPSS; R usa na.rm dentro del dominio,,,Nacional,prevalence,1,wald,Nacional=>wald,,07_CRS04_3.1_Caracteristicas_violencia_Percepciones_ver6.sps,02SQL/stage3_08*.sql; bloque exacto registrado en stage3_spss_block_lineage.csv,spss_reference_results.csv,667f82c959c4a59e30e40e1f94ecc7108ed38790f9234b75c4fda83bd6a25fc0,No usado como autoridad de cálculo; validar metadata Stage 02 si se exige trazabilidad PDF,implemented_and_required_by_spss_reference
LugarOtro_ViolEsc,LugarOtro_ViolEsc,3.1 Características y percepciones,LugarOtro_ViolEsc,binary_materialized,LugarOtro_ViolEsc == 1,casos válidos del diseño muestral,SYSMIS/NULL tratado literalmente por la sintaxis SPSS; R usa na.rm dentro del dominio,,,Nacional,prevalence,1,wald,Nacional=>wald,,07_CRS04_3.1_Caracteristicas_violencia_Percepciones_ver6.sps,02SQL/stage3_08*.sql; bloque exacto registrado en stage3_spss_block_lineage.csv,spss_reference_results.csv,667f82c959c4a59e30e40e1f94ecc7108ed38790f9234b75c4fda83bd6a25fc0,No usado como autoridad de cálculo; validar metadata Stage 02 si se exige trazabilidad PDF,implemented_and_required_by_spss_reference
LugarPasilloEscalera_ViolEsc,LugarPasilloEscalera_ViolEsc,3.1 Características y percepciones,LugarPasilloEscalera_ViolEsc,binary_materialized,LugarPasilloEscalera_ViolEsc == 1,casos válidos del diseño muestral,SYSMIS/NULL tratado literalmente por la sintaxis SPSS; R usa na.rm dentro del dominio,,,Nacional,prevalence,1,logit,Nacional=>logit,,07_CRS04_3.1_Caracteristicas_violencia_Percepciones_ver6.sps,02SQL/stage3_08*.sql; bloque exacto registrado en stage3_spss_block_lineage.csv,spss_reference_results.csv,667f82c959c4a59e30e40e1f94ecc7108ed38790f9234b75c4fda83bd6a25fc0,No usado como autoridad de cálculo; validar metadata Stage 02 si se exige trazabilidad PDF,implemented_and_required_by_spss_reference
LugarPatio_ViolEsc,LugarPatio_ViolEsc,3.1 Características y percepciones,LugarPatio_ViolEsc,binary_materialized,LugarPatio_ViolEsc == 1,casos válidos del diseño muestral,SYSMIS/NULL tratado literalmente por la sintaxis SPSS; R usa na.rm dentro del dominio,,,Nacional,prevalence,1,logit,Nacional=>logit,,07_CRS04_3.1_Caracteristicas_violencia_Percepciones_ver6.sps,02SQL/stage3_08*.sql; bloque exacto registrado en stage3_spss_block_lineage.csv,spss_reference_results.csv,667f82c959c4a59e30e40e1f94ecc7108ed38790f9234b75c4fda83bd6a25fc0,No usado como autoridad de cálculo; validar metadata Stage 02 si se exige trazabilidad PDF,implemented_and_required_by_spss_reference
LugarSalon_ViolEsc,LugarSalon_ViolEsc,3.1 Características y percepciones,LugarSalon_ViolEsc,binary_materialized,LugarSalon_ViolEsc == 1,casos válidos del diseño muestral,SYSMIS/NULL tratado literalmente por la sintaxis SPSS; R usa na.rm dentro del dominio,,,Nacional,prevalence,1,logit,Nacional=>logit,,07_CRS04_3.1_Caracteristicas_violencia_Percepciones_ver6.sps,02SQL/stage3_08*.sql; bloque exacto registrado en stage3_spss_block_lineage.csv,spss_reference_results.csv,667f82c959c4a59e30e40e1f94ecc7108ed38790f9234b75c4fda83bd6a25fc0,No usado como autoridad de cálculo; validar metadata Stage 02 si se exige trazabilidad PDF,implemented_and_required_by_spss_reference
PV_VF_hogar_VP_escuela,PV_VF_hogar_VP_escuela,3.5 Acumulación de violencias,PV_VF_hogar_VP_escuela,binary_materialized,PV_VF_hogar_VP_escuela == 1,casos válidos del diseño muestral,SYSMIS/NULL tratado literalmente por la sintaxis SPSS; R usa na.rm dentro del dominio,,,DEPARTAMENTO2;DISCAPACIDAD;etnicidad1;idiomaHogar;Nacional;SEXO;tipo_hogar1;AREA;AREA_SEXO,prevalence,1,wald,Departamento=>wald||Discapacidad=>wald||Etnicidad=>wald||Lengua materna=>wald||Nacional=>wald||Sexo=>wald||Tipo de hogar=>wald||Área=>wald||Área y sexo=>wald,Amazonas;Apurímac;Arequipa;Ayacucho;Cajamarca;Callao;Cusco;Huancavelica;Huánuco;Ica;Junín;La Libertad;Lambayeque;Lima Metropolitana;Loreto;Madre de Dios;Moquegua;Pasco;Piura;Puno;Región Lima;San Martín;Tacna;Tumbes;Ucayali;Áncash,11_CRS04_3.5*.sps,02SQL/stage3_08*.sql; bloque exacto registrado en stage3_spss_block_lineage.csv,spss_reference_results.csv,667f82c959c4a59e30e40e1f94ecc7108ed38790f9234b75c4fda83bd6a25fc0,No usado como autoridad de cálculo; validar metadata Stage 02 si se exige trazabilidad PDF,implemented_and_required_by_spss_reference
PV_VF_hogar_escuela,PV_VF_hogar_escuela,3.5 Acumulación de violencias,PV_VF_hogar_escuela,binary_materialized,PV_VF_hogar_escuela == 1,casos válidos del diseño muestral,SYSMIS/NULL tratado literalmente por la sintaxis SPSS; R usa na.rm dentro del dominio,,,DEPARTAMENTO2;DISCAPACIDAD;etnicidad1;idiomaHogar;Nacional;SEXO;tipo_hogar1;AREA;AREA_SEXO,prevalence,1,wald,Departamento=>wald||Discapacidad=>wald||Etnicidad=>wald||Lengua materna=>wald||Nacional=>wald||Sexo=>wald||Tipo de hogar=>wald||Área=>wald||Área y sexo=>wald,Amazonas;Apurímac;Arequipa;Ayacucho;Cajamarca;Callao;Cusco;Huancavelica;Huánuco;Ica;Junín;La Libertad;Lambayeque;Lima Metropolitana;Loreto;Madre de Dios;Moquegua;Pasco;Piura;Puno;Región Lima;San Martín;Tacna;Tumbes;Ucayali;Áncash,11_CRS04_3.5*.sps,02SQL/stage3_08*.sql; bloque exacto registrado en stage3_spss_block_lineage.csv,spss_reference_results.csv,667f82c959c4a59e30e40e1f94ecc7108ed38790f9234b75c4fda83bd6a25fc0,No usado como autoridad de cálculo; validar metadata Stage 02 si se exige trazabilidad PDF,implemented_and_required_by_spss_reference
PV_VP_VF_hogar_escuela,PV_VP_VF_hogar_escuela,3.5 Acumulación de violencias,PV_VP_VF_hogar_escuela,binary_materialized,PV_VP_VF_hogar_escuela == 1,casos válidos del diseño muestral,SYSMIS/NULL tratado literalmente por la sintaxis SPSS; R usa na.rm dentro del dominio,,,DEPARTAMENTO2;DISCAPACIDAD;etnicidad1;idiomaHogar;Nacional;SEXO;tipo_hogar1;AREA;AREA_SEXO,prevalence,1,wald,Departamento=>wald||Discapacidad=>wald||Etnicidad=>wald||Lengua materna=>wald||Nacional=>wald||Sexo=>wald||Tipo de hogar=>wald||Área=>wald||Área y sexo=>wald,Amazonas;Apurímac;Arequipa;Ayacucho;Cajamarca;Callao;Cusco;Huancavelica;Huánuco;Ica;Junín;La Libertad;Lambayeque;Lima Metropolitana;Loreto;Madre de Dios;Moquegua;Pasco;Piura;Puno;Región Lima;San Martín;Tacna;Tumbes;Ucayali;Áncash,11_CRS04_3.5*.sps,02SQL/stage3_08*.sql; bloque exacto registrado en stage3_spss_block_lineage.csv,spss_reference_results.csv,667f82c959c4a59e30e40e1f94ecc7108ed38790f9234b75c4fda83bd6a25fc0,No usado como autoridad de cálculo; validar metadata Stage 02 si se exige trazabilidad PDF,implemented_and_required_by_spss_reference
PV_VP_VF_hogar_escuela_VS,PV_VP_VF_hogar_escuela_VS,3.5 Acumulación de violencias,PV_VP_VF_hogar_escuela_VS,binary_materialized,PV_VP_VF_hogar_escuela_VS == 1,casos válidos del diseño muestral,SYSMIS/NULL tratado literalmente por la sintaxis SPSS; R usa na.rm dentro del dominio,,,DEPARTAMENTO2;DISCAPACIDAD;etnicidad1;idiomaHogar;Nacional;SEXO;tipo_hogar1;AREA;AREA_SEXO,prevalence,1,wald,Departamento=>wald||Discapacidad=>wald||Etnicidad=>wald||Lengua materna=>wald||Nacional=>wald||Sexo=>wald||Tipo de hogar=>wald||Área=>wald||Área y sexo=>wald,Amazonas;Apurímac;Arequipa;Ayacucho;Cajamarca;Callao;Cusco;Huancavelica;Huánuco;Ica;Junín;La Libertad;Lambayeque;Lima Metropolitana;Loreto;Madre de Dios;Moquegua;Pasco;Piura;Puno;Región Lima;San Martín;Tacna;Tumbes;Ucayali;Áncash,11_CRS04_3.5*.sps,02SQL/stage3_08*.sql; bloque exacto registrado en stage3_spss_block_lineage.csv,spss_reference_results.csv,667f82c959c4a59e30e40e1f94ecc7108ed38790f9234b75c4fda83bd6a25fc0,No usado como autoridad de cálculo; validar metadata Stage 02 si se exige trazabilidad PDF,implemented_and_required_by_spss_reference
PV_VP_hogar_VF_escuela,PV_VP_hogar_VF_escuela,3.5 Acumulación de violencias,PV_VP_hogar_VF_escuela,binary_materialized,PV_VP_hogar_VF_escuela == 1,casos válidos del diseño muestral,SYSMIS/NULL tratado literalmente por la sintaxis SPSS; R usa na.rm dentro del dominio,,,DEPARTAMENTO2;DISCAPACIDAD;etnicidad1;idiomaHogar;Nacional;SEXO;tipo_hogar1;AREA;AREA_SEXO,prevalence,1,wald,Departamento=>wald||Discapacidad=>wald||Etnicidad=>wald||Lengua materna=>wald||Nacional=>wald||Sexo=>wald||Tipo de hogar=>wald||Área=>wald||Área y sexo=>wald,Amazonas;Apurímac;Arequipa;Ayacucho;Cajamarca;Callao;Cusco;Huancavelica;Huánuco;Ica;Junín;La Libertad;Lambayeque;Lima Metropolitana;Loreto;Madre de Dios;Moquegua;Pasco;Piura;Puno;Región Lima;San Martín;Tacna;Tumbes;Ucayali;Áncash,11_CRS04_3.5*.sps,02SQL/stage3_08*.sql; bloque exacto registrado en stage3_spss_block_lineage.csv,spss_reference_results.csv,667f82c959c4a59e30e40e1f94ecc7108ed38790f9234b75c4fda83bd6a25fc0,No usado como autoridad de cálculo; validar metadata Stage 02 si se exige trazabilidad PDF,implemented_and_required_by_spss_reference
PV_VP_hogar_escuela,PV_VP_hogar_escuela,3.5 Acumulación de violencias,PV_VP_hogar_escuela,binary_materialized,PV_VP_hogar_escuela == 1,casos válidos del diseño muestral,SYSMIS/NULL tratado literalmente por la sintaxis SPSS; R usa na.rm dentro del dominio,,,DEPARTAMENTO2;DISCAPACIDAD;etnicidad1;idiomaHogar;Nacional;SEXO;tipo_hogar1;AREA;AREA_SEXO,prevalence,1,wald,Departamento=>wald||Discapacidad=>wald||Etnicidad=>wald||Lengua materna=>wald||Nacional=>wald||Sexo=>wald||Tipo de hogar=>wald||Área=>wald||Área y sexo=>wald,Amazonas;Apurímac;Arequipa;Ayacucho;Cajamarca;Callao;Cusco;Huancavelica;Huánuco;Ica;Junín;La Libertad;Lambayeque;Lima Metropolitana;Loreto;Madre de Dios;Moquegua;Pasco;Piura;Puno;Región Lima;San Martín;Tacna;Tumbes;Ucayali;Áncash,11_CRS04_3.5*.sps,02SQL/stage3_08*.sql; bloque exacto registrado en stage3_spss_block_lineage.csv,spss_reference_results.csv,667f82c959c4a59e30e40e1f94ecc7108ed38790f9234b75c4fda83bd6a25fc0,No usado como autoridad de cálculo; validar metadata Stage 02 si se exige trazabilidad PDF,implemented_and_required_by_spss_reference
PV_condicional_con_VS,PV_condicional_con_VS,3.5 Acumulación de violencias,PV_hogar_escuela1,special,special(PV_hogar_escuela1),casos válidos del diseño muestral,SYSMIS/NULL tratado literalmente por la sintaxis SPSS; R usa na.rm dentro del dominio,,,Nacional;Condicional,special,,logit,Condicional=>logit,,11_CRS04_3.5*.sps,02SQL/stage3_08*.sql; bloque exacto registrado en stage3_spss_block_lineage.csv,spss_reference_results.csv,667f82c959c4a59e30e40e1f94ecc7108ed38790f9234b75c4fda83bd6a25fc0,No usado como autoridad de cálculo; validar metadata Stage 02 si se exige trazabilidad PDF,implemented_and_required_by_spss_reference
PV_condicional_escuela_dado_hogar,PV_condicional_escuela_dado_hogar,3.5 Acumulación de violencias,PV_hogar_escuela,binary_materialized,PV_hogar_escuela == 1,VP_o_VF_HOGAR == 1,SYSMIS/NULL tratado literalmente por la sintaxis SPSS; R usa na.rm dentro del dominio,VP_o_VF_HOGAR,1,DISCAPACIDAD;Nacional;SEXO;AREA,prevalence,1,wald,Discapacidad=>wald||Nacional=>logit||Sexo=>wald||Área=>wald,,11_CRS04_3.5*.sps,02SQL/stage3_08*.sql; bloque exacto registrado en stage3_spss_block_lineage.csv,spss_reference_results.csv,667f82c959c4a59e30e40e1f94ecc7108ed38790f9234b75c4fda83bd6a25fc0,No usado como autoridad de cálculo; validar metadata Stage 02 si se exige trazabilidad PDF,implemented_and_required_by_spss_reference
PV_condicional_escuela_sin_hogar,PV_condicional_escuela_sin_hogar,3.5 Acumulación de violencias,VP_o_VF_E,binary_materialized,VP_o_VF_E == 1,VP_o_VF_HOGAR == 0,SYSMIS/NULL tratado literalmente por la sintaxis SPSS; R usa na.rm dentro del dominio,VP_o_VF_HOGAR,0,Nacional,prevalence,1,wald,Nacional=>wald,,11_CRS04_3.5*.sps,02SQL/stage3_08*.sql; bloque exacto registrado en stage3_spss_block_lineage.csv,spss_reference_results.csv,667f82c959c4a59e30e40e1f94ecc7108ed38790f9234b75c4fda83bd6a25fc0,No usado como autoridad de cálculo; validar metadata Stage 02 si se exige trazabilidad PDF,implemented_and_required_by_spss_reference
PV_condicional_hogar_dado_escuela,PV_condicional_hogar_dado_escuela,3.5 Acumulación de violencias,PV_hogar_escuela,binary_materialized,PV_hogar_escuela == 1,VP_o_VF_E == 1,SYSMIS/NULL tratado literalmente por la sintaxis SPSS; R usa na.rm dentro del dominio,VP_o_VF_E,1,DISCAPACIDAD;Nacional;SEXO;AREA,prevalence,1,wald,Discapacidad=>wald||Nacional=>logit||Sexo=>logit||Área=>wald,,11_CRS04_3.5*.sps,02SQL/stage3_08*.sql; bloque exacto registrado en stage3_spss_block_lineage.csv,spss_reference_results.csv,667f82c959c4a59e30e40e1f94ecc7108ed38790f9234b75c4fda83bd6a25fc0,No usado como autoridad de cálculo; validar metadata Stage 02 si se exige trazabilidad PDF,implemented_and_required_by_spss_reference
PV_condicional_hogar_sin_escuela,PV_condicional_hogar_sin_escuela,3.5 Acumulación de violencias,VP_o_VF_HOGAR,binary_materialized,VP_o_VF_HOGAR == 1,VP_o_VF_E == 0,SYSMIS/NULL tratado literalmente por la sintaxis SPSS; R usa na.rm dentro del dominio,VP_o_VF_E,0,Nacional,prevalence,1,logit,Nacional=>logit,,11_CRS04_3.5*.sps,02SQL/stage3_08*.sql; bloque exacto registrado en stage3_spss_block_lineage.csv,spss_reference_results.csv,667f82c959c4a59e30e40e1f94ecc7108ed38790f9234b75c4fda83bd6a25fc0,No usado como autoridad de cálculo; validar metadata Stage 02 si se exige trazabilidad PDF,implemented_and_required_by_spss_reference
PV_hogar_escuela,PV_hogar_escuela,3.5 Acumulación de violencias,PV_hogar_escuela,binary_materialized,PV_hogar_escuela == 1,casos válidos del diseño muestral,SYSMIS/NULL tratado literalmente por la sintaxis SPSS; R usa na.rm dentro del dominio,,,DEPARTAMENTO2;DISCAPACIDAD;etnicidad1;idiomaHogar;Nacional;SEXO;tipo_hogar1;AREA;AREA_SEXO,prevalence,1,wald,Departamento=>wald||Discapacidad=>wald||Etnicidad=>wald||Lengua materna=>wald||Nacional=>logit||Sexo=>wald||Tipo de hogar=>wald||Área=>wald||Área y sexo=>wald,Amazonas;Apurímac;Arequipa;Ayacucho;Cajamarca;Callao;Cusco;Huancavelica;Huánuco;Ica;Junín;La Libertad;Lambayeque;Lima Metropolitana;Loreto;Madre de Dios;Moquegua;Pasco;Piura;Puno;Región Lima;San Martín;Tacna;Tumbes;Ucayali;Áncash,11_CRS04_3.5*.sps,02SQL/stage3_08*.sql; bloque exacto registrado en stage3_spss_block_lineage.csv,spss_reference_results.csv,667f82c959c4a59e30e40e1f94ecc7108ed38790f9234b75c4fda83bd6a25fc0,No usado como autoridad de cálculo; validar metadata Stage 02 si se exige trazabilidad PDF,implemented_and_required_by_spss_reference
PV_hogar_escuela1,PV_hogar_escuela1,3.5 Acumulación de violencias,PV_hogar_escuela1,binary_materialized,PV_hogar_escuela1 == 1,casos válidos del diseño muestral,SYSMIS/NULL tratado literalmente por la sintaxis SPSS; R usa na.rm dentro del dominio,,,DEPARTAMENTO2;DISCAPACIDAD;etnicidad1;idiomaHogar;Nacional;SEXO;tipo_hogar1;AREA;AREA_SEXO,prevalence,1,wald,Departamento=>wald||Discapacidad=>wald||Etnicidad=>wald||Lengua materna=>wald||Nacional=>logit||Sexo=>wald||Tipo de hogar=>wald||Área=>wald||Área y sexo=>wald,Amazonas;Apurímac;Arequipa;Ayacucho;Cajamarca;Callao;Cusco;Huancavelica;Huánuco;Ica;Junín;La Libertad;Lambayeque;Lima Metropolitana;Loreto;Madre de Dios;Moquegua;Pasco;Piura;Puno;Región Lima;San Martín;Tacna;Tumbes;Ucayali;Áncash,11_CRS04_3.5*.sps,02SQL/stage3_08*.sql; bloque exacto registrado en stage3_spss_block_lineage.csv,spss_reference_results.csv,667f82c959c4a59e30e40e1f94ecc7108ed38790f9234b75c4fda83bd6a25fc0,No usado como autoridad de cálculo; validar metadata Stage 02 si se exige trazabilidad PDF,implemented_and_required_by_spss_reference
Prev_Agresor_VS__AG_01,Prev_Agresor_VS__AG_01,3.4 Violencia sexual,Prev_Agresor_VS__AG_01,binary_materialized,Prev_Agresor_VS__AG_01 == 1,casos válidos del diseño muestral,SYSMIS/NULL tratado literalmente por la sintaxis SPSS; R usa na.rm dentro del dominio,,,Nacional,prevalence,1,logit,Nacional=>logit,,10/10b_CRS04_3.4*.sps,02SQL/stage3_08*.sql; bloque exacto registrado en stage3_spss_block_lineage.csv,spss_reference_results.csv,667f82c959c4a59e30e40e1f94ecc7108ed38790f9234b75c4fda83bd6a25fc0,No usado como autoridad de cálculo; validar metadata Stage 02 si se exige trazabilidad PDF,implemented_and_required_by_spss_reference
Prev_Agresor_VS__AG_02,Prev_Agresor_VS__AG_02,3.4 Violencia sexual,Prev_Agresor_VS__AG_02,binary_materialized,Prev_Agresor_VS__AG_02 == 1,casos válidos del diseño muestral,SYSMIS/NULL tratado literalmente por la sintaxis SPSS; R usa na.rm dentro del dominio,,,Nacional,prevalence,1,logit,Nacional=>logit,,10/10b_CRS04_3.4*.sps,02SQL/stage3_08*.sql; bloque exacto registrado en stage3_spss_block_lineage.csv,spss_reference_results.csv,667f82c959c4a59e30e40e1f94ecc7108ed38790f9234b75c4fda83bd6a25fc0,No usado como autoridad de cálculo; validar metadata Stage 02 si se exige trazabilidad PDF,implemented_and_required_by_spss_reference
Prev_Agresor_VS__AG_03,Prev_Agresor_VS__AG_03,3.4 Violencia sexual,Prev_Agresor_VS__AG_03,binary_materialized,Prev_Agresor_VS__AG_03 == 1,casos válidos del diseño muestral,SYSMIS/NULL tratado literalmente por la sintaxis SPSS; R usa na.rm dentro del dominio,,,Nacional,prevalence,1,wald,Nacional=>wald,,10/10b_CRS04_3.4*.sps,02SQL/stage3_08*.sql; bloque exacto registrado en stage3_spss_block_lineage.csv,spss_reference_results.csv,667f82c959c4a59e30e40e1f94ecc7108ed38790f9234b75c4fda83bd6a25fc0,No usado como autoridad de cálculo; validar metadata Stage 02 si se exige trazabilidad PDF,implemented_and_required_by_spss_reference
Prev_Agresor_VS__AG_04,Prev_Agresor_VS__AG_04,3.4 Violencia sexual,Prev_Agresor_VS__AG_04,binary_materialized,Prev_Agresor_VS__AG_04 == 1,casos válidos del diseño muestral,SYSMIS/NULL tratado literalmente por la sintaxis SPSS; R usa na.rm dentro del dominio,,,Nacional,prevalence,1,wald,Nacional=>wald,,10/10b_CRS04_3.4*.sps,02SQL/stage3_08*.sql; bloque exacto registrado en stage3_spss_block_lineage.csv,spss_reference_results.csv,667f82c959c4a59e30e40e1f94ecc7108ed38790f9234b75c4fda83bd6a25fc0,No usado como autoridad de cálculo; validar metadata Stage 02 si se exige trazabilidad PDF,implemented_and_required_by_spss_reference
Prev_Agresor_VS__AG_05,Prev_Agresor_VS__AG_05,3.4 Violencia sexual,Prev_Agresor_VS__AG_05,binary_materialized,Prev_Agresor_VS__AG_05 == 1,casos válidos del diseño muestral,SYSMIS/NULL tratado literalmente por la sintaxis SPSS; R usa na.rm dentro del dominio,,,Nacional,prevalence,1,logit,Nacional=>logit,,10/10b_CRS04_3.4*.sps,02SQL/stage3_08*.sql; bloque exacto registrado en stage3_spss_block_lineage.csv,spss_reference_results.csv,667f82c959c4a59e30e40e1f94ecc7108ed38790f9234b75c4fda83bd6a25fc0,No usado como autoridad de cálculo; validar metadata Stage 02 si se exige trazabilidad PDF,implemented_and_required_by_spss_reference
Prev_Agresor_VS__AG_06,Prev_Agresor_VS__AG_06,3.4 Violencia sexual,Prev_Agresor_VS__AG_06,binary_materialized,Prev_Agresor_VS__AG_06 == 1,casos válidos del diseño muestral,SYSMIS/NULL tratado literalmente por la sintaxis SPSS; R usa na.rm dentro del dominio,,,Nacional,prevalence,1,wald,Nacional=>wald,,10/10b_CRS04_3.4*.sps,02SQL/stage3_08*.sql; bloque exacto registrado en stage3_spss_block_lineage.csv,spss_reference_results.csv,667f82c959c4a59e30e40e1f94ecc7108ed38790f9234b75c4fda83bd6a25fc0,No usado como autoridad de cálculo; validar metadata Stage 02 si se exige trazabilidad PDF,implemented_and_required_by_spss_reference
Prev_Agresor_VS__AG_07,Prev_Agresor_VS__AG_07,3.4 Violencia sexual,Prev_Agresor_VS__AG_07,binary_materialized,Prev_Agresor_VS__AG_07 == 1,casos válidos del diseño muestral,SYSMIS/NULL tratado literalmente por la sintaxis SPSS; R usa na.rm dentro del dominio,,,Nacional,prevalence,1,wald,Nacional=>wald,,10/10b_CRS04_3.4*.sps,02SQL/stage3_08*.sql; bloque exacto registrado en stage3_spss_block_lineage.csv,spss_reference_results.csv,667f82c959c4a59e30e40e1f94ecc7108ed38790f9234b75c4fda83bd6a25fc0,No usado como autoridad de cálculo; validar metadata Stage 02 si se exige trazabilidad PDF,implemented_and_required_by_spss_reference
Prev_Agresor_VS__AG_08,Prev_Agresor_VS__AG_08,3.4 Violencia sexual,Prev_Agresor_VS__AG_08,binary_materialized,Prev_Agresor_VS__AG_08 == 1,casos válidos del diseño muestral,SYSMIS/NULL tratado literalmente por la sintaxis SPSS; R usa na.rm dentro del dominio,,,Nacional,prevalence,1,wald,Nacional=>wald,,10/10b_CRS04_3.4*.sps,02SQL/stage3_08*.sql; bloque exacto registrado en stage3_spss_block_lineage.csv,spss_reference_results.csv,667f82c959c4a59e30e40e1f94ecc7108ed38790f9234b75c4fda83bd6a25fc0,No usado como autoridad de cálculo; validar metadata Stage 02 si se exige trazabilidad PDF,implemented_and_required_by_spss_reference
Prev_Agresor_VS__AG_09,Prev_Agresor_VS__AG_09,3.4 Violencia sexual,Prev_Agresor_VS__AG_09,binary_materialized,Prev_Agresor_VS__AG_09 == 1,casos válidos del diseño muestral,SYSMIS/NULL tratado literalmente por la sintaxis SPSS; R usa na.rm dentro del dominio,,,Nacional,prevalence,1,wald,Nacional=>wald,,10/10b_CRS04_3.4*.sps,02SQL/stage3_08*.sql; bloque exacto registrado en stage3_spss_block_lineage.csv,spss_reference_results.csv,667f82c959c4a59e30e40e1f94ecc7108ed38790f9234b75c4fda83bd6a25fc0,No usado como autoridad de cálculo; validar metadata Stage 02 si se exige trazabilidad PDF,implemented_and_required_by_spss_reference
Solap_VP_VF_E,Solap_VP_VF_E,3.5 Acumulación de violencias,VP_VF_E,special,special(VP_VF_E),casos válidos del diseño muestral,SYSMIS/NULL tratado literalmente por la sintaxis SPSS; R usa na.rm dentro del dominio,,,Nacional;Condicional;Prevalencia (contexto),special,,logit,Condicional=>logit||Prevalencia (contexto)=>wald,,11_CRS04_3.5*.sps,02SQL/stage3_08*.sql; bloque exacto registrado en stage3_spss_block_lineage.csv,spss_reference_results.csv,667f82c959c4a59e30e40e1f94ecc7108ed38790f9234b75c4fda83bd6a25fc0,No usado como autoridad de cálculo; validar metadata Stage 02 si se exige trazabilidad PDF,implemented_and_required_by_spss_reference
Solap_VP_VF_E__Coexistencia,Solap_VP_VF_E__Coexistencia,3.5 Acumulación de violencias,Solap_VP_VF_E__Coexistencia,binary_materialized,Solap_VP_VF_E__Coexistencia == 1,casos válidos del diseño muestral,SYSMIS/NULL tratado literalmente por la sintaxis SPSS; R usa na.rm dentro del dominio,,,Nacional,prevalence,1,logit,Nacional=>logit,,11_CRS04_3.5*.sps,02SQL/stage3_08*.sql; bloque exacto registrado en stage3_spss_block_lineage.csv,spss_reference_results.csv,667f82c959c4a59e30e40e1f94ecc7108ed38790f9234b75c4fda83bd6a25fc0,No usado como autoridad de cálculo; validar metadata Stage 02 si se exige trazabilidad PDF,implemented_and_required_by_spss_reference
Solap_VP_VF_H,Solap_VP_VF_H,3.5 Acumulación de violencias,VP_VF_HOGAR,special,special(VP_VF_HOGAR),casos válidos del diseño muestral,SYSMIS/NULL tratado literalmente por la sintaxis SPSS; R usa na.rm dentro del dominio,,,Nacional;Condicional;Prevalencia (contexto),special,,logit,Condicional=>logit||Prevalencia (contexto)=>wald,,11_CRS04_3.5*.sps,02SQL/stage3_08*.sql; bloque exacto registrado en stage3_spss_block_lineage.csv,spss_reference_results.csv,667f82c959c4a59e30e40e1f94ecc7108ed38790f9234b75c4fda83bd6a25fc0,No usado como autoridad de cálculo; validar metadata Stage 02 si se exige trazabilidad PDF,implemented_and_required_by_spss_reference
Solap_VP_VF_H__Coexistencia,Solap_VP_VF_H__Coexistencia,3.5 Acumulación de violencias,Solap_VP_VF_H__Coexistencia,binary_materialized,Solap_VP_VF_H__Coexistencia == 1,casos válidos del diseño muestral,SYSMIS/NULL tratado literalmente por la sintaxis SPSS; R usa na.rm dentro del dominio,,,Nacional,prevalence,1,logit,Nacional=>logit,,11_CRS04_3.5*.sps,02SQL/stage3_08*.sql; bloque exacto registrado en stage3_spss_block_lineage.csv,spss_reference_results.csv,667f82c959c4a59e30e40e1f94ecc7108ed38790f9234b75c4fda83bd6a25fc0,No usado como autoridad de cálculo; validar metadata Stage 02 si se exige trazabilidad PDF,implemented_and_required_by_spss_reference
Solap_VS_12M,Solap_VS_12M,3.5 Acumulación de violencias,VS_ICVAC_301,special,special(VS_ICVAC_301),casos válidos del diseño muestral,SYSMIS/NULL tratado literalmente por la sintaxis SPSS; R usa na.rm dentro del dominio,,,Nacional;2×2;3×3,special,,logit,2×2=>logit||3×3=>logit,,11_CRS04_3.5*.sps,02SQL/stage3_08*.sql; bloque exacto registrado en stage3_spss_block_lineage.csv,spss_reference_results.csv,667f82c959c4a59e30e40e1f94ecc7108ed38790f9234b75c4fda83bd6a25fc0,No usado como autoridad de cálculo; validar metadata Stage 02 si se exige trazabilidad PDF,implemented_and_required_by_spss_reference
Solap_VS_VIDA,Solap_VS_VIDA,3.5 Acumulación de violencias,VS_ICVAC_301_VIDA,special,special(VS_ICVAC_301_VIDA),casos válidos del diseño muestral,SYSMIS/NULL tratado literalmente por la sintaxis SPSS; R usa na.rm dentro del dominio,,,Nacional;2×2;3×3,special,,logit,2×2=>logit||3×3=>logit,,11_CRS04_3.5*.sps,02SQL/stage3_08*.sql; bloque exacto registrado en stage3_spss_block_lineage.csv,spss_reference_results.csv,667f82c959c4a59e30e40e1f94ecc7108ed38790f9234b75c4fda83bd6a25fc0,No usado como autoridad de cálculo; validar metadata Stage 02 si se exige trazabilidad PDF,implemented_and_required_by_spss_reference
VFE_ICVAC_201_AGRESION_GRAVE,VFE_ICVAC_201_AGRESION_GRAVE,3.1 Características y percepciones,VFE_ICVAC_201_AGRESION_GRAVE,binary_materialized,VFE_ICVAC_201_AGRESION_GRAVE == 1,VF_ESCUELA == 1,SYSMIS/NULL tratado literalmente por la sintaxis SPSS; R usa na.rm dentro del dominio,VF_ESCUELA,1,Nacional,prevalence,1,logit,Nacional=>logit,,07_CRS04_3.1_Caracteristicas_violencia_Percepciones_ver6.sps,02SQL/stage3_08*.sql; bloque exacto registrado en stage3_spss_block_lineage.csv,spss_reference_results.csv,667f82c959c4a59e30e40e1f94ecc7108ed38790f9234b75c4fda83bd6a25fc0,No usado como autoridad de cálculo; validar metadata Stage 02 si se exige trazabilidad PDF,implemented_and_required_by_spss_reference
VFE_ICVAC_202_AGRESION_LEVE,VFE_ICVAC_202_AGRESION_LEVE,3.1 Características y percepciones,VFE_ICVAC_202_AGRESION_LEVE,binary_materialized,VFE_ICVAC_202_AGRESION_LEVE == 1,VF_ESCUELA == 1,SYSMIS/NULL tratado literalmente por la sintaxis SPSS; R usa na.rm dentro del dominio,VF_ESCUELA,1,Nacional,prevalence,1,logit,Nacional=>logit,,07_CRS04_3.1_Caracteristicas_violencia_Percepciones_ver6.sps,02SQL/stage3_08*.sql; bloque exacto registrado en stage3_spss_block_lineage.csv,spss_reference_results.csv,667f82c959c4a59e30e40e1f94ecc7108ed38790f9234b75c4fda83bd6a25fc0,No usado como autoridad de cálculo; validar metadata Stage 02 si se exige trazabilidad PDF,implemented_and_required_by_spss_reference
VFE_ICVAC_209_OTROS,VFE_ICVAC_209_OTROS,3.1 Características y percepciones,VFE_ICVAC_209_OTROS,binary_materialized,VFE_ICVAC_209_OTROS == 1,VF_ESCUELA == 1,SYSMIS/NULL tratado literalmente por la sintaxis SPSS; R usa na.rm dentro del dominio,VF_ESCUELA,1,Nacional,prevalence,1,logit,Nacional=>logit,,07_CRS04_3.1_Caracteristicas_violencia_Percepciones_ver6.sps,02SQL/stage3_08*.sql; bloque exacto registrado en stage3_spss_block_lineage.csv,spss_reference_results.csv,667f82c959c4a59e30e40e1f94ecc7108ed38790f9234b75c4fda83bd6a25fc0,No usado como autoridad de cálculo; validar metadata Stage 02 si se exige trazabilidad PDF,implemented_and_required_by_spss_reference
VF_EJERCIDA,VF_EJERCIDA,3.1 Características y percepciones,VF_EJERCIDA,binary_materialized,VF_EJERCIDA == 1,casos válidos del diseño muestral,SYSMIS/NULL tratado literalmente por la sintaxis SPSS; R usa na.rm dentro del dominio,,,conducta_riesgo_inducido;conducta_riesgo_personal;DEPARTAMENTO2;Desemp_ExpulsionColegio;Desemp_RepitioGrado;DISCAPACIDAD;etnicidad1;discusion_hogar__discusiones;idiomaHogar;Nacional;normas_castigo_docente;normas_castigo_parental;OPINION_TOMADA;SEXO;no_ir_colegio;tipo_hogar1;AREA;AREA_SEXO,prevalence,1,wald,Conductas de riesgo inducidas por adultos=>wald||Conductas de riesgo personales=>wald||Departamento=>wald||Desempeño escolar: expulsión de colegio=>wald||Desempeño escolar: repitencia de año=>wald||Discapacidad=>wald||Etnicidad=>wald||Exposición a discusiones entre cuidadores=>wald||Lengua materna=>wald||Nacional=>logit||Normas sobre castigo físico docente=>wald||Normas sobre castigo físico parental=>wald||Participación en decisiones del hogar=>wald||Sexo=>wald||Te piden o te han ordenado no ir al colegio para ayudar a tu mamá o papá u otra persona en la casa u otro lugar=>wald||Tipo de hogar=>wald||Área=>wald||Área y sexo=>wald,Amazonas;Apurímac;Arequipa;Ayacucho;Cajamarca;Callao;Cusco;Huancavelica;Huánuco;Ica;Junín;La Libertad;Lambayeque;Lima Metropolitana;Loreto;Madre de Dios;Moquegua;Pasco;Piura;Puno;Región Lima;San Martín;Tacna;Tumbes;Ucayali;Áncash,07_CRS04_3.1_Caracteristicas_violencia_Percepciones_ver6.sps,02SQL/stage3_08*.sql; bloque exacto registrado en stage3_spss_block_lineage.csv,spss_reference_results.csv,667f82c959c4a59e30e40e1f94ecc7108ed38790f9234b75c4fda83bd6a25fc0,No usado como autoridad de cálculo; validar metadata Stage 02 si se exige trazabilidad PDF,implemented_and_required_by_spss_reference
VF_ESCUELA,VF_ESCUELA,3.3 Violencia en la escuela,VF_ESCUELA,binary_materialized,VF_ESCUELA == 1,casos válidos del diseño muestral,SYSMIS/NULL tratado literalmente por la sintaxis SPSS; R usa na.rm dentro del dominio,,,DEPARTAMENTO2;DISCAPACIDAD;etnicidad1;idiomaHogar;Nacional;SEXO;tipo_hogar1;AREA;AREA_SEXO,prevalence,1,wald,Departamento=>wald||Discapacidad=>wald||Etnicidad=>wald||Lengua materna=>wald||Nacional=>wald||Sexo=>wald||Tipo de hogar=>wald||Área=>wald||Área y sexo=>wald,Amazonas;Apurímac;Arequipa;Ayacucho;Cajamarca;Callao;Cusco;Huancavelica;Huánuco;Ica;Junín;La Libertad;Lambayeque;Lima Metropolitana;Loreto;Madre de Dios;Moquegua;Pasco;Piura;Puno;Región Lima;San Martín;Tacna;Tumbes;Ucayali;Áncash,05/09/09b/09c_CRS03_CRS04_3.3*.sps,02SQL/stage3_08*.sql; bloque exacto registrado en stage3_spss_block_lineage.csv,spss_reference_results.csv,667f82c959c4a59e30e40e1f94ecc7108ed38790f9234b75c4fda83bd6a25fc0,No usado como autoridad de cálculo; validar metadata Stage 02 si se exige trazabilidad PDF,implemented_and_required_by_spss_reference
VF_HOGAR,VF_HOGAR,3.2 Violencia en el hogar,VF_HOGAR,binary_materialized,VF_HOGAR == 1,casos válidos del diseño muestral,SYSMIS/NULL tratado literalmente por la sintaxis SPSS; R usa na.rm dentro del dominio,,,conducta_riesgo_inducido;conducta_riesgo_personal;DEPARTAMENTO2;Desemp_ExpulsionColegio;Desemp_RepitioGrado;DISCAPACIDAD;etnicidad1;discusion_hogar__discusiones;idiomaHogar;Nacional;normas_castigo_general_parental;OPINION_TOMADA;SEXO;no_ir_colegio;tipo_hogar1;AREA;AREA_SEXO,prevalence,1,wald,Conductas de riesgo inducidas por adultos=>wald||Conductas de riesgo personales=>wald||Departamento=>wald||Desempeño escolar: expulsión de colegio=>wald||Desempeño escolar: repitencia de año=>wald||Discapacidad=>wald||Etnicidad=>wald||Exposición a discusiones entre cuidadores=>wald||Lengua materna=>wald||Nacional=>wald||Normas sobre castigo físico=>wald||Participación en decisiones del hogar=>wald||Sexo=>wald||Te piden o te han ordenado no ir al colegio para ayudar a tu mamá o papá u otra persona en la casa u otro lugar=>wald||Tipo de hogar=>wald||Área=>wald||Área y sexo=>wald,Amazonas;Apurímac;Arequipa;Ayacucho;Cajamarca;Callao;Cusco;Huancavelica;Huánuco;Ica;Junín;La Libertad;Lambayeque;Lima Metropolitana;Loreto;Madre de Dios;Moquegua;Pasco;Piura;Puno;Región Lima;San Martín;Tacna;Tumbes;Ucayali;Áncash,03/08/08b_CRS03_CRS04_3.2*.sps,02SQL/stage3_08*.sql; bloque exacto registrado en stage3_spss_block_lineage.csv,spss_reference_results.csv,667f82c959c4a59e30e40e1f94ecc7108ed38790f9234b75c4fda83bd6a25fc0,No usado como autoridad de cálculo; validar metadata Stage 02 si se exige trazabilidad PDF,implemented_and_required_by_spss_reference
VF_HOGAR_01,VF_HOGAR_01,3.2 Violencia en el hogar,VF_HOGAR_01,binary_materialized,VF_HOGAR_01 == 1,casos válidos del diseño muestral,SYSMIS/NULL tratado literalmente por la sintaxis SPSS; R usa na.rm dentro del dominio,,,DEPARTAMENTO2;DISCAPACIDAD;etnicidad1;idiomaHogar;Nacional;SEXO;tipo_hogar1;AREA;AREA_SEXO,prevalence,1,wald,Departamento=>wald||Discapacidad=>wald||Etnicidad=>wald||Lengua materna=>wald||Nacional=>wald||Sexo=>wald||Tipo de hogar=>wald||Área=>wald||Área y sexo=>wald,Amazonas;Apurímac;Arequipa;Ayacucho;Cajamarca;Callao;Cusco;Huancavelica;Huánuco;Ica;Junín;La Libertad;Lambayeque;Lima Metropolitana;Loreto;Madre de Dios;Moquegua;Pasco;Piura;Puno;Región Lima;San Martín;Tacna;Tumbes;Ucayali;Áncash,03/08/08b_CRS03_CRS04_3.2*.sps,02SQL/stage3_08*.sql; bloque exacto registrado en stage3_spss_block_lineage.csv,spss_reference_results.csv,667f82c959c4a59e30e40e1f94ecc7108ed38790f9234b75c4fda83bd6a25fc0,No usado como autoridad de cálculo; validar metadata Stage 02 si se exige trazabilidad PDF,implemented_and_required_by_spss_reference
VF_HOGAR_03,VF_HOGAR_03,3.2 Violencia en el hogar,VF_HOGAR_03,binary_materialized,VF_HOGAR_03 == 1,casos válidos del diseño muestral,SYSMIS/NULL tratado literalmente por la sintaxis SPSS; R usa na.rm dentro del dominio,,,DEPARTAMENTO2;DISCAPACIDAD;etnicidad1;idiomaHogar;Nacional;SEXO;tipo_hogar1;AREA;AREA_SEXO,prevalence,1,wald,Departamento=>wald||Discapacidad=>wald||Etnicidad=>wald||Lengua materna=>wald||Nacional=>wald||Sexo=>wald||Tipo de hogar=>wald||Área=>logit||Área y sexo=>wald,Amazonas;Apurímac;Arequipa;Ayacucho;Cajamarca;Callao;Cusco;Huancavelica;Huánuco;Ica;Junín;La Libertad;Lambayeque;Lima Metropolitana;Loreto;Madre de Dios;Moquegua;Pasco;Piura;Puno;Región Lima;San Martín;Tacna;Tumbes;Ucayali;Áncash,03/08/08b_CRS03_CRS04_3.2*.sps,02SQL/stage3_08*.sql; bloque exacto registrado en stage3_spss_block_lineage.csv,spss_reference_results.csv,667f82c959c4a59e30e40e1f94ecc7108ed38790f9234b75c4fda83bd6a25fc0,No usado como autoridad de cálculo; validar metadata Stage 02 si se exige trazabilidad PDF,implemented_and_required_by_spss_reference
VF_ICVAC_201_AGRESION_GRAVE,VF_ICVAC_201_AGRESION_GRAVE,3.1 Características y percepciones,VF_ICVAC_201_AGRESION_GRAVE,binary_materialized,VF_ICVAC_201_AGRESION_GRAVE == 1,VF_HOGAR == 1,SYSMIS/NULL tratado literalmente por la sintaxis SPSS; R usa na.rm dentro del dominio,VF_HOGAR,1,Nacional,prevalence,1,logit,Nacional=>logit,,07_CRS04_3.1_Caracteristicas_violencia_Percepciones_ver6.sps,02SQL/stage3_08*.sql; bloque exacto registrado en stage3_spss_block_lineage.csv,spss_reference_results.csv,667f82c959c4a59e30e40e1f94ecc7108ed38790f9234b75c4fda83bd6a25fc0,No usado como autoridad de cálculo; validar metadata Stage 02 si se exige trazabilidad PDF,implemented_and_required_by_spss_reference
VF_ICVAC_202_AGRESION_LEVE,VF_ICVAC_202_AGRESION_LEVE,3.1 Características y percepciones,VF_ICVAC_202_AGRESION_LEVE,binary_materialized,VF_ICVAC_202_AGRESION_LEVE == 1,VF_HOGAR == 1,SYSMIS/NULL tratado literalmente por la sintaxis SPSS; R usa na.rm dentro del dominio,VF_HOGAR,1,Nacional,prevalence,1,logit,Nacional=>logit,,07_CRS04_3.1_Caracteristicas_violencia_Percepciones_ver6.sps,02SQL/stage3_08*.sql; bloque exacto registrado en stage3_spss_block_lineage.csv,spss_reference_results.csv,667f82c959c4a59e30e40e1f94ecc7108ed38790f9234b75c4fda83bd6a25fc0,No usado como autoridad de cálculo; validar metadata Stage 02 si se exige trazabilidad PDF,implemented_and_required_by_spss_reference
VF_ICVAC_209_OTROS,VF_ICVAC_209_OTROS,3.1 Características y percepciones,VF_ICVAC_209_OTROS,binary_materialized,VF_ICVAC_209_OTROS == 1,VF_HOGAR == 1,SYSMIS/NULL tratado literalmente por la sintaxis SPSS; R usa na.rm dentro del dominio,VF_HOGAR,1,Nacional,prevalence,1,logit,Nacional=>logit,,07_CRS04_3.1_Caracteristicas_violencia_Percepciones_ver6.sps,02SQL/stage3_08*.sql; bloque exacto registrado en stage3_spss_block_lineage.csv,spss_reference_results.csv,667f82c959c4a59e30e40e1f94ecc7108ed38790f9234b75c4fda83bd6a25fc0,No usado como autoridad de cálculo; validar metadata Stage 02 si se exige trazabilidad PDF,implemented_and_required_by_spss_reference
VN_HOGAR1,VN_HOGAR1,3.2 Violencia en el hogar,VN_HOGAR1,binary_materialized,VN_HOGAR1 == 1,casos válidos del diseño muestral,SYSMIS/NULL tratado literalmente por la sintaxis SPSS; R usa na.rm dentro del dominio,,,DEPARTAMENTO2;DISCAPACIDAD;etnicidad1;idiomaHogar;Nacional;SEXO;tipo_hogar1;AREA;AREA_SEXO,prevalence,1,wald,Departamento=>wald||Discapacidad=>wald||Etnicidad=>wald||Lengua materna=>wald||Nacional=>wald||Sexo=>wald||Tipo de hogar=>wald||Área=>wald||Área y sexo=>wald,Amazonas;Apurímac;Arequipa;Ayacucho;Cajamarca;Callao;Cusco;Huancavelica;Huánuco;Ica;Junín;La Libertad;Lambayeque;Lima Metropolitana;Loreto;Madre de Dios;Moquegua;Pasco;Piura;Puno;Región Lima;San Martín;Tacna;Tumbes;Ucayali;Áncash,03/08/08b_CRS03_CRS04_3.2*.sps,02SQL/stage3_08*.sql; bloque exacto registrado en stage3_spss_block_lineage.csv,spss_reference_results.csv,667f82c959c4a59e30e40e1f94ecc7108ed38790f9234b75c4fda83bd6a25fc0,No usado como autoridad de cálculo; validar metadata Stage 02 si se exige trazabilidad PDF,implemented_and_required_by_spss_reference
VPE_ICVAC_203_AISLAMIENTO,VPE_ICVAC_203_AISLAMIENTO,3.1 Características y percepciones,VPE_ICVAC_203_AISLAMIENTO,binary_materialized,VPE_ICVAC_203_AISLAMIENTO == 1,VP_ESCUELA == 1,SYSMIS/NULL tratado literalmente por la sintaxis SPSS; R usa na.rm dentro del dominio,VP_ESCUELA,1,Nacional,prevalence,1,logit,Nacional=>logit,,07_CRS04_3.1_Caracteristicas_violencia_Percepciones_ver6.sps,02SQL/stage3_08*.sql; bloque exacto registrado en stage3_spss_block_lineage.csv,spss_reference_results.csv,667f82c959c4a59e30e40e1f94ecc7108ed38790f9234b75c4fda83bd6a25fc0,No usado como autoridad de cálculo; validar metadata Stage 02 si se exige trazabilidad PDF,implemented_and_required_by_spss_reference
VPE_ICVAC_401_ATERRORIZAR,VPE_ICVAC_401_ATERRORIZAR,3.1 Características y percepciones,VPE_ICVAC_401_ATERRORIZAR,binary_materialized,VPE_ICVAC_401_ATERRORIZAR == 1,VP_ESCUELA == 1,SYSMIS/NULL tratado literalmente por la sintaxis SPSS; R usa na.rm dentro del dominio,VP_ESCUELA,1,Nacional,prevalence,1,logit,Nacional=>logit,,07_CRS04_3.1_Caracteristicas_violencia_Percepciones_ver6.sps,02SQL/stage3_08*.sql; bloque exacto registrado en stage3_spss_block_lineage.csv,spss_reference_results.csv,667f82c959c4a59e30e40e1f94ecc7108ed38790f9234b75c4fda83bd6a25fc0,No usado como autoridad de cálculo; validar metadata Stage 02 si se exige trazabilidad PDF,implemented_and_required_by_spss_reference
VPE_ICVAC_402_HOSTIGAR_HUMILLAR,VPE_ICVAC_402_HOSTIGAR_HUMILLAR,3.1 Características y percepciones,VPE_ICVAC_402_HOSTIGAR_HUMILLAR,binary_materialized,VPE_ICVAC_402_HOSTIGAR_HUMILLAR == 1,VP_ESCUELA == 1,SYSMIS/NULL tratado literalmente por la sintaxis SPSS; R usa na.rm dentro del dominio,VP_ESCUELA,1,Nacional,prevalence,1,logit,Nacional=>logit,,07_CRS04_3.1_Caracteristicas_violencia_Percepciones_ver6.sps,02SQL/stage3_08*.sql; bloque exacto registrado en stage3_spss_block_lineage.csv,spss_reference_results.csv,667f82c959c4a59e30e40e1f94ecc7108ed38790f9234b75c4fda83bd6a25fc0,No usado como autoridad de cálculo; validar metadata Stage 02 si se exige trazabilidad PDF,implemented_and_required_by_spss_reference
VPE_ICVAC_409_OTROS,VPE_ICVAC_409_OTROS,3.1 Características y percepciones,VPE_ICVAC_409_OTROS,binary_materialized,VPE_ICVAC_409_OTROS == 1,VP_ESCUELA == 1,SYSMIS/NULL tratado literalmente por la sintaxis SPSS; R usa na.rm dentro del dominio,VP_ESCUELA,1,Nacional,prevalence,1,logit,Nacional=>logit,,07_CRS04_3.1_Caracteristicas_violencia_Percepciones_ver6.sps,02SQL/stage3_08*.sql; bloque exacto registrado en stage3_spss_block_lineage.csv,spss_reference_results.csv,667f82c959c4a59e30e40e1f94ecc7108ed38790f9234b75c4fda83bd6a25fc0,No usado como autoridad de cálculo; validar metadata Stage 02 si se exige trazabilidad PDF,implemented_and_required_by_spss_reference
VP_EJERCIDA,VP_EJERCIDA,3.1 Características y percepciones,VP_EJERCIDA,binary_materialized,VP_EJERCIDA == 1,casos válidos del diseño muestral,SYSMIS/NULL tratado literalmente por la sintaxis SPSS; R usa na.rm dentro del dominio,,,conducta_riesgo_inducido;conducta_riesgo_personal;DEPARTAMENTO2;Desemp_ExpulsionColegio;Desemp_RepitioGrado;DISCAPACIDAD;etnicidad1;discusion_hogar__discusiones;idiomaHogar;Nacional;normas_castigo_docente;normas_castigo_parental;OPINION_TOMADA;SEXO;no_ir_colegio;tipo_hogar1;AREA;AREA_SEXO,prevalence,1,wald,Conductas de riesgo inducidas por adultos=>wald||Conductas de riesgo personales=>wald||Departamento=>wald||Desempeño escolar: expulsión de colegio=>wald||Desempeño escolar: repitencia de año=>wald||Discapacidad=>wald||Etnicidad=>wald||Exposición a discusiones entre cuidadores=>wald||Lengua materna=>wald||Nacional=>logit||Normas sobre castigo físico docente=>wald||Normas sobre castigo físico parental=>wald||Participación en decisiones del hogar=>wald||Sexo=>wald||Te piden o te han ordenado no ir al colegio para ayudar a tu mamá o papá u otra persona en la casa u otro lugar=>wald||Tipo de hogar=>wald||Área=>wald||Área y sexo=>wald,Amazonas;Apurímac;Arequipa;Ayacucho;Cajamarca;Callao;Cusco;Huancavelica;Huánuco;Ica;Junín;La Libertad;Lambayeque;Lima Metropolitana;Loreto;Madre de Dios;Moquegua;Pasco;Piura;Puno;Región Lima;San Martín;Tacna;Tumbes;Ucayali;Áncash,07_CRS04_3.1_Caracteristicas_violencia_Percepciones_ver6.sps,02SQL/stage3_08*.sql; bloque exacto registrado en stage3_spss_block_lineage.csv,spss_reference_results.csv,667f82c959c4a59e30e40e1f94ecc7108ed38790f9234b75c4fda83bd6a25fc0,No usado como autoridad de cálculo; validar metadata Stage 02 si se exige trazabilidad PDF,implemented_and_required_by_spss_reference
VP_ESCUELA,VP_ESCUELA,3.3 Violencia en la escuela,VP_ESCUELA,binary_materialized,VP_ESCUELA == 1,casos válidos del diseño muestral,SYSMIS/NULL tratado literalmente por la sintaxis SPSS; R usa na.rm dentro del dominio,,,DEPARTAMENTO2;DISCAPACIDAD;etnicidad1;idiomaHogar;Nacional;SEXO;tipo_hogar1;AREA;AREA_SEXO,prevalence,1,wald,Departamento=>wald||Discapacidad=>logit||Etnicidad=>wald||Lengua materna=>wald||Nacional=>wald||Sexo=>logit||Tipo de hogar=>wald||Área=>logit||Área y sexo=>logit,Amazonas;Apurímac;Arequipa;Ayacucho;Cajamarca;Callao;Cusco;Huancavelica;Huánuco;Ica;Junín;La Libertad;Lambayeque;Lima Metropolitana;Loreto;Madre de Dios;Moquegua;Pasco;Piura;Puno;Región Lima;San Martín;Tacna;Tumbes;Ucayali;Áncash,05/09/09b/09c_CRS03_CRS04_3.3*.sps,02SQL/stage3_08*.sql; bloque exacto registrado en stage3_spss_block_lineage.csv,spss_reference_results.csv,667f82c959c4a59e30e40e1f94ecc7108ed38790f9234b75c4fda83bd6a25fc0,No usado como autoridad de cálculo; validar metadata Stage 02 si se exige trazabilidad PDF,implemented_and_required_by_spss_reference
VP_HOGAR,VP_HOGAR,3.2 Violencia en el hogar,VP_HOGAR,binary_materialized,VP_HOGAR == 1,casos válidos del diseño muestral,SYSMIS/NULL tratado literalmente por la sintaxis SPSS; R usa na.rm dentro del dominio,,,conducta_riesgo_inducido;conducta_riesgo_personal;DEPARTAMENTO2;Desemp_ExpulsionColegio;Desemp_RepitioGrado;DISCAPACIDAD;etnicidad1;discusion_hogar__discusiones;idiomaHogar;Nacional;normas_castigo_general_parental;OPINION_TOMADA;SEXO;no_ir_colegio;tipo_hogar1;AREA;AREA_SEXO,prevalence,1,wald,Conductas de riesgo inducidas por adultos=>wald||Conductas de riesgo personales=>wald||Departamento=>wald||Desempeño escolar: expulsión de colegio=>wald||Desempeño escolar: repitencia de año=>wald||Discapacidad=>wald||Etnicidad=>wald||Exposición a discusiones entre cuidadores=>wald||Lengua materna=>wald||Nacional=>logit||Normas sobre castigo físico=>wald||Participación en decisiones del hogar=>wald||Sexo=>logit||Te piden o te han ordenado no ir al colegio para ayudar a tu mamá o papá u otra persona en la casa u otro lugar=>wald||Tipo de hogar=>wald||Área=>wald||Área y sexo=>wald,Amazonas;Apurímac;Arequipa;Ayacucho;Cajamarca;Callao;Cusco;Huancavelica;Huánuco;Ica;Junín;La Libertad;Lambayeque;Lima Metropolitana;Loreto;Madre de Dios;Moquegua;Pasco;Piura;Puno;Región Lima;San Martín;Tacna;Tumbes;Ucayali;Áncash,03/08/08b_CRS03_CRS04_3.2*.sps,02SQL/stage3_08*.sql; bloque exacto registrado en stage3_spss_block_lineage.csv,spss_reference_results.csv,667f82c959c4a59e30e40e1f94ecc7108ed38790f9234b75c4fda83bd6a25fc0,No usado como autoridad de cálculo; validar metadata Stage 02 si se exige trazabilidad PDF,implemented_and_required_by_spss_reference
VP_ICVAC_203_AISLAMIENTO,VP_ICVAC_203_AISLAMIENTO,3.1 Características y percepciones,VP_ICVAC_203_AISLAMIENTO,binary_materialized,VP_ICVAC_203_AISLAMIENTO == 1,VP_HOGAR == 1,SYSMIS/NULL tratado literalmente por la sintaxis SPSS; R usa na.rm dentro del dominio,VP_HOGAR,1,Nacional,prevalence,1,wald,Nacional=>wald,,07_CRS04_3.1_Caracteristicas_violencia_Percepciones_ver6.sps,02SQL/stage3_08*.sql; bloque exacto registrado en stage3_spss_block_lineage.csv,spss_reference_results.csv,667f82c959c4a59e30e40e1f94ecc7108ed38790f9234b75c4fda83bd6a25fc0,No usado como autoridad de cálculo; validar metadata Stage 02 si se exige trazabilidad PDF,implemented_and_required_by_spss_reference
VP_ICVAC_401_ATERRORIZAR,VP_ICVAC_401_ATERRORIZAR,3.1 Características y percepciones,VP_ICVAC_401_ATERRORIZAR,binary_materialized,VP_ICVAC_401_ATERRORIZAR == 1,VP_HOGAR == 1,SYSMIS/NULL tratado literalmente por la sintaxis SPSS; R usa na.rm dentro del dominio,VP_HOGAR,1,Nacional,prevalence,1,wald,Nacional=>wald,,07_CRS04_3.1_Caracteristicas_violencia_Percepciones_ver6.sps,02SQL/stage3_08*.sql; bloque exacto registrado en stage3_spss_block_lineage.csv,spss_reference_results.csv,667f82c959c4a59e30e40e1f94ecc7108ed38790f9234b75c4fda83bd6a25fc0,No usado como autoridad de cálculo; validar metadata Stage 02 si se exige trazabilidad PDF,implemented_and_required_by_spss_reference
VP_ICVAC_402_HOSTIGAR_HUMILLAR,VP_ICVAC_402_HOSTIGAR_HUMILLAR,3.1 Características y percepciones,VP_ICVAC_402_HOSTIGAR_HUMILLAR,binary_materialized,VP_ICVAC_402_HOSTIGAR_HUMILLAR == 1,VP_HOGAR == 1,SYSMIS/NULL tratado literalmente por la sintaxis SPSS; R usa na.rm dentro del dominio,VP_HOGAR,1,Nacional,prevalence,1,logit,Nacional=>logit,,07_CRS04_3.1_Caracteristicas_violencia_Percepciones_ver6.sps,02SQL/stage3_08*.sql; bloque exacto registrado en stage3_spss_block_lineage.csv,spss_reference_results.csv,667f82c959c4a59e30e40e1f94ecc7108ed38790f9234b75c4fda83bd6a25fc0,No usado como autoridad de cálculo; validar metadata Stage 02 si se exige trazabilidad PDF,implemented_and_required_by_spss_reference
VP_ICVAC_409_OTROS,VP_ICVAC_409_OTROS,3.1 Características y percepciones,VP_ICVAC_409_OTROS,binary_materialized,VP_ICVAC_409_OTROS == 1,VP_HOGAR == 1,SYSMIS/NULL tratado literalmente por la sintaxis SPSS; R usa na.rm dentro del dominio,VP_HOGAR,1,Nacional,prevalence,1,logit,Nacional=>logit,,07_CRS04_3.1_Caracteristicas_violencia_Percepciones_ver6.sps,02SQL/stage3_08*.sql; bloque exacto registrado en stage3_spss_block_lineage.csv,spss_reference_results.csv,667f82c959c4a59e30e40e1f94ecc7108ed38790f9234b75c4fda83bd6a25fc0,No usado como autoridad de cálculo; validar metadata Stage 02 si se exige trazabilidad PDF,implemented_and_required_by_spss_reference
VP_VF_E,VP_VF_E,3.1 Características y percepciones,VP_VF_E,binary_materialized,VP_VF_E == 1,casos válidos del diseño muestral,SYSMIS/NULL tratado literalmente por la sintaxis SPSS; R usa na.rm dentro del dominio,,,DEPARTAMENTO2;DISCAPACIDAD;etnicidad1;idiomaHogar;Nacional;SEXO;tipo_hogar1;AREA;AREA_SEXO,prevalence,1,wald,Departamento=>wald||Discapacidad=>wald||Etnicidad=>wald||Lengua materna=>wald||Nacional=>logit||Sexo=>logit||Tipo de hogar=>wald||Área=>wald||Área y sexo=>wald,Amazonas;Apurímac;Arequipa;Ayacucho;Cajamarca;Callao;Cusco;Huancavelica;Huánuco;Ica;Junín;La Libertad;Lambayeque;Lima Metropolitana;Loreto;Madre de Dios;Moquegua;Pasco;Piura;Puno;Región Lima;San Martín;Tacna;Tumbes;Ucayali;Áncash,07_CRS04_3.1_Caracteristicas_violencia_Percepciones_ver6.sps,02SQL/stage3_08*.sql; bloque exacto registrado en stage3_spss_block_lineage.csv,spss_reference_results.csv,667f82c959c4a59e30e40e1f94ecc7108ed38790f9234b75c4fda83bd6a25fc0,No usado como autoridad de cálculo; validar metadata Stage 02 si se exige trazabilidad PDF,implemented_and_required_by_spss_reference
VP_VF_HOGAR,VP_VF_HOGAR,3.2 Violencia en el hogar,VP_VF_HOGAR,binary_materialized,VP_VF_HOGAR == 1,casos válidos del diseño muestral,SYSMIS/NULL tratado literalmente por la sintaxis SPSS; R usa na.rm dentro del dominio,,,DEPARTAMENTO2;DISCAPACIDAD;etnicidad1;idiomaHogar;Nacional;SEXO;tipo_hogar1;AREA;AREA_SEXO,prevalence,1,wald,Departamento=>wald||Discapacidad=>wald||Etnicidad=>wald||Lengua materna=>wald||Nacional=>wald||Sexo=>wald||Tipo de hogar=>wald||Área=>wald||Área y sexo=>wald,Amazonas;Apurímac;Arequipa;Ayacucho;Cajamarca;Callao;Cusco;Huancavelica;Huánuco;Ica;Junín;La Libertad;Lambayeque;Lima Metropolitana;Loreto;Madre de Dios;Moquegua;Pasco;Piura;Puno;Región Lima;San Martín;Tacna;Tumbes;Ucayali;Áncash,03/08/08b_CRS03_CRS04_3.2*.sps,02SQL/stage3_08*.sql; bloque exacto registrado en stage3_spss_block_lineage.csv,spss_reference_results.csv,667f82c959c4a59e30e40e1f94ecc7108ed38790f9234b75c4fda83bd6a25fc0,No usado como autoridad de cálculo; validar metadata Stage 02 si se exige trazabilidad PDF,implemented_and_required_by_spss_reference
VP_VF_VS_E,VP_VF_VS_E,3.4 Violencia sexual,VP_VF_VS_E,binary_materialized,VP_VF_VS_E == 1,casos válidos del diseño muestral,SYSMIS/NULL tratado literalmente por la sintaxis SPSS; R usa na.rm dentro del dominio,,,DEPARTAMENTO2;DISCAPACIDAD;etnicidad1;idiomaHogar;Nacional;SEXO;tipo_hogar1;AREA;AREA_SEXO,prevalence,1,wald,Departamento=>wald||Discapacidad=>wald||Etnicidad=>wald||Lengua materna=>wald||Nacional=>logit||Sexo=>wald||Tipo de hogar=>wald||Área=>wald||Área y sexo=>wald,Amazonas;Apurímac;Arequipa;Ayacucho;Cajamarca;Callao;Cusco;Huancavelica;Huánuco;Ica;Junín;La Libertad;Lambayeque;Lima Metropolitana;Loreto;Madre de Dios;Moquegua;Pasco;Piura;Puno;Región Lima;San Martín;Tacna;Tumbes;Ucayali;Áncash,10/10b_CRS04_3.4*.sps,02SQL/stage3_08*.sql; bloque exacto registrado en stage3_spss_block_lineage.csv,spss_reference_results.csv,667f82c959c4a59e30e40e1f94ecc7108ed38790f9234b75c4fda83bd6a25fc0,No usado como autoridad de cálculo; validar metadata Stage 02 si se exige trazabilidad PDF,implemented_and_required_by_spss_reference
VP_VF_VS_HOGAR,VP_VF_VS_HOGAR,3.4 Violencia sexual,VP_VF_VS_HOGAR,binary_materialized,VP_VF_VS_HOGAR == 1,casos válidos del diseño muestral,SYSMIS/NULL tratado literalmente por la sintaxis SPSS; R usa na.rm dentro del dominio,,,DEPARTAMENTO2;DISCAPACIDAD;etnicidad1;idiomaHogar;Nacional;SEXO;tipo_hogar1;AREA;AREA_SEXO,prevalence,1,wald,Departamento=>wald||Discapacidad=>wald||Etnicidad=>wald||Lengua materna=>wald||Nacional=>wald||Sexo=>wald||Tipo de hogar=>wald||Área=>wald||Área y sexo=>wald,Amazonas;Apurímac;Arequipa;Ayacucho;Cajamarca;Callao;Cusco;Huancavelica;Huánuco;Ica;Junín;La Libertad;Lambayeque;Lima Metropolitana;Loreto;Madre de Dios;Moquegua;Pasco;Piura;Puno;Región Lima;San Martín;Tacna;Tumbes;Ucayali;Áncash,10/10b_CRS04_3.4*.sps,02SQL/stage3_08*.sql; bloque exacto registrado en stage3_spss_block_lineage.csv,spss_reference_results.csv,667f82c959c4a59e30e40e1f94ecc7108ed38790f9234b75c4fda83bd6a25fc0,No usado como autoridad de cálculo; validar metadata Stage 02 si se exige trazabilidad PDF,implemented_and_required_by_spss_reference
VP_o_VF_E,VP_o_VF_E,3.1 Características y percepciones,VP_o_VF_E,binary_materialized,VP_o_VF_E == 1,casos válidos del diseño muestral,SYSMIS/NULL tratado literalmente por la sintaxis SPSS; R usa na.rm dentro del dominio,,,DEPARTAMENTO2;DISCAPACIDAD;etnicidad1;idiomaHogar;Nacional;SEXO;tipo_hogar1;AREA;AREA_SEXO,prevalence,1,wald,Departamento=>wald||Discapacidad=>wald||Etnicidad=>wald||Lengua materna=>wald||Nacional=>logit||Sexo=>wald||Tipo de hogar=>wald||Área=>wald||Área y sexo=>wald,Amazonas;Apurímac;Arequipa;Ayacucho;Cajamarca;Callao;Cusco;Huancavelica;Huánuco;Ica;Junín;La Libertad;Lambayeque;Lima Metropolitana;Loreto;Madre de Dios;Moquegua;Pasco;Piura;Puno;Región Lima;San Martín;Tacna;Tumbes;Ucayali;Áncash,07_CRS04_3.1_Caracteristicas_violencia_Percepciones_ver6.sps,02SQL/stage3_08*.sql; bloque exacto registrado en stage3_spss_block_lineage.csv,spss_reference_results.csv,667f82c959c4a59e30e40e1f94ecc7108ed38790f9234b75c4fda83bd6a25fc0,No usado como autoridad de cálculo; validar metadata Stage 02 si se exige trazabilidad PDF,implemented_and_required_by_spss_reference
VP_o_VF_EJERCIDA,VP_o_VF_EJERCIDA,3.1 Características y percepciones,VP_o_VF_EJERCIDA,binary_materialized,VP_o_VF_EJERCIDA == 1,casos válidos del diseño muestral,SYSMIS/NULL tratado literalmente por la sintaxis SPSS; R usa na.rm dentro del dominio,,,DEPARTAMENTO2;DISCAPACIDAD;etnicidad1;idiomaHogar;Nacional;SEXO;tipo_hogar1;AREA;AREA_SEXO,prevalence,1,wald,Departamento=>wald||Discapacidad=>wald||Etnicidad=>wald||Lengua materna=>wald||Nacional=>logit||Sexo=>wald||Tipo de hogar=>wald||Área=>wald||Área y sexo=>wald,Amazonas;Apurímac;Arequipa;Ayacucho;Cajamarca;Callao;Cusco;Huancavelica;Huánuco;Ica;Junín;La Libertad;Lambayeque;Lima Metropolitana;Loreto;Madre de Dios;Moquegua;Pasco;Piura;Puno;Región Lima;San Martín;Tacna;Tumbes;Ucayali;Áncash,07_CRS04_3.1_Caracteristicas_violencia_Percepciones_ver6.sps,02SQL/stage3_08*.sql; bloque exacto registrado en stage3_spss_block_lineage.csv,spss_reference_results.csv,667f82c959c4a59e30e40e1f94ecc7108ed38790f9234b75c4fda83bd6a25fc0,No usado como autoridad de cálculo; validar metadata Stage 02 si se exige trazabilidad PDF,implemented_and_required_by_spss_reference
VP_o_VF_ESCUELA,VP_o_VF_ESCUELA,3.3 Violencia en la escuela,VP_o_VF_ESCUELA,binary_materialized,VP_o_VF_ESCUELA == 1,VP_o_VF_ESCUELA == 1,SYSMIS/NULL tratado literalmente por la sintaxis SPSS; R usa na.rm dentro del dominio,VP_o_VF_ESCUELA,1,Nacional,prevalence,1,wald,Nacional=>wald,,05/09/09b/09c_CRS03_CRS04_3.3*.sps,02SQL/stage3_08*.sql; bloque exacto registrado en stage3_spss_block_lineage.csv,spss_reference_results.csv,667f82c959c4a59e30e40e1f94ecc7108ed38790f9234b75c4fda83bd6a25fc0,No usado como autoridad de cálculo; validar metadata Stage 02 si se exige trazabilidad PDF,implemented_and_required_by_spss_reference
VP_o_VF_HOGAR__VP_o_VF_HOGAR,VP_o_VF_HOGAR__VP_o_VF_HOGAR,3.2 Violencia en el hogar,VP_o_VF_HOGAR,binary_materialized,VP_o_VF_HOGAR == 1,casos válidos del diseño muestral,SYSMIS/NULL tratado literalmente por la sintaxis SPSS; R usa na.rm dentro del dominio,,,DEPARTAMENTO2;DISCAPACIDAD;etnicidad1;idiomaHogar;Nacional;SEXO;tipo_hogar1;AREA;AREA_SEXO,prevalence,1,wald,Departamento=>wald||Discapacidad=>wald||Etnicidad=>wald||Lengua materna=>wald||Nacional=>wald||Sexo=>wald||Tipo de hogar=>wald||Área=>wald||Área y sexo=>wald,Amazonas;Apurímac;Arequipa;Ayacucho;Cajamarca;Callao;Cusco;Huancavelica;Huánuco;Ica;Junín;La Libertad;Lambayeque;Lima Metropolitana;Loreto;Madre de Dios;Moquegua;Pasco;Piura;Puno;Región Lima;San Martín;Tacna;Tumbes;Ucayali;Áncash,03/08/08b_CRS03_CRS04_3.2*.sps,02SQL/stage3_08*.sql; bloque exacto registrado en stage3_spss_block_lineage.csv,spss_reference_results.csv,667f82c959c4a59e30e40e1f94ecc7108ed38790f9234b75c4fda83bd6a25fc0,No usado como autoridad de cálculo; validar metadata Stage 02 si se exige trazabilidad PDF,implemented_and_required_by_spss_reference
VP_o_VF_o_VS_HOGAR,VP_o_VF_o_VS_HOGAR,3.4 Violencia sexual,VP_o_VF_o_VS_HOGAR,binary_materialized,VP_o_VF_o_VS_HOGAR == 1,casos válidos del diseño muestral,SYSMIS/NULL tratado literalmente por la sintaxis SPSS; R usa na.rm dentro del dominio,,,DEPARTAMENTO2;DISCAPACIDAD;etnicidad1;idiomaHogar;Nacional;SEXO;tipo_hogar1;AREA;AREA_SEXO,prevalence,1,wald,Departamento=>wald||Discapacidad=>wald||Etnicidad=>wald||Lengua materna=>wald||Nacional=>logit||Sexo=>logit||Tipo de hogar=>wald||Área=>wald||Área y sexo=>wald,Amazonas;Apurímac;Arequipa;Ayacucho;Cajamarca;Callao;Cusco;Huancavelica;Huánuco;Ica;Junín;La Libertad;Lambayeque;Lima Metropolitana;Loreto;Madre de Dios;Moquegua;Pasco;Piura;Puno;Región Lima;San Martín;Tacna;Tumbes;Ucayali;Áncash,10/10b_CRS04_3.4*.sps,02SQL/stage3_08*.sql; bloque exacto registrado en stage3_spss_block_lineage.csv,spss_reference_results.csv,667f82c959c4a59e30e40e1f94ecc7108ed38790f9234b75c4fda83bd6a25fc0,No usado como autoridad de cálculo; validar metadata Stage 02 si se exige trazabilidad PDF,implemented_and_required_by_spss_reference
VS_12M,VS_12M,3.4 Violencia sexual,VS_12M,binary_materialized,VS_12M == 1,casos válidos del diseño muestral,SYSMIS/NULL tratado literalmente por la sintaxis SPSS; R usa na.rm dentro del dominio,,,conducta_riesgo_inducido;conducta_riesgo_personal;mito_sitios_oscuros;mito_fuera_casa;mito_pobreza;mito_locas;DEPARTAMENTO2;Desemp_ExpulsionColegio;Desemp_RepitioGrado;DISCAPACIDAD;etnicidad1;discusion_hogar__violencia;justifica_castigo_docente;justifica_castigo_parental;idiomaHogar;Nacional;OPINION_TOMADA;SEXO;no_ir_colegio;tipo_hogar1;AREA;AREA_SEXO,prevalence,1,wald,Conductas de riesgo inducidas por adultos=>wald||Conductas de riesgo personales=>wald||Creencia: VS ocurre en sitios oscuros=>wald||Creencia: VS ocurre fuera de la casa=>wald||Creencia: VS solo afecta a NNA pobres=>wald||Creencia: VS solo la cometen personas locas=>wald||Departamento=>wald||Desempeño escolar: expulsión de colegio=>wald||Desempeño escolar: repitencia de año=>wald||Discapacidad=>wald||Etnicidad=>wald||Exposición a violencia entre cuidadores=>wald||Justificación del castigo físico docente=>wald||Justificación del castigo físico parental=>wald||Lengua materna=>wald||Nacional=>wald||Participación en decisiones del hogar=>wald||Sexo=>wald||Te piden o te han ordenado no ir al colegio para ayudar a tu mamá o papá u otra persona en la casa u otro lugar=>wald||Tipo de hogar=>wald||Área=>wald||Área y sexo=>wald,Amazonas;Apurímac;Arequipa;Ayacucho;Cajamarca;Callao;Cusco;Huancavelica;Huánuco;Ica;Junín;La Libertad;Lambayeque;Lima Metropolitana;Loreto;Madre de Dios;Moquegua;Pasco;Piura;Puno;Región Lima;San Martín;Tacna;Tumbes;Ucayali;Áncash,10/10b_CRS04_3.4*.sps,02SQL/stage3_08*.sql; bloque exacto registrado en stage3_spss_block_lineage.csv,spss_reference_results.csv,667f82c959c4a59e30e40e1f94ecc7108ed38790f9234b75c4fda83bd6a25fc0,No usado como autoridad de cálculo; validar metadata Stage 02 si se exige trazabilidad PDF,implemented_and_required_by_spss_reference
VS_E,VS_E,3.4 Violencia sexual,VS_E,binary_materialized,VS_E == 1,casos válidos del diseño muestral,SYSMIS/NULL tratado literalmente por la sintaxis SPSS; R usa na.rm dentro del dominio,,,DEPARTAMENTO2;DISCAPACIDAD;etnicidad1;idiomaHogar;Nacional;SEXO;tipo_hogar1;AREA;AREA_SEXO,prevalence,1,wald,Departamento=>wald||Discapacidad=>wald||Etnicidad=>wald||Lengua materna=>wald||Nacional=>wald||Sexo=>wald||Tipo de hogar=>wald||Área=>wald||Área y sexo=>wald,Amazonas;Apurímac;Arequipa;Ayacucho;Cajamarca;Callao;Cusco;Huancavelica;Huánuco;Ica;Junín;La Libertad;Lambayeque;Lima Metropolitana;Loreto;Madre de Dios;Moquegua;Pasco;Piura;Puno;Región Lima;San Martín;Tacna;Tumbes;Ucayali;Áncash,10/10b_CRS04_3.4*.sps,02SQL/stage3_08*.sql; bloque exacto registrado en stage3_spss_block_lineage.csv,spss_reference_results.csv,667f82c959c4a59e30e40e1f94ecc7108ed38790f9234b75c4fda83bd6a25fc0,No usado como autoridad de cálculo; validar metadata Stage 02 si se exige trazabilidad PDF,implemented_and_required_by_spss_reference
VS_E_1,VS_E_1,3.4 Violencia sexual,VS_E_1,binary_materialized,VS_E_1 == 1,casos válidos del diseño muestral,SYSMIS/NULL tratado literalmente por la sintaxis SPSS; R usa na.rm dentro del dominio,,,DEPARTAMENTO2;DISCAPACIDAD;etnicidad1;idiomaHogar;Nacional;SEXO;tipo_hogar1;AREA;AREA_SEXO,prevalence,1,wald,Departamento=>wald||Discapacidad=>wald||Etnicidad=>wald||Lengua materna=>wald||Nacional=>logit||Sexo=>wald||Tipo de hogar=>wald||Área=>wald||Área y sexo=>wald,Amazonas;Apurímac;Arequipa;Ayacucho;Cajamarca;Callao;Cusco;Huancavelica;Huánuco;Ica;Junín;La Libertad;Lambayeque;Lima Metropolitana;Loreto;Madre de Dios;Moquegua;Pasco;Piura;Puno;Región Lima;San Martín;Tacna;Tumbes;Ucayali;Áncash,10/10b_CRS04_3.4*.sps,02SQL/stage3_08*.sql; bloque exacto registrado en stage3_spss_block_lineage.csv,spss_reference_results.csv,667f82c959c4a59e30e40e1f94ecc7108ed38790f9234b75c4fda83bd6a25fc0,No usado como autoridad de cálculo; validar metadata Stage 02 si se exige trazabilidad PDF,implemented_and_required_by_spss_reference
VS_H,VS_H,3.4 Violencia sexual,VS_H,binary_materialized,VS_H == 1,casos válidos del diseño muestral,SYSMIS/NULL tratado literalmente por la sintaxis SPSS; R usa na.rm dentro del dominio,,,DEPARTAMENTO2;DISCAPACIDAD;etnicidad1;idiomaHogar;Nacional;SEXO;tipo_hogar1;AREA;AREA_SEXO,prevalence,1,wald,Departamento=>wald||Discapacidad=>wald||Etnicidad=>wald||Lengua materna=>wald||Nacional=>wald||Sexo=>wald||Tipo de hogar=>wald||Área=>wald||Área y sexo=>wald,Amazonas;Apurímac;Arequipa;Ayacucho;Cajamarca;Callao;Cusco;Huancavelica;Huánuco;Ica;Junín;La Libertad;Lambayeque;Lima Metropolitana;Loreto;Madre de Dios;Moquegua;Pasco;Piura;Puno;Región Lima;San Martín;Tacna;Tumbes;Ucayali;Áncash,10/10b_CRS04_3.4*.sps,02SQL/stage3_08*.sql; bloque exacto registrado en stage3_spss_block_lineage.csv,spss_reference_results.csv,667f82c959c4a59e30e40e1f94ecc7108ed38790f9234b75c4fda83bd6a25fc0,No usado como autoridad de cálculo; validar metadata Stage 02 si se exige trazabilidad PDF,implemented_and_required_by_spss_reference
VS_H_1,VS_H_1,3.4 Violencia sexual,VS_H_1,binary_materialized,VS_H_1 == 1,casos válidos del diseño muestral,SYSMIS/NULL tratado literalmente por la sintaxis SPSS; R usa na.rm dentro del dominio,,,DEPARTAMENTO2;DISCAPACIDAD;etnicidad1;idiomaHogar;Nacional;SEXO;tipo_hogar1;AREA;AREA_SEXO,prevalence,1,wald,Departamento=>wald||Discapacidad=>wald||Etnicidad=>wald||Lengua materna=>wald||Nacional=>wald||Sexo=>wald||Tipo de hogar=>wald||Área=>wald||Área y sexo=>wald,Amazonas;Apurímac;Arequipa;Ayacucho;Cajamarca;Callao;Cusco;Huancavelica;Huánuco;Ica;Junín;La Libertad;Lambayeque;Lima Metropolitana;Loreto;Madre de Dios;Moquegua;Pasco;Piura;Puno;Región Lima;San Martín;Tacna;Tumbes;Ucayali;Áncash,10/10b_CRS04_3.4*.sps,02SQL/stage3_08*.sql; bloque exacto registrado en stage3_spss_block_lineage.csv,spss_reference_results.csv,667f82c959c4a59e30e40e1f94ecc7108ed38790f9234b75c4fda83bd6a25fc0,No usado como autoridad de cálculo; validar metadata Stage 02 si se exige trazabilidad PDF,implemented_and_required_by_spss_reference
VS_OtraPersona_12M,VS_OtraPersona_12M,3.4 Violencia sexual,VS_OtraPersona_12M,binary_materialized,VS_OtraPersona_12M == 1,casos válidos del diseño muestral,SYSMIS/NULL tratado literalmente por la sintaxis SPSS; R usa na.rm dentro del dominio,,,DEPARTAMENTO2;DISCAPACIDAD;etnicidad1;idiomaHogar;Nacional;SEXO;tipo_hogar1;AREA;AREA_SEXO,prevalence,1,wald,Departamento=>wald||Discapacidad=>wald||Etnicidad=>wald||Lengua materna=>wald||Nacional=>wald||Sexo=>wald||Tipo de hogar=>wald||Área=>wald||Área y sexo=>wald,Amazonas;Apurímac;Arequipa;Ayacucho;Cajamarca;Callao;Cusco;Huancavelica;Huánuco;Ica;Junín;La Libertad;Lambayeque;Lima Metropolitana;Loreto;Madre de Dios;Moquegua;Pasco;Piura;Puno;San Martín;Tacna;Áncash,10/10b_CRS04_3.4*.sps,02SQL/stage3_08*.sql; bloque exacto registrado en stage3_spss_block_lineage.csv,spss_reference_results.csv,667f82c959c4a59e30e40e1f94ecc7108ed38790f9234b75c4fda83bd6a25fc0,No usado como autoridad de cálculo; validar metadata Stage 02 si se exige trazabilidad PDF,implemented_and_required_by_spss_reference
VS_OtraPersona_VIDA,VS_OtraPersona_VIDA,3.4 Violencia sexual,VS_OtraPersona_VIDA,binary_materialized,VS_OtraPersona_VIDA == 1,casos válidos del diseño muestral,SYSMIS/NULL tratado literalmente por la sintaxis SPSS; R usa na.rm dentro del dominio,,,DEPARTAMENTO2;DISCAPACIDAD;etnicidad1;idiomaHogar;Nacional;SEXO;tipo_hogar1;AREA;AREA_SEXO,prevalence,1,wald,Departamento=>wald||Discapacidad=>wald||Etnicidad=>wald||Lengua materna=>wald||Nacional=>wald||Sexo=>wald||Tipo de hogar=>wald||Área=>wald||Área y sexo=>wald,Amazonas;Apurímac;Arequipa;Ayacucho;Cajamarca;Callao;Cusco;Huancavelica;Huánuco;Ica;Junín;La Libertad;Lambayeque;Lima Metropolitana;Loreto;Madre de Dios;Moquegua;Pasco;Piura;Puno;San Martín;Tacna;Áncash,10/10b_CRS04_3.4*.sps,02SQL/stage3_08*.sql; bloque exacto registrado en stage3_spss_block_lineage.csv,spss_reference_results.csv,667f82c959c4a59e30e40e1f94ecc7108ed38790f9234b75c4fda83bd6a25fc0,No usado como autoridad de cálculo; validar metadata Stage 02 si se exige trazabilidad PDF,implemented_and_required_by_spss_reference
VS_VIDA,VS_VIDA,3.4 Violencia sexual,VS_VIDA,binary_materialized,VS_VIDA == 1,casos válidos del diseño muestral,SYSMIS/NULL tratado literalmente por la sintaxis SPSS; R usa na.rm dentro del dominio,,,DEPARTAMENTO2;DISCAPACIDAD;etnicidad1;idiomaHogar;Nacional;SEXO;tipo_hogar1;AREA;AREA_SEXO,prevalence,1,wald,Departamento=>wald||Discapacidad=>wald||Etnicidad=>wald||Lengua materna=>wald||Nacional=>wald||Sexo=>wald||Tipo de hogar=>wald||Área=>wald||Área y sexo=>wald,Amazonas;Apurímac;Arequipa;Ayacucho;Cajamarca;Callao;Cusco;Huancavelica;Huánuco;Ica;Junín;La Libertad;Lambayeque;Lima Metropolitana;Loreto;Madre de Dios;Moquegua;Pasco;Piura;Puno;Región Lima;San Martín;Tacna;Tumbes;Ucayali;Áncash,10/10b_CRS04_3.4*.sps,02SQL/stage3_08*.sql; bloque exacto registrado en stage3_spss_block_lineage.csv,spss_reference_results.csv,667f82c959c4a59e30e40e1f94ecc7108ed38790f9234b75c4fda83bd6a25fc0,No usado como autoridad de cálculo; validar metadata Stage 02 si se exige trazabilidad PDF,implemented_and_required_by_spss_reference
apoyo_institucional_escuela,apoyo_institucional_escuela,3.3 Violencia en la escuela,apoyo_institucional_escuela,binary_materialized,apoyo_institucional_escuela == 1,dom_victima_escuela == 1,SYSMIS/NULL tratado literalmente por la sintaxis SPSS; R usa na.rm dentro del dominio,dom_victima_escuela,1,Nacional,prevalence,1,logit,Nacional=>logit,,05/09/09b/09c_CRS03_CRS04_3.3*.sps,02SQL/stage3_08*.sql; bloque exacto registrado en stage3_spss_block_lineage.csv,spss_reference_results.csv,667f82c959c4a59e30e40e1f94ecc7108ed38790f9234b75c4fda83bd6a25fc0,No usado como autoridad de cálculo; validar metadata Stage 02 si se exige trazabilidad PDF,implemented_and_required_by_spss_reference
apoyo_institucional_hogar,apoyo_institucional_hogar,3.2 Violencia en el hogar,apoyo_institucional_hogar,binary_materialized,apoyo_institucional_hogar == 1,dom_victima_hogar == 1,SYSMIS/NULL tratado literalmente por la sintaxis SPSS; R usa na.rm dentro del dominio,dom_victima_hogar,1,Nacional,prevalence,1,logit,Nacional=>logit,,03/08/08b_CRS03_CRS04_3.2*.sps,02SQL/stage3_08*.sql; bloque exacto registrado en stage3_spss_block_lineage.csv,spss_reference_results.csv,667f82c959c4a59e30e40e1f94ecc7108ed38790f9234b75c4fda83bd6a25fc0,No usado como autoridad de cálculo; validar metadata Stage 02 si se exige trazabilidad PDF,implemented_and_required_by_spss_reference
apoyo_institucional_vs,apoyo_institucional_vs,3.1 Características y percepciones,apoyo_institucional_vs,binary_materialized,apoyo_institucional_vs == 1,dom_victima_vs == 1,SYSMIS/NULL tratado literalmente por la sintaxis SPSS; R usa na.rm dentro del dominio,dom_victima_vs,1,Nacional,prevalence,1,logit,Nacional=>logit,,07_CRS04_3.1_Caracteristicas_violencia_Percepciones_ver6.sps,02SQL/stage3_08*.sql; bloque exacto registrado en stage3_spss_block_lineage.csv,spss_reference_results.csv,667f82c959c4a59e30e40e1f94ecc7108ed38790f9234b75c4fda83bd6a25fc0,No usado como autoridad de cálculo; validar metadata Stage 02 si se exige trazabilidad PDF,implemented_and_required_by_spss_reference
ayuda_escuela_abuela,ayuda_escuela_abuela,3.6 Búsqueda de ayuda,ayuda_escuela_abuela,binary_materialized,ayuda_escuela_abuela == 1,dom_busco_escuela == 1,SYSMIS/NULL tratado literalmente por la sintaxis SPSS; R usa na.rm dentro del dominio,dom_busco_escuela,1,Nacional,prevalence,1,logit,Nacional=>logit,,13_CRS04_3.6_BusquedaAyuda*.sps,02SQL/stage3_08*.sql; bloque exacto registrado en stage3_spss_block_lineage.csv,spss_reference_results.csv,667f82c959c4a59e30e40e1f94ecc7108ed38790f9234b75c4fda83bd6a25fc0,No usado como autoridad de cálculo; validar metadata Stage 02 si se exige trazabilidad PDF,implemented_and_required_by_spss_reference
ayuda_escuela_abuelo,ayuda_escuela_abuelo,3.6 Búsqueda de ayuda,ayuda_escuela_abuelo,binary_materialized,ayuda_escuela_abuelo == 1,dom_busco_escuela == 1,SYSMIS/NULL tratado literalmente por la sintaxis SPSS; R usa na.rm dentro del dominio,dom_busco_escuela,1,Nacional,prevalence,1,wald,Nacional=>wald,,13_CRS04_3.6_BusquedaAyuda*.sps,02SQL/stage3_08*.sql; bloque exacto registrado en stage3_spss_block_lineage.csv,spss_reference_results.csv,667f82c959c4a59e30e40e1f94ecc7108ed38790f9234b75c4fda83bd6a25fc0,No usado como autoridad de cálculo; validar metadata Stage 02 si se exige trazabilidad PDF,implemented_and_required_by_spss_reference
ayuda_escuela_aviso_docente,ayuda_escuela_aviso_docente,3.6 Búsqueda de ayuda,ayuda_escuela_aviso_docente,binary_materialized,ayuda_escuela_aviso_docente == 1,dom_recibio_escuela == 1,SYSMIS/NULL tratado literalmente por la sintaxis SPSS; R usa na.rm dentro del dominio,dom_recibio_escuela,1,Nacional,prevalence,1,logit,Nacional=>logit,,13_CRS04_3.6_BusquedaAyuda*.sps,02SQL/stage3_08*.sql; bloque exacto registrado en stage3_spss_block_lineage.csv,spss_reference_results.csv,667f82c959c4a59e30e40e1f94ecc7108ed38790f9234b75c4fda83bd6a25fc0,No usado como autoridad de cálculo; validar metadata Stage 02 si se exige trazabilidad PDF,implemented_and_required_by_spss_reference
ayuda_escuela_car,ayuda_escuela_car,3.6 Búsqueda de ayuda,ayuda_escuela_car,binary_materialized,ayuda_escuela_car == 1,dom_busco_escuela == 1,SYSMIS/NULL tratado literalmente por la sintaxis SPSS; R usa na.rm dentro del dominio,dom_busco_escuela,1,Nacional,prevalence,1,logit,Nacional=>logit,,13_CRS04_3.6_BusquedaAyuda*.sps,02SQL/stage3_08*.sql; bloque exacto registrado en stage3_spss_block_lineage.csv,spss_reference_results.csv,667f82c959c4a59e30e40e1f94ecc7108ed38790f9234b75c4fda83bd6a25fc0,No usado como autoridad de cálculo; validar metadata Stage 02 si se exige trazabilidad PDF,implemented_and_required_by_spss_reference
ayuda_escuela_consejo,ayuda_escuela_consejo,3.6 Búsqueda de ayuda,ayuda_escuela_consejo,binary_materialized,ayuda_escuela_consejo == 1,dom_recibio_escuela == 1,SYSMIS/NULL tratado literalmente por la sintaxis SPSS; R usa na.rm dentro del dominio,dom_recibio_escuela,1,Nacional,prevalence,1,logit,Nacional=>logit,,13_CRS04_3.6_BusquedaAyuda*.sps,02SQL/stage3_08*.sql; bloque exacto registrado en stage3_spss_block_lineage.csv,spss_reference_results.csv,667f82c959c4a59e30e40e1f94ecc7108ed38790f9234b75c4fda83bd6a25fc0,No usado como autoridad de cálculo; validar metadata Stage 02 si se exige trazabilidad PDF,implemented_and_required_by_spss_reference
ayuda_escuela_consuelo,ayuda_escuela_consuelo,3.6 Búsqueda de ayuda,ayuda_escuela_consuelo,binary_materialized,ayuda_escuela_consuelo == 1,dom_recibio_escuela == 1,SYSMIS/NULL tratado literalmente por la sintaxis SPSS; R usa na.rm dentro del dominio,dom_recibio_escuela,1,Nacional,prevalence,1,logit,Nacional=>logit,,13_CRS04_3.6_BusquedaAyuda*.sps,02SQL/stage3_08*.sql; bloque exacto registrado en stage3_spss_block_lineage.csv,spss_reference_results.csv,667f82c959c4a59e30e40e1f94ecc7108ed38790f9234b75c4fda83bd6a25fc0,No usado como autoridad de cálculo; validar metadata Stage 02 si se exige trazabilidad PDF,implemented_and_required_by_spss_reference
ayuda_escuela_escolar_adulto,ayuda_escuela_escolar_adulto,3.6 Búsqueda de ayuda,ayuda_escuela_escolar_adulto,binary_materialized,ayuda_escuela_escolar_adulto == 1,dom_busco_escuela == 1,SYSMIS/NULL tratado literalmente por la sintaxis SPSS; R usa na.rm dentro del dominio,dom_busco_escuela,1,Nacional,prevalence,1,logit,Nacional=>logit,,13_CRS04_3.6_BusquedaAyuda*.sps,02SQL/stage3_08*.sql; bloque exacto registrado en stage3_spss_block_lineage.csv,spss_reference_results.csv,667f82c959c4a59e30e40e1f94ecc7108ed38790f9234b75c4fda83bd6a25fc0,No usado como autoridad de cálculo; validar metadata Stage 02 si se exige trazabilidad PDF,implemented_and_required_by_spss_reference
ayuda_escuela_familiar,ayuda_escuela_familiar,3.6 Búsqueda de ayuda,ayuda_escuela_familiar,binary_materialized,ayuda_escuela_familiar == 1,dom_busco_escuela == 1,SYSMIS/NULL tratado literalmente por la sintaxis SPSS; R usa na.rm dentro del dominio,dom_busco_escuela,1,Nacional,prevalence,1,logit,Nacional=>logit,,13_CRS04_3.6_BusquedaAyuda*.sps,02SQL/stage3_08*.sql; bloque exacto registrado en stage3_spss_block_lineage.csv,spss_reference_results.csv,667f82c959c4a59e30e40e1f94ecc7108ed38790f9234b75c4fda83bd6a25fc0,No usado como autoridad de cálculo; validar metadata Stage 02 si se exige trazabilidad PDF,implemented_and_required_by_spss_reference
ayuda_escuela_hablo_agresor,ayuda_escuela_hablo_agresor,3.6 Búsqueda de ayuda,ayuda_escuela_hablo_agresor,binary_materialized,ayuda_escuela_hablo_agresor == 1,dom_recibio_escuela == 1,SYSMIS/NULL tratado literalmente por la sintaxis SPSS; R usa na.rm dentro del dominio,dom_recibio_escuela,1,Nacional,prevalence,1,logit,Nacional=>logit,,13_CRS04_3.6_BusquedaAyuda*.sps,02SQL/stage3_08*.sql; bloque exacto registrado en stage3_spss_block_lineage.csv,spss_reference_results.csv,667f82c959c4a59e30e40e1f94ecc7108ed38790f9234b75c4fda83bd6a25fc0,No usado como autoridad de cálculo; validar metadata Stage 02 si se exige trazabilidad PDF,implemented_and_required_by_spss_reference
ayuda_escuela_hablo_director,ayuda_escuela_hablo_director,3.6 Búsqueda de ayuda,ayuda_escuela_hablo_director,binary_materialized,ayuda_escuela_hablo_director == 1,dom_recibio_escuela == 1,SYSMIS/NULL tratado literalmente por la sintaxis SPSS; R usa na.rm dentro del dominio,dom_recibio_escuela,1,Nacional,prevalence,1,logit,Nacional=>logit,,13_CRS04_3.6_BusquedaAyuda*.sps,02SQL/stage3_08*.sql; bloque exacto registrado en stage3_spss_block_lineage.csv,spss_reference_results.csv,667f82c959c4a59e30e40e1f94ecc7108ed38790f9234b75c4fda83bd6a25fc0,No usado como autoridad de cálculo; validar metadata Stage 02 si se exige trazabilidad PDF,implemented_and_required_by_spss_reference
ayuda_escuela_hablo_padres_agresor,ayuda_escuela_hablo_padres_agresor,3.6 Búsqueda de ayuda,ayuda_escuela_hablo_padres_agresor,binary_materialized,ayuda_escuela_hablo_padres_agresor == 1,dom_recibio_escuela == 1,SYSMIS/NULL tratado literalmente por la sintaxis SPSS; R usa na.rm dentro del dominio,dom_recibio_escuela,1,Nacional,prevalence,1,logit,Nacional=>logit,,13_CRS04_3.6_BusquedaAyuda*.sps,02SQL/stage3_08*.sql; bloque exacto registrado en stage3_spss_block_lineage.csv,spss_reference_results.csv,667f82c959c4a59e30e40e1f94ecc7108ed38790f9234b75c4fda83bd6a25fc0,No usado como autoridad de cálculo; validar metadata Stage 02 si se exige trazabilidad PDF,implemented_and_required_by_spss_reference
ayuda_escuela_hermana,ayuda_escuela_hermana,3.6 Búsqueda de ayuda,ayuda_escuela_hermana,binary_materialized,ayuda_escuela_hermana == 1,dom_busco_escuela == 1,SYSMIS/NULL tratado literalmente por la sintaxis SPSS; R usa na.rm dentro del dominio,dom_busco_escuela,1,Nacional,prevalence,1,logit,Nacional=>logit,,13_CRS04_3.6_BusquedaAyuda*.sps,02SQL/stage3_08*.sql; bloque exacto registrado en stage3_spss_block_lineage.csv,spss_reference_results.csv,667f82c959c4a59e30e40e1f94ecc7108ed38790f9234b75c4fda83bd6a25fc0,No usado como autoridad de cálculo; validar metadata Stage 02 si se exige trazabilidad PDF,implemented_and_required_by_spss_reference
ayuda_escuela_hermano,ayuda_escuela_hermano,3.6 Búsqueda de ayuda,ayuda_escuela_hermano,binary_materialized,ayuda_escuela_hermano == 1,dom_busco_escuela == 1,SYSMIS/NULL tratado literalmente por la sintaxis SPSS; R usa na.rm dentro del dominio,dom_busco_escuela,1,Nacional,prevalence,1,logit,Nacional=>logit,,13_CRS04_3.6_BusquedaAyuda*.sps,02SQL/stage3_08*.sql; bloque exacto registrado en stage3_spss_block_lineage.csv,spss_reference_results.csv,667f82c959c4a59e30e40e1f94ecc7108ed38790f9234b75c4fda83bd6a25fc0,No usado como autoridad de cálculo; validar metadata Stage 02 si se exige trazabilidad PDF,implemented_and_required_by_spss_reference
ayuda_escuela_llamo_atencion,ayuda_escuela_llamo_atencion,3.6 Búsqueda de ayuda,ayuda_escuela_llamo_atencion,binary_materialized,ayuda_escuela_llamo_atencion == 1,dom_recibio_escuela == 1,SYSMIS/NULL tratado literalmente por la sintaxis SPSS; R usa na.rm dentro del dominio,dom_recibio_escuela,1,Nacional,prevalence,1,logit,Nacional=>logit,,13_CRS04_3.6_BusquedaAyuda*.sps,02SQL/stage3_08*.sql; bloque exacto registrado en stage3_spss_block_lineage.csv,spss_reference_results.csv,667f82c959c4a59e30e40e1f94ecc7108ed38790f9234b75c4fda83bd6a25fc0,No usado como autoridad de cálculo; validar metadata Stage 02 si se exige trazabilidad PDF,implemented_and_required_by_spss_reference
ayuda_escuela_madrastra,ayuda_escuela_madrastra,3.6 Búsqueda de ayuda,ayuda_escuela_madrastra,binary_materialized,ayuda_escuela_madrastra == 1,dom_busco_escuela == 1,SYSMIS/NULL tratado literalmente por la sintaxis SPSS; R usa na.rm dentro del dominio,dom_busco_escuela,1,Nacional,prevalence,1,wald,Nacional=>wald,,13_CRS04_3.6_BusquedaAyuda*.sps,02SQL/stage3_08*.sql; bloque exacto registrado en stage3_spss_block_lineage.csv,spss_reference_results.csv,667f82c959c4a59e30e40e1f94ecc7108ed38790f9234b75c4fda83bd6a25fc0,No usado como autoridad de cálculo; validar metadata Stage 02 si se exige trazabilidad PDF,implemented_and_required_by_spss_reference
ayuda_escuela_madre,ayuda_escuela_madre,3.6 Búsqueda de ayuda,ayuda_escuela_madre,binary_materialized,ayuda_escuela_madre == 1,dom_busco_escuela == 1,SYSMIS/NULL tratado literalmente por la sintaxis SPSS; R usa na.rm dentro del dominio,dom_busco_escuela,1,Nacional,prevalence,1,logit,Nacional=>logit,,13_CRS04_3.6_BusquedaAyuda*.sps,02SQL/stage3_08*.sql; bloque exacto registrado en stage3_spss_block_lineage.csv,spss_reference_results.csv,667f82c959c4a59e30e40e1f94ecc7108ed38790f9234b75c4fda83bd6a25fc0,No usado como autoridad de cálculo; validar metadata Stage 02 si se exige trazabilidad PDF,implemented_and_required_by_spss_reference
ayuda_escuela_otro,ayuda_escuela_otro,3.6 Búsqueda de ayuda,ayuda_escuela_otro,binary_materialized,ayuda_escuela_otro == 1,dom_busco_escuela == 1,SYSMIS/NULL tratado literalmente por la sintaxis SPSS; R usa na.rm dentro del dominio,dom_busco_escuela,1,Nacional,prevalence,1,logit,Nacional=>logit,,13_CRS04_3.6_BusquedaAyuda*.sps,02SQL/stage3_08*.sql; bloque exacto registrado en stage3_spss_block_lineage.csv,spss_reference_results.csv,667f82c959c4a59e30e40e1f94ecc7108ed38790f9234b75c4fda83bd6a25fc0,No usado como autoridad de cálculo; validar metadata Stage 02 si se exige trazabilidad PDF,implemented_and_required_by_spss_reference
ayuda_escuela_otro_pariente,ayuda_escuela_otro_pariente,3.6 Búsqueda de ayuda,ayuda_escuela_otro_pariente,binary_materialized,ayuda_escuela_otro_pariente == 1,dom_busco_escuela == 1,SYSMIS/NULL tratado literalmente por la sintaxis SPSS; R usa na.rm dentro del dominio,dom_busco_escuela,1,Nacional,prevalence,1,logit,Nacional=>logit,,13_CRS04_3.6_BusquedaAyuda*.sps,02SQL/stage3_08*.sql; bloque exacto registrado en stage3_spss_block_lineage.csv,spss_reference_results.csv,667f82c959c4a59e30e40e1f94ecc7108ed38790f9234b75c4fda83bd6a25fc0,No usado como autoridad de cálculo; validar metadata Stage 02 si se exige trazabilidad PDF,implemented_and_required_by_spss_reference
ayuda_escuela_otro_tipo,ayuda_escuela_otro_tipo,3.6 Búsqueda de ayuda,ayuda_escuela_otro_tipo,binary_materialized,ayuda_escuela_otro_tipo == 1,dom_recibio_escuela == 1,SYSMIS/NULL tratado literalmente por la sintaxis SPSS; R usa na.rm dentro del dominio,dom_recibio_escuela,1,Nacional,prevalence,1,logit,Nacional=>logit,,13_CRS04_3.6_BusquedaAyuda*.sps,02SQL/stage3_08*.sql; bloque exacto registrado en stage3_spss_block_lineage.csv,spss_reference_results.csv,667f82c959c4a59e30e40e1f94ecc7108ed38790f9234b75c4fda83bd6a25fc0,No usado como autoridad de cálculo; validar metadata Stage 02 si se exige trazabilidad PDF,implemented_and_required_by_spss_reference
ayuda_escuela_padrastro,ayuda_escuela_padrastro,3.6 Búsqueda de ayuda,ayuda_escuela_padrastro,binary_materialized,ayuda_escuela_padrastro == 1,dom_busco_escuela == 1,SYSMIS/NULL tratado literalmente por la sintaxis SPSS; R usa na.rm dentro del dominio,dom_busco_escuela,1,Nacional,prevalence,1,wald,Nacional=>wald,,13_CRS04_3.6_BusquedaAyuda*.sps,02SQL/stage3_08*.sql; bloque exacto registrado en stage3_spss_block_lineage.csv,spss_reference_results.csv,667f82c959c4a59e30e40e1f94ecc7108ed38790f9234b75c4fda83bd6a25fc0,No usado como autoridad de cálculo; validar metadata Stage 02 si se exige trazabilidad PDF,implemented_and_required_by_spss_reference
ayuda_escuela_padre,ayuda_escuela_padre,3.6 Búsqueda de ayuda,ayuda_escuela_padre,binary_materialized,ayuda_escuela_padre == 1,dom_busco_escuela == 1,SYSMIS/NULL tratado literalmente por la sintaxis SPSS; R usa na.rm dentro del dominio,dom_busco_escuela,1,Nacional,prevalence,1,logit,Nacional=>logit,,13_CRS04_3.6_BusquedaAyuda*.sps,02SQL/stage3_08*.sql; bloque exacto registrado en stage3_spss_block_lineage.csv,spss_reference_results.csv,667f82c959c4a59e30e40e1f94ecc7108ed38790f9234b75c4fda83bd6a25fc0,No usado como autoridad de cálculo; validar metadata Stage 02 si se exige trazabilidad PDF,implemented_and_required_by_spss_reference
ayuda_escuela_pares_amigos,ayuda_escuela_pares_amigos,3.6 Búsqueda de ayuda,ayuda_escuela_pares_amigos,binary_materialized,ayuda_escuela_pares_amigos == 1,dom_busco_escuela == 1,SYSMIS/NULL tratado literalmente por la sintaxis SPSS; R usa na.rm dentro del dominio,dom_busco_escuela,1,Nacional,prevalence,1,logit,Nacional=>logit,,13_CRS04_3.6_BusquedaAyuda*.sps,02SQL/stage3_08*.sql; bloque exacto registrado en stage3_spss_block_lineage.csv,spss_reference_results.csv,667f82c959c4a59e30e40e1f94ecc7108ed38790f9234b75c4fda83bd6a25fc0,No usado como autoridad de cálculo; validar metadata Stage 02 si se exige trazabilidad PDF,implemented_and_required_by_spss_reference
ayuda_escuela_tia,ayuda_escuela_tia,3.6 Búsqueda de ayuda,ayuda_escuela_tia,binary_materialized,ayuda_escuela_tia == 1,dom_busco_escuela == 1,SYSMIS/NULL tratado literalmente por la sintaxis SPSS; R usa na.rm dentro del dominio,dom_busco_escuela,1,Nacional,prevalence,1,logit,Nacional=>logit,,13_CRS04_3.6_BusquedaAyuda*.sps,02SQL/stage3_08*.sql; bloque exacto registrado en stage3_spss_block_lineage.csv,spss_reference_results.csv,667f82c959c4a59e30e40e1f94ecc7108ed38790f9234b75c4fda83bd6a25fc0,No usado como autoridad de cálculo; validar metadata Stage 02 si se exige trazabilidad PDF,implemented_and_required_by_spss_reference
ayuda_escuela_tio,ayuda_escuela_tio,3.6 Búsqueda de ayuda,ayuda_escuela_tio,binary_materialized,ayuda_escuela_tio == 1,dom_busco_escuela == 1,SYSMIS/NULL tratado literalmente por la sintaxis SPSS; R usa na.rm dentro del dominio,dom_busco_escuela,1,Nacional,prevalence,1,logit,Nacional=>logit,,13_CRS04_3.6_BusquedaAyuda*.sps,02SQL/stage3_08*.sql; bloque exacto registrado en stage3_spss_block_lineage.csv,spss_reference_results.csv,667f82c959c4a59e30e40e1f94ecc7108ed38790f9234b75c4fda83bd6a25fc0,No usado como autoridad de cálculo; validar metadata Stage 02 si se exige trazabilidad PDF,implemented_and_required_by_spss_reference
ayuda_hogar_abuela,ayuda_hogar_abuela,3.6 Búsqueda de ayuda,ayuda_hogar_abuela,binary_materialized,ayuda_hogar_abuela == 1,dom_busco_hogar == 1,SYSMIS/NULL tratado literalmente por la sintaxis SPSS; R usa na.rm dentro del dominio,dom_busco_hogar,1,Nacional,prevalence,1,logit,Nacional=>logit,,13_CRS04_3.6_BusquedaAyuda*.sps,02SQL/stage3_08*.sql; bloque exacto registrado en stage3_spss_block_lineage.csv,spss_reference_results.csv,667f82c959c4a59e30e40e1f94ecc7108ed38790f9234b75c4fda83bd6a25fc0,No usado como autoridad de cálculo; validar metadata Stage 02 si se exige trazabilidad PDF,implemented_and_required_by_spss_reference
ayuda_hogar_abuelo,ayuda_hogar_abuelo,3.6 Búsqueda de ayuda,ayuda_hogar_abuelo,binary_materialized,ayuda_hogar_abuelo == 1,dom_busco_hogar == 1,SYSMIS/NULL tratado literalmente por la sintaxis SPSS; R usa na.rm dentro del dominio,dom_busco_hogar,1,Nacional,prevalence,1,logit,Nacional=>logit,,13_CRS04_3.6_BusquedaAyuda*.sps,02SQL/stage3_08*.sql; bloque exacto registrado en stage3_spss_block_lineage.csv,spss_reference_results.csv,667f82c959c4a59e30e40e1f94ecc7108ed38790f9234b75c4fda83bd6a25fc0,No usado como autoridad de cálculo; validar metadata Stage 02 si se exige trazabilidad PDF,implemented_and_required_by_spss_reference
ayuda_hogar_car,ayuda_hogar_car,3.6 Búsqueda de ayuda,ayuda_hogar_car,binary_materialized,ayuda_hogar_car == 1,dom_busco_hogar == 1,SYSMIS/NULL tratado literalmente por la sintaxis SPSS; R usa na.rm dentro del dominio,dom_busco_hogar,1,Nacional,prevalence,1,wald,Nacional=>wald,,13_CRS04_3.6_BusquedaAyuda*.sps,02SQL/stage3_08*.sql; bloque exacto registrado en stage3_spss_block_lineage.csv,spss_reference_results.csv,667f82c959c4a59e30e40e1f94ecc7108ed38790f9234b75c4fda83bd6a25fc0,No usado como autoridad de cálculo; validar metadata Stage 02 si se exige trazabilidad PDF,implemented_and_required_by_spss_reference
ayuda_hogar_consejo,ayuda_hogar_consejo,3.6 Búsqueda de ayuda,ayuda_hogar_consejo,binary_materialized,ayuda_hogar_consejo == 1,dom_recibio_hogar == 1,SYSMIS/NULL tratado literalmente por la sintaxis SPSS; R usa na.rm dentro del dominio,dom_recibio_hogar,1,Nacional,prevalence,1,wald,Nacional=>wald,,13_CRS04_3.6_BusquedaAyuda*.sps,02SQL/stage3_08*.sql; bloque exacto registrado en stage3_spss_block_lineage.csv,spss_reference_results.csv,667f82c959c4a59e30e40e1f94ecc7108ed38790f9234b75c4fda83bd6a25fc0,No usado como autoridad de cálculo; validar metadata Stage 02 si se exige trazabilidad PDF,implemented_and_required_by_spss_reference
ayuda_hogar_consuelo,ayuda_hogar_consuelo,3.6 Búsqueda de ayuda,ayuda_hogar_consuelo,binary_materialized,ayuda_hogar_consuelo == 1,dom_recibio_hogar == 1,SYSMIS/NULL tratado literalmente por la sintaxis SPSS; R usa na.rm dentro del dominio,dom_recibio_hogar,1,Nacional,prevalence,1,logit,Nacional=>logit,,13_CRS04_3.6_BusquedaAyuda*.sps,02SQL/stage3_08*.sql; bloque exacto registrado en stage3_spss_block_lineage.csv,spss_reference_results.csv,667f82c959c4a59e30e40e1f94ecc7108ed38790f9234b75c4fda83bd6a25fc0,No usado como autoridad de cálculo; validar metadata Stage 02 si se exige trazabilidad PDF,implemented_and_required_by_spss_reference
ayuda_hogar_escolar_adulto,ayuda_hogar_escolar_adulto,3.6 Búsqueda de ayuda,ayuda_hogar_escolar_adulto,binary_materialized,ayuda_hogar_escolar_adulto == 1,dom_busco_hogar == 1,SYSMIS/NULL tratado literalmente por la sintaxis SPSS; R usa na.rm dentro del dominio,dom_busco_hogar,1,Nacional,prevalence,1,logit,Nacional=>logit,,13_CRS04_3.6_BusquedaAyuda*.sps,02SQL/stage3_08*.sql; bloque exacto registrado en stage3_spss_block_lineage.csv,spss_reference_results.csv,667f82c959c4a59e30e40e1f94ecc7108ed38790f9234b75c4fda83bd6a25fc0,No usado como autoridad de cálculo; validar metadata Stage 02 si se exige trazabilidad PDF,implemented_and_required_by_spss_reference
ayuda_hogar_familiar,ayuda_hogar_familiar,3.6 Búsqueda de ayuda,ayuda_hogar_familiar,binary_materialized,ayuda_hogar_familiar == 1,dom_busco_hogar == 1,SYSMIS/NULL tratado literalmente por la sintaxis SPSS; R usa na.rm dentro del dominio,dom_busco_hogar,1,Nacional,prevalence,1,logit,Nacional=>logit,,13_CRS04_3.6_BusquedaAyuda*.sps,02SQL/stage3_08*.sql; bloque exacto registrado en stage3_spss_block_lineage.csv,spss_reference_results.csv,667f82c959c4a59e30e40e1f94ecc7108ed38790f9234b75c4fda83bd6a25fc0,No usado como autoridad de cálculo; validar metadata Stage 02 si se exige trazabilidad PDF,implemented_and_required_by_spss_reference
ayuda_hogar_hablo_familia,ayuda_hogar_hablo_familia,3.6 Búsqueda de ayuda,ayuda_hogar_hablo_familia,binary_materialized,ayuda_hogar_hablo_familia == 1,dom_recibio_hogar == 1,SYSMIS/NULL tratado literalmente por la sintaxis SPSS; R usa na.rm dentro del dominio,dom_recibio_hogar,1,Nacional,prevalence,1,logit,Nacional=>logit,,13_CRS04_3.6_BusquedaAyuda*.sps,02SQL/stage3_08*.sql; bloque exacto registrado en stage3_spss_block_lineage.csv,spss_reference_results.csv,667f82c959c4a59e30e40e1f94ecc7108ed38790f9234b75c4fda83bd6a25fc0,No usado como autoridad de cálculo; validar metadata Stage 02 si se exige trazabilidad PDF,implemented_and_required_by_spss_reference
ayuda_hogar_hermana,ayuda_hogar_hermana,3.6 Búsqueda de ayuda,ayuda_hogar_hermana,binary_materialized,ayuda_hogar_hermana == 1,dom_busco_hogar == 1,SYSMIS/NULL tratado literalmente por la sintaxis SPSS; R usa na.rm dentro del dominio,dom_busco_hogar,1,Nacional,prevalence,1,logit,Nacional=>logit,,13_CRS04_3.6_BusquedaAyuda*.sps,02SQL/stage3_08*.sql; bloque exacto registrado en stage3_spss_block_lineage.csv,spss_reference_results.csv,667f82c959c4a59e30e40e1f94ecc7108ed38790f9234b75c4fda83bd6a25fc0,No usado como autoridad de cálculo; validar metadata Stage 02 si se exige trazabilidad PDF,implemented_and_required_by_spss_reference
ayuda_hogar_hermano,ayuda_hogar_hermano,3.6 Búsqueda de ayuda,ayuda_hogar_hermano,binary_materialized,ayuda_hogar_hermano == 1,dom_busco_hogar == 1,SYSMIS/NULL tratado literalmente por la sintaxis SPSS; R usa na.rm dentro del dominio,dom_busco_hogar,1,Nacional,prevalence,1,logit,Nacional=>logit,,13_CRS04_3.6_BusquedaAyuda*.sps,02SQL/stage3_08*.sql; bloque exacto registrado en stage3_spss_block_lineage.csv,spss_reference_results.csv,667f82c959c4a59e30e40e1f94ecc7108ed38790f9234b75c4fda83bd6a25fc0,No usado como autoridad de cálculo; validar metadata Stage 02 si se exige trazabilidad PDF,implemented_and_required_by_spss_reference
ayuda_hogar_llamo_atencion,ayuda_hogar_llamo_atencion,3.6 Búsqueda de ayuda,ayuda_hogar_llamo_atencion,binary_materialized,ayuda_hogar_llamo_atencion == 1,dom_recibio_hogar == 1,SYSMIS/NULL tratado literalmente por la sintaxis SPSS; R usa na.rm dentro del dominio,dom_recibio_hogar,1,Nacional,prevalence,1,logit,Nacional=>logit,,13_CRS04_3.6_BusquedaAyuda*.sps,02SQL/stage3_08*.sql; bloque exacto registrado en stage3_spss_block_lineage.csv,spss_reference_results.csv,667f82c959c4a59e30e40e1f94ecc7108ed38790f9234b75c4fda83bd6a25fc0,No usado como autoridad de cálculo; validar metadata Stage 02 si se exige trazabilidad PDF,implemented_and_required_by_spss_reference
ayuda_hogar_madrastra,ayuda_hogar_madrastra,3.6 Búsqueda de ayuda,ayuda_hogar_madrastra,binary_materialized,ayuda_hogar_madrastra == 1,dom_busco_hogar == 1,SYSMIS/NULL tratado literalmente por la sintaxis SPSS; R usa na.rm dentro del dominio,dom_busco_hogar,1,Nacional,prevalence,1,wald,Nacional=>wald,,13_CRS04_3.6_BusquedaAyuda*.sps,02SQL/stage3_08*.sql; bloque exacto registrado en stage3_spss_block_lineage.csv,spss_reference_results.csv,667f82c959c4a59e30e40e1f94ecc7108ed38790f9234b75c4fda83bd6a25fc0,No usado como autoridad de cálculo; validar metadata Stage 02 si se exige trazabilidad PDF,implemented_and_required_by_spss_reference
ayuda_hogar_madre,ayuda_hogar_madre,3.6 Búsqueda de ayuda,ayuda_hogar_madre,binary_materialized,ayuda_hogar_madre == 1,dom_busco_hogar == 1,SYSMIS/NULL tratado literalmente por la sintaxis SPSS; R usa na.rm dentro del dominio,dom_busco_hogar,1,Nacional,prevalence,1,logit,Nacional=>logit,,13_CRS04_3.6_BusquedaAyuda*.sps,02SQL/stage3_08*.sql; bloque exacto registrado en stage3_spss_block_lineage.csv,spss_reference_results.csv,667f82c959c4a59e30e40e1f94ecc7108ed38790f9234b75c4fda83bd6a25fc0,No usado como autoridad de cálculo; validar metadata Stage 02 si se exige trazabilidad PDF,implemented_and_required_by_spss_reference
ayuda_hogar_otro,ayuda_hogar_otro,3.6 Búsqueda de ayuda,ayuda_hogar_otro,binary_materialized,ayuda_hogar_otro == 1,dom_busco_hogar == 1,SYSMIS/NULL tratado literalmente por la sintaxis SPSS; R usa na.rm dentro del dominio,dom_busco_hogar,1,Nacional,prevalence,1,logit,Nacional=>logit,,13_CRS04_3.6_BusquedaAyuda*.sps,02SQL/stage3_08*.sql; bloque exacto registrado en stage3_spss_block_lineage.csv,spss_reference_results.csv,667f82c959c4a59e30e40e1f94ecc7108ed38790f9234b75c4fda83bd6a25fc0,No usado como autoridad de cálculo; validar metadata Stage 02 si se exige trazabilidad PDF,implemented_and_required_by_spss_reference
ayuda_hogar_otro_pariente,ayuda_hogar_otro_pariente,3.6 Búsqueda de ayuda,ayuda_hogar_otro_pariente,binary_materialized,ayuda_hogar_otro_pariente == 1,dom_busco_hogar == 1,SYSMIS/NULL tratado literalmente por la sintaxis SPSS; R usa na.rm dentro del dominio,dom_busco_hogar,1,Nacional,prevalence,1,logit,Nacional=>logit,,13_CRS04_3.6_BusquedaAyuda*.sps,02SQL/stage3_08*.sql; bloque exacto registrado en stage3_spss_block_lineage.csv,spss_reference_results.csv,667f82c959c4a59e30e40e1f94ecc7108ed38790f9234b75c4fda83bd6a25fc0,No usado como autoridad de cálculo; validar metadata Stage 02 si se exige trazabilidad PDF,implemented_and_required_by_spss_reference
ayuda_hogar_otro_tipo,ayuda_hogar_otro_tipo,3.6 Búsqueda de ayuda,ayuda_hogar_otro_tipo,binary_materialized,ayuda_hogar_otro_tipo == 1,dom_recibio_hogar == 1,SYSMIS/NULL tratado literalmente por la sintaxis SPSS; R usa na.rm dentro del dominio,dom_recibio_hogar,1,Nacional,prevalence,1,logit,Nacional=>logit,,13_CRS04_3.6_BusquedaAyuda*.sps,02SQL/stage3_08*.sql; bloque exacto registrado en stage3_spss_block_lineage.csv,spss_reference_results.csv,667f82c959c4a59e30e40e1f94ecc7108ed38790f9234b75c4fda83bd6a25fc0,No usado como autoridad de cálculo; validar metadata Stage 02 si se exige trazabilidad PDF,implemented_and_required_by_spss_reference
ayuda_hogar_padrastro,ayuda_hogar_padrastro,3.6 Búsqueda de ayuda,ayuda_hogar_padrastro,binary_materialized,ayuda_hogar_padrastro == 1,dom_busco_hogar == 1,SYSMIS/NULL tratado literalmente por la sintaxis SPSS; R usa na.rm dentro del dominio,dom_busco_hogar,1,Nacional,prevalence,1,logit,Nacional=>logit,,13_CRS04_3.6_BusquedaAyuda*.sps,02SQL/stage3_08*.sql; bloque exacto registrado en stage3_spss_block_lineage.csv,spss_reference_results.csv,667f82c959c4a59e30e40e1f94ecc7108ed38790f9234b75c4fda83bd6a25fc0,No usado como autoridad de cálculo; validar metadata Stage 02 si se exige trazabilidad PDF,implemented_and_required_by_spss_reference
ayuda_hogar_padre,ayuda_hogar_padre,3.6 Búsqueda de ayuda,ayuda_hogar_padre,binary_materialized,ayuda_hogar_padre == 1,dom_busco_hogar == 1,SYSMIS/NULL tratado literalmente por la sintaxis SPSS; R usa na.rm dentro del dominio,dom_busco_hogar,1,Nacional,prevalence,1,logit,Nacional=>logit,,13_CRS04_3.6_BusquedaAyuda*.sps,02SQL/stage3_08*.sql; bloque exacto registrado en stage3_spss_block_lineage.csv,spss_reference_results.csv,667f82c959c4a59e30e40e1f94ecc7108ed38790f9234b75c4fda83bd6a25fc0,No usado como autoridad de cálculo; validar metadata Stage 02 si se exige trazabilidad PDF,implemented_and_required_by_spss_reference
ayuda_hogar_pares_amigos,ayuda_hogar_pares_amigos,3.6 Búsqueda de ayuda,ayuda_hogar_pares_amigos,binary_materialized,ayuda_hogar_pares_amigos == 1,dom_busco_hogar == 1,SYSMIS/NULL tratado literalmente por la sintaxis SPSS; R usa na.rm dentro del dominio,dom_busco_hogar,1,Nacional,prevalence,1,logit,Nacional=>logit,,13_CRS04_3.6_BusquedaAyuda*.sps,02SQL/stage3_08*.sql; bloque exacto registrado en stage3_spss_block_lineage.csv,spss_reference_results.csv,667f82c959c4a59e30e40e1f94ecc7108ed38790f9234b75c4fda83bd6a25fc0,No usado como autoridad de cálculo; validar metadata Stage 02 si se exige trazabilidad PDF,implemented_and_required_by_spss_reference
ayuda_hogar_respuesta_agresion,ayuda_hogar_respuesta_agresion,3.6 Búsqueda de ayuda,ayuda_hogar_respuesta_agresion,binary_materialized,ayuda_hogar_respuesta_agresion == 1,dom_recibio_hogar == 1,SYSMIS/NULL tratado literalmente por la sintaxis SPSS; R usa na.rm dentro del dominio,dom_recibio_hogar,1,Nacional,prevalence,1,logit,Nacional=>logit,,13_CRS04_3.6_BusquedaAyuda*.sps,02SQL/stage3_08*.sql; bloque exacto registrado en stage3_spss_block_lineage.csv,spss_reference_results.csv,667f82c959c4a59e30e40e1f94ecc7108ed38790f9234b75c4fda83bd6a25fc0,No usado como autoridad de cálculo; validar metadata Stage 02 si se exige trazabilidad PDF,implemented_and_required_by_spss_reference
ayuda_hogar_tia,ayuda_hogar_tia,3.6 Búsqueda de ayuda,ayuda_hogar_tia,binary_materialized,ayuda_hogar_tia == 1,dom_busco_hogar == 1,SYSMIS/NULL tratado literalmente por la sintaxis SPSS; R usa na.rm dentro del dominio,dom_busco_hogar,1,Nacional,prevalence,1,logit,Nacional=>logit,,13_CRS04_3.6_BusquedaAyuda*.sps,02SQL/stage3_08*.sql; bloque exacto registrado en stage3_spss_block_lineage.csv,spss_reference_results.csv,667f82c959c4a59e30e40e1f94ecc7108ed38790f9234b75c4fda83bd6a25fc0,No usado como autoridad de cálculo; validar metadata Stage 02 si se exige trazabilidad PDF,implemented_and_required_by_spss_reference
ayuda_hogar_tio,ayuda_hogar_tio,3.6 Búsqueda de ayuda,ayuda_hogar_tio,binary_materialized,ayuda_hogar_tio == 1,dom_busco_hogar == 1,SYSMIS/NULL tratado literalmente por la sintaxis SPSS; R usa na.rm dentro del dominio,dom_busco_hogar,1,Nacional,prevalence,1,logit,Nacional=>logit,,13_CRS04_3.6_BusquedaAyuda*.sps,02SQL/stage3_08*.sql; bloque exacto registrado en stage3_spss_block_lineage.csv,spss_reference_results.csv,667f82c959c4a59e30e40e1f94ecc7108ed38790f9234b75c4fda83bd6a25fc0,No usado como autoridad de cálculo; validar metadata Stage 02 si se exige trazabilidad PDF,implemented_and_required_by_spss_reference
ayuda_inst_vs_hablo_familia,ayuda_inst_vs_hablo_familia,3.6 Búsqueda de ayuda,ayuda_inst_vs_hablo_familia,binary_materialized,ayuda_inst_vs_hablo_familia == 1,dom_ayuda_inst_vs == 1,SYSMIS/NULL tratado literalmente por la sintaxis SPSS; R usa na.rm dentro del dominio,dom_ayuda_inst_vs,1,Nacional,prevalence,1,logit,Nacional=>logit,,13_CRS04_3.6_BusquedaAyuda*.sps,02SQL/stage3_08*.sql; bloque exacto registrado en stage3_spss_block_lineage.csv,spss_reference_results.csv,667f82c959c4a59e30e40e1f94ecc7108ed38790f9234b75c4fda83bd6a25fc0,No usado como autoridad de cálculo; validar metadata Stage 02 si se exige trazabilidad PDF,implemented_and_required_by_spss_reference
ayuda_inst_vs_llamo_atencion,ayuda_inst_vs_llamo_atencion,3.6 Búsqueda de ayuda,ayuda_inst_vs_llamo_atencion,binary_materialized,ayuda_inst_vs_llamo_atencion == 1,dom_ayuda_inst_vs == 1,SYSMIS/NULL tratado literalmente por la sintaxis SPSS; R usa na.rm dentro del dominio,dom_ayuda_inst_vs,1,Nacional,prevalence,1,logit,Nacional=>logit,,13_CRS04_3.6_BusquedaAyuda*.sps,02SQL/stage3_08*.sql; bloque exacto registrado en stage3_spss_block_lineage.csv,spss_reference_results.csv,667f82c959c4a59e30e40e1f94ecc7108ed38790f9234b75c4fda83bd6a25fc0,No usado como autoridad de cálculo; validar metadata Stage 02 si se exige trazabilidad PDF,implemented_and_required_by_spss_reference
ayuda_inst_vs_otro,ayuda_inst_vs_otro,3.6 Búsqueda de ayuda,ayuda_inst_vs_otro,binary_materialized,ayuda_inst_vs_otro == 1,dom_ayuda_inst_vs == 1,SYSMIS/NULL tratado literalmente por la sintaxis SPSS; R usa na.rm dentro del dominio,dom_ayuda_inst_vs,1,Nacional,prevalence,1,logit,Nacional=>logit,,13_CRS04_3.6_BusquedaAyuda*.sps,02SQL/stage3_08*.sql; bloque exacto registrado en stage3_spss_block_lineage.csv,spss_reference_results.csv,667f82c959c4a59e30e40e1f94ecc7108ed38790f9234b75c4fda83bd6a25fc0,No usado como autoridad de cálculo; validar metadata Stage 02 si se exige trazabilidad PDF,implemented_and_required_by_spss_reference
ayuda_inst_vs_terapias,ayuda_inst_vs_terapias,3.6 Búsqueda de ayuda,ayuda_inst_vs_terapias,binary_materialized,ayuda_inst_vs_terapias == 1,dom_ayuda_inst_vs == 1,SYSMIS/NULL tratado literalmente por la sintaxis SPSS; R usa na.rm dentro del dominio,dom_ayuda_inst_vs,1,Nacional,prevalence,1,logit,Nacional=>logit,,13_CRS04_3.6_BusquedaAyuda*.sps,02SQL/stage3_08*.sql; bloque exacto registrado en stage3_spss_block_lineage.csv,spss_reference_results.csv,667f82c959c4a59e30e40e1f94ecc7108ed38790f9234b75c4fda83bd6a25fc0,No usado como autoridad de cálculo; validar metadata Stage 02 si se exige trazabilidad PDF,implemented_and_required_by_spss_reference
ayuda_vs_abuela,ayuda_vs_abuela,3.6 Búsqueda de ayuda,ayuda_vs_abuela,binary_materialized,ayuda_vs_abuela == 1,dom_busco_vs == 1,SYSMIS/NULL tratado literalmente por la sintaxis SPSS; R usa na.rm dentro del dominio,dom_busco_vs,1,Nacional,prevalence,1,logit,Nacional=>logit,,13_CRS04_3.6_BusquedaAyuda*.sps,02SQL/stage3_08*.sql; bloque exacto registrado en stage3_spss_block_lineage.csv,spss_reference_results.csv,667f82c959c4a59e30e40e1f94ecc7108ed38790f9234b75c4fda83bd6a25fc0,No usado como autoridad de cálculo; validar metadata Stage 02 si se exige trazabilidad PDF,implemented_and_required_by_spss_reference
ayuda_vs_abuelo,ayuda_vs_abuelo,3.6 Búsqueda de ayuda,ayuda_vs_abuelo,binary_materialized,ayuda_vs_abuelo == 1,dom_busco_vs == 1,SYSMIS/NULL tratado literalmente por la sintaxis SPSS; R usa na.rm dentro del dominio,dom_busco_vs,1,Nacional,prevalence,1,logit,Nacional=>logit,,13_CRS04_3.6_BusquedaAyuda*.sps,02SQL/stage3_08*.sql; bloque exacto registrado en stage3_spss_block_lineage.csv,spss_reference_results.csv,667f82c959c4a59e30e40e1f94ecc7108ed38790f9234b75c4fda83bd6a25fc0,No usado como autoridad de cálculo; validar metadata Stage 02 si se exige trazabilidad PDF,implemented_and_required_by_spss_reference
ayuda_vs_aviso_autoridades,ayuda_vs_aviso_autoridades,3.6 Búsqueda de ayuda,ayuda_vs_aviso_autoridades,binary_materialized,ayuda_vs_aviso_autoridades == 1,dom_recibio_vs == 1,SYSMIS/NULL tratado literalmente por la sintaxis SPSS; R usa na.rm dentro del dominio,dom_recibio_vs,1,Nacional,prevalence,1,logit,Nacional=>logit,,13_CRS04_3.6_BusquedaAyuda*.sps,02SQL/stage3_08*.sql; bloque exacto registrado en stage3_spss_block_lineage.csv,spss_reference_results.csv,667f82c959c4a59e30e40e1f94ecc7108ed38790f9234b75c4fda83bd6a25fc0,No usado como autoridad de cálculo; validar metadata Stage 02 si se exige trazabilidad PDF,implemented_and_required_by_spss_reference
ayuda_vs_car,ayuda_vs_car,3.6 Búsqueda de ayuda,ayuda_vs_car,binary_materialized,ayuda_vs_car == 1,dom_busco_vs == 1,SYSMIS/NULL tratado literalmente por la sintaxis SPSS; R usa na.rm dentro del dominio,dom_busco_vs,1,Nacional,prevalence,1,wald,Nacional=>wald,,13_CRS04_3.6_BusquedaAyuda*.sps,02SQL/stage3_08*.sql; bloque exacto registrado en stage3_spss_block_lineage.csv,spss_reference_results.csv,667f82c959c4a59e30e40e1f94ecc7108ed38790f9234b75c4fda83bd6a25fc0,No usado como autoridad de cálculo; validar metadata Stage 02 si se exige trazabilidad PDF,implemented_and_required_by_spss_reference
ayuda_vs_consejo,ayuda_vs_consejo,3.6 Búsqueda de ayuda,ayuda_vs_consejo,binary_materialized,ayuda_vs_consejo == 1,dom_recibio_vs == 1,SYSMIS/NULL tratado literalmente por la sintaxis SPSS; R usa na.rm dentro del dominio,dom_recibio_vs,1,Nacional,prevalence,1,wald,Nacional=>wald,,13_CRS04_3.6_BusquedaAyuda*.sps,02SQL/stage3_08*.sql; bloque exacto registrado en stage3_spss_block_lineage.csv,spss_reference_results.csv,667f82c959c4a59e30e40e1f94ecc7108ed38790f9234b75c4fda83bd6a25fc0,No usado como autoridad de cálculo; validar metadata Stage 02 si se exige trazabilidad PDF,implemented_and_required_by_spss_reference
ayuda_vs_escolar_adulto,ayuda_vs_escolar_adulto,3.6 Búsqueda de ayuda,ayuda_vs_escolar_adulto,binary_materialized,ayuda_vs_escolar_adulto == 1,dom_busco_vs == 1,SYSMIS/NULL tratado literalmente por la sintaxis SPSS; R usa na.rm dentro del dominio,dom_busco_vs,1,Nacional,prevalence,1,logit,Nacional=>logit,,13_CRS04_3.6_BusquedaAyuda*.sps,02SQL/stage3_08*.sql; bloque exacto registrado en stage3_spss_block_lineage.csv,spss_reference_results.csv,667f82c959c4a59e30e40e1f94ecc7108ed38790f9234b75c4fda83bd6a25fc0,No usado como autoridad de cálculo; validar metadata Stage 02 si se exige trazabilidad PDF,implemented_and_required_by_spss_reference
ayuda_vs_especialista,ayuda_vs_especialista,3.6 Búsqueda de ayuda,ayuda_vs_especialista,binary_materialized,ayuda_vs_especialista == 1,dom_recibio_vs == 1,SYSMIS/NULL tratado literalmente por la sintaxis SPSS; R usa na.rm dentro del dominio,dom_recibio_vs,1,Nacional,prevalence,1,logit,Nacional=>logit,,13_CRS04_3.6_BusquedaAyuda*.sps,02SQL/stage3_08*.sql; bloque exacto registrado en stage3_spss_block_lineage.csv,spss_reference_results.csv,667f82c959c4a59e30e40e1f94ecc7108ed38790f9234b75c4fda83bd6a25fc0,No usado como autoridad de cálculo; validar metadata Stage 02 si se exige trazabilidad PDF,implemented_and_required_by_spss_reference
ayuda_vs_familiar,ayuda_vs_familiar,3.6 Búsqueda de ayuda,ayuda_vs_familiar,binary_materialized,ayuda_vs_familiar == 1,dom_busco_vs == 1,SYSMIS/NULL tratado literalmente por la sintaxis SPSS; R usa na.rm dentro del dominio,dom_busco_vs,1,Nacional,prevalence,1,logit,Nacional=>logit,,13_CRS04_3.6_BusquedaAyuda*.sps,02SQL/stage3_08*.sql; bloque exacto registrado en stage3_spss_block_lineage.csv,spss_reference_results.csv,667f82c959c4a59e30e40e1f94ecc7108ed38790f9234b75c4fda83bd6a25fc0,No usado como autoridad de cálculo; validar metadata Stage 02 si se exige trazabilidad PDF,implemented_and_required_by_spss_reference
ayuda_vs_hablo_madre_padre,ayuda_vs_hablo_madre_padre,3.6 Búsqueda de ayuda,ayuda_vs_hablo_madre_padre,binary_materialized,ayuda_vs_hablo_madre_padre == 1,dom_recibio_vs == 1,SYSMIS/NULL tratado literalmente por la sintaxis SPSS; R usa na.rm dentro del dominio,dom_recibio_vs,1,Nacional,prevalence,1,logit,Nacional=>logit,,13_CRS04_3.6_BusquedaAyuda*.sps,02SQL/stage3_08*.sql; bloque exacto registrado en stage3_spss_block_lineage.csv,spss_reference_results.csv,667f82c959c4a59e30e40e1f94ecc7108ed38790f9234b75c4fda83bd6a25fc0,No usado como autoridad de cálculo; validar metadata Stage 02 si se exige trazabilidad PDF,implemented_and_required_by_spss_reference
ayuda_vs_hermana,ayuda_vs_hermana,3.6 Búsqueda de ayuda,ayuda_vs_hermana,binary_materialized,ayuda_vs_hermana == 1,dom_busco_vs == 1,SYSMIS/NULL tratado literalmente por la sintaxis SPSS; R usa na.rm dentro del dominio,dom_busco_vs,1,Nacional,prevalence,1,logit,Nacional=>logit,,13_CRS04_3.6_BusquedaAyuda*.sps,02SQL/stage3_08*.sql; bloque exacto registrado en stage3_spss_block_lineage.csv,spss_reference_results.csv,667f82c959c4a59e30e40e1f94ecc7108ed38790f9234b75c4fda83bd6a25fc0,No usado como autoridad de cálculo; validar metadata Stage 02 si se exige trazabilidad PDF,implemented_and_required_by_spss_reference
ayuda_vs_hermano,ayuda_vs_hermano,3.6 Búsqueda de ayuda,ayuda_vs_hermano,binary_materialized,ayuda_vs_hermano == 1,dom_busco_vs == 1,SYSMIS/NULL tratado literalmente por la sintaxis SPSS; R usa na.rm dentro del dominio,dom_busco_vs,1,Nacional,prevalence,1,logit,Nacional=>logit,,13_CRS04_3.6_BusquedaAyuda*.sps,02SQL/stage3_08*.sql; bloque exacto registrado en stage3_spss_block_lineage.csv,spss_reference_results.csv,667f82c959c4a59e30e40e1f94ecc7108ed38790f9234b75c4fda83bd6a25fc0,No usado como autoridad de cálculo; validar metadata Stage 02 si se exige trazabilidad PDF,implemented_and_required_by_spss_reference
ayuda_vs_madrastra,ayuda_vs_madrastra,3.6 Búsqueda de ayuda,ayuda_vs_madrastra,binary_materialized,ayuda_vs_madrastra == 1,dom_busco_vs == 1,SYSMIS/NULL tratado literalmente por la sintaxis SPSS; R usa na.rm dentro del dominio,dom_busco_vs,1,Nacional,prevalence,1,logit,Nacional=>logit,,13_CRS04_3.6_BusquedaAyuda*.sps,02SQL/stage3_08*.sql; bloque exacto registrado en stage3_spss_block_lineage.csv,spss_reference_results.csv,667f82c959c4a59e30e40e1f94ecc7108ed38790f9234b75c4fda83bd6a25fc0,No usado como autoridad de cálculo; validar metadata Stage 02 si se exige trazabilidad PDF,implemented_and_required_by_spss_reference
ayuda_vs_madre,ayuda_vs_madre,3.6 Búsqueda de ayuda,ayuda_vs_madre,binary_materialized,ayuda_vs_madre == 1,dom_busco_vs == 1,SYSMIS/NULL tratado literalmente por la sintaxis SPSS; R usa na.rm dentro del dominio,dom_busco_vs,1,Nacional,prevalence,1,logit,Nacional=>logit,,13_CRS04_3.6_BusquedaAyuda*.sps,02SQL/stage3_08*.sql; bloque exacto registrado en stage3_spss_block_lineage.csv,spss_reference_results.csv,667f82c959c4a59e30e40e1f94ecc7108ed38790f9234b75c4fda83bd6a25fc0,No usado como autoridad de cálculo; validar metadata Stage 02 si se exige trazabilidad PDF,implemented_and_required_by_spss_reference
ayuda_vs_otro,ayuda_vs_otro,3.6 Búsqueda de ayuda,ayuda_vs_otro,binary_materialized,ayuda_vs_otro == 1,dom_busco_vs == 1,SYSMIS/NULL tratado literalmente por la sintaxis SPSS; R usa na.rm dentro del dominio,dom_busco_vs,1,Nacional,prevalence,1,logit,Nacional=>logit,,13_CRS04_3.6_BusquedaAyuda*.sps,02SQL/stage3_08*.sql; bloque exacto registrado en stage3_spss_block_lineage.csv,spss_reference_results.csv,667f82c959c4a59e30e40e1f94ecc7108ed38790f9234b75c4fda83bd6a25fc0,No usado como autoridad de cálculo; validar metadata Stage 02 si se exige trazabilidad PDF,implemented_and_required_by_spss_reference
ayuda_vs_otro_pariente,ayuda_vs_otro_pariente,3.6 Búsqueda de ayuda,ayuda_vs_otro_pariente,binary_materialized,ayuda_vs_otro_pariente == 1,dom_busco_vs == 1,SYSMIS/NULL tratado literalmente por la sintaxis SPSS; R usa na.rm dentro del dominio,dom_busco_vs,1,Nacional,prevalence,1,logit,Nacional=>logit,,13_CRS04_3.6_BusquedaAyuda*.sps,02SQL/stage3_08*.sql; bloque exacto registrado en stage3_spss_block_lineage.csv,spss_reference_results.csv,667f82c959c4a59e30e40e1f94ecc7108ed38790f9234b75c4fda83bd6a25fc0,No usado como autoridad de cálculo; validar metadata Stage 02 si se exige trazabilidad PDF,implemented_and_required_by_spss_reference
ayuda_vs_otro_tipo,ayuda_vs_otro_tipo,3.6 Búsqueda de ayuda,ayuda_vs_otro_tipo,binary_materialized,ayuda_vs_otro_tipo == 1,dom_recibio_vs == 1,SYSMIS/NULL tratado literalmente por la sintaxis SPSS; R usa na.rm dentro del dominio,dom_recibio_vs,1,Nacional,prevalence,1,logit,Nacional=>logit,,13_CRS04_3.6_BusquedaAyuda*.sps,02SQL/stage3_08*.sql; bloque exacto registrado en stage3_spss_block_lineage.csv,spss_reference_results.csv,667f82c959c4a59e30e40e1f94ecc7108ed38790f9234b75c4fda83bd6a25fc0,No usado como autoridad de cálculo; validar metadata Stage 02 si se exige trazabilidad PDF,implemented_and_required_by_spss_reference
ayuda_vs_padrastro,ayuda_vs_padrastro,3.6 Búsqueda de ayuda,ayuda_vs_padrastro,binary_materialized,ayuda_vs_padrastro == 1,dom_busco_vs == 1,SYSMIS/NULL tratado literalmente por la sintaxis SPSS; R usa na.rm dentro del dominio,dom_busco_vs,1,Nacional,prevalence,1,logit,Nacional=>logit,,13_CRS04_3.6_BusquedaAyuda*.sps,02SQL/stage3_08*.sql; bloque exacto registrado en stage3_spss_block_lineage.csv,spss_reference_results.csv,667f82c959c4a59e30e40e1f94ecc7108ed38790f9234b75c4fda83bd6a25fc0,No usado como autoridad de cálculo; validar metadata Stage 02 si se exige trazabilidad PDF,implemented_and_required_by_spss_reference
ayuda_vs_padre,ayuda_vs_padre,3.6 Búsqueda de ayuda,ayuda_vs_padre,binary_materialized,ayuda_vs_padre == 1,dom_busco_vs == 1,SYSMIS/NULL tratado literalmente por la sintaxis SPSS; R usa na.rm dentro del dominio,dom_busco_vs,1,Nacional,prevalence,1,logit,Nacional=>logit,,13_CRS04_3.6_BusquedaAyuda*.sps,02SQL/stage3_08*.sql; bloque exacto registrado en stage3_spss_block_lineage.csv,spss_reference_results.csv,667f82c959c4a59e30e40e1f94ecc7108ed38790f9234b75c4fda83bd6a25fc0,No usado como autoridad de cálculo; validar metadata Stage 02 si se exige trazabilidad PDF,implemented_and_required_by_spss_reference
ayuda_vs_pares_amigos,ayuda_vs_pares_amigos,3.6 Búsqueda de ayuda,ayuda_vs_pares_amigos,binary_materialized,ayuda_vs_pares_amigos == 1,dom_busco_vs == 1,SYSMIS/NULL tratado literalmente por la sintaxis SPSS; R usa na.rm dentro del dominio,dom_busco_vs,1,Nacional,prevalence,1,logit,Nacional=>logit,,13_CRS04_3.6_BusquedaAyuda*.sps,02SQL/stage3_08*.sql; bloque exacto registrado en stage3_spss_block_lineage.csv,spss_reference_results.csv,667f82c959c4a59e30e40e1f94ecc7108ed38790f9234b75c4fda83bd6a25fc0,No usado como autoridad de cálculo; validar metadata Stage 02 si se exige trazabilidad PDF,implemented_and_required_by_spss_reference
ayuda_vs_reclamo_agresor,ayuda_vs_reclamo_agresor,3.6 Búsqueda de ayuda,ayuda_vs_reclamo_agresor,binary_materialized,ayuda_vs_reclamo_agresor == 1,dom_recibio_vs == 1,SYSMIS/NULL tratado literalmente por la sintaxis SPSS; R usa na.rm dentro del dominio,dom_recibio_vs,1,Nacional,prevalence,1,logit,Nacional=>logit,,13_CRS04_3.6_BusquedaAyuda*.sps,02SQL/stage3_08*.sql; bloque exacto registrado en stage3_spss_block_lineage.csv,spss_reference_results.csv,667f82c959c4a59e30e40e1f94ecc7108ed38790f9234b75c4fda83bd6a25fc0,No usado como autoridad de cálculo; validar metadata Stage 02 si se exige trazabilidad PDF,implemented_and_required_by_spss_reference
ayuda_vs_refugio,ayuda_vs_refugio,3.6 Búsqueda de ayuda,ayuda_vs_refugio,binary_materialized,ayuda_vs_refugio == 1,dom_recibio_vs == 1,SYSMIS/NULL tratado literalmente por la sintaxis SPSS; R usa na.rm dentro del dominio,dom_recibio_vs,1,Nacional,prevalence,1,logit,Nacional=>logit,,13_CRS04_3.6_BusquedaAyuda*.sps,02SQL/stage3_08*.sql; bloque exacto registrado en stage3_spss_block_lineage.csv,spss_reference_results.csv,667f82c959c4a59e30e40e1f94ecc7108ed38790f9234b75c4fda83bd6a25fc0,No usado como autoridad de cálculo; validar metadata Stage 02 si se exige trazabilidad PDF,implemented_and_required_by_spss_reference
ayuda_vs_tia,ayuda_vs_tia,3.6 Búsqueda de ayuda,ayuda_vs_tia,binary_materialized,ayuda_vs_tia == 1,dom_busco_vs == 1,SYSMIS/NULL tratado literalmente por la sintaxis SPSS; R usa na.rm dentro del dominio,dom_busco_vs,1,Nacional,prevalence,1,logit,Nacional=>logit,,13_CRS04_3.6_BusquedaAyuda*.sps,02SQL/stage3_08*.sql; bloque exacto registrado en stage3_spss_block_lineage.csv,spss_reference_results.csv,667f82c959c4a59e30e40e1f94ecc7108ed38790f9234b75c4fda83bd6a25fc0,No usado como autoridad de cálculo; validar metadata Stage 02 si se exige trazabilidad PDF,implemented_and_required_by_spss_reference
ayuda_vs_tio,ayuda_vs_tio,3.6 Búsqueda de ayuda,ayuda_vs_tio,binary_materialized,ayuda_vs_tio == 1,dom_busco_vs == 1,SYSMIS/NULL tratado literalmente por la sintaxis SPSS; R usa na.rm dentro del dominio,dom_busco_vs,1,Nacional,prevalence,1,logit,Nacional=>logit,,13_CRS04_3.6_BusquedaAyuda*.sps,02SQL/stage3_08*.sql; bloque exacto registrado en stage3_spss_block_lineage.csv,spss_reference_results.csv,667f82c959c4a59e30e40e1f94ecc7108ed38790f9234b75c4fda83bd6a25fc0,No usado como autoridad de cálculo; validar metadata Stage 02 si se exige trazabilidad PDF,implemented_and_required_by_spss_reference
brecha_ayuda_escuela,brecha_ayuda_escuela,3.6 Búsqueda de ayuda,brecha_ayuda_escuela,binary_materialized,brecha_ayuda_escuela == 1,dom_busco_escuela == 1,SYSMIS/NULL tratado literalmente por la sintaxis SPSS; R usa na.rm dentro del dominio,dom_busco_escuela,1,Nacional,prevalence,1,logit,Nacional=>logit,,13_CRS04_3.6_BusquedaAyuda*.sps,02SQL/stage3_08*.sql; bloque exacto registrado en stage3_spss_block_lineage.csv,spss_reference_results.csv,667f82c959c4a59e30e40e1f94ecc7108ed38790f9234b75c4fda83bd6a25fc0,No usado como autoridad de cálculo; validar metadata Stage 02 si se exige trazabilidad PDF,implemented_and_required_by_spss_reference
brecha_ayuda_hogar,brecha_ayuda_hogar,3.6 Búsqueda de ayuda,brecha_ayuda_hogar,binary_materialized,brecha_ayuda_hogar == 1,dom_busco_hogar == 1,SYSMIS/NULL tratado literalmente por la sintaxis SPSS; R usa na.rm dentro del dominio,dom_busco_hogar,1,Nacional,prevalence,1,logit,Nacional=>logit,,13_CRS04_3.6_BusquedaAyuda*.sps,02SQL/stage3_08*.sql; bloque exacto registrado en stage3_spss_block_lineage.csv,spss_reference_results.csv,667f82c959c4a59e30e40e1f94ecc7108ed38790f9234b75c4fda83bd6a25fc0,No usado como autoridad de cálculo; validar metadata Stage 02 si se exige trazabilidad PDF,implemented_and_required_by_spss_reference
brecha_ayuda_vs,brecha_ayuda_vs,3.6 Búsqueda de ayuda,brecha_ayuda_vs,binary_materialized,brecha_ayuda_vs == 1,dom_busco_vs == 1,SYSMIS/NULL tratado literalmente por la sintaxis SPSS; R usa na.rm dentro del dominio,dom_busco_vs,1,Nacional,prevalence,1,logit,Nacional=>logit,,13_CRS04_3.6_BusquedaAyuda*.sps,02SQL/stage3_08*.sql; bloque exacto registrado en stage3_spss_block_lineage.csv,spss_reference_results.csv,667f82c959c4a59e30e40e1f94ecc7108ed38790f9234b75c4fda83bd6a25fc0,No usado como autoridad de cálculo; validar metadata Stage 02 si se exige trazabilidad PDF,implemented_and_required_by_spss_reference
brecha_institucional_escuela,brecha_institucional_escuela,3.3 Violencia en la escuela,brecha_institucional_escuela,binary_materialized,brecha_institucional_escuela == 1,dom_victima_escuela == 1,SYSMIS/NULL tratado literalmente por la sintaxis SPSS; R usa na.rm dentro del dominio,dom_victima_escuela,1,Nacional,prevalence,1,logit,Nacional=>logit,,05/09/09b/09c_CRS03_CRS04_3.3*.sps,02SQL/stage3_08*.sql; bloque exacto registrado en stage3_spss_block_lineage.csv,spss_reference_results.csv,667f82c959c4a59e30e40e1f94ecc7108ed38790f9234b75c4fda83bd6a25fc0,No usado como autoridad de cálculo; validar metadata Stage 02 si se exige trazabilidad PDF,implemented_and_required_by_spss_reference
brecha_institucional_hogar,brecha_institucional_hogar,3.2 Violencia en el hogar,brecha_institucional_hogar,binary_materialized,brecha_institucional_hogar == 1,dom_victima_hogar == 1,SYSMIS/NULL tratado literalmente por la sintaxis SPSS; R usa na.rm dentro del dominio,dom_victima_hogar,1,Nacional,prevalence,1,logit,Nacional=>logit,,03/08/08b_CRS03_CRS04_3.2*.sps,02SQL/stage3_08*.sql; bloque exacto registrado en stage3_spss_block_lineage.csv,spss_reference_results.csv,667f82c959c4a59e30e40e1f94ecc7108ed38790f9234b75c4fda83bd6a25fc0,No usado como autoridad de cálculo; validar metadata Stage 02 si se exige trazabilidad PDF,implemented_and_required_by_spss_reference
brecha_institucional_vs,brecha_institucional_vs,3.1 Características y percepciones,brecha_institucional_vs,binary_materialized,brecha_institucional_vs == 1,dom_victima_vs == 1,SYSMIS/NULL tratado literalmente por la sintaxis SPSS; R usa na.rm dentro del dominio,dom_victima_vs,1,Nacional,prevalence,1,logit,Nacional=>logit,,07_CRS04_3.1_Caracteristicas_violencia_Percepciones_ver6.sps,02SQL/stage3_08*.sql; bloque exacto registrado en stage3_spss_block_lineage.csv,spss_reference_results.csv,667f82c959c4a59e30e40e1f94ecc7108ed38790f9234b75c4fda83bd6a25fc0,No usado como autoridad de cálculo; validar metadata Stage 02 si se exige trazabilidad PDF,implemented_and_required_by_spss_reference
busco_ayuda_escuela,busco_ayuda_escuela,3.6 Búsqueda de ayuda,busco_ayuda_escuela,binary_materialized,busco_ayuda_escuela == 1,dom_victima_escuela == 1,SYSMIS/NULL tratado literalmente por la sintaxis SPSS; R usa na.rm dentro del dominio,dom_victima_escuela,1,Nacional,prevalence,1,wald,Nacional=>wald,,13_CRS04_3.6_BusquedaAyuda*.sps,02SQL/stage3_08*.sql; bloque exacto registrado en stage3_spss_block_lineage.csv,spss_reference_results.csv,667f82c959c4a59e30e40e1f94ecc7108ed38790f9234b75c4fda83bd6a25fc0,No usado como autoridad de cálculo; validar metadata Stage 02 si se exige trazabilidad PDF,implemented_and_required_by_spss_reference
busco_ayuda_hogar,busco_ayuda_hogar,3.6 Búsqueda de ayuda,busco_ayuda_hogar,binary_materialized,busco_ayuda_hogar == 1,dom_victima_hogar == 1,SYSMIS/NULL tratado literalmente por la sintaxis SPSS; R usa na.rm dentro del dominio,dom_victima_hogar,1,Nacional,prevalence,1,logit,Nacional=>logit,,13_CRS04_3.6_BusquedaAyuda*.sps,02SQL/stage3_08*.sql; bloque exacto registrado en stage3_spss_block_lineage.csv,spss_reference_results.csv,667f82c959c4a59e30e40e1f94ecc7108ed38790f9234b75c4fda83bd6a25fc0,No usado como autoridad de cálculo; validar metadata Stage 02 si se exige trazabilidad PDF,implemented_and_required_by_spss_reference
busco_ayuda_vs,busco_ayuda_vs,3.6 Búsqueda de ayuda,busco_ayuda_vs,binary_materialized,busco_ayuda_vs == 1,dom_victima_vs == 1,SYSMIS/NULL tratado literalmente por la sintaxis SPSS; R usa na.rm dentro del dominio,dom_victima_vs,1,Nacional,prevalence,1,wald,Nacional=>wald,,13_CRS04_3.6_BusquedaAyuda*.sps,02SQL/stage3_08*.sql; bloque exacto registrado en stage3_spss_block_lineage.csv,spss_reference_results.csv,667f82c959c4a59e30e40e1f94ecc7108ed38790f9234b75c4fda83bd6a25fc0,No usado como autoridad de cálculo; validar metadata Stage 02 si se exige trazabilidad PDF,implemented_and_required_by_spss_reference
conoce_demuna,conoce_demuna,3.6 Búsqueda de ayuda,conoce_demuna,binary_materialized,conoce_demuna == 1,dom_victima_vs == 1,SYSMIS/NULL tratado literalmente por la sintaxis SPSS; R usa na.rm dentro del dominio,dom_victima_vs,1,Nacional,prevalence,1,logit,Nacional=>logit,,13_CRS04_3.6_BusquedaAyuda*.sps,02SQL/stage3_08*.sql; bloque exacto registrado en stage3_spss_block_lineage.csv,spss_reference_results.csv,667f82c959c4a59e30e40e1f94ecc7108ed38790f9234b75c4fda83bd6a25fc0,No usado como autoridad de cálculo; validar metadata Stage 02 si se exige trazabilidad PDF,implemented_and_required_by_spss_reference
justifica_castigo_docente,justifica_castigo_docente,3.1 Características y percepciones,justifica_castigo_docente,binary_materialized,justifica_castigo_docente == 1,casos válidos del diseño muestral,SYSMIS/NULL tratado literalmente por la sintaxis SPSS; R usa na.rm dentro del dominio,,,DEPARTAMENTO2;DISCAPACIDAD;etnicidad1;idiomaHogar;Nacional;SEXO;tipo_hogar1;AREA;AREA_SEXO,prevalence,1,wald,Departamento=>wald||Discapacidad=>wald||Etnicidad=>wald||Lengua materna=>wald||Nacional=>wald||Sexo=>wald||Tipo de hogar=>wald||Área=>wald||Área y sexo=>wald,Amazonas;Apurímac;Arequipa;Ayacucho;Cajamarca;Callao;Cusco;Huancavelica;Huánuco;Ica;Junín;La Libertad;Lambayeque;Lima Metropolitana;Loreto;Madre de Dios;Moquegua;Pasco;Piura;Puno;Región Lima;San Martín;Tacna;Tumbes;Ucayali;Áncash,07_CRS04_3.1_Caracteristicas_violencia_Percepciones_ver6.sps,02SQL/stage3_08*.sql; bloque exacto registrado en stage3_spss_block_lineage.csv,spss_reference_results.csv,667f82c959c4a59e30e40e1f94ecc7108ed38790f9234b75c4fda83bd6a25fc0,No usado como autoridad de cálculo; validar metadata Stage 02 si se exige trazabilidad PDF,implemented_and_required_by_spss_reference
justifica_castigo_parental,justifica_castigo_parental,3.1 Características y percepciones,justifica_castigo_parental,binary_materialized,justifica_castigo_parental == 1,casos válidos del diseño muestral,SYSMIS/NULL tratado literalmente por la sintaxis SPSS; R usa na.rm dentro del dominio,,,DEPARTAMENTO2;DISCAPACIDAD;etnicidad1;idiomaHogar;Nacional;SEXO;tipo_hogar1;AREA;AREA_SEXO,prevalence,1,wald,Departamento=>wald||Discapacidad=>wald||Etnicidad=>wald||Lengua materna=>wald||Nacional=>wald||Sexo=>wald||Tipo de hogar=>wald||Área=>wald||Área y sexo=>wald,Amazonas;Apurímac;Arequipa;Ayacucho;Cajamarca;Callao;Cusco;Huancavelica;Huánuco;Ica;Junín;La Libertad;Lambayeque;Lima Metropolitana;Loreto;Madre de Dios;Moquegua;Pasco;Piura;Puno;Región Lima;San Martín;Tacna;Tumbes;Ucayali;Áncash,07_CRS04_3.1_Caracteristicas_violencia_Percepciones_ver6.sps,02SQL/stage3_08*.sql; bloque exacto registrado en stage3_spss_block_lineage.csv,spss_reference_results.csv,667f82c959c4a59e30e40e1f94ecc7108ed38790f9234b75c4fda83bd6a25fc0,No usado como autoridad de cálculo; validar metadata Stage 02 si se exige trazabilidad PDF,implemented_and_required_by_spss_reference
mito_fuera_casa,mito_fuera_casa,3.1 Características y percepciones,mito_fuera_casa,binary_materialized,mito_fuera_casa == 1,casos válidos del diseño muestral,SYSMIS/NULL tratado literalmente por la sintaxis SPSS; R usa na.rm dentro del dominio,,,DEPARTAMENTO2;DISCAPACIDAD;etnicidad1;idiomaHogar;Nacional;SEXO;tipo_hogar1;AREA;AREA_SEXO,prevalence,1,wald,Departamento=>wald||Discapacidad=>logit||Etnicidad=>wald||Lengua materna=>wald||Nacional=>wald||Sexo=>wald||Tipo de hogar=>wald||Área=>wald||Área y sexo=>wald,Amazonas;Apurímac;Arequipa;Ayacucho;Cajamarca;Callao;Cusco;Huancavelica;Huánuco;Ica;Junín;La Libertad;Lambayeque;Lima Metropolitana;Loreto;Madre de Dios;Moquegua;Pasco;Piura;Puno;Región Lima;San Martín;Tacna;Tumbes;Ucayali;Áncash,07_CRS04_3.1_Caracteristicas_violencia_Percepciones_ver6.sps,02SQL/stage3_08*.sql; bloque exacto registrado en stage3_spss_block_lineage.csv,spss_reference_results.csv,667f82c959c4a59e30e40e1f94ecc7108ed38790f9234b75c4fda83bd6a25fc0,No usado como autoridad de cálculo; validar metadata Stage 02 si se exige trazabilidad PDF,implemented_and_required_by_spss_reference
mito_locas,mito_locas,3.1 Características y percepciones,mito_locas,binary_materialized,mito_locas == 1,casos válidos del diseño muestral,SYSMIS/NULL tratado literalmente por la sintaxis SPSS; R usa na.rm dentro del dominio,,,DEPARTAMENTO2;DISCAPACIDAD;etnicidad1;idiomaHogar;Nacional;SEXO;tipo_hogar1;AREA;AREA_SEXO,prevalence,1,wald,Departamento=>wald||Discapacidad=>wald||Etnicidad=>wald||Lengua materna=>wald||Nacional=>wald||Sexo=>logit||Tipo de hogar=>wald||Área=>wald||Área y sexo=>wald,Amazonas;Apurímac;Arequipa;Ayacucho;Cajamarca;Callao;Cusco;Huancavelica;Huánuco;Ica;Junín;La Libertad;Lambayeque;Lima Metropolitana;Loreto;Madre de Dios;Moquegua;Pasco;Piura;Puno;Región Lima;San Martín;Tacna;Tumbes;Ucayali;Áncash,07_CRS04_3.1_Caracteristicas_violencia_Percepciones_ver6.sps,02SQL/stage3_08*.sql; bloque exacto registrado en stage3_spss_block_lineage.csv,spss_reference_results.csv,667f82c959c4a59e30e40e1f94ecc7108ed38790f9234b75c4fda83bd6a25fc0,No usado como autoridad de cálculo; validar metadata Stage 02 si se exige trazabilidad PDF,implemented_and_required_by_spss_reference
mito_pobreza,mito_pobreza,3.1 Características y percepciones,mito_pobreza,binary_materialized,mito_pobreza == 1,casos válidos del diseño muestral,SYSMIS/NULL tratado literalmente por la sintaxis SPSS; R usa na.rm dentro del dominio,,,DEPARTAMENTO2;DISCAPACIDAD;etnicidad1;idiomaHogar;Nacional;SEXO;tipo_hogar1;AREA;AREA_SEXO,prevalence,1,wald,Departamento=>wald||Discapacidad=>wald||Etnicidad=>wald||Lengua materna=>wald||Nacional=>wald||Sexo=>wald||Tipo de hogar=>wald||Área=>wald||Área y sexo=>wald,Amazonas;Apurímac;Arequipa;Ayacucho;Cajamarca;Callao;Cusco;Huancavelica;Huánuco;Ica;Junín;La Libertad;Lambayeque;Lima Metropolitana;Loreto;Madre de Dios;Moquegua;Pasco;Piura;Puno;Región Lima;San Martín;Tacna;Tumbes;Ucayali;Áncash,07_CRS04_3.1_Caracteristicas_violencia_Percepciones_ver6.sps,02SQL/stage3_08*.sql; bloque exacto registrado en stage3_spss_block_lineage.csv,spss_reference_results.csv,667f82c959c4a59e30e40e1f94ecc7108ed38790f9234b75c4fda83bd6a25fc0,No usado como autoridad de cálculo; validar metadata Stage 02 si se exige trazabilidad PDF,implemented_and_required_by_spss_reference
mito_sitios_oscuros,mito_sitios_oscuros,3.1 Características y percepciones,mito_sitios_oscuros,binary_materialized,mito_sitios_oscuros == 1,casos válidos del diseño muestral,SYSMIS/NULL tratado literalmente por la sintaxis SPSS; R usa na.rm dentro del dominio,,,DEPARTAMENTO2;DISCAPACIDAD;etnicidad1;idiomaHogar;Nacional;SEXO;tipo_hogar1;AREA;AREA_SEXO,prevalence,1,wald,Departamento=>wald||Discapacidad=>wald||Etnicidad=>wald||Lengua materna=>wald||Nacional=>wald||Sexo=>wald||Tipo de hogar=>wald||Área=>wald||Área y sexo=>wald,Amazonas;Apurímac;Arequipa;Ayacucho;Cajamarca;Callao;Cusco;Huancavelica;Huánuco;Ica;Junín;La Libertad;Lambayeque;Lima Metropolitana;Loreto;Madre de Dios;Moquegua;Pasco;Piura;Puno;Región Lima;San Martín;Tacna;Tumbes;Ucayali;Áncash,07_CRS04_3.1_Caracteristicas_violencia_Percepciones_ver6.sps,02SQL/stage3_08*.sql; bloque exacto registrado en stage3_spss_block_lineage.csv,spss_reference_results.csv,667f82c959c4a59e30e40e1f94ecc7108ed38790f9234b75c4fda83bd6a25fc0,No usado como autoridad de cálculo; validar metadata Stage 02 si se exige trazabilidad PDF,implemented_and_required_by_spss_reference
num_consecuencias_fisicas,num_consecuencias_fisicas,3.5 Consecuencias,CONS_NUM_CONSECUENCIAS,special,special(CONS_NUM_CONSECUENCIAS),casos válidos del diseño muestral,SYSMIS/NULL tratado literalmente por la sintaxis SPSS; R usa na.rm dentro del dominio,,,Nacional,special,,logit,Nacional=>logit,,12_CRS04_consecuencias*.sps,02SQL/stage3_08*.sql; bloque exacto registrado en stage3_spss_block_lineage.csv,spss_reference_results.csv,667f82c959c4a59e30e40e1f94ecc7108ed38790f9234b75c4fda83bd6a25fc0,No usado como autoridad de cálculo; validar metadata Stage 02 si se exige trazabilidad PDF,implemented_and_required_by_spss_reference
predominio_femenino_tareas,predominio_femenino_tareas,3.1 Características y percepciones,predominio_femenino_tareas,binary_materialized,predominio_femenino_tareas == 1,casos válidos del diseño muestral,SYSMIS/NULL tratado literalmente por la sintaxis SPSS; R usa na.rm dentro del dominio,,,DEPARTAMENTO2;DISCAPACIDAD;etnicidad1;idiomaHogar;Nacional;SEXO;tipo_hogar1;AREA;AREA_SEXO,prevalence,1,wald,Departamento=>wald||Discapacidad=>wald||Etnicidad=>wald||Lengua materna=>wald||Nacional=>logit||Sexo=>wald||Tipo de hogar=>wald||Área=>wald||Área y sexo=>wald,Amazonas;Apurímac;Arequipa;Ayacucho;Cajamarca;Callao;Cusco;Huancavelica;Huánuco;Ica;Junín;La Libertad;Lambayeque;Lima Metropolitana;Loreto;Madre de Dios;Moquegua;Pasco;Piura;Puno;Región Lima;San Martín;Tacna;Tumbes;Ucayali;Áncash,07_CRS04_3.1_Caracteristicas_violencia_Percepciones_ver6.sps,02SQL/stage3_08*.sql; bloque exacto registrado en stage3_spss_block_lineage.csv,spss_reference_results.csv,667f82c959c4a59e30e40e1f94ecc7108ed38790f9234b75c4fda83bd6a25fc0,No usado como autoridad de cálculo; validar metadata Stage 02 si se exige trazabilidad PDF,implemented_and_required_by_spss_reference
rechaza_dejar_estudiar,rechaza_dejar_estudiar,3.1 Características y percepciones,rechaza_dejar_estudiar,binary_materialized,rechaza_dejar_estudiar == 1,casos válidos del diseño muestral,SYSMIS/NULL tratado literalmente por la sintaxis SPSS; R usa na.rm dentro del dominio,,,DEPARTAMENTO2;DISCAPACIDAD;etnicidad1;idiomaHogar;Nacional;SEXO;tipo_hogar1;AREA;AREA_SEXO,prevalence,1,wald,Departamento=>wald||Discapacidad=>wald||Etnicidad=>wald||Lengua materna=>wald||Nacional=>wald||Sexo=>wald||Tipo de hogar=>wald||Área=>wald||Área y sexo=>wald,Amazonas;Apurímac;Arequipa;Ayacucho;Cajamarca;Callao;Cusco;Huancavelica;Huánuco;Ica;Junín;La Libertad;Lambayeque;Lima Metropolitana;Loreto;Madre de Dios;Moquegua;Pasco;Piura;Puno;Región Lima;San Martín;Tacna;Tumbes;Ucayali;Áncash,07_CRS04_3.1_Caracteristicas_violencia_Percepciones_ver6.sps,02SQL/stage3_08*.sql; bloque exacto registrado en stage3_spss_block_lineage.csv,spss_reference_results.csv,667f82c959c4a59e30e40e1f94ecc7108ed38790f9234b75c4fda83bd6a25fc0,No usado como autoridad de cálculo; validar metadata Stage 02 si se exige trazabilidad PDF,implemented_and_required_by_spss_reference
rechaza_trabajo_infantil_necesidad,rechaza_trabajo_infantil_necesidad,3.1 Características y percepciones,rechaza_trabajo_infantil_necesidad,binary_materialized,rechaza_trabajo_infantil_necesidad == 1,casos válidos del diseño muestral,SYSMIS/NULL tratado literalmente por la sintaxis SPSS; R usa na.rm dentro del dominio,,,DEPARTAMENTO2;DISCAPACIDAD;etnicidad1;idiomaHogar;Nacional;SEXO;tipo_hogar1;AREA;AREA_SEXO,prevalence,1,wald,Departamento=>wald||Discapacidad=>wald||Etnicidad=>wald||Lengua materna=>wald||Nacional=>wald||Sexo=>wald||Tipo de hogar=>wald||Área=>wald||Área y sexo=>wald,Amazonas;Apurímac;Arequipa;Ayacucho;Cajamarca;Callao;Cusco;Huancavelica;Huánuco;Ica;Junín;La Libertad;Lambayeque;Lima Metropolitana;Loreto;Madre de Dios;Moquegua;Pasco;Piura;Puno;Región Lima;San Martín;Tacna;Tumbes;Ucayali;Áncash,07_CRS04_3.1_Caracteristicas_violencia_Percepciones_ver6.sps,02SQL/stage3_08*.sql; bloque exacto registrado en stage3_spss_block_lineage.csv,spss_reference_results.csv,667f82c959c4a59e30e40e1f94ecc7108ed38790f9234b75c4fda83bd6a25fc0,No usado como autoridad de cálculo; validar metadata Stage 02 si se exige trazabilidad PDF,implemented_and_required_by_spss_reference
recibio_ayuda_escuela,recibio_ayuda_escuela,3.6 Búsqueda de ayuda,recibio_ayuda_escuela,binary_materialized,recibio_ayuda_escuela == 1,dom_busco_escuela == 1,SYSMIS/NULL tratado literalmente por la sintaxis SPSS; R usa na.rm dentro del dominio,dom_busco_escuela,1,Nacional,prevalence,1,logit,Nacional=>logit,,13_CRS04_3.6_BusquedaAyuda*.sps,02SQL/stage3_08*.sql; bloque exacto registrado en stage3_spss_block_lineage.csv,spss_reference_results.csv,667f82c959c4a59e30e40e1f94ecc7108ed38790f9234b75c4fda83bd6a25fc0,No usado como autoridad de cálculo; validar metadata Stage 02 si se exige trazabilidad PDF,implemented_and_required_by_spss_reference
recibio_ayuda_escuela_victimas,recibio_ayuda_escuela_victimas,3.6 Búsqueda de ayuda,recibio_ayuda_escuela_victimas,binary_materialized,recibio_ayuda_escuela_victimas == 1,dom_victima_escuela == 1,SYSMIS/NULL tratado literalmente por la sintaxis SPSS; R usa na.rm dentro del dominio,dom_victima_escuela,1,Nacional,prevalence,1,wald,Nacional=>wald,,13_CRS04_3.6_BusquedaAyuda*.sps,02SQL/stage3_08*.sql; bloque exacto registrado en stage3_spss_block_lineage.csv,spss_reference_results.csv,667f82c959c4a59e30e40e1f94ecc7108ed38790f9234b75c4fda83bd6a25fc0,No usado como autoridad de cálculo; validar metadata Stage 02 si se exige trazabilidad PDF,implemented_and_required_by_spss_reference
recibio_ayuda_hogar,recibio_ayuda_hogar,3.6 Búsqueda de ayuda,recibio_ayuda_hogar,binary_materialized,recibio_ayuda_hogar == 1,dom_busco_hogar == 1,SYSMIS/NULL tratado literalmente por la sintaxis SPSS; R usa na.rm dentro del dominio,dom_busco_hogar,1,Nacional,prevalence,1,logit,Nacional=>logit,,13_CRS04_3.6_BusquedaAyuda*.sps,02SQL/stage3_08*.sql; bloque exacto registrado en stage3_spss_block_lineage.csv,spss_reference_results.csv,667f82c959c4a59e30e40e1f94ecc7108ed38790f9234b75c4fda83bd6a25fc0,No usado como autoridad de cálculo; validar metadata Stage 02 si se exige trazabilidad PDF,implemented_and_required_by_spss_reference
recibio_ayuda_hogar_victimas,recibio_ayuda_hogar_victimas,3.6 Búsqueda de ayuda,recibio_ayuda_hogar_victimas,binary_materialized,recibio_ayuda_hogar_victimas == 1,dom_victima_hogar == 1,SYSMIS/NULL tratado literalmente por la sintaxis SPSS; R usa na.rm dentro del dominio,dom_victima_hogar,1,Nacional,prevalence,1,logit,Nacional=>logit,,13_CRS04_3.6_BusquedaAyuda*.sps,02SQL/stage3_08*.sql; bloque exacto registrado en stage3_spss_block_lineage.csv,spss_reference_results.csv,667f82c959c4a59e30e40e1f94ecc7108ed38790f9234b75c4fda83bd6a25fc0,No usado como autoridad de cálculo; validar metadata Stage 02 si se exige trazabilidad PDF,implemented_and_required_by_spss_reference
recibio_ayuda_institucional_vs,recibio_ayuda_institucional_vs,3.6 Búsqueda de ayuda,recibio_ayuda_institucional_vs,binary_materialized,recibio_ayuda_institucional_vs == 1,dom_institucion_vs == 1,SYSMIS/NULL tratado literalmente por la sintaxis SPSS; R usa na.rm dentro del dominio,dom_institucion_vs,1,Nacional,prevalence,1,logit,Nacional=>logit,,13_CRS04_3.6_BusquedaAyuda*.sps,02SQL/stage3_08*.sql; bloque exacto registrado en stage3_spss_block_lineage.csv,spss_reference_results.csv,667f82c959c4a59e30e40e1f94ecc7108ed38790f9234b75c4fda83bd6a25fc0,No usado como autoridad de cálculo; validar metadata Stage 02 si se exige trazabilidad PDF,implemented_and_required_by_spss_reference
recibio_ayuda_vs,recibio_ayuda_vs,3.6 Búsqueda de ayuda,recibio_ayuda_vs,binary_materialized,recibio_ayuda_vs == 1,dom_busco_vs == 1,SYSMIS/NULL tratado literalmente por la sintaxis SPSS; R usa na.rm dentro del dominio,dom_busco_vs,1,Nacional,prevalence,1,logit,Nacional=>logit,,13_CRS04_3.6_BusquedaAyuda*.sps,02SQL/stage3_08*.sql; bloque exacto registrado en stage3_spss_block_lineage.csv,spss_reference_results.csv,667f82c959c4a59e30e40e1f94ecc7108ed38790f9234b75c4fda83bd6a25fc0,No usado como autoridad de cálculo; validar metadata Stage 02 si se exige trazabilidad PDF,implemented_and_required_by_spss_reference
recibio_ayuda_vs_victimas,recibio_ayuda_vs_victimas,3.6 Búsqueda de ayuda,recibio_ayuda_vs_victimas,binary_materialized,recibio_ayuda_vs_victimas == 1,dom_victima_vs == 1,SYSMIS/NULL tratado literalmente por la sintaxis SPSS; R usa na.rm dentro del dominio,dom_victima_vs,1,Nacional,prevalence,1,logit,Nacional=>logit,,13_CRS04_3.6_BusquedaAyuda*.sps,02SQL/stage3_08*.sql; bloque exacto registrado en stage3_spss_block_lineage.csv,spss_reference_results.csv,667f82c959c4a59e30e40e1f94ecc7108ed38790f9234b75c4fda83bd6a25fc0,No usado como autoridad de cálculo; validar metadata Stage 02 si se exige trazabilidad PDF,implemented_and_required_by_spss_reference
reconoce_derecho_denunciar,reconoce_derecho_denunciar,3.1 Características y percepciones,reconoce_derecho_denunciar,binary_materialized,reconoce_derecho_denunciar == 1,casos válidos del diseño muestral,SYSMIS/NULL tratado literalmente por la sintaxis SPSS; R usa na.rm dentro del dominio,,,DEPARTAMENTO2;DISCAPACIDAD;etnicidad1;idiomaHogar;Nacional;SEXO;tipo_hogar1;AREA;AREA_SEXO,prevalence,1,wald,Departamento=>wald||Discapacidad=>wald||Etnicidad=>wald||Lengua materna=>wald||Nacional=>wald||Sexo=>wald||Tipo de hogar=>wald||Área=>wald||Área y sexo=>wald,Amazonas;Apurímac;Arequipa;Ayacucho;Cajamarca;Callao;Cusco;Huancavelica;Huánuco;Ica;Junín;La Libertad;Lambayeque;Lima Metropolitana;Loreto;Madre de Dios;Moquegua;Pasco;Piura;Puno;Región Lima;San Martín;Tacna;Tumbes;Ucayali;Áncash,07_CRS04_3.1_Caracteristicas_violencia_Percepciones_ver6.sps,02SQL/stage3_08*.sql; bloque exacto registrado en stage3_spss_block_lineage.csv,spss_reference_results.csv,667f82c959c4a59e30e40e1f94ecc7108ed38790f9234b75c4fda83bd6a25fc0,No usado como autoridad de cálculo; validar metadata Stage 02 si se exige trazabilidad PDF,implemented_and_required_by_spss_reference
reconoce_derecho_opinar,reconoce_derecho_opinar,3.1 Características y percepciones,reconoce_derecho_opinar,binary_materialized,reconoce_derecho_opinar == 1,casos válidos del diseño muestral,SYSMIS/NULL tratado literalmente por la sintaxis SPSS; R usa na.rm dentro del dominio,,,DEPARTAMENTO2;DISCAPACIDAD;etnicidad1;idiomaHogar;Nacional;SEXO;tipo_hogar1;AREA;AREA_SEXO,prevalence,1,wald,Departamento=>wald||Discapacidad=>wald||Etnicidad=>wald||Lengua materna=>wald||Nacional=>logit||Sexo=>wald||Tipo de hogar=>wald||Área=>wald||Área y sexo=>wald,Amazonas;Apurímac;Arequipa;Ayacucho;Cajamarca;Callao;Cusco;Huancavelica;Huánuco;Ica;Junín;La Libertad;Lambayeque;Lima Metropolitana;Loreto;Madre de Dios;Moquegua;Pasco;Piura;Puno;Región Lima;San Martín;Tacna;Tumbes;Ucayali;Áncash,07_CRS04_3.1_Caracteristicas_violencia_Percepciones_ver6.sps,02SQL/stage3_08*.sql; bloque exacto registrado en stage3_spss_block_lineage.csv,spss_reference_results.csv,667f82c959c4a59e30e40e1f94ecc7108ed38790f9234b75c4fda83bd6a25fc0,No usado como autoridad de cálculo; validar metadata Stage 02 si se exige trazabilidad PDF,implemented_and_required_by_spss_reference
uso_demuna,uso_demuna,3.6 Búsqueda de ayuda,uso_demuna,binary_materialized,uso_demuna == 1,dom_victima_vs == 1,SYSMIS/NULL tratado literalmente por la sintaxis SPSS; R usa na.rm dentro del dominio,dom_victima_vs,1,Nacional,prevalence,1,logit,Nacional=>logit,,13_CRS04_3.6_BusquedaAyuda*.sps,02SQL/stage3_08*.sql; bloque exacto registrado en stage3_spss_block_lineage.csv,spss_reference_results.csv,667f82c959c4a59e30e40e1f94ecc7108ed38790f9234b75c4fda83bd6a25fc0,No usado como autoridad de cálculo; validar metadata Stage 02 si se exige trazabilidad PDF,implemented_and_required_by_spss_reference
