indicator_name,data_variable,variable_type,statistic_type,target_category,status,label,module,domain_variable,domain_value,dimensions,ci_method,ci_methods_by_dimension,count_method,count_methods_by_dimension,domain_mode,domain_modes_by_dimension,critical_mode,critical_modes_by_dimension,department_categories
AG_VF_09,AG_VF_09,binary_materialized,prevalence,1,auto_from_spss_reference,AG_VF_09,SPSS_AUTO,VF_ESCUELA,1,Nacional,logit,Nacional=>logit,target,,subpop,Nacional=>subpop,global,Nacional=>cell,
AG_VP_09,AG_VP_09,binary_materialized,prevalence,1,auto_from_spss_reference,AG_VP_09,SPSS_AUTO,VP_ESCUELA,1,Nacional,logit,Nacional=>logit,target,,subpop,Nacional=>subpop,global,Nacional=>cell,
Agresor_VF_E__AG_VF_01,Agresor_VF_E__AG_VF_01,binary_materialized,prevalence,1,auto_from_spss_reference,Agresor_VF_E__AG_VF_01,SPSS_AUTO,VF_ESCUELA,1,Nacional,logit,Nacional=>logit,target,,subpop,Nacional=>subpop,global,Nacional=>cell,
Agresor_VF_E__AG_VF_02,Agresor_VF_E__AG_VF_02,binary_materialized,prevalence,1,auto_from_spss_reference,Agresor_VF_E__AG_VF_02,SPSS_AUTO,VF_ESCUELA,1,Nacional,logit,Nacional=>logit,target,,subpop,Nacional=>filter,global,,
Agresor_VF_E__AG_VF_03,Agresor_VF_E__AG_VF_03,binary_materialized,prevalence,1,auto_from_spss_reference,Agresor_VF_E__AG_VF_03,SPSS_AUTO,VF_ESCUELA,1,Nacional,logit,Nacional=>logit,target,,subpop,Nacional=>subpop,global,,
Agresor_VF_E__AG_VF_04,Agresor_VF_E__AG_VF_04,binary_materialized,prevalence,1,auto_from_spss_reference,Agresor_VF_E__AG_VF_04,SPSS_AUTO,VF_ESCUELA,1,Nacional,logit,Nacional=>logit,target,,subpop,Nacional=>filter,global,,
Agresor_VF_E__AG_VF_05,Agresor_VF_E__AG_VF_05,binary_materialized,prevalence,1,auto_from_spss_reference,Agresor_VF_E__AG_VF_05,SPSS_AUTO,VF_ESCUELA,1,Nacional,logit,Nacional=>logit,target,,subpop,Nacional=>filter,global,,
Agresor_VF_E__AG_VF_06,Agresor_VF_E__AG_VF_06,binary_materialized,prevalence,1,auto_from_spss_reference,Agresor_VF_E__AG_VF_06,SPSS_AUTO,VF_ESCUELA,1,Nacional,logit,Nacional=>logit,target,,subpop,Nacional=>subpop,global,Nacional=>cell,
Agresor_VF_E__AG_VF_07,Agresor_VF_E__AG_VF_07,binary_materialized,prevalence,1,auto_from_spss_reference,Agresor_VF_E__AG_VF_07,SPSS_AUTO,VF_ESCUELA,1,Nacional,logit,Nacional=>logit,target,,subpop,Nacional=>subpop,global,,
Agresor_VF_E__AG_VF_08,Agresor_VF_E__AG_VF_08,binary_materialized,prevalence,1,auto_from_spss_reference,Agresor_VF_E__AG_VF_08,SPSS_AUTO,VF_ESCUELA,1,Nacional,logit,Nacional=>logit,target,,subpop,Nacional=>subpop,global,,
Agresor_VF_H__AG_VF_01,Agresor_VF_H__AG_VF_01,binary_materialized,prevalence,1,auto_from_spss_reference,Agresor_VF_H__AG_VF_01,SPSS_AUTO,VF_HOGAR,1,Nacional,logit,Nacional=>logit,target,,subpop,Nacional=>subpop,global,,
Agresor_VF_H__AG_VF_02,Agresor_VF_H__AG_VF_02,binary_materialized,prevalence,1,auto_from_spss_reference,Agresor_VF_H__AG_VF_02,SPSS_AUTO,VF_HOGAR,1,Nacional,logit,Nacional=>logit,target,,subpop,Nacional=>subpop,global,Nacional=>cell,
Agresor_VF_H__AG_VF_03,Agresor_VF_H__AG_VF_03,binary_materialized,prevalence,1,auto_from_spss_reference,Agresor_VF_H__AG_VF_03,SPSS_AUTO,VF_HOGAR,1,Nacional,wald,Nacional=>logit,target,,subpop,Nacional=>subpop,global,Nacional=>global,
Agresor_VF_H__AG_VF_04,Agresor_VF_H__AG_VF_04,binary_materialized,prevalence,1,auto_from_spss_reference,Agresor_VF_H__AG_VF_04,SPSS_AUTO,VF_HOGAR,1,Nacional,logit,Nacional=>logit,target,,subpop,Nacional=>filter,global,,
Agresor_VF_H__AG_VF_05,Agresor_VF_H__AG_VF_05,binary_materialized,prevalence,1,auto_from_spss_reference,Agresor_VF_H__AG_VF_05,SPSS_AUTO,VF_HOGAR,1,Nacional,logit,Nacional=>logit,target,,subpop,Nacional=>subpop,global,,
Agresor_VF_H__AG_VF_06,Agresor_VF_H__AG_VF_06,binary_materialized,prevalence,1,auto_from_spss_reference,Agresor_VF_H__AG_VF_06,SPSS_AUTO,VF_HOGAR,1,Nacional,logit,Nacional=>logit,target,,subpop,Nacional=>filter,global,,
Agresor_VF_H__AG_VF_07,Agresor_VF_H__AG_VF_07,binary_materialized,prevalence,1,auto_from_spss_reference,Agresor_VF_H__AG_VF_07,SPSS_AUTO,VF_HOGAR,1,Nacional,logit,Nacional=>logit,target,,subpop,Nacional=>filter,global,Nacional=>local,
Agresor_VF_H__AG_VF_08,Agresor_VF_H__AG_VF_08,binary_materialized,prevalence,1,auto_from_spss_reference,Agresor_VF_H__AG_VF_08,SPSS_AUTO,VF_HOGAR,1,Nacional,logit,Nacional=>logit,target,,subpop,Nacional=>subpop,global,Nacional=>local,
Agresor_VP_E__AG_VP_01,Agresor_VP_E__AG_VP_01,binary_materialized,prevalence,1,auto_from_spss_reference,Agresor_VP_E__AG_VP_01,SPSS_AUTO,VP_ESCUELA,1,Nacional,logit,Nacional=>logit,target,,subpop,Nacional=>filter,global,Nacional=>cell,
Agresor_VP_E__AG_VP_02,Agresor_VP_E__AG_VP_02,binary_materialized,prevalence,1,auto_from_spss_reference,Agresor_VP_E__AG_VP_02,SPSS_AUTO,VP_ESCUELA,1,Nacional,logit,Nacional=>logit,target,,subpop,Nacional=>filter,global,Nacional=>cell,
Agresor_VP_E__AG_VP_03,Agresor_VP_E__AG_VP_03,binary_materialized,prevalence,1,auto_from_spss_reference,Agresor_VP_E__AG_VP_03,SPSS_AUTO,VP_ESCUELA,1,Nacional,logit,Nacional=>logit,target,,subpop,Nacional=>subpop,global,Nacional=>cell,
Agresor_VP_E__AG_VP_04,Agresor_VP_E__AG_VP_04,binary_materialized,prevalence,1,auto_from_spss_reference,Agresor_VP_E__AG_VP_04,SPSS_AUTO,VP_ESCUELA,1,Nacional,logit,Nacional=>logit,target,,subpop,Nacional=>subpop,global,Nacional=>cell,
Agresor_VP_E__AG_VP_05,Agresor_VP_E__AG_VP_05,binary_materialized,prevalence,1,auto_from_spss_reference,Agresor_VP_E__AG_VP_05,SPSS_AUTO,VP_ESCUELA,1,Nacional,wald,Nacional=>logit,target,,subpop,Nacional=>subpop,global,Nacional=>cell,
Agresor_VP_E__AG_VP_06,Agresor_VP_E__AG_VP_06,binary_materialized,prevalence,1,auto_from_spss_reference,Agresor_VP_E__AG_VP_06,SPSS_AUTO,VP_ESCUELA,1,Nacional,logit,Nacional=>logit,target,,subpop,Nacional=>subpop,global,Nacional=>local,
Agresor_VP_E__AG_VP_07,Agresor_VP_E__AG_VP_07,binary_materialized,prevalence,1,auto_from_spss_reference,Agresor_VP_E__AG_VP_07,SPSS_AUTO,VP_ESCUELA,1,Nacional,logit,Nacional=>logit,target,,subpop,Nacional=>filter,global,,
Agresor_VP_E__AG_VP_08,Agresor_VP_E__AG_VP_08,binary_materialized,prevalence,1,auto_from_spss_reference,Agresor_VP_E__AG_VP_08,SPSS_AUTO,VP_ESCUELA,1,Nacional,logit,Nacional=>logit,target,,subpop,Nacional=>subpop,global,Nacional=>cell,
Agresor_VP_H__AG_VP_01,Agresor_VP_H__AG_VP_01,binary_materialized,prevalence,1,auto_from_spss_reference,Agresor_VP_H__AG_VP_01,SPSS_AUTO,VP_HOGAR,1,Nacional,logit,Nacional=>logit,target,,subpop,Nacional=>subpop,global,Nacional=>cell,
Agresor_VP_H__AG_VP_02,Agresor_VP_H__AG_VP_02,binary_materialized,prevalence,1,auto_from_spss_reference,Agresor_VP_H__AG_VP_02,SPSS_AUTO,VP_HOGAR,1,Nacional,logit,Nacional=>logit,target,,subpop,Nacional=>filter,global,Nacional=>cell,
Agresor_VP_H__AG_VP_03,Agresor_VP_H__AG_VP_03,binary_materialized,prevalence,1,auto_from_spss_reference,Agresor_VP_H__AG_VP_03,SPSS_AUTO,VP_HOGAR,1,Nacional,logit,Nacional=>logit,target,,subpop,Nacional=>filter,global,Nacional=>local,
Agresor_VP_H__AG_VP_04,Agresor_VP_H__AG_VP_04,binary_materialized,prevalence,1,auto_from_spss_reference,Agresor_VP_H__AG_VP_04,SPSS_AUTO,VP_HOGAR,1,Nacional,logit,Nacional=>logit,target,,subpop,Nacional=>subpop,global,Nacional=>cell,
Agresor_VP_H__AG_VP_05,Agresor_VP_H__AG_VP_05,binary_materialized,prevalence,1,auto_from_spss_reference,Agresor_VP_H__AG_VP_05,SPSS_AUTO,VP_HOGAR,1,Nacional,logit,Nacional=>logit,target,,subpop,Nacional=>filter,global,Nacional=>cell,
Agresor_VP_H__AG_VP_06,Agresor_VP_H__AG_VP_06,binary_materialized,prevalence,1,auto_from_spss_reference,Agresor_VP_H__AG_VP_06,SPSS_AUTO,VP_HOGAR,1,Nacional,wald,Nacional=>logit,target,,subpop,Nacional=>filter,global,Nacional=>cell,
Agresor_VP_H__AG_VP_07,Agresor_VP_H__AG_VP_07,binary_materialized,prevalence,1,auto_from_spss_reference,Agresor_VP_H__AG_VP_07,SPSS_AUTO,VP_HOGAR,1,Nacional,logit,Nacional=>logit,target,,subpop,Nacional=>filter,global,,
Agresor_VP_H__AG_VP_08,Agresor_VP_H__AG_VP_08,binary_materialized,prevalence,1,auto_from_spss_reference,Agresor_VP_H__AG_VP_08,SPSS_AUTO,VP_HOGAR,1,Nacional,logit,Nacional=>logit,target,,subpop,Nacional=>filter,global,Nacional=>local,
Agresor_VS_12M__AG_01,Agresor_VS_12M__AG_01,binary_materialized,prevalence,1,auto_from_spss_reference,Agresor_VS_12M__AG_01,SPSS_AUTO,VS_12M,1,Nacional,logit,Nacional=>logit,target,,subpop,Nacional=>filter,global,Nacional=>cell,
Agresor_VS_12M__AG_02,Agresor_VS_12M__AG_02,binary_materialized,prevalence,1,auto_from_spss_reference,Agresor_VS_12M__AG_02,SPSS_AUTO,VS_12M,1,Nacional,logit,Nacional=>logit,target,,subpop,Nacional=>filter,global,,
Agresor_VS_12M__AG_03,Agresor_VS_12M__AG_03,binary_materialized,prevalence,1,auto_from_spss_reference,Agresor_VS_12M__AG_03,SPSS_AUTO,VS_12M,1,Nacional,logit,Nacional=>logit,target,,subpop,Nacional=>subpop,global,Nacional=>cell,
Agresor_VS_12M__AG_04,Agresor_VS_12M__AG_04,binary_materialized,prevalence,1,auto_from_spss_reference,Agresor_VS_12M__AG_04,SPSS_AUTO,VS_12M,1,Nacional,logit,Nacional=>logit,target,,subpop,Nacional=>subpop,global,Nacional=>local,
Agresor_VS_12M__AG_05,Agresor_VS_12M__AG_05,binary_materialized,prevalence,1,auto_from_spss_reference,Agresor_VS_12M__AG_05,SPSS_AUTO,VS_12M,1,Nacional,logit,Nacional=>logit,target,,subpop,Nacional=>subpop,global,Nacional=>cell,
Agresor_VS_12M__AG_06,Agresor_VS_12M__AG_06,binary_materialized,prevalence,1,auto_from_spss_reference,Agresor_VS_12M__AG_06,SPSS_AUTO,VS_12M,1,Nacional,logit,Nacional=>logit,target,,subpop,Nacional=>filter,global,Nacional=>cell,
Agresor_VS_12M__AG_07,Agresor_VS_12M__AG_07,binary_materialized,prevalence,1,auto_from_spss_reference,Agresor_VS_12M__AG_07,SPSS_AUTO,VS_12M,1,Nacional,logit,Nacional=>logit,target,,subpop,Nacional=>filter,global,,
Agresor_VS_12M__AG_08,Agresor_VS_12M__AG_08,binary_materialized,prevalence,1,auto_from_spss_reference,Agresor_VS_12M__AG_08,SPSS_AUTO,VS_12M,1,Nacional,wald,Nacional=>logit,target,,subpop,Nacional=>subpop,global,Nacional=>global,
Agresor_VS_12M__AG_09,Agresor_VS_12M__AG_09,binary_materialized,prevalence,1,auto_from_spss_reference,Agresor_VS_12M__AG_09,SPSS_AUTO,VS_12M,1,Nacional,logit,Nacional=>logit,target,,subpop,Nacional=>subpop,global,Nacional=>local,
Agresor_VS_VIDA__AG_01,Agresor_VS_VIDA__AG_01,binary_materialized,prevalence,1,auto_from_spss_reference,Agresor_VS_VIDA__AG_01,SPSS_AUTO,VS_VIDA,1,Nacional,logit,Nacional=>logit,target,,subpop,Nacional=>filter,global,,
Agresor_VS_VIDA__AG_02,Agresor_VS_VIDA__AG_02,binary_materialized,prevalence,1,auto_from_spss_reference,Agresor_VS_VIDA__AG_02,SPSS_AUTO,VS_VIDA,1,Nacional,logit,Nacional=>logit,target,,subpop,Nacional=>subpop,global,,
Agresor_VS_VIDA__AG_03,Agresor_VS_VIDA__AG_03,binary_materialized,prevalence,1,auto_from_spss_reference,Agresor_VS_VIDA__AG_03,SPSS_AUTO,VS_VIDA,1,Nacional,logit,Nacional=>logit,target,,subpop,Nacional=>filter,global,,
Agresor_VS_VIDA__AG_04,Agresor_VS_VIDA__AG_04,binary_materialized,prevalence,1,auto_from_spss_reference,Agresor_VS_VIDA__AG_04,SPSS_AUTO,VS_VIDA,1,Nacional,wald,Nacional=>logit,target,,subpop,Nacional=>subpop,global,Nacional=>local,
Agresor_VS_VIDA__AG_05,Agresor_VS_VIDA__AG_05,binary_materialized,prevalence,1,auto_from_spss_reference,Agresor_VS_VIDA__AG_05,SPSS_AUTO,VS_VIDA,1,Nacional,wald,Nacional=>wald,target,,subpop,Nacional=>subpop,global,Nacional=>cell,
Agresor_VS_VIDA__AG_06,Agresor_VS_VIDA__AG_06,binary_materialized,prevalence,1,auto_from_spss_reference,Agresor_VS_VIDA__AG_06,SPSS_AUTO,VS_VIDA,1,Nacional,logit,Nacional=>wald,target,,subpop,Nacional=>filter,global,Nacional=>cell,
Agresor_VS_VIDA__AG_07,Agresor_VS_VIDA__AG_07,binary_materialized,prevalence,1,auto_from_spss_reference,Agresor_VS_VIDA__AG_07,SPSS_AUTO,VS_VIDA,1,Nacional,wald,Nacional=>logit,target,,subpop,Nacional=>filter,global,Nacional=>global,
Agresor_VS_VIDA__AG_08,Agresor_VS_VIDA__AG_08,binary_materialized,prevalence,1,auto_from_spss_reference,Agresor_VS_VIDA__AG_08,SPSS_AUTO,VS_VIDA,1,Nacional,wald,Nacional=>logit,target,,subpop,Nacional=>filter,global,Nacional=>global,
Agresor_VS_VIDA__AG_09,Agresor_VS_VIDA__AG_09,binary_materialized,prevalence,1,auto_from_spss_reference,Agresor_VS_VIDA__AG_09,SPSS_AUTO,VS_VIDA,1,Nacional,logit,Nacional=>logit,target,,subpop,Nacional=>subpop,global,Nacional=>local,
C3P201_10_1,C3P201_10_1,binary_materialized,prevalence,1,auto_from_spss_reference,C3P201_10_1,SPSS_AUTO,VP_HOGAR,1,Nacional,wald,Nacional=>logit,target,,subpop,Nacional=>subpop,global,Nacional=>cell,
C3P201_11_1,C3P201_11_1,binary_materialized,prevalence,1,auto_from_spss_reference,C3P201_11_1,SPSS_AUTO,VP_HOGAR,1,Nacional,logit,Nacional=>logit,target,,subpop,Nacional=>subpop,global,Nacional=>local,
C3P201_1_1,C3P201_1_1,binary_materialized,prevalence,1,auto_from_spss_reference,C3P201_1_1,SPSS_AUTO,VP_HOGAR,1,Nacional,logit,Nacional=>logit,target,,subpop,Nacional=>filter,global,Nacional=>cell,
C3P201_2_1,C3P201_2_1,binary_materialized,prevalence,1,auto_from_spss_reference,C3P201_2_1,SPSS_AUTO,VP_HOGAR,1,Nacional,logit,Nacional=>logit,target,,subpop,Nacional=>subpop,global,Nacional=>cell,
C3P201_3_1,C3P201_3_1,binary_materialized,prevalence,1,auto_from_spss_reference,C3P201_3_1,SPSS_AUTO,VP_HOGAR,1,Nacional,wald,Nacional=>wald,target,,subpop,Nacional=>filter,global,Nacional=>cell,
C3P201_4_1,C3P201_4_1,binary_materialized,prevalence,1,auto_from_spss_reference,C3P201_4_1,SPSS_AUTO,VP_HOGAR,1,Nacional,logit,Nacional=>logit,target,,subpop,Nacional=>filter,global,Nacional=>cell,
C3P201_5_1,C3P201_5_1,binary_materialized,prevalence,1,auto_from_spss_reference,C3P201_5_1,SPSS_AUTO,VP_HOGAR,1,Nacional,logit,Nacional=>logit,target,,subpop,Nacional=>subpop,global,Nacional=>cell,
C3P201_6_1,C3P201_6_1,binary_materialized,prevalence,1,auto_from_spss_reference,C3P201_6_1,SPSS_AUTO,VP_HOGAR,1,Nacional,wald,Nacional=>logit,target,,subpop,Nacional=>filter,global,Nacional=>global,
C3P201_7_1,C3P201_7_1,binary_materialized,prevalence,1,auto_from_spss_reference,C3P201_7_1,SPSS_AUTO,VP_HOGAR,1,Nacional,logit,Nacional=>logit,target,,subpop,Nacional=>subpop,global,,
C3P201_8_1,C3P201_8_1,binary_materialized,prevalence,1,auto_from_spss_reference,C3P201_8_1,SPSS_AUTO,VP_HOGAR,1,Nacional,logit,Nacional=>logit,target,,subpop,Nacional=>subpop,global,Nacional=>cell,
C3P201_9_1,C3P201_9_1,binary_materialized,prevalence,1,auto_from_spss_reference,C3P201_9_1,SPSS_AUTO,VP_HOGAR,1,Nacional,logit,Nacional=>logit,target,,subpop,Nacional=>filter,global,Nacional=>cell,
"C3P205_1_1,",C3P205_1_1,binary_materialized,prevalence,1,auto_from_spss_reference,"C3P205_1_1,",SPSS_AUTO,VF_HOGAR,1,Nacional,logit,Nacional=>logit,target,,subpop,Nacional=>subpop,global,,
"C3P205_2_1,",C3P205_2_1,binary_materialized,prevalence,1,auto_from_spss_reference,"C3P205_2_1,",SPSS_AUTO,VF_HOGAR,1,Nacional,logit,Nacional=>logit,target,,subpop,Nacional=>subpop,global,,
"C3P205_3_1,",C3P205_3_1,binary_materialized,prevalence,1,auto_from_spss_reference,"C3P205_3_1,",SPSS_AUTO,VF_HOGAR,1,Nacional,logit,Nacional=>logit,target,,subpop,Nacional=>filter,global,Nacional=>local,
"C3P205_4_1,",C3P205_4_1,binary_materialized,prevalence,1,auto_from_spss_reference,"C3P205_4_1,",SPSS_AUTO,VF_HOGAR,1,Nacional,logit,Nacional=>logit,target,,subpop,Nacional=>subpop,global,,
"C3P205_5_1,",C3P205_5_1,binary_materialized,prevalence,1,auto_from_spss_reference,"C3P205_5_1,",SPSS_AUTO,VF_HOGAR,1,Nacional,logit,Nacional=>logit,target,,subpop,Nacional=>subpop,global,Nacional=>cell,
"C3P205_6_1,",C3P205_6_1,binary_materialized,prevalence,1,auto_from_spss_reference,"C3P205_6_1,",SPSS_AUTO,VF_HOGAR,1,Nacional,logit,Nacional=>logit,target,,subpop,Nacional=>filter,global,Nacional=>local,
C3P205_7_1,C3P205_7_1,binary_materialized,prevalence,1,auto_from_spss_reference,C3P205_7_1,SPSS_AUTO,VF_HOGAR,1,Nacional,logit,Nacional=>logit,target,,subpop,Nacional=>filter,global,,
C3P213,C3P213,categorical_target,prevalence,5,auto_from_spss_reference,C3P213,SPSS_AUTO,dom_no_recibio_hogar,1,Nacional,logit,Nacional=>logit,target,,subpop,Nacional=>filter,global,Nacional=>local,
C3P215_1,C3P215_1,categorical_target,prevalence,1,auto_from_spss_reference,C3P215_1,SPSS_AUTO,dom_institucion_hogar,1,Nacional,logit,Nacional=>logit,target,,subpop,Nacional=>filter,global,Nacional=>local,
C3P215_10,C3P215_10,categorical_target,prevalence,1,auto_from_spss_reference,C3P215_10,SPSS_AUTO,dom_institucion_hogar,1,Nacional,logit,Nacional=>logit,target,,subpop,Nacional=>filter,global,Nacional=>local,
C3P215_11,C3P215_11,categorical_target,prevalence,1,auto_from_spss_reference,C3P215_11,SPSS_AUTO,dom_institucion_hogar,1,Nacional,logit,Nacional=>logit,target,,subpop,Nacional=>filter,global,,
C3P215_2,C3P215_2,categorical_target,prevalence,1,auto_from_spss_reference,C3P215_2,SPSS_AUTO,dom_institucion_hogar,1,Nacional,logit,Nacional=>logit,target,,subpop,Nacional=>filter,global,Nacional=>local,
C3P215_3,C3P215_3,categorical_target,prevalence,1,auto_from_spss_reference,C3P215_3,SPSS_AUTO,dom_institucion_hogar,1,Nacional,logit,Nacional=>logit,target,,subpop,Nacional=>filter,global,Nacional=>local,
C3P215_4,C3P215_4,categorical_target,prevalence,1,auto_from_spss_reference,C3P215_4,SPSS_AUTO,dom_institucion_hogar,1,Nacional,logit,Nacional=>logit,target,,subpop,Nacional=>filter,global,,
C3P215_5,C3P215_5,categorical_target,prevalence,1,auto_from_spss_reference,C3P215_5,SPSS_AUTO,dom_institucion_hogar,1,Nacional,wald,Nacional=>logit,target,,subpop,Nacional=>filter,global,Nacional=>local,
C3P215_6,C3P215_6,categorical_target,prevalence,1,auto_from_spss_reference,C3P215_6,SPSS_AUTO,dom_institucion_hogar,1,Nacional,logit,Nacional=>logit,target,,subpop,Nacional=>filter,global,Nacional=>local,
C3P215_7,C3P215_7,categorical_target,prevalence,1,auto_from_spss_reference,C3P215_7,SPSS_AUTO,dom_institucion_hogar,1,Nacional,logit,Nacional=>logit,target,,subpop,Nacional=>filter,global,,
C3P215_8,C3P215_8,categorical_target,prevalence,1,auto_from_spss_reference,C3P215_8,SPSS_AUTO,dom_institucion_hogar,1,Nacional,logit,Nacional=>logit,target,,subpop,Nacional=>filter,global,Nacional=>local,
C3P215_9,C3P215_9,categorical_target,prevalence,1,auto_from_spss_reference,C3P215_9,SPSS_AUTO,dom_institucion_hogar,1,Nacional,logit,Nacional=>logit,target,,subpop,Nacional=>filter,global,Nacional=>local,
C3P223_10_1,C3P223_10_1,binary_materialized,prevalence,1,auto_from_spss_reference,C3P223_10_1,SPSS_AUTO,VP_ESCUELA,1,Nacional,logit,Nacional=>logit,target,,subpop,Nacional=>filter,global,,
C3P223_11_1,C3P223_11_1,binary_materialized,prevalence,1,auto_from_spss_reference,C3P223_11_1,SPSS_AUTO,VP_ESCUELA,1,Nacional,logit,Nacional=>logit,target,,subpop,Nacional=>filter,global,,
C3P223_12_1,C3P223_12_1,binary_materialized,prevalence,1,auto_from_spss_reference,C3P223_12_1,SPSS_AUTO,VP_ESCUELA,1,Nacional,wald,Nacional=>logit,target,,subpop,Nacional=>filter,global,Nacional=>global,
C3P223_13_1,C3P223_13_1,binary_materialized,prevalence,1,auto_from_spss_reference,C3P223_13_1,SPSS_AUTO,VP_ESCUELA,1,Nacional,logit,Nacional=>logit,target,,subpop,Nacional=>subpop,global,,
C3P223_14_1,C3P223_14_1,binary_materialized,prevalence,1,auto_from_spss_reference,C3P223_14_1,SPSS_AUTO,VP_ESCUELA,1,Nacional,logit,Nacional=>logit,target,,subpop,Nacional=>subpop,global,,
C3P223_1_1,C3P223_1_1,binary_materialized,prevalence,1,auto_from_spss_reference,C3P223_1_1,SPSS_AUTO,VP_ESCUELA,1,Nacional,logit,Nacional=>logit,target,,subpop,Nacional=>filter,global,Nacional=>cell,
C3P223_2_1,C3P223_2_1,binary_materialized,prevalence,1,auto_from_spss_reference,C3P223_2_1,SPSS_AUTO,VP_ESCUELA,1,Nacional,wald,Nacional=>wald,target,,subpop,Nacional=>filter,global,Nacional=>cell,
C3P223_3_1,C3P223_3_1,binary_materialized,prevalence,1,auto_from_spss_reference,C3P223_3_1,SPSS_AUTO,VP_ESCUELA,1,Nacional,logit,Nacional=>logit,target,,subpop,Nacional=>filter,global,Nacional=>cell,
C3P223_4_1,C3P223_4_1,binary_materialized,prevalence,1,auto_from_spss_reference,C3P223_4_1,SPSS_AUTO,VP_ESCUELA,1,Nacional,wald,Nacional=>logit,target,,subpop,Nacional=>subpop,global,Nacional=>cell,
C3P223_5_1,C3P223_5_1,binary_materialized,prevalence,1,auto_from_spss_reference,C3P223_5_1,SPSS_AUTO,VP_ESCUELA,1,Nacional,wald,Nacional=>logit,target,,subpop,Nacional=>subpop,global,Nacional=>global,
C3P223_6_1,C3P223_6_1,binary_materialized,prevalence,1,auto_from_spss_reference,C3P223_6_1,SPSS_AUTO,VP_ESCUELA,1,Nacional,wald,Nacional=>wald,target,,subpop,Nacional=>subpop,global,Nacional=>cell,
C3P223_7_1,C3P223_7_1,binary_materialized,prevalence,1,auto_from_spss_reference,C3P223_7_1,SPSS_AUTO,VP_ESCUELA,1,Nacional,logit,Nacional=>logit,target,,subpop,Nacional=>subpop,global,,
C3P223_8_1,C3P223_8_1,binary_materialized,prevalence,1,auto_from_spss_reference,C3P223_8_1,SPSS_AUTO,VP_ESCUELA,1,Nacional,logit,Nacional=>logit,target,,subpop,Nacional=>subpop,global,Nacional=>cell,
C3P223_9_1,C3P223_9_1,binary_materialized,prevalence,1,auto_from_spss_reference,C3P223_9_1,SPSS_AUTO,VP_ESCUELA,1,Nacional,logit,Nacional=>logit,target,,subpop,Nacional=>subpop,global,Nacional=>cell,
C3P227_10_1,C3P227_10_1,binary_materialized,prevalence,1,auto_from_spss_reference,C3P227_10_1,SPSS_AUTO,VF_ESCUELA,1,Nacional,logit,Nacional=>logit,target,,subpop,Nacional=>subpop,global,Nacional=>local,
C3P227_1_1,C3P227_1_1,binary_materialized,prevalence,1,auto_from_spss_reference,C3P227_1_1,SPSS_AUTO,VF_ESCUELA,1,Nacional,logit,Nacional=>logit,target,,subpop,Nacional=>filter,global,,
C3P227_2_1,C3P227_2_1,binary_materialized,prevalence,1,auto_from_spss_reference,C3P227_2_1,SPSS_AUTO,VF_ESCUELA,1,Nacional,wald,Nacional=>wald,target,,subpop,Nacional=>subpop,global,Nacional=>cell,
C3P227_3_1,C3P227_3_1,binary_materialized,prevalence,1,auto_from_spss_reference,C3P227_3_1,SPSS_AUTO,VF_ESCUELA,1,Nacional,logit,Nacional=>logit,target,,subpop,Nacional=>filter,global,,
C3P227_4_1,C3P227_4_1,binary_materialized,prevalence,1,auto_from_spss_reference,C3P227_4_1,SPSS_AUTO,VF_ESCUELA,1,Nacional,logit,Nacional=>logit,target,,subpop,Nacional=>subpop,global,,
C3P227_5_1,C3P227_5_1,binary_materialized,prevalence,1,auto_from_spss_reference,C3P227_5_1,SPSS_AUTO,VF_ESCUELA,1,Nacional,logit,Nacional=>logit,target,,subpop,Nacional=>filter,global,Nacional=>cell,
C3P227_6_1,C3P227_6_1,binary_materialized,prevalence,1,auto_from_spss_reference,C3P227_6_1,SPSS_AUTO,VF_ESCUELA,1,Nacional,logit,Nacional=>logit,target,,subpop,Nacional=>subpop,global,,
C3P227_7_1,C3P227_7_1,binary_materialized,prevalence,1,auto_from_spss_reference,C3P227_7_1,SPSS_AUTO,VF_ESCUELA,1,Nacional,logit,Nacional=>logit,target,,subpop,Nacional=>filter,global,,
C3P227_8_1,C3P227_8_1,binary_materialized,prevalence,1,auto_from_spss_reference,C3P227_8_1,SPSS_AUTO,VF_ESCUELA,1,Nacional,logit,Nacional=>logit,target,,subpop,Nacional=>subpop,global,Nacional=>cell,
C3P227_9_1,C3P227_9_1,binary_materialized,prevalence,1,auto_from_spss_reference,C3P227_9_1,SPSS_AUTO,VF_ESCUELA,1,Nacional,logit,Nacional=>logit,target,,subpop,Nacional=>filter,global,,
C3P233_1A_1,C3P233_1A_1,binary_materialized,prevalence,1,auto_from_spss_reference,C3P233_1A_1,SPSS_AUTO,,,Nacional,logit,Nacional=>logit,target,,subpop,,global,Nacional=>local,
C3P233_1_1,C3P233_1_1,binary_materialized,prevalence,1,auto_from_spss_reference,C3P233_1_1,SPSS_AUTO,,,Nacional,logit,Nacional=>logit,target,,subpop,,global,Nacional=>cell,
C3P233_2A_1,C3P233_2A_1,binary_materialized,prevalence,1,auto_from_spss_reference,C3P233_2A_1,SPSS_AUTO,,,Nacional,logit,Nacional=>logit,target,,subpop,,global,Nacional=>cell,
C3P233_2_1,C3P233_2_1,binary_materialized,prevalence,1,auto_from_spss_reference,C3P233_2_1,SPSS_AUTO,,,Nacional,logit,Nacional=>logit,target,,subpop,,global,Nacional=>cell,
C3P233_3_1,C3P233_3_1,binary_materialized,prevalence,1,auto_from_spss_reference,C3P233_3_1,SPSS_AUTO,,,Nacional,logit,Nacional=>wald,target,,subpop,,global,Nacional=>global,
C3P240,C3P240,categorical_target,prevalence,4,auto_from_spss_reference,C3P240,SPSS_AUTO,dom_no_recibio_escuela,1,Nacional,logit,Nacional=>logit,target,,subpop,Nacional=>filter,global,Nacional=>local,
C3P242_1,C3P242_1,categorical_target,prevalence,1,auto_from_spss_reference,C3P242_1,SPSS_AUTO,dom_institucion_escuela,1,Nacional,logit,Nacional=>logit,target,,subpop,Nacional=>filter,global,Nacional=>local,
C3P242_10,C3P242_10,categorical_target,prevalence,1,auto_from_spss_reference,C3P242_10,SPSS_AUTO,dom_institucion_escuela,1,Nacional,wald,Nacional=>wald,target,,subpop,Nacional=>subpop,global,,
C3P242_11,C3P242_11,categorical_target,prevalence,1,auto_from_spss_reference,C3P242_11,SPSS_AUTO,dom_institucion_escuela,1,Nacional,logit,Nacional=>logit,target,,subpop,Nacional=>filter,global,Nacional=>local,
C3P242_12,C3P242_12,categorical_target,prevalence,1,auto_from_spss_reference,C3P242_12,SPSS_AUTO,dom_institucion_escuela,1,Nacional,logit,Nacional=>logit,target,,subpop,Nacional=>filter,global,Nacional=>local,
C3P242_2,C3P242_2,categorical_target,prevalence,1,auto_from_spss_reference,C3P242_2,SPSS_AUTO,dom_institucion_escuela,1,Nacional,logit,Nacional=>logit,target,,subpop,Nacional=>filter,global,,
C3P242_3,C3P242_3,categorical_target,prevalence,1,auto_from_spss_reference,C3P242_3,SPSS_AUTO,dom_institucion_escuela,1,Nacional,logit,Nacional=>logit,target,,subpop,Nacional=>filter,global,,
C3P242_4,C3P242_4,categorical_target,prevalence,1,auto_from_spss_reference,C3P242_4,SPSS_AUTO,dom_institucion_escuela,1,Nacional,wald,Nacional=>logit,target,,subpop,Nacional=>filter,global,Nacional=>local,
C3P242_5,C3P242_5,categorical_target,prevalence,1,auto_from_spss_reference,C3P242_5,SPSS_AUTO,dom_institucion_escuela,1,Nacional,wald,Nacional=>wald,target,,subpop,Nacional=>subpop,global,,
C3P242_6,C3P242_6,categorical_target,prevalence,1,auto_from_spss_reference,C3P242_6,SPSS_AUTO,dom_institucion_escuela,1,Nacional,logit,Nacional=>logit,target,,subpop,Nacional=>filter,global,Nacional=>local,
C3P242_7,C3P242_7,categorical_target,prevalence,1,auto_from_spss_reference,C3P242_7,SPSS_AUTO,dom_institucion_escuela,1,Nacional,logit,Nacional=>logit,target,,subpop,Nacional=>filter,global,Nacional=>local,
C3P242_8,C3P242_8,categorical_target,prevalence,1,auto_from_spss_reference,C3P242_8,SPSS_AUTO,dom_institucion_escuela,1,Nacional,logit,Nacional=>logit,target,,subpop,Nacional=>filter,global,Nacional=>local,
C3P242_9,C3P242_9,categorical_target,prevalence,1,auto_from_spss_reference,C3P242_9,SPSS_AUTO,dom_institucion_escuela,1,Nacional,logit,Nacional=>logit,target,,subpop,Nacional=>filter,global,Nacional=>local,
C3P243_1,C3P243_1,categorical_target,prevalence,1,auto_from_spss_reference,C3P243_1,SPSS_AUTO,,,Nacional,wald,Nacional=>logit,target,Nacional=>base,subpop,,global,Nacional=>cell,
C3P243_2,C3P243_2,categorical_target,prevalence,1,auto_from_spss_reference,C3P243_2,SPSS_AUTO,,,Nacional,logit,Nacional=>logit,target,Nacional=>base,subpop,,global,Nacional=>cell,
C3P243_3,C3P243_3,categorical_target,prevalence,1,auto_from_spss_reference,C3P243_3,SPSS_AUTO,,,Nacional,logit,Nacional=>logit,target,Nacional=>base,subpop,,global,Nacional=>cell,
C3P243_4,C3P243_4,categorical_target,prevalence,1,auto_from_spss_reference,C3P243_4,SPSS_AUTO,,,Nacional,logit,Nacional=>logit,target,Nacional=>base,subpop,,global,,
C3P243_5,C3P243_5,categorical_target,prevalence,1,auto_from_spss_reference,C3P243_5,SPSS_AUTO,,,Nacional,logit,Nacional=>wald,target,Nacional=>base,subpop,,global,Nacional=>cell,
C3P243_6,C3P243_6,categorical_target,prevalence,1,auto_from_spss_reference,C3P243_6,SPSS_AUTO,,,Nacional,wald,Nacional=>wald,target,Nacional=>base,subpop,,global,,
C3P243_T1,C3P243_T1,categorical_target,prevalence,1,auto_from_spss_reference,C3P243_T1,SPSS_AUTO,,,Nacional,logit,Nacional=>logit,target,Nacional=>base,subpop,,global,,
C3P243_T2,C3P243_T2,categorical_target,prevalence,1,auto_from_spss_reference,C3P243_T2,SPSS_AUTO,,,Nacional,logit,Nacional=>logit,target,Nacional=>base,subpop,,global,,
C3P243_T3,C3P243_T3,categorical_target,prevalence,1,auto_from_spss_reference,C3P243_T3,SPSS_AUTO,,,Nacional,logit,Nacional=>logit,target,Nacional=>base,subpop,,global,Nacional=>local,
C3P243_T4,C3P243_T4,categorical_target,prevalence,1,auto_from_spss_reference,C3P243_T4,SPSS_AUTO,,,Nacional,logit,Nacional=>logit,target,Nacional=>base,subpop,,global,Nacional=>local,
C3P243_T5,C3P243_T5,categorical_target,prevalence,1,auto_from_spss_reference,C3P243_T5,SPSS_AUTO,,,Nacional,logit,Nacional=>logit,target,Nacional=>base,subpop,,global,Nacional=>local,
C3P243_T6,C3P243_T6,categorical_target,prevalence,1,auto_from_spss_reference,C3P243_T6,SPSS_AUTO,,,Nacional,logit,Nacional=>logit,target,Nacional=>base,subpop,,global,,
C4P256,C4P256,categorical_target,prevalence,3,auto_from_spss_reference,C4P256,SPSS_AUTO,dom_no_recibio_vs,1,Nacional,logit,Nacional=>logit,target,,subpop,Nacional=>filter,global,Nacional=>local,
C4P258_1,C4P258_1,categorical_target,prevalence,1,auto_from_spss_reference,C4P258_1,SPSS_AUTO,dom_institucion_vs,1,Nacional,logit,Nacional=>logit,target,,subpop,Nacional=>filter,global,Nacional=>local,
C4P258_10,C4P258_10,categorical_target,prevalence,1,auto_from_spss_reference,C4P258_10,SPSS_AUTO,dom_institucion_vs,1,Nacional,logit,Nacional=>logit,target,,subpop,Nacional=>filter,global,Nacional=>local,
C4P258_11,C4P258_11,categorical_target,prevalence,1,auto_from_spss_reference,C4P258_11,SPSS_AUTO,dom_institucion_vs,1,Nacional,logit,Nacional=>logit,target,,subpop,Nacional=>filter,global,Nacional=>local,
C4P258_12,C4P258_12,categorical_target,prevalence,1,auto_from_spss_reference,C4P258_12,SPSS_AUTO,dom_institucion_vs,1,Nacional,logit,Nacional=>logit,target,,subpop,Nacional=>filter,global,Nacional=>local,
C4P258_2,C4P258_2,categorical_target,prevalence,1,auto_from_spss_reference,C4P258_2,SPSS_AUTO,dom_institucion_vs,1,Nacional,logit,Nacional=>logit,target,,subpop,Nacional=>filter,global,Nacional=>local,
C4P258_3,C4P258_3,categorical_target,prevalence,1,auto_from_spss_reference,C4P258_3,SPSS_AUTO,dom_institucion_vs,1,Nacional,logit,Nacional=>logit,target,,subpop,Nacional=>filter,global,Nacional=>local,
C4P258_4,C4P258_4,categorical_target,prevalence,1,auto_from_spss_reference,C4P258_4,SPSS_AUTO,dom_institucion_vs,1,Nacional,logit,Nacional=>logit,target,,subpop,Nacional=>filter,global,Nacional=>local,
C4P258_5,C4P258_5,categorical_target,prevalence,1,auto_from_spss_reference,C4P258_5,SPSS_AUTO,dom_institucion_vs,1,Nacional,logit,Nacional=>logit,target,,subpop,Nacional=>filter,global,,
C4P258_6,C4P258_6,categorical_target,prevalence,1,auto_from_spss_reference,C4P258_6,SPSS_AUTO,dom_institucion_vs,1,Nacional,logit,Nacional=>logit,target,,subpop,Nacional=>filter,global,Nacional=>local,
C4P258_7,C4P258_7,categorical_target,prevalence,1,auto_from_spss_reference,C4P258_7,SPSS_AUTO,dom_institucion_vs,1,Nacional,wald,Nacional=>wald,target,,subpop,Nacional=>subpop,global,,
C4P258_8,C4P258_8,categorical_target,prevalence,1,auto_from_spss_reference,C4P258_8,SPSS_AUTO,dom_institucion_vs,1,Nacional,logit,Nacional=>logit,target,,subpop,Nacional=>filter,global,Nacional=>local,
C4P258_9,C4P258_9,categorical_target,prevalence,1,auto_from_spss_reference,C4P258_9,SPSS_AUTO,dom_institucion_vs,1,Nacional,logit,Nacional=>logit,target,,subpop,Nacional=>filter,global,Nacional=>local,
CONS_ALGUNA,CONS_ALGUNA,binary_materialized,prevalence,1,auto_from_spss_reference,CONS_ALGUNA,SPSS_AUTO,,,DEPARTAMENTO2;DISCAPACIDAD;etnicidad1;idiomaHogar;Nacional;SEXO;tipo_hogar1;AREA;AREA_SEXO,wald,Departamento=>wald||Discapacidad=>wald||Etnicidad=>wald||Lengua materna=>wald||Nacional=>wald||Sexo=>wald||Tipo de hogar=>wald||Área=>wald||Área y sexo=>wald,target,Departamento=>base||Discapacidad=>base||Etnicidad=>base||Lengua materna=>base||Nacional=>base||Sexo=>base||Tipo de hogar=>base||Área=>base||Área y sexo=>base,subpop,,global,Nacional=>cell||Sexo=>cell||Área=>global,Amazonas;Apurímac;Arequipa;Ayacucho;Cajamarca;Callao;Cusco;Huancavelica;Huánuco;Ica;Junín;La Libertad;Lambayeque;Lima Metropolitana;Loreto;Madre de Dios;Moquegua;Pasco;Piura;Puno;Región Lima;San Martín;Tacna;Tumbes;Ucayali;Áncash
CONS_ATENCION_SALUD,CONS_ATENCION_SALUD,binary_materialized,prevalence,1,auto_from_spss_reference,CONS_ATENCION_SALUD,SPSS_AUTO,,,DISCAPACIDAD;etnicidad1;idiomaHogar;Nacional;SEXO;tipo_hogar1;AREA;AREA_SEXO,wald,Discapacidad=>wald||Etnicidad=>wald||Lengua materna=>wald||Nacional=>wald||Sexo=>wald||Tipo de hogar=>wald||Área=>wald||Área y sexo=>wald,target,Discapacidad=>base||Etnicidad=>base||Lengua materna=>base||Nacional=>base||Sexo=>base||Tipo de hogar=>base||Área=>base||Área y sexo=>base,subpop,,global,Discapacidad=>local||Nacional=>local||Sexo=>local||Tipo de hogar=>local||Área y sexo=>local,
Componentes,tarea1_fem,special,special,,auto_from_spss_reference,Componentes,SPSS_AUTO,,,Nacional;Tareas del hogar,logit,Tareas del hogar=>logit,target,,subpop,,global,Tareas del hogar=>cell,
Formas_Agresor_VS_H_1__C4P248_1,Formas_Agresor_VS_H_1__C4P248_1,binary_materialized,prevalence,1,auto_from_spss_reference,Formas_Agresor_VS_H_1__C4P248_1,SPSS_AUTO,VS_H_1,1,Nacional,logit,Nacional=>logit,target,,subpop,Nacional=>subpop,global,,
Formas_Agresor_VS_H_1__C4P248_10,Formas_Agresor_VS_H_1__C4P248_10,binary_materialized,prevalence,1,auto_from_spss_reference,Formas_Agresor_VS_H_1__C4P248_10,SPSS_AUTO,VS_H_1,1,Nacional,logit,Nacional=>logit,target,,subpop,Nacional=>filter,global,,
Formas_Agresor_VS_H_1__C4P248_11,Formas_Agresor_VS_H_1__C4P248_11,binary_materialized,prevalence,1,auto_from_spss_reference,Formas_Agresor_VS_H_1__C4P248_11,SPSS_AUTO,VS_H_1,1,Nacional,logit,Nacional=>logit,target,,subpop,Nacional=>filter,global,,
Formas_Agresor_VS_H_1__C4P248_13,Formas_Agresor_VS_H_1__C4P248_13,binary_materialized,prevalence,1,auto_from_spss_reference,Formas_Agresor_VS_H_1__C4P248_13,SPSS_AUTO,VS_H_1,1,Nacional,logit,Nacional=>logit,target,,subpop,Nacional=>filter,global,,
Formas_Agresor_VS_H_1__C4P248_14,Formas_Agresor_VS_H_1__C4P248_14,binary_materialized,prevalence,1,auto_from_spss_reference,Formas_Agresor_VS_H_1__C4P248_14,SPSS_AUTO,VS_H_1,1,Nacional,logit,Nacional=>logit,target,,subpop,Nacional=>filter,global,,
Formas_Agresor_VS_H_1__C4P248_15,Formas_Agresor_VS_H_1__C4P248_15,binary_materialized,prevalence,1,auto_from_spss_reference,Formas_Agresor_VS_H_1__C4P248_15,SPSS_AUTO,VS_H_1,1,Nacional,logit,Nacional=>logit,target,,subpop,Nacional=>filter,global,Nacional=>local,
Formas_Agresor_VS_H_1__C4P248_16,Formas_Agresor_VS_H_1__C4P248_16,binary_materialized,prevalence,1,auto_from_spss_reference,Formas_Agresor_VS_H_1__C4P248_16,SPSS_AUTO,VS_H_1,1,Nacional,logit,Nacional=>logit,target,,subpop,Nacional=>filter,global,Nacional=>local,
Formas_Agresor_VS_H_1__C4P248_2,Formas_Agresor_VS_H_1__C4P248_2,binary_materialized,prevalence,1,auto_from_spss_reference,Formas_Agresor_VS_H_1__C4P248_2,SPSS_AUTO,VS_H_1,1,Nacional,logit,Nacional=>logit,target,,subpop,Nacional=>subpop,global,Nacional=>local,
Formas_Agresor_VS_H_1__C4P248_3,Formas_Agresor_VS_H_1__C4P248_3,binary_materialized,prevalence,1,auto_from_spss_reference,Formas_Agresor_VS_H_1__C4P248_3,SPSS_AUTO,VS_H_1,1,Nacional,logit,Nacional=>logit,target,,subpop,Nacional=>filter,global,Nacional=>local,
Formas_Agresor_VS_H_1__C4P248_4,Formas_Agresor_VS_H_1__C4P248_4,binary_materialized,prevalence,1,auto_from_spss_reference,Formas_Agresor_VS_H_1__C4P248_4,SPSS_AUTO,VS_H_1,1,Nacional,logit,Nacional=>logit,target,,subpop,Nacional=>subpop,global,,
Formas_Agresor_VS_H_1__C4P248_5,Formas_Agresor_VS_H_1__C4P248_5,binary_materialized,prevalence,1,auto_from_spss_reference,Formas_Agresor_VS_H_1__C4P248_5,SPSS_AUTO,VS_H_1,1,Nacional,logit,Nacional=>logit,target,,subpop,Nacional=>subpop,global,Nacional=>cell,
Formas_Agresor_VS_H_1__C4P248_6,Formas_Agresor_VS_H_1__C4P248_6,binary_materialized,prevalence,1,auto_from_spss_reference,Formas_Agresor_VS_H_1__C4P248_6,SPSS_AUTO,VS_H_1,1,Nacional,wald,Nacional=>logit,target,,subpop,Nacional=>filter,global,Nacional=>global,
Formas_Agresor_VS_H_1__C4P248_7,Formas_Agresor_VS_H_1__C4P248_7,binary_materialized,prevalence,1,auto_from_spss_reference,Formas_Agresor_VS_H_1__C4P248_7,SPSS_AUTO,VS_H_1,1,Nacional,logit,Nacional=>logit,target,,subpop,Nacional=>filter,global,,
Formas_Agresor_VS_H_1__C4P248_8,Formas_Agresor_VS_H_1__C4P248_8,binary_materialized,prevalence,1,auto_from_spss_reference,Formas_Agresor_VS_H_1__C4P248_8,SPSS_AUTO,VS_H_1,1,Nacional,logit,Nacional=>logit,target,,subpop,Nacional=>subpop,global,Nacional=>local,
Formas_Agresor_VS_H_1__C4P248_9,Formas_Agresor_VS_H_1__C4P248_9,binary_materialized,prevalence,1,auto_from_spss_reference,Formas_Agresor_VS_H_1__C4P248_9,SPSS_AUTO,VS_H_1,1,Nacional,logit,Nacional=>logit,target,,subpop,Nacional=>filter,global,Nacional=>local,
Formas_Agresor_VS_H_1__ICVAC_301,Formas_Agresor_VS_H_1__ICVAC_301,binary_materialized,prevalence,1,auto_from_spss_reference,Formas_Agresor_VS_H_1__ICVAC_301,SPSS_AUTO,VS_H_1,1,Nacional,logit,Nacional=>logit,target,,subpop,Nacional=>filter,global,,
Formas_Agresor_VS_H_1__ICVAC_302,Formas_Agresor_VS_H_1__ICVAC_302,binary_materialized,prevalence,1,auto_from_spss_reference,Formas_Agresor_VS_H_1__ICVAC_302,SPSS_AUTO,VS_H_1,1,Nacional,logit,Nacional=>logit,target,,subpop,Nacional=>subpop,global,Nacional=>cell,
Formas_Agresor_VS_H_1__ICVAC_303,Formas_Agresor_VS_H_1__ICVAC_303,binary_materialized,prevalence,1,auto_from_spss_reference,Formas_Agresor_VS_H_1__ICVAC_303,SPSS_AUTO,VS_H_1,1,Nacional,logit,Nacional=>logit,target,,subpop,Nacional=>filter,global,Nacional=>cell,
Formas_Agresor_VS_H_1__VSH_AG01,Formas_Agresor_VS_H_1__VSH_AG01,binary_materialized,prevalence,1,auto_from_spss_reference,Formas_Agresor_VS_H_1__VSH_AG01,SPSS_AUTO,VS_H_1,1,Nacional,logit,Nacional=>logit,target,,subpop,Nacional=>filter,global,,
Formas_Agresor_VS_H_1__VSH_AG02,Formas_Agresor_VS_H_1__VSH_AG02,binary_materialized,prevalence,1,auto_from_spss_reference,Formas_Agresor_VS_H_1__VSH_AG02,SPSS_AUTO,VS_H_1,1,Nacional,logit,Nacional=>logit,target,,subpop,Nacional=>filter,global,Nacional=>cell,
Formas_Agresor_VS_H_1__VSH_AG03,Formas_Agresor_VS_H_1__VSH_AG03,binary_materialized,prevalence,1,auto_from_spss_reference,Formas_Agresor_VS_H_1__VSH_AG03,SPSS_AUTO,VS_H_1,1,Nacional,logit,Nacional=>logit,target,,subpop,Nacional=>subpop,global,Nacional=>local,
Formas_Agresor_VS_H_1__VSH_CP01,Formas_Agresor_VS_H_1__VSH_CP01,binary_materialized,prevalence,1,auto_from_spss_reference,Formas_Agresor_VS_H_1__VSH_CP01,SPSS_AUTO,VS_H_1,1,Nacional,logit,Nacional=>logit,target,,subpop,Nacional=>filter,global,Nacional=>cell,
Formas_Agresor_VS_H_1__VSH_CP02,Formas_Agresor_VS_H_1__VSH_CP02,binary_materialized,prevalence,1,auto_from_spss_reference,Formas_Agresor_VS_H_1__VSH_CP02,SPSS_AUTO,VS_H_1,1,Nacional,logit,Nacional=>logit,target,,subpop,Nacional=>subpop,global,Nacional=>local,
Formas_Agresor_VS_H_1__VSH_CP03,Formas_Agresor_VS_H_1__VSH_CP03,binary_materialized,prevalence,1,auto_from_spss_reference,Formas_Agresor_VS_H_1__VSH_CP03,SPSS_AUTO,VS_H_1,1,Nacional,logit,Nacional=>logit,target,,subpop,Nacional=>filter,global,,
Formas_Agresor_VS_H_1__VSH_CP04,Formas_Agresor_VS_H_1__VSH_CP04,binary_materialized,prevalence,1,auto_from_spss_reference,Formas_Agresor_VS_H_1__VSH_CP04,SPSS_AUTO,VS_H_1,1,Nacional,logit,Nacional=>logit,target,,subpop,Nacional=>filter,global,,
Formas_Agresor_VS_H_1__VSH_CP05,Formas_Agresor_VS_H_1__VSH_CP05,binary_materialized,prevalence,1,auto_from_spss_reference,Formas_Agresor_VS_H_1__VSH_CP05,SPSS_AUTO,VS_H_1,1,Nacional,logit,Nacional=>logit,target,,subpop,Nacional=>filter,global,,
Formas_Agresor_VS_H_1__VSH_CP06,Formas_Agresor_VS_H_1__VSH_CP06,binary_materialized,prevalence,1,auto_from_spss_reference,Formas_Agresor_VS_H_1__VSH_CP06,SPSS_AUTO,VS_H_1,1,Nacional,logit,Nacional=>logit,target,,subpop,Nacional=>filter,global,,
Formas_Agresor_VS_H_1__VSH_CP07,Formas_Agresor_VS_H_1__VSH_CP07,binary_materialized,prevalence,1,auto_from_spss_reference,Formas_Agresor_VS_H_1__VSH_CP07,SPSS_AUTO,VS_H_1,1,Nacional,logit,Nacional=>logit,target,,subpop,Nacional=>filter,global,,
Formas_Agresor_VS_H_1__VSH_CP08,Formas_Agresor_VS_H_1__VSH_CP08,binary_materialized,prevalence,1,auto_from_spss_reference,Formas_Agresor_VS_H_1__VSH_CP08,SPSS_AUTO,VS_H_1,1,Nacional,logit,Nacional=>logit,target,,subpop,Nacional=>filter,global,,
Formas_Agresor_VS_H__C4P248_1,Formas_Agresor_VS_H__C4P248_1,binary_materialized,prevalence,1,auto_from_spss_reference,Formas_Agresor_VS_H__C4P248_1,SPSS_AUTO,VS_H,1,Nacional,logit,Nacional=>logit,target,,subpop,Nacional=>filter,global,Nacional=>local,
Formas_Agresor_VS_H__C4P248_10,Formas_Agresor_VS_H__C4P248_10,binary_materialized,prevalence,1,auto_from_spss_reference,Formas_Agresor_VS_H__C4P248_10,SPSS_AUTO,VS_H,1,Nacional,logit,Nacional=>logit,target,,subpop,Nacional=>filter,global,Nacional=>local,
Formas_Agresor_VS_H__C4P248_11,Formas_Agresor_VS_H__C4P248_11,binary_materialized,prevalence,1,auto_from_spss_reference,Formas_Agresor_VS_H__C4P248_11,SPSS_AUTO,VS_H,1,Nacional,logit,Nacional=>logit,target,,subpop,Nacional=>filter,global,Nacional=>local,
Formas_Agresor_VS_H__C4P248_13,Formas_Agresor_VS_H__C4P248_13,binary_materialized,prevalence,1,auto_from_spss_reference,Formas_Agresor_VS_H__C4P248_13,SPSS_AUTO,VS_H,1,Nacional,logit,Nacional=>logit,target,,subpop,Nacional=>filter,global,Nacional=>local,
Formas_Agresor_VS_H__C4P248_14,Formas_Agresor_VS_H__C4P248_14,binary_materialized,prevalence,1,auto_from_spss_reference,Formas_Agresor_VS_H__C4P248_14,SPSS_AUTO,VS_H,1,Nacional,logit,Nacional=>logit,target,,subpop,Nacional=>filter,global,Nacional=>local,
Formas_Agresor_VS_H__C4P248_15,Formas_Agresor_VS_H__C4P248_15,binary_materialized,prevalence,1,auto_from_spss_reference,Formas_Agresor_VS_H__C4P248_15,SPSS_AUTO,VS_H,1,Nacional,logit,Nacional=>logit,target,,subpop,Nacional=>filter,global,Nacional=>local,
Formas_Agresor_VS_H__C4P248_16,Formas_Agresor_VS_H__C4P248_16,binary_materialized,prevalence,1,auto_from_spss_reference,Formas_Agresor_VS_H__C4P248_16,SPSS_AUTO,VS_H,1,Nacional,logit,Nacional=>logit,target,,subpop,Nacional=>filter,global,Nacional=>local,
Formas_Agresor_VS_H__C4P248_2,Formas_Agresor_VS_H__C4P248_2,binary_materialized,prevalence,1,auto_from_spss_reference,Formas_Agresor_VS_H__C4P248_2,SPSS_AUTO,VS_H,1,Nacional,logit,Nacional=>logit,target,,subpop,Nacional=>filter,global,,
Formas_Agresor_VS_H__C4P248_3,Formas_Agresor_VS_H__C4P248_3,binary_materialized,prevalence,1,auto_from_spss_reference,Formas_Agresor_VS_H__C4P248_3,SPSS_AUTO,VS_H,1,Nacional,logit,Nacional=>logit,target,,subpop,Nacional=>filter,global,Nacional=>local,
Formas_Agresor_VS_H__C4P248_4,Formas_Agresor_VS_H__C4P248_4,binary_materialized,prevalence,1,auto_from_spss_reference,Formas_Agresor_VS_H__C4P248_4,SPSS_AUTO,VS_H,1,Nacional,logit,Nacional=>logit,target,,subpop,Nacional=>filter,global,Nacional=>local,
Formas_Agresor_VS_H__C4P248_5,Formas_Agresor_VS_H__C4P248_5,binary_materialized,prevalence,1,auto_from_spss_reference,Formas_Agresor_VS_H__C4P248_5,SPSS_AUTO,VS_H,1,Nacional,logit,Nacional=>logit,target,,subpop,Nacional=>filter,global,Nacional=>local,
Formas_Agresor_VS_H__C4P248_6,Formas_Agresor_VS_H__C4P248_6,binary_materialized,prevalence,1,auto_from_spss_reference,Formas_Agresor_VS_H__C4P248_6,SPSS_AUTO,VS_H,1,Nacional,logit,Nacional=>logit,target,,subpop,Nacional=>filter,global,Nacional=>local,
Formas_Agresor_VS_H__C4P248_7,Formas_Agresor_VS_H__C4P248_7,binary_materialized,prevalence,1,auto_from_spss_reference,Formas_Agresor_VS_H__C4P248_7,SPSS_AUTO,VS_H,1,Nacional,logit,Nacional=>logit,target,,subpop,Nacional=>filter,global,Nacional=>local,
Formas_Agresor_VS_H__C4P248_8,Formas_Agresor_VS_H__C4P248_8,binary_materialized,prevalence,1,auto_from_spss_reference,Formas_Agresor_VS_H__C4P248_8,SPSS_AUTO,VS_H,1,Nacional,logit,Nacional=>logit,target,,subpop,Nacional=>filter,global,Nacional=>local,
Formas_Agresor_VS_H__C4P248_9,Formas_Agresor_VS_H__C4P248_9,binary_materialized,prevalence,1,auto_from_spss_reference,Formas_Agresor_VS_H__C4P248_9,SPSS_AUTO,VS_H,1,Nacional,logit,Nacional=>logit,target,,subpop,Nacional=>filter,global,Nacional=>local,
Formas_Agresor_VS_H__ICVAC_301,Formas_Agresor_VS_H__ICVAC_301,binary_materialized,prevalence,1,auto_from_spss_reference,Formas_Agresor_VS_H__ICVAC_301,SPSS_AUTO,VS_H,1,Nacional,logit,Nacional=>logit,target,,subpop,Nacional=>filter,global,Nacional=>local,
Formas_Agresor_VS_H__ICVAC_302,Formas_Agresor_VS_H__ICVAC_302,binary_materialized,prevalence,1,auto_from_spss_reference,Formas_Agresor_VS_H__ICVAC_302,SPSS_AUTO,VS_H,1,Nacional,logit,Nacional=>logit,target,,subpop,Nacional=>filter,global,Nacional=>local,
Formas_Agresor_VS_H__ICVAC_303,Formas_Agresor_VS_H__ICVAC_303,binary_materialized,prevalence,1,auto_from_spss_reference,Formas_Agresor_VS_H__ICVAC_303,SPSS_AUTO,VS_H,1,Nacional,logit,Nacional=>logit,target,,subpop,Nacional=>filter,global,,
Formas_Agresor_VS_H__VSH_AG01,Formas_Agresor_VS_H__VSH_AG01,binary_materialized,prevalence,1,auto_from_spss_reference,Formas_Agresor_VS_H__VSH_AG01,SPSS_AUTO,VS_H,1,Nacional,logit,Nacional=>logit,target,,subpop,Nacional=>filter,global,Nacional=>local,
Formas_Agresor_VS_H__VSH_AG02,Formas_Agresor_VS_H__VSH_AG02,binary_materialized,prevalence,1,auto_from_spss_reference,Formas_Agresor_VS_H__VSH_AG02,SPSS_AUTO,VS_H,1,Nacional,logit,Nacional=>logit,target,,subpop,Nacional=>filter,global,Nacional=>cell,
Formas_Agresor_VS_H__VSH_AG03,Formas_Agresor_VS_H__VSH_AG03,binary_materialized,prevalence,1,auto_from_spss_reference,Formas_Agresor_VS_H__VSH_AG03,SPSS_AUTO,VS_H,1,Nacional,logit,Nacional=>logit,target,,subpop,Nacional=>filter,global,,
Formas_Agresor_VS_H__VSH_CP01,Formas_Agresor_VS_H__VSH_CP01,binary_materialized,prevalence,1,auto_from_spss_reference,Formas_Agresor_VS_H__VSH_CP01,SPSS_AUTO,VS_H,1,Nacional,logit,Nacional=>logit,target,,subpop,Nacional=>filter,global,Nacional=>local,
Formas_Agresor_VS_H__VSH_CP02,Formas_Agresor_VS_H__VSH_CP02,binary_materialized,prevalence,1,auto_from_spss_reference,Formas_Agresor_VS_H__VSH_CP02,SPSS_AUTO,VS_H,1,Nacional,logit,Nacional=>logit,target,,subpop,Nacional=>filter,global,Nacional=>local,
Formas_Agresor_VS_H__VSH_CP03,Formas_Agresor_VS_H__VSH_CP03,binary_materialized,prevalence,1,auto_from_spss_reference,Formas_Agresor_VS_H__VSH_CP03,SPSS_AUTO,VS_H,1,Nacional,logit,Nacional=>logit,target,,subpop,Nacional=>filter,global,Nacional=>local,
Formas_Agresor_VS_H__VSH_CP04,Formas_Agresor_VS_H__VSH_CP04,binary_materialized,prevalence,1,auto_from_spss_reference,Formas_Agresor_VS_H__VSH_CP04,SPSS_AUTO,VS_H,1,Nacional,logit,Nacional=>logit,target,,subpop,Nacional=>filter,global,Nacional=>local,
Formas_Agresor_VS_H__VSH_CP05,Formas_Agresor_VS_H__VSH_CP05,binary_materialized,prevalence,1,auto_from_spss_reference,Formas_Agresor_VS_H__VSH_CP05,SPSS_AUTO,VS_H,1,Nacional,logit,Nacional=>logit,target,,subpop,Nacional=>filter,global,Nacional=>local,
Formas_Agresor_VS_H__VSH_CP06,Formas_Agresor_VS_H__VSH_CP06,binary_materialized,prevalence,1,auto_from_spss_reference,Formas_Agresor_VS_H__VSH_CP06,SPSS_AUTO,VS_H,1,Nacional,logit,Nacional=>logit,target,,subpop,Nacional=>filter,global,Nacional=>local,
Formas_Agresor_VS_H__VSH_CP07,Formas_Agresor_VS_H__VSH_CP07,binary_materialized,prevalence,1,auto_from_spss_reference,Formas_Agresor_VS_H__VSH_CP07,SPSS_AUTO,VS_H,1,Nacional,logit,Nacional=>logit,target,,subpop,Nacional=>filter,global,Nacional=>local,
Formas_Agresor_VS_H__VSH_CP08,Formas_Agresor_VS_H__VSH_CP08,binary_materialized,prevalence,1,auto_from_spss_reference,Formas_Agresor_VS_H__VSH_CP08,SPSS_AUTO,VS_H,1,Nacional,logit,Nacional=>logit,target,,subpop,Nacional=>filter,global,,
Formas_VS_12M__C4P248_1,Formas_VS_12M__C4P248_1,binary_materialized,prevalence,1,auto_from_spss_reference,Formas_VS_12M__C4P248_1,SPSS_AUTO,VS_12M,1,Nacional,logit,Nacional=>logit,target,,subpop,Nacional=>subpop,global,,
Formas_VS_12M__C4P248_10,Formas_VS_12M__C4P248_10,binary_materialized,prevalence,1,auto_from_spss_reference,Formas_VS_12M__C4P248_10,SPSS_AUTO,VS_12M,1,Nacional,logit,Nacional=>logit,target,,subpop,Nacional=>filter,global,,
Formas_VS_12M__C4P248_11,Formas_VS_12M__C4P248_11,binary_materialized,prevalence,1,auto_from_spss_reference,Formas_VS_12M__C4P248_11,SPSS_AUTO,VS_12M,1,Nacional,logit,Nacional=>logit,target,,subpop,Nacional=>subpop,global,Nacional=>cell,
Formas_VS_12M__C4P248_12,Formas_VS_12M__C4P248_12,binary_materialized,prevalence,1,auto_from_spss_reference,Formas_VS_12M__C4P248_12,SPSS_AUTO,VS_12M,1,Nacional,wald,Nacional=>logit,target,,subpop,Nacional=>subpop,global,Nacional=>local,
Formas_VS_12M__C4P248_13,Formas_VS_12M__C4P248_13,binary_materialized,prevalence,1,auto_from_spss_reference,Formas_VS_12M__C4P248_13,SPSS_AUTO,VS_12M,1,Nacional,logit,Nacional=>logit,target,,subpop,Nacional=>subpop,global,,
Formas_VS_12M__C4P248_14,Formas_VS_12M__C4P248_14,binary_materialized,prevalence,1,auto_from_spss_reference,Formas_VS_12M__C4P248_14,SPSS_AUTO,VS_12M,1,Nacional,logit,Nacional=>logit,target,,subpop,Nacional=>filter,global,,
Formas_VS_12M__C4P248_15,Formas_VS_12M__C4P248_15,binary_materialized,prevalence,1,auto_from_spss_reference,Formas_VS_12M__C4P248_15,SPSS_AUTO,VS_12M,1,Nacional,logit,Nacional=>logit,target,,subpop,Nacional=>subpop,global,Nacional=>cell,
Formas_VS_12M__C4P248_16,Formas_VS_12M__C4P248_16,binary_materialized,prevalence,1,auto_from_spss_reference,Formas_VS_12M__C4P248_16,SPSS_AUTO,VS_12M,1,Nacional,logit,Nacional=>logit,target,,subpop,Nacional=>subpop,global,Nacional=>local,
Formas_VS_12M__C4P248_2,Formas_VS_12M__C4P248_2,binary_materialized,prevalence,1,auto_from_spss_reference,Formas_VS_12M__C4P248_2,SPSS_AUTO,VS_12M,1,Nacional,logit,Nacional=>wald,target,,subpop,Nacional=>filter,global,Nacional=>cell,
Formas_VS_12M__C4P248_3,Formas_VS_12M__C4P248_3,binary_materialized,prevalence,1,auto_from_spss_reference,Formas_VS_12M__C4P248_3,SPSS_AUTO,VS_12M,1,Nacional,logit,Nacional=>logit,target,,subpop,Nacional=>filter,global,,
Formas_VS_12M__C4P248_4,Formas_VS_12M__C4P248_4,binary_materialized,prevalence,1,auto_from_spss_reference,Formas_VS_12M__C4P248_4,SPSS_AUTO,VS_12M,1,Nacional,logit,Nacional=>logit,target,,subpop,Nacional=>subpop,global,,
Formas_VS_12M__C4P248_5,Formas_VS_12M__C4P248_5,binary_materialized,prevalence,1,auto_from_spss_reference,Formas_VS_12M__C4P248_5,SPSS_AUTO,VS_12M,1,Nacional,logit,Nacional=>logit,target,,subpop,Nacional=>filter,global,,
Formas_VS_12M__C4P248_6,Formas_VS_12M__C4P248_6,binary_materialized,prevalence,1,auto_from_spss_reference,Formas_VS_12M__C4P248_6,SPSS_AUTO,VS_12M,1,Nacional,logit,Nacional=>logit,target,,subpop,Nacional=>filter,global,Nacional=>cell,
Formas_VS_12M__C4P248_7,Formas_VS_12M__C4P248_7,binary_materialized,prevalence,1,auto_from_spss_reference,Formas_VS_12M__C4P248_7,SPSS_AUTO,VS_12M,1,Nacional,logit,Nacional=>logit,target,,subpop,Nacional=>subpop,global,,
Formas_VS_12M__C4P248_8,Formas_VS_12M__C4P248_8,binary_materialized,prevalence,1,auto_from_spss_reference,Formas_VS_12M__C4P248_8,SPSS_AUTO,VS_12M,1,Nacional,logit,Nacional=>logit,target,,subpop,Nacional=>filter,global,Nacional=>cell,
Formas_VS_12M__C4P248_9,Formas_VS_12M__C4P248_9,binary_materialized,prevalence,1,auto_from_spss_reference,Formas_VS_12M__C4P248_9,SPSS_AUTO,VS_12M,1,Nacional,logit,Nacional=>logit,target,,subpop,Nacional=>filter,global,Nacional=>cell,
Formas_VS_12M__ICVAC_301,Formas_VS_12M__ICVAC_301,binary_materialized,prevalence,1,auto_from_spss_reference,Formas_VS_12M__ICVAC_301,SPSS_AUTO,VS_12M,1,Nacional,logit,Nacional=>logit,target,,subpop,Nacional=>subpop,global,Nacional=>cell,
Formas_VS_12M__ICVAC_302,Formas_VS_12M__ICVAC_302,binary_materialized,prevalence,1,auto_from_spss_reference,Formas_VS_12M__ICVAC_302,SPSS_AUTO,VS_12M,1,Nacional,wald,Nacional=>logit,target,,subpop,Nacional=>filter,global,Nacional=>global,
Formas_VS_12M__ICVAC_303,Formas_VS_12M__ICVAC_303,binary_materialized,prevalence,1,auto_from_spss_reference,Formas_VS_12M__ICVAC_303,SPSS_AUTO,VS_12M,1,Nacional,logit,Nacional=>logit,target,,subpop,Nacional=>filter,global,Nacional=>cell,
Formas_VS_12M__ICVAC_309,Formas_VS_12M__ICVAC_309,binary_materialized,prevalence,1,auto_from_spss_reference,Formas_VS_12M__ICVAC_309,SPSS_AUTO,VS_12M,1,Nacional,wald,Nacional=>logit,target,,subpop,Nacional=>subpop,global,Nacional=>local,
Formas_VS_12M__VS_CP01,Formas_VS_12M__VS_CP01,binary_materialized,prevalence,1,auto_from_spss_reference,Formas_VS_12M__VS_CP01,SPSS_AUTO,VS_12M,1,Nacional,wald,Nacional=>logit,target,,subpop,Nacional=>filter,global,Nacional=>global,
Formas_VS_12M__VS_CP02,Formas_VS_12M__VS_CP02,binary_materialized,prevalence,1,auto_from_spss_reference,Formas_VS_12M__VS_CP02,SPSS_AUTO,VS_12M,1,Nacional,logit,Nacional=>logit,target,,subpop,Nacional=>filter,global,Nacional=>cell,
Formas_VS_12M__VS_CP03,Formas_VS_12M__VS_CP03,binary_materialized,prevalence,1,auto_from_spss_reference,Formas_VS_12M__VS_CP03,SPSS_AUTO,VS_12M,1,Nacional,wald,Nacional=>logit,target,,subpop,Nacional=>subpop,global,Nacional=>cell,
Formas_VS_12M__VS_CP04,Formas_VS_12M__VS_CP04,binary_materialized,prevalence,1,auto_from_spss_reference,Formas_VS_12M__VS_CP04,SPSS_AUTO,VS_12M,1,Nacional,logit,Nacional=>logit,target,,subpop,Nacional=>filter,global,,
Formas_VS_12M__VS_CP05,Formas_VS_12M__VS_CP05,binary_materialized,prevalence,1,auto_from_spss_reference,Formas_VS_12M__VS_CP05,SPSS_AUTO,VS_12M,1,Nacional,logit,Nacional=>logit,target,,subpop,Nacional=>subpop,global,Nacional=>cell,
Formas_VS_12M__VS_CP06,Formas_VS_12M__VS_CP06,binary_materialized,prevalence,1,auto_from_spss_reference,Formas_VS_12M__VS_CP06,SPSS_AUTO,VS_12M,1,Nacional,logit,Nacional=>logit,target,,subpop,Nacional=>subpop,global,,
Formas_VS_12M__VS_CP07,Formas_VS_12M__VS_CP07,binary_materialized,prevalence,1,auto_from_spss_reference,Formas_VS_12M__VS_CP07,SPSS_AUTO,VS_12M,1,Nacional,logit,Nacional=>logit,target,,subpop,Nacional=>filter,global,,
Formas_VS_12M__VS_CP08,Formas_VS_12M__VS_CP08,binary_materialized,prevalence,1,auto_from_spss_reference,Formas_VS_12M__VS_CP08,SPSS_AUTO,VS_12M,1,Nacional,logit,Nacional=>logit,target,,subpop,Nacional=>subpop,global,Nacional=>local,
Formas_VS_12M__VS_CP09,Formas_VS_12M__VS_CP09,binary_materialized,prevalence,1,auto_from_spss_reference,Formas_VS_12M__VS_CP09,SPSS_AUTO,VS_12M,1,Nacional,wald,Nacional=>logit,target,,subpop,Nacional=>subpop,global,Nacional=>local,
Formas_VS_E_1__C4P248_1,Formas_VS_E_1__C4P248_1,binary_materialized,prevalence,1,auto_from_spss_reference,Formas_VS_E_1__C4P248_1,SPSS_AUTO,VS_E_1,1,Nacional,logit,Nacional=>logit,target,,subpop,Nacional=>subpop,global,Nacional=>cell,
Formas_VS_E_1__C4P248_10,Formas_VS_E_1__C4P248_10,binary_materialized,prevalence,1,auto_from_spss_reference,Formas_VS_E_1__C4P248_10,SPSS_AUTO,VS_E_1,1,Nacional,logit,Nacional=>logit,target,,subpop,Nacional=>filter,global,Nacional=>local,
Formas_VS_E_1__C4P248_11,Formas_VS_E_1__C4P248_11,binary_materialized,prevalence,1,auto_from_spss_reference,Formas_VS_E_1__C4P248_11,SPSS_AUTO,VS_E_1,1,Nacional,logit,Nacional=>logit,target,,subpop,Nacional=>filter,global,Nacional=>local,
Formas_VS_E_1__C4P248_12,Formas_VS_E_1__C4P248_12,binary_materialized,prevalence,1,auto_from_spss_reference,Formas_VS_E_1__C4P248_12,SPSS_AUTO,VS_E_1,1,Nacional,wald,Nacional=>logit,target,,subpop,Nacional=>filter,global,Nacional=>global,
Formas_VS_E_1__C4P248_13,Formas_VS_E_1__C4P248_13,binary_materialized,prevalence,1,auto_from_spss_reference,Formas_VS_E_1__C4P248_13,SPSS_AUTO,VS_E_1,1,Nacional,logit,Nacional=>logit,target,,subpop,Nacional=>subpop,global,,
Formas_VS_E_1__C4P248_14,Formas_VS_E_1__C4P248_14,binary_materialized,prevalence,1,auto_from_spss_reference,Formas_VS_E_1__C4P248_14,SPSS_AUTO,VS_E_1,1,Nacional,logit,Nacional=>logit,target,,subpop,Nacional=>subpop,global,,
Formas_VS_E_1__C4P248_15,Formas_VS_E_1__C4P248_15,binary_materialized,prevalence,1,auto_from_spss_reference,Formas_VS_E_1__C4P248_15,SPSS_AUTO,VS_E_1,1,Nacional,logit,Nacional=>logit,target,,subpop,Nacional=>subpop,global,Nacional=>local,
Formas_VS_E_1__C4P248_16,Formas_VS_E_1__C4P248_16,binary_materialized,prevalence,1,auto_from_spss_reference,Formas_VS_E_1__C4P248_16,SPSS_AUTO,VS_E_1,1,Nacional,logit,Nacional=>logit,target,,subpop,Nacional=>subpop,global,Nacional=>local,
Formas_VS_E_1__C4P248_2,Formas_VS_E_1__C4P248_2,binary_materialized,prevalence,1,auto_from_spss_reference,Formas_VS_E_1__C4P248_2,SPSS_AUTO,VS_E_1,1,Nacional,logit,Nacional=>logit,target,,subpop,Nacional=>filter,global,,
Formas_VS_E_1__C4P248_3,Formas_VS_E_1__C4P248_3,binary_materialized,prevalence,1,auto_from_spss_reference,Formas_VS_E_1__C4P248_3,SPSS_AUTO,VS_E_1,1,Nacional,logit,Nacional=>logit,target,,subpop,Nacional=>filter,global,Nacional=>cell,
Formas_VS_E_1__C4P248_4,Formas_VS_E_1__C4P248_4,binary_materialized,prevalence,1,auto_from_spss_reference,Formas_VS_E_1__C4P248_4,SPSS_AUTO,VS_E_1,1,Nacional,logit,Nacional=>logit,target,,subpop,Nacional=>filter,global,Nacional=>cell,
Formas_VS_E_1__C4P248_5,Formas_VS_E_1__C4P248_5,binary_materialized,prevalence,1,auto_from_spss_reference,Formas_VS_E_1__C4P248_5,SPSS_AUTO,VS_E_1,1,Nacional,logit,Nacional=>logit,target,,subpop,Nacional=>filter,global,Nacional=>cell,
Formas_VS_E_1__C4P248_6,Formas_VS_E_1__C4P248_6,binary_materialized,prevalence,1,auto_from_spss_reference,Formas_VS_E_1__C4P248_6,SPSS_AUTO,VS_E_1,1,Nacional,logit,Nacional=>logit,target,,subpop,Nacional=>filter,global,Nacional=>cell,
Formas_VS_E_1__C4P248_7,Formas_VS_E_1__C4P248_7,binary_materialized,prevalence,1,auto_from_spss_reference,Formas_VS_E_1__C4P248_7,SPSS_AUTO,VS_E_1,1,Nacional,logit,Nacional=>logit,target,,subpop,Nacional=>subpop,global,Nacional=>cell,
Formas_VS_E_1__C4P248_8,Formas_VS_E_1__C4P248_8,binary_materialized,prevalence,1,auto_from_spss_reference,Formas_VS_E_1__C4P248_8,SPSS_AUTO,VS_E_1,1,Nacional,logit,Nacional=>logit,target,,subpop,Nacional=>filter,global,,
Formas_VS_E_1__C4P248_9,Formas_VS_E_1__C4P248_9,binary_materialized,prevalence,1,auto_from_spss_reference,Formas_VS_E_1__C4P248_9,SPSS_AUTO,VS_E_1,1,Nacional,logit,Nacional=>logit,target,,subpop,Nacional=>subpop,global,,
Formas_VS_E_1__ICVAC_301,Formas_VS_E_1__ICVAC_301,binary_materialized,prevalence,1,auto_from_spss_reference,Formas_VS_E_1__ICVAC_301,SPSS_AUTO,VS_E_1,1,Nacional,logit,Nacional=>logit,target,,subpop,Nacional=>filter,global,Nacional=>local,
Formas_VS_E_1__ICVAC_302,Formas_VS_E_1__ICVAC_302,binary_materialized,prevalence,1,auto_from_spss_reference,Formas_VS_E_1__ICVAC_302,SPSS_AUTO,VS_E_1,1,Nacional,logit,Nacional=>logit,target,,subpop,Nacional=>subpop,global,,
Formas_VS_E_1__ICVAC_303,Formas_VS_E_1__ICVAC_303,binary_materialized,prevalence,1,auto_from_spss_reference,Formas_VS_E_1__ICVAC_303,SPSS_AUTO,VS_E_1,1,Nacional,logit,Nacional=>logit,target,,subpop,Nacional=>subpop,global,Nacional=>cell,
Formas_VS_E_1__ICVAC_309,Formas_VS_E_1__ICVAC_309,binary_materialized,prevalence,1,auto_from_spss_reference,Formas_VS_E_1__ICVAC_309,SPSS_AUTO,VS_E_1,1,Nacional,wald,Nacional=>logit,target,,subpop,Nacional=>filter,global,Nacional=>global,
Formas_VS_E_1__VSE_CP01,Formas_VS_E_1__VSE_CP01,binary_materialized,prevalence,1,auto_from_spss_reference,Formas_VS_E_1__VSE_CP01,SPSS_AUTO,VS_E_1,1,Nacional,logit,Nacional=>logit,target,,subpop,Nacional=>subpop,global,,
Formas_VS_E_1__VSE_CP02,Formas_VS_E_1__VSE_CP02,binary_materialized,prevalence,1,auto_from_spss_reference,Formas_VS_E_1__VSE_CP02,SPSS_AUTO,VS_E_1,1,Nacional,logit,Nacional=>logit,target,,subpop,Nacional=>subpop,global,,
Formas_VS_E_1__VSE_CP03,Formas_VS_E_1__VSE_CP03,binary_materialized,prevalence,1,auto_from_spss_reference,Formas_VS_E_1__VSE_CP03,SPSS_AUTO,VS_E_1,1,Nacional,logit,Nacional=>logit,target,,subpop,Nacional=>subpop,global,,
Formas_VS_E_1__VSE_CP04,Formas_VS_E_1__VSE_CP04,binary_materialized,prevalence,1,auto_from_spss_reference,Formas_VS_E_1__VSE_CP04,SPSS_AUTO,VS_E_1,1,Nacional,logit,Nacional=>logit,target,,subpop,Nacional=>filter,global,Nacional=>local,
Formas_VS_E_1__VSE_CP05,Formas_VS_E_1__VSE_CP05,binary_materialized,prevalence,1,auto_from_spss_reference,Formas_VS_E_1__VSE_CP05,SPSS_AUTO,VS_E_1,1,Nacional,logit,Nacional=>logit,target,,subpop,Nacional=>filter,global,Nacional=>local,
Formas_VS_E_1__VSE_CP06,Formas_VS_E_1__VSE_CP06,binary_materialized,prevalence,1,auto_from_spss_reference,Formas_VS_E_1__VSE_CP06,SPSS_AUTO,VS_E_1,1,Nacional,logit,Nacional=>logit,target,,subpop,Nacional=>subpop,global,,
Formas_VS_E_1__VSE_CP07,Formas_VS_E_1__VSE_CP07,binary_materialized,prevalence,1,auto_from_spss_reference,Formas_VS_E_1__VSE_CP07,SPSS_AUTO,VS_E_1,1,Nacional,logit,Nacional=>logit,target,,subpop,Nacional=>subpop,global,,
Formas_VS_E_1__VSE_CP08,Formas_VS_E_1__VSE_CP08,binary_materialized,prevalence,1,auto_from_spss_reference,Formas_VS_E_1__VSE_CP08,SPSS_AUTO,VS_E_1,1,Nacional,logit,Nacional=>logit,target,,subpop,Nacional=>filter,global,Nacional=>local,
Formas_VS_E_1__VSE_CP09,Formas_VS_E_1__VSE_CP09,binary_materialized,prevalence,1,auto_from_spss_reference,Formas_VS_E_1__VSE_CP09,SPSS_AUTO,VS_E_1,1,Nacional,wald,Nacional=>logit,target,,subpop,Nacional=>filter,global,Nacional=>global,
Formas_VS_E__C4P248_1,Formas_VS_E__C4P248_1,binary_materialized,prevalence,1,auto_from_spss_reference,Formas_VS_E__C4P248_1,SPSS_AUTO,VS_E,1,Nacional,logit,Nacional=>logit,target,,subpop,Nacional=>subpop,global,Nacional=>local,
Formas_VS_E__C4P248_10,Formas_VS_E__C4P248_10,binary_materialized,prevalence,1,auto_from_spss_reference,Formas_VS_E__C4P248_10,SPSS_AUTO,VS_E,1,Nacional,logit,Nacional=>logit,target,,subpop,Nacional=>filter,global,Nacional=>local,
Formas_VS_E__C4P248_11,Formas_VS_E__C4P248_11,binary_materialized,prevalence,1,auto_from_spss_reference,Formas_VS_E__C4P248_11,SPSS_AUTO,VS_E,1,Nacional,logit,Nacional=>logit,target,,subpop,Nacional=>subpop,global,,
Formas_VS_E__C4P248_12,Formas_VS_E__C4P248_12,binary_materialized,prevalence,1,auto_from_spss_reference,Formas_VS_E__C4P248_12,SPSS_AUTO,VS_E,1,Nacional,wald,Nacional=>logit,target,,subpop,Nacional=>filter,global,Nacional=>local,
Formas_VS_E__C4P248_13,Formas_VS_E__C4P248_13,binary_materialized,prevalence,1,auto_from_spss_reference,Formas_VS_E__C4P248_13,SPSS_AUTO,VS_E,1,Nacional,logit,Nacional=>logit,target,,subpop,Nacional=>filter,global,,
Formas_VS_E__C4P248_14,Formas_VS_E__C4P248_14,binary_materialized,prevalence,1,auto_from_spss_reference,Formas_VS_E__C4P248_14,SPSS_AUTO,VS_E,1,Nacional,logit,Nacional=>logit,target,,subpop,Nacional=>subpop,global,,
Formas_VS_E__C4P248_15,Formas_VS_E__C4P248_15,binary_materialized,prevalence,1,auto_from_spss_reference,Formas_VS_E__C4P248_15,SPSS_AUTO,VS_E,1,Nacional,logit,Nacional=>logit,target,,subpop,Nacional=>filter,global,Nacional=>local,
Formas_VS_E__C4P248_16,Formas_VS_E__C4P248_16,binary_materialized,prevalence,1,auto_from_spss_reference,Formas_VS_E__C4P248_16,SPSS_AUTO,VS_E,1,Nacional,logit,Nacional=>logit,target,,subpop,Nacional=>filter,global,,
Formas_VS_E__C4P248_2,Formas_VS_E__C4P248_2,binary_materialized,prevalence,1,auto_from_spss_reference,Formas_VS_E__C4P248_2,SPSS_AUTO,VS_E,1,Nacional,logit,Nacional=>logit,target,,subpop,Nacional=>subpop,global,,
Formas_VS_E__C4P248_3,Formas_VS_E__C4P248_3,binary_materialized,prevalence,1,auto_from_spss_reference,Formas_VS_E__C4P248_3,SPSS_AUTO,VS_E,1,Nacional,logit,Nacional=>logit,target,,subpop,Nacional=>subpop,global,,
Formas_VS_E__C4P248_4,Formas_VS_E__C4P248_4,binary_materialized,prevalence,1,auto_from_spss_reference,Formas_VS_E__C4P248_4,SPSS_AUTO,VS_E,1,Nacional,logit,Nacional=>logit,target,,subpop,Nacional=>filter,global,,
Formas_VS_E__C4P248_5,Formas_VS_E__C4P248_5,binary_materialized,prevalence,1,auto_from_spss_reference,Formas_VS_E__C4P248_5,SPSS_AUTO,VS_E,1,Nacional,logit,Nacional=>logit,target,,subpop,Nacional=>filter,global,Nacional=>cell,
Formas_VS_E__C4P248_6,Formas_VS_E__C4P248_6,binary_materialized,prevalence,1,auto_from_spss_reference,Formas_VS_E__C4P248_6,SPSS_AUTO,VS_E,1,Nacional,logit,Nacional=>logit,target,,subpop,Nacional=>subpop,global,,
Formas_VS_E__C4P248_7,Formas_VS_E__C4P248_7,binary_materialized,prevalence,1,auto_from_spss_reference,Formas_VS_E__C4P248_7,SPSS_AUTO,VS_E,1,Nacional,logit,Nacional=>logit,target,,subpop,Nacional=>subpop,global,Nacional=>cell,
Formas_VS_E__C4P248_8,Formas_VS_E__C4P248_8,binary_materialized,prevalence,1,auto_from_spss_reference,Formas_VS_E__C4P248_8,SPSS_AUTO,VS_E,1,Nacional,logit,Nacional=>logit,target,,subpop,Nacional=>filter,global,Nacional=>local,
Formas_VS_E__C4P248_9,Formas_VS_E__C4P248_9,binary_materialized,prevalence,1,auto_from_spss_reference,Formas_VS_E__C4P248_9,SPSS_AUTO,VS_E,1,Nacional,logit,Nacional=>logit,target,,subpop,Nacional=>subpop,global,Nacional=>local,
Formas_VS_E__ICVAC_301,Formas_VS_E__ICVAC_301,binary_materialized,prevalence,1,auto_from_spss_reference,Formas_VS_E__ICVAC_301,SPSS_AUTO,VS_E,1,Nacional,logit,Nacional=>logit,target,,subpop,Nacional=>subpop,global,,
Formas_VS_E__ICVAC_302,Formas_VS_E__ICVAC_302,binary_materialized,prevalence,1,auto_from_spss_reference,Formas_VS_E__ICVAC_302,SPSS_AUTO,VS_E,1,Nacional,logit,Nacional=>logit,target,,subpop,Nacional=>filter,global,,
Formas_VS_E__ICVAC_303,Formas_VS_E__ICVAC_303,binary_materialized,prevalence,1,auto_from_spss_reference,Formas_VS_E__ICVAC_303,SPSS_AUTO,VS_E,1,Nacional,logit,Nacional=>logit,target,,subpop,Nacional=>subpop,global,Nacional=>cell,
Formas_VS_E__ICVAC_309,Formas_VS_E__ICVAC_309,binary_materialized,prevalence,1,auto_from_spss_reference,Formas_VS_E__ICVAC_309,SPSS_AUTO,VS_E,1,Nacional,wald,Nacional=>logit,target,,subpop,Nacional=>filter,global,Nacional=>local,
Formas_VS_E__VSE_CP01,Formas_VS_E__VSE_CP01,binary_materialized,prevalence,1,auto_from_spss_reference,Formas_VS_E__VSE_CP01,SPSS_AUTO,VS_E,1,Nacional,logit,Nacional=>logit,target,,subpop,Nacional=>subpop,global,,
Formas_VS_E__VSE_CP02,Formas_VS_E__VSE_CP02,binary_materialized,prevalence,1,auto_from_spss_reference,Formas_VS_E__VSE_CP02,SPSS_AUTO,VS_E,1,Nacional,logit,Nacional=>logit,target,,subpop,Nacional=>subpop,global,Nacional=>cell,
Formas_VS_E__VSE_CP03,Formas_VS_E__VSE_CP03,binary_materialized,prevalence,1,auto_from_spss_reference,Formas_VS_E__VSE_CP03,SPSS_AUTO,VS_E,1,Nacional,logit,Nacional=>logit,target,,subpop,Nacional=>subpop,global,,
Formas_VS_E__VSE_CP04,Formas_VS_E__VSE_CP04,binary_materialized,prevalence,1,auto_from_spss_reference,Formas_VS_E__VSE_CP04,SPSS_AUTO,VS_E,1,Nacional,logit,Nacional=>logit,target,,subpop,Nacional=>filter,global,Nacional=>local,
Formas_VS_E__VSE_CP05,Formas_VS_E__VSE_CP05,binary_materialized,prevalence,1,auto_from_spss_reference,Formas_VS_E__VSE_CP05,SPSS_AUTO,VS_E,1,Nacional,logit,Nacional=>logit,target,,subpop,Nacional=>subpop,global,,
Formas_VS_E__VSE_CP06,Formas_VS_E__VSE_CP06,binary_materialized,prevalence,1,auto_from_spss_reference,Formas_VS_E__VSE_CP06,SPSS_AUTO,VS_E,1,Nacional,logit,Nacional=>logit,target,,subpop,Nacional=>filter,global,,
Formas_VS_E__VSE_CP07,Formas_VS_E__VSE_CP07,binary_materialized,prevalence,1,auto_from_spss_reference,Formas_VS_E__VSE_CP07,SPSS_AUTO,VS_E,1,Nacional,logit,Nacional=>logit,target,,subpop,Nacional=>subpop,global,,
Formas_VS_E__VSE_CP08,Formas_VS_E__VSE_CP08,binary_materialized,prevalence,1,auto_from_spss_reference,Formas_VS_E__VSE_CP08,SPSS_AUTO,VS_E,1,Nacional,logit,Nacional=>logit,target,,subpop,Nacional=>subpop,global,Nacional=>local,
Formas_VS_E__VSE_CP09,Formas_VS_E__VSE_CP09,binary_materialized,prevalence,1,auto_from_spss_reference,Formas_VS_E__VSE_CP09,SPSS_AUTO,VS_E,1,Nacional,wald,Nacional=>logit,target,,subpop,Nacional=>filter,global,Nacional=>local,
Formas_VS_VIDA__C4P248_1,Formas_VS_VIDA__C4P248_1,binary_materialized,prevalence,1,auto_from_spss_reference,Formas_VS_VIDA__C4P248_1,SPSS_AUTO,VS_VIDA,1,Nacional,logit,Nacional=>logit,target,,subpop,Nacional=>subpop,global,Nacional=>cell,
Formas_VS_VIDA__C4P248_10,Formas_VS_VIDA__C4P248_10,binary_materialized,prevalence,1,auto_from_spss_reference,Formas_VS_VIDA__C4P248_10,SPSS_AUTO,VS_VIDA,1,Nacional,logit,Nacional=>logit,target,,subpop,Nacional=>subpop,global,,
Formas_VS_VIDA__C4P248_11,Formas_VS_VIDA__C4P248_11,binary_materialized,prevalence,1,auto_from_spss_reference,Formas_VS_VIDA__C4P248_11,SPSS_AUTO,VS_VIDA,1,Nacional,logit,Nacional=>logit,target,,subpop,Nacional=>subpop,global,,
Formas_VS_VIDA__C4P248_12,Formas_VS_VIDA__C4P248_12,binary_materialized,prevalence,1,auto_from_spss_reference,Formas_VS_VIDA__C4P248_12,SPSS_AUTO,VS_VIDA,1,Nacional,wald,Nacional=>logit,target,,subpop,Nacional=>subpop,global,Nacional=>local,
Formas_VS_VIDA__C4P248_13,Formas_VS_VIDA__C4P248_13,binary_materialized,prevalence,1,auto_from_spss_reference,Formas_VS_VIDA__C4P248_13,SPSS_AUTO,VS_VIDA,1,Nacional,logit,Nacional=>logit,target,,subpop,Nacional=>subpop,global,Nacional=>cell,
Formas_VS_VIDA__C4P248_14,Formas_VS_VIDA__C4P248_14,binary_materialized,prevalence,1,auto_from_spss_reference,Formas_VS_VIDA__C4P248_14,SPSS_AUTO,VS_VIDA,1,Nacional,logit,Nacional=>logit,target,,subpop,Nacional=>subpop,global,Nacional=>cell,
Formas_VS_VIDA__C4P248_15,Formas_VS_VIDA__C4P248_15,binary_materialized,prevalence,1,auto_from_spss_reference,Formas_VS_VIDA__C4P248_15,SPSS_AUTO,VS_VIDA,1,Nacional,logit,Nacional=>logit,target,,subpop,Nacional=>subpop,global,,
Formas_VS_VIDA__C4P248_16,Formas_VS_VIDA__C4P248_16,binary_materialized,prevalence,1,auto_from_spss_reference,Formas_VS_VIDA__C4P248_16,SPSS_AUTO,VS_VIDA,1,Nacional,logit,Nacional=>logit,target,,subpop,Nacional=>subpop,global,Nacional=>cell,
Formas_VS_VIDA__C4P248_2,Formas_VS_VIDA__C4P248_2,binary_materialized,prevalence,1,auto_from_spss_reference,Formas_VS_VIDA__C4P248_2,SPSS_AUTO,VS_VIDA,1,Nacional,wald,Nacional=>logit,target,,subpop,Nacional=>filter,global,Nacional=>global,
Formas_VS_VIDA__C4P248_3,Formas_VS_VIDA__C4P248_3,binary_materialized,prevalence,1,auto_from_spss_reference,Formas_VS_VIDA__C4P248_3,SPSS_AUTO,VS_VIDA,1,Nacional,logit,Nacional=>logit,target,,subpop,Nacional=>subpop,global,Nacional=>cell,
Formas_VS_VIDA__C4P248_4,Formas_VS_VIDA__C4P248_4,binary_materialized,prevalence,1,auto_from_spss_reference,Formas_VS_VIDA__C4P248_4,SPSS_AUTO,VS_VIDA,1,Nacional,logit,Nacional=>logit,target,,subpop,Nacional=>filter,global,Nacional=>cell,
Formas_VS_VIDA__C4P248_5,Formas_VS_VIDA__C4P248_5,binary_materialized,prevalence,1,auto_from_spss_reference,Formas_VS_VIDA__C4P248_5,SPSS_AUTO,VS_VIDA,1,Nacional,logit,Nacional=>logit,target,,subpop,Nacional=>filter,global,,
Formas_VS_VIDA__C4P248_6,Formas_VS_VIDA__C4P248_6,binary_materialized,prevalence,1,auto_from_spss_reference,Formas_VS_VIDA__C4P248_6,SPSS_AUTO,VS_VIDA,1,Nacional,logit,Nacional=>logit,target,,subpop,Nacional=>subpop,global,,
Formas_VS_VIDA__C4P248_7,Formas_VS_VIDA__C4P248_7,binary_materialized,prevalence,1,auto_from_spss_reference,Formas_VS_VIDA__C4P248_7,SPSS_AUTO,VS_VIDA,1,Nacional,logit,Nacional=>logit,target,,subpop,Nacional=>filter,global,Nacional=>cell,
Formas_VS_VIDA__C4P248_8,Formas_VS_VIDA__C4P248_8,binary_materialized,prevalence,1,auto_from_spss_reference,Formas_VS_VIDA__C4P248_8,SPSS_AUTO,VS_VIDA,1,Nacional,wald,Nacional=>logit,target,,subpop,Nacional=>subpop,global,Nacional=>local,
Formas_VS_VIDA__C4P248_9,Formas_VS_VIDA__C4P248_9,binary_materialized,prevalence,1,auto_from_spss_reference,Formas_VS_VIDA__C4P248_9,SPSS_AUTO,VS_VIDA,1,Nacional,logit,Nacional=>logit,target,,subpop,Nacional=>subpop,global,,
Formas_VS_VIDA__ICVAC_301,Formas_VS_VIDA__ICVAC_301,binary_materialized,prevalence,1,auto_from_spss_reference,Formas_VS_VIDA__ICVAC_301,SPSS_AUTO,VS_VIDA,1,Nacional,logit,Nacional=>logit,target,,subpop,Nacional=>subpop,global,,
Formas_VS_VIDA__ICVAC_302,Formas_VS_VIDA__ICVAC_302,binary_materialized,prevalence,1,auto_from_spss_reference,Formas_VS_VIDA__ICVAC_302,SPSS_AUTO,VS_VIDA,1,Nacional,wald,Nacional=>logit,target,,subpop,Nacional=>filter,global,Nacional=>cell,
Formas_VS_VIDA__ICVAC_303,Formas_VS_VIDA__ICVAC_303,binary_materialized,prevalence,1,auto_from_spss_reference,Formas_VS_VIDA__ICVAC_303,SPSS_AUTO,VS_VIDA,1,Nacional,logit,Nacional=>logit,target,,subpop,Nacional=>filter,global,,
Formas_VS_VIDA__ICVAC_309,Formas_VS_VIDA__ICVAC_309,binary_materialized,prevalence,1,auto_from_spss_reference,Formas_VS_VIDA__ICVAC_309,SPSS_AUTO,VS_VIDA,1,Nacional,wald,Nacional=>logit,target,,subpop,Nacional=>subpop,global,Nacional=>local,
Formas_VS_VIDA__VS_CP01,Formas_VS_VIDA__VS_CP01,binary_materialized,prevalence,1,auto_from_spss_reference,Formas_VS_VIDA__VS_CP01,SPSS_AUTO,VS_VIDA,1,Nacional,wald,Nacional=>logit,target,,subpop,Nacional=>subpop,global,Nacional=>global,
Formas_VS_VIDA__VS_CP02,Formas_VS_VIDA__VS_CP02,binary_materialized,prevalence,1,auto_from_spss_reference,Formas_VS_VIDA__VS_CP02,SPSS_AUTO,VS_VIDA,1,Nacional,wald,Nacional=>logit,target,,subpop,Nacional=>subpop,global,Nacional=>cell,
Formas_VS_VIDA__VS_CP03,Formas_VS_VIDA__VS_CP03,binary_materialized,prevalence,1,auto_from_spss_reference,Formas_VS_VIDA__VS_CP03,SPSS_AUTO,VS_VIDA,1,Nacional,wald,Nacional=>wald,target,,subpop,Nacional=>subpop,global,Nacional=>cell,
Formas_VS_VIDA__VS_CP04,Formas_VS_VIDA__VS_CP04,binary_materialized,prevalence,1,auto_from_spss_reference,Formas_VS_VIDA__VS_CP04,SPSS_AUTO,VS_VIDA,1,Nacional,logit,Nacional=>logit,target,,subpop,Nacional=>subpop,global,,
Formas_VS_VIDA__VS_CP05,Formas_VS_VIDA__VS_CP05,binary_materialized,prevalence,1,auto_from_spss_reference,Formas_VS_VIDA__VS_CP05,SPSS_AUTO,VS_VIDA,1,Nacional,logit,Nacional=>logit,target,,subpop,Nacional=>subpop,global,,
Formas_VS_VIDA__VS_CP06,Formas_VS_VIDA__VS_CP06,binary_materialized,prevalence,1,auto_from_spss_reference,Formas_VS_VIDA__VS_CP06,SPSS_AUTO,VS_VIDA,1,Nacional,logit,Nacional=>logit,target,,subpop,Nacional=>subpop,global,Nacional=>cell,
Formas_VS_VIDA__VS_CP07,Formas_VS_VIDA__VS_CP07,binary_materialized,prevalence,1,auto_from_spss_reference,Formas_VS_VIDA__VS_CP07,SPSS_AUTO,VS_VIDA,1,Nacional,logit,Nacional=>logit,target,,subpop,Nacional=>subpop,global,Nacional=>cell,
Formas_VS_VIDA__VS_CP08,Formas_VS_VIDA__VS_CP08,binary_materialized,prevalence,1,auto_from_spss_reference,Formas_VS_VIDA__VS_CP08,SPSS_AUTO,VS_VIDA,1,Nacional,logit,Nacional=>logit,target,,subpop,Nacional=>subpop,global,Nacional=>cell,
Formas_VS_VIDA__VS_CP09,Formas_VS_VIDA__VS_CP09,binary_materialized,prevalence,1,auto_from_spss_reference,Formas_VS_VIDA__VS_CP09,SPSS_AUTO,VS_VIDA,1,Nacional,wald,Nacional=>logit,target,,subpop,Nacional=>subpop,global,Nacional=>local,
Hogar__VP_o_VF_HOGAR,VP_o_VF_HOGAR,binary_materialized,prevalence,1,auto_from_spss_reference,Hogar__VP_o_VF_HOGAR,SPSS_AUTO,VP_o_VF_HOGAR,1,Nacional,wald,Nacional=>wald,target,,subpop,Nacional=>subpop,global,,
HoraClase_ViolEsc,HoraClase_ViolEsc,binary_materialized,prevalence,1,auto_from_spss_reference,HoraClase_ViolEsc,SPSS_AUTO,,,Nacional,logit,Nacional=>logit,target,,subpop,,global,Nacional=>cell,
HoraEntrada_ViolEsc,HoraEntrada_ViolEsc,binary_materialized,prevalence,1,auto_from_spss_reference,HoraEntrada_ViolEsc,SPSS_AUTO,,,Nacional,logit,Nacional=>logit,target,,subpop,,global,,
HoraRecreo_ViolEsc,HoraRecreo_ViolEsc,binary_materialized,prevalence,1,auto_from_spss_reference,HoraRecreo_ViolEsc,SPSS_AUTO,,,Nacional,logit,Nacional=>logit,target,,subpop,,global,Nacional=>local,
HoraSalida_ViolEsc,HoraSalida_ViolEsc,binary_materialized,prevalence,1,auto_from_spss_reference,HoraSalida_ViolEsc,SPSS_AUTO,,,Nacional,wald,Nacional=>wald,target,,subpop,,global,Nacional=>cell,
INDICADOR_8_2_13,INDICADOR_8_2_13,binary_materialized,prevalence,1,auto_from_spss_reference,INDICADOR_8_2_13,SPSS_AUTO,SEXO,1,DEPARTAMENTO2;DISCAPACIDAD;etnicidad1;idiomaHogar;Nacional;SEXO;tipo_hogar1;AREA;AREA_SEXO,wald,Departamento=>wald||Discapacidad=>wald||Etnicidad=>wald||Lengua materna=>wald||Nacional=>wald||Sexo=>wald||Tipo de hogar=>wald||Área=>wald||Área y sexo=>wald,target,Departamento=>base||Discapacidad=>base||Etnicidad=>base||Lengua materna=>base||Nacional=>base||Sexo=>base||Tipo de hogar=>base||Área=>base||Área y sexo=>base,subpop,DEPARTAMENTO2=>filter||DISCAPACIDAD=>subpop||etnicidad1=>filter||idiomaHogar=>filter||Nacional=>filter||SEXO=>filter||tipo_hogar1=>subpop||AREA=>subpop||AREA_SEXO=>subpop,global,Discapacidad=>cell,Amazonas;Apurímac;Arequipa;Ayacucho;Cajamarca;Callao;Cusco;Huancavelica;Huánuco;Ica;Junín;La Libertad;Lambayeque;Lima Metropolitana;Loreto;Madre de Dios;Moquegua;Pasco;Piura;Puno;Región Lima;San Martín;Tacna;Tumbes;Ucayali;Áncash
INDICADOR_8_2_7,INDICADOR_8_2_7,binary_materialized,prevalence,1,auto_from_spss_reference,INDICADOR_8_2_7,SPSS_AUTO,SEXO,1,DEPARTAMENTO2;DISCAPACIDAD;etnicidad1;idiomaHogar;Nacional;SEXO;tipo_hogar1;AREA;AREA_SEXO,wald,Departamento=>wald||Discapacidad=>wald||Etnicidad=>wald||Lengua materna=>wald||Nacional=>wald||Sexo=>wald||Tipo de hogar=>wald||Área=>wald||Área y sexo=>wald,target,Departamento=>base||Discapacidad=>base||Etnicidad=>base||Lengua materna=>base||Nacional=>base||Sexo=>base||Tipo de hogar=>base||Área=>base||Área y sexo=>base,subpop,DEPARTAMENTO2=>filter||DISCAPACIDAD=>subpop||etnicidad1=>subpop||idiomaHogar=>filter||Nacional=>subpop||SEXO=>subpop||tipo_hogar1=>filter||AREA=>filter||AREA_SEXO=>filter,global,Nacional=>cell||Sexo=>cell,Amazonas;Apurímac;Arequipa;Ayacucho;Cajamarca;Callao;Cusco;Huancavelica;Huánuco;Ica;Junín;La Libertad;Lambayeque;Lima Metropolitana;Loreto;Madre de Dios;Moquegua;Pasco;Piura;Puno;Región Lima;San Martín;Tacna;Tumbes;Ucayali;Áncash
INDICADOR_8_2_8,INDICADOR_8_2_8,binary_materialized,prevalence,1,auto_from_spss_reference,INDICADOR_8_2_8,SPSS_AUTO,SEXO,1,DEPARTAMENTO2;DISCAPACIDAD;etnicidad1;idiomaHogar;Nacional;SEXO;tipo_hogar1;AREA;AREA_SEXO,wald,Departamento=>wald||Discapacidad=>wald||Etnicidad=>wald||Lengua materna=>wald||Nacional=>wald||Sexo=>wald||Tipo de hogar=>wald||Área=>wald||Área y sexo=>wald,target,Departamento=>base||Discapacidad=>base||Etnicidad=>base||Lengua materna=>base||Nacional=>base||Sexo=>base||Tipo de hogar=>base||Área=>base||Área y sexo=>base,subpop,DEPARTAMENTO2=>filter||DISCAPACIDAD=>subpop||etnicidad1=>filter||idiomaHogar=>filter||Nacional=>filter||SEXO=>filter||tipo_hogar1=>subpop||AREA=>filter||AREA_SEXO=>filter,global,Nacional=>cell||Sexo=>cell||Tipo de hogar=>local,Amazonas;Apurímac;Arequipa;Ayacucho;Cajamarca;Callao;Cusco;Huancavelica;Huánuco;Ica;Junín;La Libertad;Lambayeque;Lima Metropolitana;Loreto;Madre de Dios;Moquegua;Pasco;Piura;Puno;Región Lima;San Martín;Tacna;Tumbes;Ucayali;Áncash
INDICADOR_8_3_6,INDICADOR_8_3_6,binary_materialized,prevalence,1,auto_from_spss_reference,INDICADOR_8_3_6,SPSS_AUTO,,,DEPARTAMENTO2;DISCAPACIDAD;etnicidad1;idiomaHogar;Nacional;SEXO;tipo_hogar1;AREA;AREA_SEXO,wald,Departamento=>wald||Discapacidad=>logit||Etnicidad=>wald||Lengua materna=>wald||Nacional=>logit||Sexo=>wald||Tipo de hogar=>wald||Área=>logit||Área y sexo=>wald,target,Departamento=>base||Discapacidad=>base||Etnicidad=>base||Lengua materna=>base||Nacional=>base||Sexo=>base||Tipo de hogar=>base||Área=>base||Área y sexo=>base,subpop,,global,Discapacidad=>global||Nacional=>global||Tipo de hogar=>local,Amazonas;Apurímac;Arequipa;Ayacucho;Cajamarca;Callao;Cusco;Huancavelica;Huánuco;Ica;Junín;La Libertad;Lambayeque;Lima Metropolitana;Loreto;Madre de Dios;Moquegua;Pasco;Piura;Puno;Región Lima;San Martín;Tacna;Tumbes;Ucayali;Áncash
INDICADOR_8_3_9,INDICADOR_8_3_9,binary_materialized,prevalence,1,auto_from_spss_reference,INDICADOR_8_3_9,SPSS_AUTO,,,DEPARTAMENTO2;DISCAPACIDAD;etnicidad1;idiomaHogar;Nacional;SEXO;tipo_hogar1;AREA;AREA_SEXO,wald,Departamento=>wald||Discapacidad=>wald||Etnicidad=>wald||Lengua materna=>wald||Nacional=>logit||Sexo=>logit||Tipo de hogar=>wald||Área=>wald||Área y sexo=>wald,target,Departamento=>base||Discapacidad=>base||Etnicidad=>base||Lengua materna=>base||Nacional=>base||Sexo=>base||Tipo de hogar=>base||Área=>base||Área y sexo=>base,subpop,,global,Discapacidad=>cell||Nacional=>local||Sexo=>cell||Tipo de hogar=>cell||Área=>global||Área y sexo=>local,Amazonas;Apurímac;Arequipa;Ayacucho;Cajamarca;Callao;Cusco;Huancavelica;Huánuco;Ica;Junín;La Libertad;Lambayeque;Lima Metropolitana;Loreto;Madre de Dios;Moquegua;Pasco;Piura;Puno;Región Lima;San Martín;Tacna;Tumbes;Ucayali;Áncash
LugarBano_ViolEsc,LugarBano_ViolEsc,binary_materialized,prevalence,1,auto_from_spss_reference,LugarBano_ViolEsc,SPSS_AUTO,,,Nacional,logit,Nacional=>logit,target,,subpop,,global,Nacional=>cell,
LugarFueraColegio_ViolEsc,LugarFueraColegio_ViolEsc,binary_materialized,prevalence,1,auto_from_spss_reference,LugarFueraColegio_ViolEsc,SPSS_AUTO,,,Nacional,wald,Nacional=>logit,target,,subpop,,global,Nacional=>global,
LugarOtro_ViolEsc,LugarOtro_ViolEsc,binary_materialized,prevalence,1,auto_from_spss_reference,LugarOtro_ViolEsc,SPSS_AUTO,,,Nacional,wald,Nacional=>logit,target,,subpop,,global,Nacional=>cell,
LugarPasilloEscalera_ViolEsc,LugarPasilloEscalera_ViolEsc,binary_materialized,prevalence,1,auto_from_spss_reference,LugarPasilloEscalera_ViolEsc,SPSS_AUTO,,,Nacional,logit,Nacional=>logit,target,,subpop,,global,Nacional=>cell,
LugarPatio_ViolEsc,LugarPatio_ViolEsc,binary_materialized,prevalence,1,auto_from_spss_reference,LugarPatio_ViolEsc,SPSS_AUTO,,,Nacional,logit,Nacional=>logit,target,,subpop,,global,Nacional=>cell,
LugarSalon_ViolEsc,LugarSalon_ViolEsc,binary_materialized,prevalence,1,auto_from_spss_reference,LugarSalon_ViolEsc,SPSS_AUTO,,,Nacional,logit,Nacional=>wald,target,,subpop,,global,Nacional=>cell,
PV_VF_hogar_VP_escuela,PV_VF_hogar_VP_escuela,binary_materialized,prevalence,1,auto_from_spss_reference,PV_VF_hogar_VP_escuela,SPSS_AUTO,,,DEPARTAMENTO2;DISCAPACIDAD;etnicidad1;idiomaHogar;Nacional;SEXO;tipo_hogar1;AREA;AREA_SEXO,wald,Departamento=>wald||Discapacidad=>wald||Etnicidad=>wald||Lengua materna=>wald||Nacional=>wald||Sexo=>wald||Tipo de hogar=>wald||Área=>wald||Área y sexo=>wald,target,Departamento=>base||Discapacidad=>base||Etnicidad=>base||Lengua materna=>base||Nacional=>base||Sexo=>base||Tipo de hogar=>base||Área=>base||Área y sexo=>base,subpop,,global,Discapacidad=>cell||Nacional=>cell||Sexo=>cell||Tipo de hogar=>local||Área=>cell,Amazonas;Apurímac;Arequipa;Ayacucho;Cajamarca;Callao;Cusco;Huancavelica;Huánuco;Ica;Junín;La Libertad;Lambayeque;Lima Metropolitana;Loreto;Madre de Dios;Moquegua;Pasco;Piura;Puno;Región Lima;San Martín;Tacna;Tumbes;Ucayali;Áncash
PV_VF_hogar_escuela,PV_VF_hogar_escuela,binary_materialized,prevalence,1,auto_from_spss_reference,PV_VF_hogar_escuela,SPSS_AUTO,,,DEPARTAMENTO2;DISCAPACIDAD;etnicidad1;idiomaHogar;Nacional;SEXO;tipo_hogar1;AREA;AREA_SEXO,wald,Departamento=>wald||Discapacidad=>wald||Etnicidad=>wald||Lengua materna=>wald||Nacional=>wald||Sexo=>wald||Tipo de hogar=>wald||Área=>wald||Área y sexo=>wald,target,Departamento=>base||Discapacidad=>base||Etnicidad=>base||Lengua materna=>base||Nacional=>base||Sexo=>base||Tipo de hogar=>base||Área=>base||Área y sexo=>base,subpop,,global,Nacional=>cell,Amazonas;Apurímac;Arequipa;Ayacucho;Cajamarca;Callao;Cusco;Huancavelica;Huánuco;Ica;Junín;La Libertad;Lambayeque;Lima Metropolitana;Loreto;Madre de Dios;Moquegua;Pasco;Piura;Puno;Región Lima;San Martín;Tacna;Tumbes;Ucayali;Áncash
PV_VP_VF_hogar_escuela,PV_VP_VF_hogar_escuela,binary_materialized,prevalence,1,auto_from_spss_reference,PV_VP_VF_hogar_escuela,SPSS_AUTO,,,DEPARTAMENTO2;DISCAPACIDAD;etnicidad1;idiomaHogar;Nacional;SEXO;tipo_hogar1;AREA;AREA_SEXO,wald,Departamento=>wald||Discapacidad=>wald||Etnicidad=>wald||Lengua materna=>wald||Nacional=>wald||Sexo=>wald||Tipo de hogar=>wald||Área=>wald||Área y sexo=>wald,target,Departamento=>base||Discapacidad=>base||Etnicidad=>base||Lengua materna=>base||Nacional=>base||Sexo=>base||Tipo de hogar=>base||Área=>base||Área y sexo=>base,subpop,,global,Etnicidad=>local||Nacional=>local||Sexo=>cell||Tipo de hogar=>local||Área=>local||Área y sexo=>local,Amazonas;Apurímac;Arequipa;Ayacucho;Cajamarca;Callao;Cusco;Huancavelica;Huánuco;Ica;Junín;La Libertad;Lambayeque;Lima Metropolitana;Loreto;Madre de Dios;Moquegua;Pasco;Piura;Puno;Región Lima;San Martín;Tacna;Tumbes;Ucayali;Áncash
PV_VP_VF_hogar_escuela_VS,PV_VP_VF_hogar_escuela_VS,binary_materialized,prevalence,1,auto_from_spss_reference,PV_VP_VF_hogar_escuela_VS,SPSS_AUTO,,,DEPARTAMENTO2;DISCAPACIDAD;etnicidad1;idiomaHogar;Nacional;SEXO;tipo_hogar1;AREA;AREA_SEXO,wald,Departamento=>wald||Discapacidad=>wald||Etnicidad=>wald||Lengua materna=>wald||Nacional=>wald||Sexo=>wald||Tipo de hogar=>wald||Área=>wald||Área y sexo=>wald,target,Departamento=>base||Discapacidad=>base||Etnicidad=>base||Lengua materna=>base||Nacional=>base||Sexo=>base||Tipo de hogar=>base||Área=>base||Área y sexo=>base,subpop,,global,Discapacidad=>local||Etnicidad=>local||Nacional=>local||Área=>cell||Área y sexo=>local,Amazonas;Apurímac;Arequipa;Ayacucho;Cajamarca;Callao;Cusco;Huancavelica;Huánuco;Ica;Junín;La Libertad;Lambayeque;Lima Metropolitana;Loreto;Madre de Dios;Moquegua;Pasco;Piura;Puno;Región Lima;San Martín;Tacna;Tumbes;Ucayali;Áncash
PV_VP_hogar_VF_escuela,PV_VP_hogar_VF_escuela,binary_materialized,prevalence,1,auto_from_spss_reference,PV_VP_hogar_VF_escuela,SPSS_AUTO,,,DEPARTAMENTO2;DISCAPACIDAD;etnicidad1;idiomaHogar;Nacional;SEXO;tipo_hogar1;AREA;AREA_SEXO,wald,Departamento=>wald||Discapacidad=>wald||Etnicidad=>wald||Lengua materna=>wald||Nacional=>wald||Sexo=>wald||Tipo de hogar=>wald||Área=>wald||Área y sexo=>wald,target,Departamento=>base||Discapacidad=>base||Etnicidad=>base||Lengua materna=>base||Nacional=>base||Sexo=>base||Tipo de hogar=>base||Área=>base||Área y sexo=>base,subpop,,global,Nacional=>cell,Amazonas;Apurímac;Arequipa;Ayacucho;Cajamarca;Callao;Cusco;Huancavelica;Huánuco;Ica;Junín;La Libertad;Lambayeque;Lima Metropolitana;Loreto;Madre de Dios;Moquegua;Pasco;Piura;Puno;Región Lima;San Martín;Tacna;Tumbes;Ucayali;Áncash
PV_VP_hogar_escuela,PV_VP_hogar_escuela,binary_materialized,prevalence,1,auto_from_spss_reference,PV_VP_hogar_escuela,SPSS_AUTO,,,DEPARTAMENTO2;DISCAPACIDAD;etnicidad1;idiomaHogar;Nacional;SEXO;tipo_hogar1;AREA;AREA_SEXO,wald,Departamento=>wald||Discapacidad=>wald||Etnicidad=>wald||Lengua materna=>wald||Nacional=>wald||Sexo=>wald||Tipo de hogar=>wald||Área=>wald||Área y sexo=>wald,target,Departamento=>base||Discapacidad=>base||Etnicidad=>base||Lengua materna=>base||Nacional=>base||Sexo=>base||Tipo de hogar=>base||Área=>base||Área y sexo=>base,subpop,,global,Discapacidad=>cell||Nacional=>local||Tipo de hogar=>local,Amazonas;Apurímac;Arequipa;Ayacucho;Cajamarca;Callao;Cusco;Huancavelica;Huánuco;Ica;Junín;La Libertad;Lambayeque;Lima Metropolitana;Loreto;Madre de Dios;Moquegua;Pasco;Piura;Puno;Región Lima;San Martín;Tacna;Tumbes;Ucayali;Áncash
PV_condicional_con_VS,PV_hogar_escuela1,special,special,,auto_from_spss_reference,PV_condicional_con_VS,SPSS_AUTO,,,Nacional;Condicional,logit,Condicional=>wald,target,Condicional=>base,subpop,,global,Condicional=>cell,
PV_condicional_escuela_dado_hogar,PV_hogar_escuela,binary_materialized,prevalence,1,auto_from_spss_reference,PV_condicional_escuela_dado_hogar,SPSS_AUTO,VP_o_VF_HOGAR,1,DISCAPACIDAD;Nacional;SEXO;AREA,wald,Discapacidad=>wald||Nacional=>logit||Sexo=>wald||Área=>wald,target,Discapacidad=>base||Nacional=>base||Sexo=>base||Área=>base,subpop,DISCAPACIDAD=>subpop||Nacional=>subpop||SEXO=>filter||AREA=>filter,global,Sexo=>cell||Área=>local,
PV_condicional_escuela_sin_hogar,VP_o_VF_E,binary_materialized,prevalence,1,auto_from_spss_reference,PV_condicional_escuela_sin_hogar,SPSS_AUTO,VP_o_VF_HOGAR,0,Nacional,wald,Nacional=>logit,target,Nacional=>base,subpop,Nacional=>subpop,global,Nacional=>cell,
PV_condicional_hogar_dado_escuela,PV_hogar_escuela,binary_materialized,prevalence,1,auto_from_spss_reference,PV_condicional_hogar_dado_escuela,SPSS_AUTO,VP_o_VF_E,1,DISCAPACIDAD;Nacional;SEXO;AREA,wald,Discapacidad=>wald||Nacional=>wald||Sexo=>wald||Área=>logit,target,Discapacidad=>base||Nacional=>base||Sexo=>base||Área=>base,subpop,DISCAPACIDAD=>filter||Nacional=>filter||SEXO=>filter||AREA=>filter,global,Nacional=>cell||Sexo=>cell||Área=>global,
PV_condicional_hogar_sin_escuela,VP_o_VF_HOGAR,binary_materialized,prevalence,1,auto_from_spss_reference,PV_condicional_hogar_sin_escuela,SPSS_AUTO,VP_o_VF_E,0,Nacional,logit,Nacional=>logit,target,Nacional=>base,subpop,Nacional=>subpop,global,Nacional=>cell,
PV_hogar_escuela,PV_hogar_escuela,binary_materialized,prevalence,1,auto_from_spss_reference,PV_hogar_escuela,SPSS_AUTO,,,DEPARTAMENTO2;DISCAPACIDAD;etnicidad1;idiomaHogar;Nacional;SEXO;tipo_hogar1;AREA;AREA_SEXO,wald,Departamento=>wald||Discapacidad=>wald||Etnicidad=>wald||Lengua materna=>wald||Nacional=>wald||Sexo=>wald||Tipo de hogar=>wald||Área=>wald||Área y sexo=>wald,target,Departamento=>base||Discapacidad=>base||Etnicidad=>base||Lengua materna=>base||Nacional=>base||Sexo=>base||Tipo de hogar=>base||Área=>base||Área y sexo=>base,subpop,,global,Nacional=>global||Área y sexo=>cell,Amazonas;Apurímac;Arequipa;Ayacucho;Cajamarca;Callao;Cusco;Huancavelica;Huánuco;Ica;Junín;La Libertad;Lambayeque;Lima Metropolitana;Loreto;Madre de Dios;Moquegua;Pasco;Piura;Puno;Región Lima;San Martín;Tacna;Tumbes;Ucayali;Áncash
PV_hogar_escuela1,PV_hogar_escuela1,binary_materialized,prevalence,1,auto_from_spss_reference,PV_hogar_escuela1,SPSS_AUTO,,,DEPARTAMENTO2;DISCAPACIDAD;etnicidad1;idiomaHogar;Nacional;SEXO;tipo_hogar1;AREA;AREA_SEXO,wald,Departamento=>wald||Discapacidad=>wald||Etnicidad=>wald||Lengua materna=>wald||Nacional=>logit||Sexo=>wald||Tipo de hogar=>wald||Área=>wald||Área y sexo=>wald,target,Departamento=>base||Discapacidad=>base||Etnicidad=>base||Lengua materna=>base||Nacional=>base||Sexo=>base||Tipo de hogar=>base||Área=>base||Área y sexo=>base,subpop,,global,Discapacidad=>cell||Tipo de hogar=>cell||Área=>cell,Amazonas;Apurímac;Arequipa;Ayacucho;Cajamarca;Callao;Cusco;Huancavelica;Huánuco;Ica;Junín;La Libertad;Lambayeque;Lima Metropolitana;Loreto;Madre de Dios;Moquegua;Pasco;Piura;Puno;Región Lima;San Martín;Tacna;Tumbes;Ucayali;Áncash
Prev_Agresor_VS__AG_01,Prev_Agresor_VS__AG_01,binary_materialized,prevalence,1,auto_from_spss_reference,Prev_Agresor_VS__AG_01,SPSS_AUTO,,,Nacional,logit,Nacional=>logit,target,,subpop,,global,Nacional=>cell,
Prev_Agresor_VS__AG_02,Prev_Agresor_VS__AG_02,binary_materialized,prevalence,1,auto_from_spss_reference,Prev_Agresor_VS__AG_02,SPSS_AUTO,,,Nacional,logit,Nacional=>logit,target,,subpop,,global,Nacional=>cell,
Prev_Agresor_VS__AG_03,Prev_Agresor_VS__AG_03,binary_materialized,prevalence,1,auto_from_spss_reference,Prev_Agresor_VS__AG_03,SPSS_AUTO,,,Nacional,wald,Nacional=>logit,target,,subpop,,global,Nacional=>cell,
Prev_Agresor_VS__AG_04,Prev_Agresor_VS__AG_04,binary_materialized,prevalence,1,auto_from_spss_reference,Prev_Agresor_VS__AG_04,SPSS_AUTO,,,Nacional,wald,Nacional=>logit,target,,subpop,,global,Nacional=>cell,
Prev_Agresor_VS__AG_05,Prev_Agresor_VS__AG_05,binary_materialized,prevalence,1,auto_from_spss_reference,Prev_Agresor_VS__AG_05,SPSS_AUTO,,,Nacional,logit,Nacional=>logit,target,,subpop,,global,,
Prev_Agresor_VS__AG_06,Prev_Agresor_VS__AG_06,binary_materialized,prevalence,1,auto_from_spss_reference,Prev_Agresor_VS__AG_06,SPSS_AUTO,,,Nacional,wald,Nacional=>wald,target,,subpop,,global,Nacional=>cell,
Prev_Agresor_VS__AG_07,Prev_Agresor_VS__AG_07,binary_materialized,prevalence,1,auto_from_spss_reference,Prev_Agresor_VS__AG_07,SPSS_AUTO,,,Nacional,wald,Nacional=>wald,target,,subpop,,global,Nacional=>cell,
Prev_Agresor_VS__AG_08,Prev_Agresor_VS__AG_08,binary_materialized,prevalence,1,auto_from_spss_reference,Prev_Agresor_VS__AG_08,SPSS_AUTO,,,Nacional,wald,Nacional=>wald,target,,subpop,,global,Nacional=>cell,
Prev_Agresor_VS__AG_09,Prev_Agresor_VS__AG_09,binary_materialized,prevalence,1,auto_from_spss_reference,Prev_Agresor_VS__AG_09,SPSS_AUTO,,,Nacional,wald,Nacional=>logit,target,,subpop,,global,Nacional=>local,
Solap_VP_VF_E,VP_VF_E,special,special,,auto_from_spss_reference,Solap_VP_VF_E,SPSS_AUTO,,,Nacional;Condicional;Prevalencia (contexto),logit,Condicional=>logit||Prevalencia (contexto)=>wald,target,,subpop,,global,Condicional=>local,
Solap_VP_VF_E__Coexistencia,Solap_VP_VF_E__Coexistencia,binary_materialized,prevalence,1,auto_from_spss_reference,Solap_VP_VF_E__Coexistencia,SPSS_AUTO,,,Nacional,logit,Nacional=>wald,target,,subpop,,global,Nacional=>local,
Solap_VP_VF_H,VP_VF_HOGAR,special,special,,auto_from_spss_reference,Solap_VP_VF_H,SPSS_AUTO,,,Nacional;Condicional;Prevalencia (contexto),logit,Condicional=>logit||Prevalencia (contexto)=>wald,target,,subpop,,global,,
Solap_VP_VF_H__Coexistencia,Solap_VP_VF_H__Coexistencia,binary_materialized,prevalence,1,auto_from_spss_reference,Solap_VP_VF_H__Coexistencia,SPSS_AUTO,,,Nacional,logit,Nacional=>logit,target,,subpop,,global,Nacional=>cell,
Solap_VS_12M,VS_ICVAC_301,special,special,,auto_from_spss_reference,Solap_VS_12M,SPSS_AUTO,,,Nacional;2×2;3×3,logit,2×2=>logit||3×3=>logit,target,,subpop,,global,,
Solap_VS_VIDA,VS_ICVAC_301_VIDA,special,special,,auto_from_spss_reference,Solap_VS_VIDA,SPSS_AUTO,,,Nacional;2×2;3×3,logit,2×2=>logit||3×3=>logit,target,,subpop,,global,2×2=>cell,
VFE_ICVAC_201_AGRESION_GRAVE,VFE_ICVAC_201_AGRESION_GRAVE,binary_materialized,prevalence,1,auto_from_spss_reference,VFE_ICVAC_201_AGRESION_GRAVE,SPSS_AUTO,VF_ESCUELA,1,Nacional,logit,Nacional=>logit,target,,subpop,Nacional=>subpop,global,Nacional=>cell,
VFE_ICVAC_202_AGRESION_LEVE,VFE_ICVAC_202_AGRESION_LEVE,binary_materialized,prevalence,1,auto_from_spss_reference,VFE_ICVAC_202_AGRESION_LEVE,SPSS_AUTO,VF_ESCUELA,1,Nacional,logit,Nacional=>logit,target,,subpop,Nacional=>subpop,global,,
VFE_ICVAC_209_OTROS,VFE_ICVAC_209_OTROS,binary_materialized,prevalence,1,auto_from_spss_reference,VFE_ICVAC_209_OTROS,SPSS_AUTO,VF_ESCUELA,1,Nacional,logit,Nacional=>logit,target,,subpop,Nacional=>subpop,global,Nacional=>local,
VF_EJERCIDA,VF_EJERCIDA,binary_materialized,prevalence,1,auto_from_spss_reference,VF_EJERCIDA,SPSS_AUTO,,,conducta_riesgo_inducido;conducta_riesgo_personal;DEPARTAMENTO2;Desemp_ExpulsionColegio;Desemp_RepitioGrado;DISCAPACIDAD;etnicidad1;discusion_hogar__discusiones;idiomaHogar;Nacional;normas_castigo_docente;normas_castigo_parental;OPINION_TOMADA;SEXO;no_ir_colegio;tipo_hogar1;AREA;AREA_SEXO,wald,Conductas de riesgo inducidas por adultos=>wald||Conductas de riesgo personales=>wald||Departamento=>wald||Desempeño escolar: expulsión de colegio=>wald||Desempeño escolar: repitencia de año=>wald||Discapacidad=>wald||Etnicidad=>wald||Exposición a discusiones entre cuidadores=>wald||Lengua materna=>wald||Nacional=>wald||Normas sobre castigo físico docente=>wald||Normas sobre castigo físico parental=>wald||Participación en decisiones del hogar=>wald||Sexo=>wald||Te piden o te han ordenado no ir al colegio para ayudar a tu mamá o papá u otra persona en la casa u otro lugar=>wald||Tipo de hogar=>wald||Área=>wald||Área y sexo=>wald,target,Conductas de riesgo inducidas por adultos=>base||Conductas de riesgo personales=>base||Departamento=>base||Desempeño escolar: expulsión de colegio=>base||Desempeño escolar: repitencia de año=>base||Discapacidad=>base||Etnicidad=>base||Exposición a discusiones entre cuidadores=>base||Lengua materna=>base||Nacional=>base||Normas sobre castigo físico docente=>base||Normas sobre castigo físico parental=>base||Participación en decisiones del hogar=>base||Sexo=>base||Te piden o te han ordenado no ir al colegio para ayudar a tu mamá o papá u otra persona en la casa u otro lugar=>base||Tipo de hogar=>base||Área=>base||Área y sexo=>base,subpop,,global,Nacional=>global||Tipo de hogar=>local||Área=>cell||Área y sexo=>local,Amazonas;Apurímac;Arequipa;Ayacucho;Cajamarca;Callao;Cusco;Huancavelica;Huánuco;Ica;Junín;La Libertad;Lambayeque;Lima Metropolitana;Loreto;Madre de Dios;Moquegua;Pasco;Piura;Puno;Región Lima;San Martín;Tacna;Tumbes;Ucayali;Áncash
VF_ESCUELA,VF_ESCUELA,binary_materialized,prevalence,1,auto_from_spss_reference,VF_ESCUELA,SPSS_AUTO,,,DEPARTAMENTO2;DISCAPACIDAD;etnicidad1;idiomaHogar;Nacional;SEXO;tipo_hogar1;AREA;AREA_SEXO,wald,Departamento=>wald||Discapacidad=>wald||Etnicidad=>wald||Lengua materna=>wald||Nacional=>wald||Sexo=>wald||Tipo de hogar=>wald||Área=>wald||Área y sexo=>wald,target,Departamento=>base||Discapacidad=>base||Etnicidad=>base||Lengua materna=>base||Nacional=>base||Sexo=>base||Tipo de hogar=>base||Área=>base||Área y sexo=>base,subpop,,global,Nacional=>local||Área=>local,Amazonas;Apurímac;Arequipa;Ayacucho;Cajamarca;Callao;Cusco;Huancavelica;Huánuco;Ica;Junín;La Libertad;Lambayeque;Lima Metropolitana;Loreto;Madre de Dios;Moquegua;Pasco;Piura;Puno;Región Lima;San Martín;Tacna;Tumbes;Ucayali;Áncash
VF_HOGAR,VF_HOGAR,binary_materialized,prevalence,1,auto_from_spss_reference,VF_HOGAR,SPSS_AUTO,,,conducta_riesgo_inducido;conducta_riesgo_personal;DEPARTAMENTO2;Desemp_ExpulsionColegio;Desemp_RepitioGrado;DISCAPACIDAD;etnicidad1;discusion_hogar__discusiones;idiomaHogar;Nacional;normas_castigo_general_parental;OPINION_TOMADA;SEXO;no_ir_colegio;tipo_hogar1;AREA;AREA_SEXO,wald,Conductas de riesgo inducidas por adultos=>wald||Conductas de riesgo personales=>wald||Departamento=>wald||Desempeño escolar: expulsión de colegio=>wald||Desempeño escolar: repitencia de año=>wald||Discapacidad=>wald||Etnicidad=>wald||Exposición a discusiones entre cuidadores=>wald||Lengua materna=>wald||Nacional=>wald||Normas sobre castigo físico=>wald||Participación en decisiones del hogar=>wald||Sexo=>wald||Te piden o te han ordenado no ir al colegio para ayudar a tu mamá o papá u otra persona en la casa u otro lugar=>wald||Tipo de hogar=>wald||Área=>wald||Área y sexo=>wald,target,Conductas de riesgo inducidas por adultos=>base||Conductas de riesgo personales=>base||Departamento=>base||Desempeño escolar: expulsión de colegio=>base||Desempeño escolar: repitencia de año=>base||Discapacidad=>base||Etnicidad=>base||Exposición a discusiones entre cuidadores=>base||Lengua materna=>base||Nacional=>base||Normas sobre castigo físico=>base||Participación en decisiones del hogar=>base||Sexo=>base||Te piden o te han ordenado no ir al colegio para ayudar a tu mamá o papá u otra persona en la casa u otro lugar=>base||Tipo de hogar=>base||Área=>base||Área y sexo=>base,subpop,,global,Tipo de hogar=>local||Área y sexo=>cell,Amazonas;Apurímac;Arequipa;Ayacucho;Cajamarca;Callao;Cusco;Huancavelica;Huánuco;Ica;Junín;La Libertad;Lambayeque;Lima Metropolitana;Loreto;Madre de Dios;Moquegua;Pasco;Piura;Puno;Región Lima;San Martín;Tacna;Tumbes;Ucayali;Áncash
VF_HOGAR_01,VF_HOGAR_01,binary_materialized,prevalence,1,auto_from_spss_reference,VF_HOGAR_01,SPSS_AUTO,,,DEPARTAMENTO2;DISCAPACIDAD;etnicidad1;idiomaHogar;Nacional;SEXO;tipo_hogar1;AREA;AREA_SEXO,wald,Departamento=>wald||Discapacidad=>wald||Etnicidad=>wald||Lengua materna=>wald||Nacional=>wald||Sexo=>wald||Tipo de hogar=>wald||Área=>wald||Área y sexo=>wald,target,Departamento=>base||Discapacidad=>base||Etnicidad=>base||Lengua materna=>base||Nacional=>base||Sexo=>base||Tipo de hogar=>base||Área=>base||Área y sexo=>base,subpop,,global,Sexo=>cell||Tipo de hogar=>local,Amazonas;Apurímac;Arequipa;Ayacucho;Cajamarca;Callao;Cusco;Huancavelica;Huánuco;Ica;Junín;La Libertad;Lambayeque;Lima Metropolitana;Loreto;Madre de Dios;Moquegua;Pasco;Piura;Puno;Región Lima;San Martín;Tacna;Tumbes;Ucayali;Áncash
VF_HOGAR_03,VF_HOGAR_03,binary_materialized,prevalence,1,auto_from_spss_reference,VF_HOGAR_03,SPSS_AUTO,,,DEPARTAMENTO2;DISCAPACIDAD;etnicidad1;idiomaHogar;Nacional;SEXO;tipo_hogar1;AREA;AREA_SEXO,wald,Departamento=>wald||Discapacidad=>wald||Etnicidad=>wald||Lengua materna=>wald||Nacional=>logit||Sexo=>wald||Tipo de hogar=>wald||Área=>wald||Área y sexo=>wald,target,Departamento=>base||Discapacidad=>base||Etnicidad=>base||Lengua materna=>base||Nacional=>base||Sexo=>base||Tipo de hogar=>base||Área=>base||Área y sexo=>base,subpop,,global,Nacional=>local||Sexo=>cell||Tipo de hogar=>local||Área=>cell,Amazonas;Apurímac;Arequipa;Ayacucho;Cajamarca;Callao;Cusco;Huancavelica;Huánuco;Ica;Junín;La Libertad;Lambayeque;Lima Metropolitana;Loreto;Madre de Dios;Moquegua;Pasco;Piura;Puno;Región Lima;San Martín;Tacna;Tumbes;Ucayali;Áncash
VF_ICVAC_201_AGRESION_GRAVE,VF_ICVAC_201_AGRESION_GRAVE,binary_materialized,prevalence,1,auto_from_spss_reference,VF_ICVAC_201_AGRESION_GRAVE,SPSS_AUTO,VF_HOGAR,1,Nacional,logit,Nacional=>logit,target,,subpop,Nacional=>filter,global,,
VF_ICVAC_202_AGRESION_LEVE,VF_ICVAC_202_AGRESION_LEVE,binary_materialized,prevalence,1,auto_from_spss_reference,VF_ICVAC_202_AGRESION_LEVE,SPSS_AUTO,VF_HOGAR,1,Nacional,logit,Nacional=>logit,target,,subpop,Nacional=>filter,global,,
VF_ICVAC_209_OTROS,VF_ICVAC_209_OTROS,binary_materialized,prevalence,1,auto_from_spss_reference,VF_ICVAC_209_OTROS,SPSS_AUTO,VF_HOGAR,1,Nacional,logit,Nacional=>logit,target,,subpop,Nacional=>filter,global,,
VN_HOGAR1,VN_HOGAR1,binary_materialized,prevalence,1,auto_from_spss_reference,VN_HOGAR1,SPSS_AUTO,,,DEPARTAMENTO2;DISCAPACIDAD;etnicidad1;idiomaHogar;Nacional;SEXO;tipo_hogar1;AREA;AREA_SEXO,wald,Departamento=>wald||Discapacidad=>wald||Etnicidad=>wald||Lengua materna=>wald||Nacional=>wald||Sexo=>wald||Tipo de hogar=>wald||Área=>wald||Área y sexo=>wald,target,Departamento=>base||Discapacidad=>base||Etnicidad=>base||Lengua materna=>base||Nacional=>base||Sexo=>base||Tipo de hogar=>base||Área=>base||Área y sexo=>base,subpop,,global,Discapacidad=>cell||Nacional=>cell,Amazonas;Apurímac;Arequipa;Ayacucho;Cajamarca;Callao;Cusco;Huancavelica;Huánuco;Ica;Junín;La Libertad;Lambayeque;Lima Metropolitana;Loreto;Madre de Dios;Moquegua;Pasco;Piura;Puno;Región Lima;San Martín;Tacna;Tumbes;Ucayali;Áncash
VPE_ICVAC_203_AISLAMIENTO,VPE_ICVAC_203_AISLAMIENTO,binary_materialized,prevalence,1,auto_from_spss_reference,VPE_ICVAC_203_AISLAMIENTO,SPSS_AUTO,VP_ESCUELA,1,Nacional,logit,Nacional=>logit,target,,subpop,Nacional=>filter,global,,
VPE_ICVAC_401_ATERRORIZAR,VPE_ICVAC_401_ATERRORIZAR,binary_materialized,prevalence,1,auto_from_spss_reference,VPE_ICVAC_401_ATERRORIZAR,SPSS_AUTO,VP_ESCUELA,1,Nacional,logit,Nacional=>logit,target,,subpop,Nacional=>filter,global,Nacional=>cell,
VPE_ICVAC_402_HOSTIGAR_HUMILLAR,VPE_ICVAC_402_HOSTIGAR_HUMILLAR,binary_materialized,prevalence,1,auto_from_spss_reference,VPE_ICVAC_402_HOSTIGAR_HUMILLAR,SPSS_AUTO,VP_ESCUELA,1,Nacional,logit,Nacional=>logit,target,,subpop,Nacional=>filter,global,,
VPE_ICVAC_409_OTROS,VPE_ICVAC_409_OTROS,binary_materialized,prevalence,1,auto_from_spss_reference,VPE_ICVAC_409_OTROS,SPSS_AUTO,VP_ESCUELA,1,Nacional,logit,Nacional=>logit,target,,subpop,Nacional=>subpop,global,,
VP_EJERCIDA,VP_EJERCIDA,binary_materialized,prevalence,1,auto_from_spss_reference,VP_EJERCIDA,SPSS_AUTO,,,conducta_riesgo_inducido;conducta_riesgo_personal;DEPARTAMENTO2;Desemp_ExpulsionColegio;Desemp_RepitioGrado;DISCAPACIDAD;etnicidad1;discusion_hogar__discusiones;idiomaHogar;Nacional;normas_castigo_docente;normas_castigo_parental;OPINION_TOMADA;SEXO;no_ir_colegio;tipo_hogar1;AREA;AREA_SEXO,wald,Conductas de riesgo inducidas por adultos=>wald||Conductas de riesgo personales=>wald||Departamento=>wald||Desempeño escolar: expulsión de colegio=>wald||Desempeño escolar: repitencia de año=>wald||Discapacidad=>wald||Etnicidad=>wald||Exposición a discusiones entre cuidadores=>wald||Lengua materna=>wald||Nacional=>logit||Normas sobre castigo físico docente=>wald||Normas sobre castigo físico parental=>wald||Participación en decisiones del hogar=>wald||Sexo=>wald||Te piden o te han ordenado no ir al colegio para ayudar a tu mamá o papá u otra persona en la casa u otro lugar=>wald||Tipo de hogar=>wald||Área=>wald||Área y sexo=>wald,target,Conductas de riesgo inducidas por adultos=>base||Conductas de riesgo personales=>base||Departamento=>base||Desempeño escolar: expulsión de colegio=>base||Desempeño escolar: repitencia de año=>base||Discapacidad=>base||Etnicidad=>base||Exposición a discusiones entre cuidadores=>base||Lengua materna=>base||Nacional=>base||Normas sobre castigo físico docente=>base||Normas sobre castigo físico parental=>base||Participación en decisiones del hogar=>base||Sexo=>base||Te piden o te han ordenado no ir al colegio para ayudar a tu mamá o papá u otra persona en la casa u otro lugar=>base||Tipo de hogar=>base||Área=>base||Área y sexo=>base,subpop,,global,Nacional=>cell||Tipo de hogar=>local||Área y sexo=>cell,Amazonas;Apurímac;Arequipa;Ayacucho;Cajamarca;Callao;Cusco;Huancavelica;Huánuco;Ica;Junín;La Libertad;Lambayeque;Lima Metropolitana;Loreto;Madre de Dios;Moquegua;Pasco;Piura;Puno;Región Lima;San Martín;Tacna;Tumbes;Ucayali;Áncash
VP_ESCUELA,VP_ESCUELA,binary_materialized,prevalence,1,auto_from_spss_reference,VP_ESCUELA,SPSS_AUTO,,,DEPARTAMENTO2;DISCAPACIDAD;etnicidad1;idiomaHogar;Nacional;SEXO;tipo_hogar1;AREA;AREA_SEXO,wald,Departamento=>wald||Discapacidad=>wald||Etnicidad=>wald||Lengua materna=>wald||Nacional=>logit||Sexo=>wald||Tipo de hogar=>wald||Área=>wald||Área y sexo=>wald,target,Departamento=>base||Discapacidad=>base||Etnicidad=>base||Lengua materna=>base||Nacional=>base||Sexo=>base||Tipo de hogar=>base||Área=>base||Área y sexo=>base,subpop,,global,Discapacidad=>global||Nacional=>local||Sexo=>global||Área=>cell||Área y sexo=>global,Amazonas;Apurímac;Arequipa;Ayacucho;Cajamarca;Callao;Cusco;Huancavelica;Huánuco;Ica;Junín;La Libertad;Lambayeque;Lima Metropolitana;Loreto;Madre de Dios;Moquegua;Pasco;Piura;Puno;Región Lima;San Martín;Tacna;Tumbes;Ucayali;Áncash
VP_HOGAR,VP_HOGAR,binary_materialized,prevalence,1,auto_from_spss_reference,VP_HOGAR,SPSS_AUTO,,,conducta_riesgo_inducido;conducta_riesgo_personal;DEPARTAMENTO2;Desemp_ExpulsionColegio;Desemp_RepitioGrado;DISCAPACIDAD;etnicidad1;discusion_hogar__discusiones;idiomaHogar;Nacional;normas_castigo_general_parental;OPINION_TOMADA;SEXO;no_ir_colegio;tipo_hogar1;AREA;AREA_SEXO,wald,Conductas de riesgo inducidas por adultos=>wald||Conductas de riesgo personales=>wald||Departamento=>wald||Desempeño escolar: expulsión de colegio=>wald||Desempeño escolar: repitencia de año=>wald||Discapacidad=>wald||Etnicidad=>wald||Exposición a discusiones entre cuidadores=>wald||Lengua materna=>wald||Nacional=>logit||Normas sobre castigo físico=>wald||Participación en decisiones del hogar=>wald||Sexo=>logit||Te piden o te han ordenado no ir al colegio para ayudar a tu mamá o papá u otra persona en la casa u otro lugar=>wald||Tipo de hogar=>wald||Área=>wald||Área y sexo=>wald,target,Conductas de riesgo inducidas por adultos=>base||Conductas de riesgo personales=>base||Departamento=>base||Desempeño escolar: expulsión de colegio=>base||Desempeño escolar: repitencia de año=>base||Discapacidad=>base||Etnicidad=>base||Exposición a discusiones entre cuidadores=>base||Lengua materna=>base||Nacional=>base||Normas sobre castigo físico=>base||Participación en decisiones del hogar=>base||Sexo=>base||Te piden o te han ordenado no ir al colegio para ayudar a tu mamá o papá u otra persona en la casa u otro lugar=>base||Tipo de hogar=>base||Área=>base||Área y sexo=>base,subpop,,global,Nacional=>cell||Tipo de hogar=>local,Amazonas;Apurímac;Arequipa;Ayacucho;Cajamarca;Callao;Cusco;Huancavelica;Huánuco;Ica;Junín;La Libertad;Lambayeque;Lima Metropolitana;Loreto;Madre de Dios;Moquegua;Pasco;Piura;Puno;Región Lima;San Martín;Tacna;Tumbes;Ucayali;Áncash
VP_ICVAC_203_AISLAMIENTO,VP_ICVAC_203_AISLAMIENTO,binary_materialized,prevalence,1,auto_from_spss_reference,VP_ICVAC_203_AISLAMIENTO,SPSS_AUTO,VP_HOGAR,1,Nacional,wald,Nacional=>logit,target,,subpop,Nacional=>subpop,global,Nacional=>global,
VP_ICVAC_401_ATERRORIZAR,VP_ICVAC_401_ATERRORIZAR,binary_materialized,prevalence,1,auto_from_spss_reference,VP_ICVAC_401_ATERRORIZAR,SPSS_AUTO,VP_HOGAR,1,Nacional,wald,Nacional=>logit,target,,subpop,Nacional=>subpop,global,Nacional=>cell,
VP_ICVAC_402_HOSTIGAR_HUMILLAR,VP_ICVAC_402_HOSTIGAR_HUMILLAR,binary_materialized,prevalence,1,auto_from_spss_reference,VP_ICVAC_402_HOSTIGAR_HUMILLAR,SPSS_AUTO,VP_HOGAR,1,Nacional,logit,Nacional=>logit,target,,subpop,Nacional=>subpop,global,Nacional=>cell,
VP_ICVAC_409_OTROS,VP_ICVAC_409_OTROS,binary_materialized,prevalence,1,auto_from_spss_reference,VP_ICVAC_409_OTROS,SPSS_AUTO,VP_HOGAR,1,Nacional,logit,Nacional=>logit,target,,subpop,Nacional=>subpop,global,Nacional=>local,
VP_VF_E,VP_VF_E,binary_materialized,prevalence,1,auto_from_spss_reference,VP_VF_E,SPSS_AUTO,,,DEPARTAMENTO2;DISCAPACIDAD;etnicidad1;idiomaHogar;Nacional;SEXO;tipo_hogar1;AREA;AREA_SEXO,wald,Departamento=>wald||Discapacidad=>wald||Etnicidad=>wald||Lengua materna=>wald||Nacional=>wald||Sexo=>wald||Tipo de hogar=>wald||Área=>wald||Área y sexo=>wald,target,Departamento=>base||Discapacidad=>base||Etnicidad=>base||Lengua materna=>base||Nacional=>base||Sexo=>base||Tipo de hogar=>base||Área=>base||Área y sexo=>base,subpop,,global,Nacional=>local||Sexo=>cell||Área=>local,Amazonas;Apurímac;Arequipa;Ayacucho;Cajamarca;Callao;Cusco;Huancavelica;Huánuco;Ica;Junín;La Libertad;Lambayeque;Lima Metropolitana;Loreto;Madre de Dios;Moquegua;Pasco;Piura;Puno;Región Lima;San Martín;Tacna;Tumbes;Ucayali;Áncash
VP_VF_HOGAR,VP_VF_HOGAR,binary_materialized,prevalence,1,auto_from_spss_reference,VP_VF_HOGAR,SPSS_AUTO,,,DEPARTAMENTO2;DISCAPACIDAD;etnicidad1;idiomaHogar;Nacional;SEXO;tipo_hogar1;AREA;AREA_SEXO,wald,Departamento=>wald||Discapacidad=>wald||Etnicidad=>wald||Lengua materna=>wald||Nacional=>wald||Sexo=>wald||Tipo de hogar=>wald||Área=>wald||Área y sexo=>wald,target,Departamento=>base||Discapacidad=>base||Etnicidad=>base||Lengua materna=>base||Nacional=>base||Sexo=>base||Tipo de hogar=>base||Área=>base||Área y sexo=>base,subpop,,global,Etnicidad=>local||Tipo de hogar=>local||Área=>cell||Área y sexo=>cell,Amazonas;Apurímac;Arequipa;Ayacucho;Cajamarca;Callao;Cusco;Huancavelica;Huánuco;Ica;Junín;La Libertad;Lambayeque;Lima Metropolitana;Loreto;Madre de Dios;Moquegua;Pasco;Piura;Puno;Región Lima;San Martín;Tacna;Tumbes;Ucayali;Áncash
VP_VF_VS_E,VP_VF_VS_E,binary_materialized,prevalence,1,auto_from_spss_reference,VP_VF_VS_E,SPSS_AUTO,,,DEPARTAMENTO2;DISCAPACIDAD;etnicidad1;idiomaHogar;Nacional;SEXO;tipo_hogar1;AREA;AREA_SEXO,wald,Departamento=>wald||Discapacidad=>wald||Etnicidad=>wald||Lengua materna=>wald||Nacional=>wald||Sexo=>wald||Tipo de hogar=>wald||Área=>wald||Área y sexo=>wald,target,Departamento=>base||Discapacidad=>base||Etnicidad=>base||Lengua materna=>base||Nacional=>base||Sexo=>base||Tipo de hogar=>base||Área=>base||Área y sexo=>base,subpop,,global,Nacional=>cell||Sexo=>cell||Tipo de hogar=>local||Área=>cell,Amazonas;Apurímac;Arequipa;Ayacucho;Cajamarca;Callao;Cusco;Huancavelica;Huánuco;Ica;Junín;La Libertad;Lambayeque;Lima Metropolitana;Loreto;Madre de Dios;Moquegua;Pasco;Piura;Puno;Región Lima;San Martín;Tacna;Tumbes;Ucayali;Áncash
VP_VF_VS_HOGAR,VP_VF_VS_HOGAR,binary_materialized,prevalence,1,auto_from_spss_reference,VP_VF_VS_HOGAR,SPSS_AUTO,,,DEPARTAMENTO2;DISCAPACIDAD;etnicidad1;idiomaHogar;Nacional;SEXO;tipo_hogar1;AREA;AREA_SEXO,wald,Departamento=>wald||Discapacidad=>wald||Etnicidad=>wald||Lengua materna=>wald||Nacional=>wald||Sexo=>wald||Tipo de hogar=>wald||Área=>wald||Área y sexo=>wald,target,Departamento=>base||Discapacidad=>base||Etnicidad=>base||Lengua materna=>base||Nacional=>base||Sexo=>base||Tipo de hogar=>base||Área=>base||Área y sexo=>base,subpop,,global,Etnicidad=>local||Nacional=>cell||Tipo de hogar=>local,Amazonas;Apurímac;Arequipa;Ayacucho;Cajamarca;Callao;Cusco;Huancavelica;Huánuco;Ica;Junín;La Libertad;Lambayeque;Lima Metropolitana;Loreto;Madre de Dios;Moquegua;Pasco;Piura;Puno;Región Lima;San Martín;Tacna;Tumbes;Ucayali;Áncash
VP_o_VF_E,VP_o_VF_E,binary_materialized,prevalence,1,auto_from_spss_reference,VP_o_VF_E,SPSS_AUTO,,,DEPARTAMENTO2;DISCAPACIDAD;etnicidad1;idiomaHogar;Nacional;SEXO;tipo_hogar1;AREA;AREA_SEXO,wald,Departamento=>wald||Discapacidad=>wald||Etnicidad=>wald||Lengua materna=>wald||Nacional=>logit||Sexo=>wald||Tipo de hogar=>wald||Área=>logit||Área y sexo=>wald,target,Departamento=>base||Discapacidad=>base||Etnicidad=>base||Lengua materna=>base||Nacional=>base||Sexo=>base||Tipo de hogar=>base||Área=>base||Área y sexo=>base,subpop,,global,Discapacidad=>cell||Sexo=>cell||Área=>cell,Amazonas;Apurímac;Arequipa;Ayacucho;Cajamarca;Callao;Cusco;Huancavelica;Huánuco;Ica;Junín;La Libertad;Lambayeque;Lima Metropolitana;Loreto;Madre de Dios;Moquegua;Pasco;Piura;Puno;Región Lima;San Martín;Tacna;Tumbes;Ucayali;Áncash
VP_o_VF_EJERCIDA,VP_o_VF_EJERCIDA,binary_materialized,prevalence,1,auto_from_spss_reference,VP_o_VF_EJERCIDA,SPSS_AUTO,,,DEPARTAMENTO2;DISCAPACIDAD;etnicidad1;idiomaHogar;Nacional;SEXO;tipo_hogar1;AREA;AREA_SEXO,wald,Departamento=>wald||Discapacidad=>wald||Etnicidad=>wald||Lengua materna=>wald||Nacional=>logit||Sexo=>wald||Tipo de hogar=>wald||Área=>wald||Área y sexo=>wald,target,Departamento=>base||Discapacidad=>base||Etnicidad=>base||Lengua materna=>base||Nacional=>base||Sexo=>base||Tipo de hogar=>base||Área=>base||Área y sexo=>base,subpop,,global,Nacional=>cell||Sexo=>cell||Área y sexo=>local,Amazonas;Apurímac;Arequipa;Ayacucho;Cajamarca;Callao;Cusco;Huancavelica;Huánuco;Ica;Junín;La Libertad;Lambayeque;Lima Metropolitana;Loreto;Madre de Dios;Moquegua;Pasco;Piura;Puno;Región Lima;San Martín;Tacna;Tumbes;Ucayali;Áncash
VP_o_VF_ESCUELA,VP_o_VF_ESCUELA,binary_materialized,prevalence,1,auto_from_spss_reference,VP_o_VF_ESCUELA,SPSS_AUTO,VP_o_VF_ESCUELA,1,Nacional,wald,Nacional=>wald,target,,subpop,Nacional=>subpop,global,,
VP_o_VF_HOGAR__VP_o_VF_HOGAR,VP_o_VF_HOGAR,binary_materialized,prevalence,1,auto_from_spss_reference,VP_o_VF_HOGAR__VP_o_VF_HOGAR,SPSS_AUTO,,,DEPARTAMENTO2;DISCAPACIDAD;etnicidad1;idiomaHogar;Nacional;SEXO;tipo_hogar1;AREA;AREA_SEXO,wald,Departamento=>wald||Discapacidad=>wald||Etnicidad=>wald||Lengua materna=>wald||Nacional=>logit||Sexo=>wald||Tipo de hogar=>wald||Área=>wald||Área y sexo=>wald,target,Departamento=>base||Discapacidad=>base||Etnicidad=>base||Lengua materna=>base||Nacional=>base||Sexo=>base||Tipo de hogar=>base||Área=>base||Área y sexo=>base,subpop,,global,Discapacidad=>cell||Nacional=>local||Sexo=>cell||Área=>cell||Área y sexo=>local,Amazonas;Apurímac;Arequipa;Ayacucho;Cajamarca;Callao;Cusco;Huancavelica;Huánuco;Ica;Junín;La Libertad;Lambayeque;Lima Metropolitana;Loreto;Madre de Dios;Moquegua;Pasco;Piura;Puno;Región Lima;San Martín;Tacna;Tumbes;Ucayali;Áncash
VP_o_VF_o_VS_HOGAR,VP_o_VF_o_VS_HOGAR,binary_materialized,prevalence,1,auto_from_spss_reference,VP_o_VF_o_VS_HOGAR,SPSS_AUTO,,,DEPARTAMENTO2;DISCAPACIDAD;etnicidad1;idiomaHogar;Nacional;SEXO;tipo_hogar1;AREA;AREA_SEXO,wald,Departamento=>wald||Discapacidad=>logit||Etnicidad=>wald||Lengua materna=>wald||Nacional=>logit||Sexo=>wald||Tipo de hogar=>wald||Área=>wald||Área y sexo=>wald,target,Departamento=>base||Discapacidad=>base||Etnicidad=>base||Lengua materna=>base||Nacional=>base||Sexo=>base||Tipo de hogar=>base||Área=>base||Área y sexo=>base,subpop,,global,Discapacidad=>global||Nacional=>cell||Sexo=>global||Área y sexo=>local,Amazonas;Apurímac;Arequipa;Ayacucho;Cajamarca;Callao;Cusco;Huancavelica;Huánuco;Ica;Junín;La Libertad;Lambayeque;Lima Metropolitana;Loreto;Madre de Dios;Moquegua;Pasco;Piura;Puno;Región Lima;San Martín;Tacna;Tumbes;Ucayali;Áncash
VS_12M,VS_12M,binary_materialized,prevalence,1,auto_from_spss_reference,VS_12M,SPSS_AUTO,,,conducta_riesgo_inducido;conducta_riesgo_personal;mito_sitios_oscuros;mito_fuera_casa;mito_pobreza;mito_locas;DEPARTAMENTO2;Desemp_ExpulsionColegio;Desemp_RepitioGrado;DISCAPACIDAD;etnicidad1;discusion_hogar__violencia;justifica_castigo_docente;justifica_castigo_parental;idiomaHogar;Nacional;OPINION_TOMADA;SEXO;no_ir_colegio;tipo_hogar1;AREA;AREA_SEXO,wald,Conductas de riesgo inducidas por adultos=>wald||Conductas de riesgo personales=>wald||Creencia: VS ocurre en sitios oscuros=>wald||Creencia: VS ocurre fuera de la casa=>wald||Creencia: VS solo afecta a NNA pobres=>wald||Creencia: VS solo la cometen personas locas=>wald||Departamento=>wald||Desempeño escolar: expulsión de colegio=>wald||Desempeño escolar: repitencia de año=>wald||Discapacidad=>wald||Etnicidad=>wald||Exposición a violencia entre cuidadores=>wald||Justificación del castigo físico docente=>wald||Justificación del castigo físico parental=>wald||Lengua materna=>wald||Nacional=>logit||Participación en decisiones del hogar=>wald||Sexo=>wald||Te piden o te han ordenado no ir al colegio para ayudar a tu mamá o papá u otra persona en la casa u otro lugar=>wald||Tipo de hogar=>wald||Área=>wald||Área y sexo=>wald,base,,subpop,,global,Nacional=>cell||Tipo de hogar=>local||Área y sexo=>local,Amazonas;Apurímac;Arequipa;Ayacucho;Cajamarca;Callao;Cusco;Huancavelica;Huánuco;Ica;Junín;La Libertad;Lambayeque;Lima Metropolitana;Loreto;Madre de Dios;Moquegua;Pasco;Piura;Puno;Región Lima;San Martín;Tacna;Tumbes;Ucayali;Áncash
VS_E,VS_E,binary_materialized,prevalence,1,auto_from_spss_reference,VS_E,SPSS_AUTO,,,DEPARTAMENTO2;DISCAPACIDAD;etnicidad1;idiomaHogar;Nacional;SEXO;tipo_hogar1;AREA;AREA_SEXO,wald,Departamento=>wald||Discapacidad=>wald||Etnicidad=>wald||Lengua materna=>wald||Nacional=>wald||Sexo=>wald||Tipo de hogar=>wald||Área=>wald||Área y sexo=>wald,target,Departamento=>base||Discapacidad=>base||Etnicidad=>base||Lengua materna=>base||Nacional=>base||Sexo=>base||Tipo de hogar=>base||Área=>base||Área y sexo=>base,subpop,,global,Discapacidad=>cell||Etnicidad=>local||Nacional=>local||Sexo=>cell,Amazonas;Apurímac;Arequipa;Ayacucho;Cajamarca;Callao;Cusco;Huancavelica;Huánuco;Ica;Junín;La Libertad;Lambayeque;Lima Metropolitana;Loreto;Madre de Dios;Moquegua;Pasco;Piura;Puno;Región Lima;San Martín;Tacna;Tumbes;Ucayali;Áncash
VS_E_1,VS_E_1,binary_materialized,prevalence,1,auto_from_spss_reference,VS_E_1,SPSS_AUTO,,,DEPARTAMENTO2;DISCAPACIDAD;etnicidad1;idiomaHogar;Nacional;SEXO;tipo_hogar1;AREA;AREA_SEXO,wald,Departamento=>wald||Discapacidad=>wald||Etnicidad=>wald||Lengua materna=>wald||Nacional=>logit||Sexo=>wald||Tipo de hogar=>wald||Área=>wald||Área y sexo=>wald,target,Departamento=>base||Discapacidad=>base||Etnicidad=>base||Lengua materna=>base||Nacional=>base||Sexo=>base||Tipo de hogar=>base||Área=>base||Área y sexo=>base,subpop,,global,Discapacidad=>cell||Sexo=>local||Tipo de hogar=>cell||Área=>cell||Área y sexo=>cell,Amazonas;Apurímac;Arequipa;Ayacucho;Cajamarca;Callao;Cusco;Huancavelica;Huánuco;Ica;Junín;La Libertad;Lambayeque;Lima Metropolitana;Loreto;Madre de Dios;Moquegua;Pasco;Piura;Puno;Región Lima;San Martín;Tacna;Tumbes;Ucayali;Áncash
VS_H,VS_H,binary_materialized,prevalence,1,auto_from_spss_reference,VS_H,SPSS_AUTO,,,DEPARTAMENTO2;DISCAPACIDAD;etnicidad1;idiomaHogar;Nacional;SEXO;tipo_hogar1;AREA;AREA_SEXO,wald,Departamento=>wald||Discapacidad=>wald||Etnicidad=>wald||Lengua materna=>wald||Nacional=>wald||Sexo=>wald||Tipo de hogar=>wald||Área=>wald||Área y sexo=>wald,target,Departamento=>base||Discapacidad=>base||Etnicidad=>base||Lengua materna=>base||Nacional=>base||Sexo=>base||Tipo de hogar=>base||Área=>base||Área y sexo=>base,subpop,,global,Etnicidad=>local||Área=>cell||Área y sexo=>local,Amazonas;Apurímac;Arequipa;Ayacucho;Cajamarca;Callao;Cusco;Huancavelica;Huánuco;Ica;Junín;La Libertad;Lambayeque;Lima Metropolitana;Loreto;Madre de Dios;Moquegua;Pasco;Piura;Puno;Región Lima;San Martín;Tacna;Tumbes;Ucayali;Áncash
VS_H_1,VS_H_1,binary_materialized,prevalence,1,auto_from_spss_reference,VS_H_1,SPSS_AUTO,,,DEPARTAMENTO2;DISCAPACIDAD;etnicidad1;idiomaHogar;Nacional;SEXO;tipo_hogar1;AREA;AREA_SEXO,wald,Departamento=>wald||Discapacidad=>wald||Etnicidad=>wald||Lengua materna=>wald||Nacional=>wald||Sexo=>wald||Tipo de hogar=>wald||Área=>wald||Área y sexo=>wald,target,Departamento=>base||Discapacidad=>base||Etnicidad=>base||Lengua materna=>base||Nacional=>base||Sexo=>base||Tipo de hogar=>base||Área=>base||Área y sexo=>base,subpop,,global,Discapacidad=>cell||Nacional=>local||Área y sexo=>local,Amazonas;Apurímac;Arequipa;Ayacucho;Cajamarca;Callao;Cusco;Huancavelica;Huánuco;Ica;Junín;La Libertad;Lambayeque;Lima Metropolitana;Loreto;Madre de Dios;Moquegua;Pasco;Piura;Puno;Región Lima;San Martín;Tacna;Tumbes;Ucayali;Áncash
VS_OtraPersona_12M,VS_OtraPersona_12M,binary_materialized,prevalence,1,auto_from_spss_reference,VS_OtraPersona_12M,SPSS_AUTO,,,DEPARTAMENTO2;DISCAPACIDAD;etnicidad1;idiomaHogar;Nacional;SEXO;tipo_hogar1;AREA;AREA_SEXO,wald,Departamento=>wald||Discapacidad=>wald||Etnicidad=>wald||Lengua materna=>wald||Nacional=>wald||Sexo=>wald||Tipo de hogar=>wald||Área=>wald||Área y sexo=>wald,target,Departamento=>base||Discapacidad=>base||Etnicidad=>base||Lengua materna=>base||Nacional=>base||Sexo=>base||Tipo de hogar=>base||Área=>base||Área y sexo=>base,subpop,,global,Discapacidad=>cell||Etnicidad=>local||Sexo=>local||Tipo de hogar=>local,Amazonas;Apurímac;Arequipa;Ayacucho;Cajamarca;Callao;Cusco;Huancavelica;Huánuco;Ica;Junín;La Libertad;Lambayeque;Lima Metropolitana;Loreto;Madre de Dios;Moquegua;Pasco;Piura;Puno;San Martín;Tacna;Áncash
VS_OtraPersona_VIDA,VS_OtraPersona_VIDA,binary_materialized,prevalence,1,auto_from_spss_reference,VS_OtraPersona_VIDA,SPSS_AUTO,,,DEPARTAMENTO2;DISCAPACIDAD;etnicidad1;idiomaHogar;Nacional;SEXO;tipo_hogar1;AREA;AREA_SEXO,wald,Departamento=>wald||Discapacidad=>wald||Etnicidad=>wald||Lengua materna=>wald||Nacional=>wald||Sexo=>wald||Tipo de hogar=>wald||Área=>wald||Área y sexo=>wald,target,Departamento=>base||Discapacidad=>base||Etnicidad=>base||Lengua materna=>base||Nacional=>base||Sexo=>base||Tipo de hogar=>base||Área=>base||Área y sexo=>base,subpop,,global,Nacional=>cell||Área=>cell,Amazonas;Apurímac;Arequipa;Ayacucho;Cajamarca;Callao;Cusco;Huancavelica;Huánuco;Ica;Junín;La Libertad;Lambayeque;Lima Metropolitana;Loreto;Madre de Dios;Moquegua;Pasco;Piura;Puno;San Martín;Tacna;Áncash
VS_VIDA,VS_VIDA,binary_materialized,prevalence,1,auto_from_spss_reference,VS_VIDA,SPSS_AUTO,,,DEPARTAMENTO2;DISCAPACIDAD;etnicidad1;idiomaHogar;Nacional;SEXO;tipo_hogar1;AREA;AREA_SEXO,wald,Departamento=>wald||Discapacidad=>wald||Etnicidad=>wald||Lengua materna=>wald||Nacional=>wald||Sexo=>wald||Tipo de hogar=>wald||Área=>wald||Área y sexo=>wald,target,Departamento=>base||Discapacidad=>base||Etnicidad=>base||Lengua materna=>base||Nacional=>base||Sexo=>base||Tipo de hogar=>base||Área=>base||Área y sexo=>base,subpop,,global,Nacional=>cell||Área=>cell,Amazonas;Apurímac;Arequipa;Ayacucho;Cajamarca;Callao;Cusco;Huancavelica;Huánuco;Ica;Junín;La Libertad;Lambayeque;Lima Metropolitana;Loreto;Madre de Dios;Moquegua;Pasco;Piura;Puno;Región Lima;San Martín;Tacna;Tumbes;Ucayali;Áncash
apoyo_institucional_escuela,apoyo_institucional_escuela,binary_materialized,prevalence,1,auto_from_spss_reference,apoyo_institucional_escuela,SPSS_AUTO,dom_victima_escuela,1,Nacional,logit,Nacional=>logit,target,,subpop,Nacional=>filter,global,Nacional=>cell,
apoyo_institucional_hogar,apoyo_institucional_hogar,binary_materialized,prevalence,1,auto_from_spss_reference,apoyo_institucional_hogar,SPSS_AUTO,dom_victima_hogar,1,Nacional,logit,Nacional=>logit,target,,subpop,Nacional=>subpop,global,,
apoyo_institucional_vs,apoyo_institucional_vs,binary_materialized,prevalence,1,auto_from_spss_reference,apoyo_institucional_vs,SPSS_AUTO,dom_victima_vs,1,Nacional,logit,Nacional=>logit,target,,subpop,Nacional=>subpop,global,,
ayuda_escuela_abuela,ayuda_escuela_abuela,binary_materialized,prevalence,1,auto_from_spss_reference,ayuda_escuela_abuela,SPSS_AUTO,dom_busco_escuela,1,Nacional,logit,Nacional=>logit,target,,subpop,Nacional=>subpop,global,Nacional=>cell,
ayuda_escuela_abuelo,ayuda_escuela_abuelo,binary_materialized,prevalence,1,auto_from_spss_reference,ayuda_escuela_abuelo,SPSS_AUTO,dom_busco_escuela,1,Nacional,wald,Nacional=>logit,target,,subpop,Nacional=>filter,global,Nacional=>local,
ayuda_escuela_aviso_docente,ayuda_escuela_aviso_docente,binary_materialized,prevalence,1,auto_from_spss_reference,ayuda_escuela_aviso_docente,SPSS_AUTO,dom_recibio_escuela,1,Nacional,logit,Nacional=>logit,target,,subpop,Nacional=>filter,global,Nacional=>cell,
ayuda_escuela_car,ayuda_escuela_car,binary_materialized,prevalence,1,auto_from_spss_reference,ayuda_escuela_car,SPSS_AUTO,dom_busco_escuela,1,Nacional,logit,Nacional=>logit,target,,subpop,Nacional=>subpop,global,,
ayuda_escuela_consejo,ayuda_escuela_consejo,binary_materialized,prevalence,1,auto_from_spss_reference,ayuda_escuela_consejo,SPSS_AUTO,dom_recibio_escuela,1,Nacional,logit,Nacional=>logit,target,,subpop,Nacional=>filter,global,,
ayuda_escuela_consuelo,ayuda_escuela_consuelo,binary_materialized,prevalence,1,auto_from_spss_reference,ayuda_escuela_consuelo,SPSS_AUTO,dom_recibio_escuela,1,Nacional,logit,Nacional=>logit,target,,subpop,Nacional=>subpop,global,Nacional=>cell,
ayuda_escuela_escolar_adulto,ayuda_escuela_escolar_adulto,binary_materialized,prevalence,1,auto_from_spss_reference,ayuda_escuela_escolar_adulto,SPSS_AUTO,dom_busco_escuela,1,Nacional,logit,Nacional=>logit,target,,subpop,Nacional=>filter,global,Nacional=>cell,
ayuda_escuela_familiar,ayuda_escuela_familiar,binary_materialized,prevalence,1,auto_from_spss_reference,ayuda_escuela_familiar,SPSS_AUTO,dom_busco_escuela,1,Nacional,logit,Nacional=>logit,target,,subpop,Nacional=>subpop,global,Nacional=>cell,
ayuda_escuela_hablo_agresor,ayuda_escuela_hablo_agresor,binary_materialized,prevalence,1,auto_from_spss_reference,ayuda_escuela_hablo_agresor,SPSS_AUTO,dom_recibio_escuela,1,Nacional,logit,Nacional=>logit,target,,subpop,Nacional=>filter,global,Nacional=>cell,
ayuda_escuela_hablo_director,ayuda_escuela_hablo_director,binary_materialized,prevalence,1,auto_from_spss_reference,ayuda_escuela_hablo_director,SPSS_AUTO,dom_recibio_escuela,1,Nacional,logit,Nacional=>logit,target,,subpop,Nacional=>filter,global,Nacional=>cell,
ayuda_escuela_hablo_padres_agresor,ayuda_escuela_hablo_padres_agresor,binary_materialized,prevalence,1,auto_from_spss_reference,ayuda_escuela_hablo_padres_agresor,SPSS_AUTO,dom_recibio_escuela,1,Nacional,logit,Nacional=>logit,target,,subpop,Nacional=>filter,global,,
ayuda_escuela_hermana,ayuda_escuela_hermana,binary_materialized,prevalence,1,auto_from_spss_reference,ayuda_escuela_hermana,SPSS_AUTO,dom_busco_escuela,1,Nacional,logit,Nacional=>logit,target,,subpop,Nacional=>filter,global,Nacional=>cell,
ayuda_escuela_hermano,ayuda_escuela_hermano,binary_materialized,prevalence,1,auto_from_spss_reference,ayuda_escuela_hermano,SPSS_AUTO,dom_busco_escuela,1,Nacional,logit,Nacional=>logit,target,,subpop,Nacional=>filter,global,,
ayuda_escuela_llamo_atencion,ayuda_escuela_llamo_atencion,binary_materialized,prevalence,1,auto_from_spss_reference,ayuda_escuela_llamo_atencion,SPSS_AUTO,dom_recibio_escuela,1,Nacional,logit,Nacional=>logit,target,,subpop,Nacional=>subpop,global,,
ayuda_escuela_madrastra,ayuda_escuela_madrastra,binary_materialized,prevalence,1,auto_from_spss_reference,ayuda_escuela_madrastra,SPSS_AUTO,dom_busco_escuela,1,Nacional,wald,Nacional=>logit,target,,subpop,Nacional=>subpop,global,Nacional=>global,
ayuda_escuela_madre,ayuda_escuela_madre,binary_materialized,prevalence,1,auto_from_spss_reference,ayuda_escuela_madre,SPSS_AUTO,dom_busco_escuela,1,Nacional,logit,Nacional=>logit,target,,subpop,Nacional=>filter,global,Nacional=>cell,
ayuda_escuela_otro,ayuda_escuela_otro,binary_materialized,prevalence,1,auto_from_spss_reference,ayuda_escuela_otro,SPSS_AUTO,dom_busco_escuela,1,Nacional,logit,Nacional=>logit,target,,subpop,Nacional=>filter,global,Nacional=>cell,
ayuda_escuela_otro_pariente,ayuda_escuela_otro_pariente,binary_materialized,prevalence,1,auto_from_spss_reference,ayuda_escuela_otro_pariente,SPSS_AUTO,dom_busco_escuela,1,Nacional,logit,Nacional=>logit,target,,subpop,Nacional=>filter,global,Nacional=>cell,
ayuda_escuela_otro_tipo,ayuda_escuela_otro_tipo,binary_materialized,prevalence,1,auto_from_spss_reference,ayuda_escuela_otro_tipo,SPSS_AUTO,dom_recibio_escuela,1,Nacional,logit,Nacional=>logit,target,,subpop,Nacional=>filter,global,Nacional=>cell,
ayuda_escuela_padrastro,ayuda_escuela_padrastro,binary_materialized,prevalence,1,auto_from_spss_reference,ayuda_escuela_padrastro,SPSS_AUTO,dom_busco_escuela,1,Nacional,wald,Nacional=>logit,target,,subpop,Nacional=>subpop,global,Nacional=>global,
ayuda_escuela_padre,ayuda_escuela_padre,binary_materialized,prevalence,1,auto_from_spss_reference,ayuda_escuela_padre,SPSS_AUTO,dom_busco_escuela,1,Nacional,logit,Nacional=>logit,target,,subpop,Nacional=>subpop,global,Nacional=>cell,
ayuda_escuela_pares_amigos,ayuda_escuela_pares_amigos,binary_materialized,prevalence,1,auto_from_spss_reference,ayuda_escuela_pares_amigos,SPSS_AUTO,dom_busco_escuela,1,Nacional,logit,Nacional=>logit,target,,subpop,Nacional=>subpop,global,Nacional=>local,
ayuda_escuela_tia,ayuda_escuela_tia,binary_materialized,prevalence,1,auto_from_spss_reference,ayuda_escuela_tia,SPSS_AUTO,dom_busco_escuela,1,Nacional,logit,Nacional=>logit,target,,subpop,Nacional=>subpop,global,Nacional=>local,
ayuda_escuela_tio,ayuda_escuela_tio,binary_materialized,prevalence,1,auto_from_spss_reference,ayuda_escuela_tio,SPSS_AUTO,dom_busco_escuela,1,Nacional,logit,Nacional=>logit,target,,subpop,Nacional=>subpop,global,Nacional=>local,
ayuda_hogar_abuela,ayuda_hogar_abuela,binary_materialized,prevalence,1,auto_from_spss_reference,ayuda_hogar_abuela,SPSS_AUTO,dom_busco_hogar,1,Nacional,logit,Nacional=>logit,target,,subpop,Nacional=>filter,global,Nacional=>cell,
ayuda_hogar_abuelo,ayuda_hogar_abuelo,binary_materialized,prevalence,1,auto_from_spss_reference,ayuda_hogar_abuelo,SPSS_AUTO,dom_busco_hogar,1,Nacional,logit,Nacional=>logit,target,,subpop,Nacional=>subpop,global,,
ayuda_hogar_car,ayuda_hogar_car,binary_materialized,prevalence,1,auto_from_spss_reference,ayuda_hogar_car,SPSS_AUTO,dom_busco_hogar,1,Nacional,wald,Nacional=>logit,target,,subpop,Nacional=>subpop,global,Nacional=>local,
ayuda_hogar_consejo,ayuda_hogar_consejo,binary_materialized,prevalence,1,auto_from_spss_reference,ayuda_hogar_consejo,SPSS_AUTO,dom_recibio_hogar,1,Nacional,wald,Nacional=>logit,target,,subpop,Nacional=>subpop,global,Nacional=>global,
ayuda_hogar_consuelo,ayuda_hogar_consuelo,binary_materialized,prevalence,1,auto_from_spss_reference,ayuda_hogar_consuelo,SPSS_AUTO,dom_recibio_hogar,1,Nacional,logit,Nacional=>logit,target,,subpop,Nacional=>filter,global,,
ayuda_hogar_escolar_adulto,ayuda_hogar_escolar_adulto,binary_materialized,prevalence,1,auto_from_spss_reference,ayuda_hogar_escolar_adulto,SPSS_AUTO,dom_busco_hogar,1,Nacional,logit,Nacional=>logit,target,,subpop,Nacional=>filter,global,,
ayuda_hogar_familiar,ayuda_hogar_familiar,binary_materialized,prevalence,1,auto_from_spss_reference,ayuda_hogar_familiar,SPSS_AUTO,dom_busco_hogar,1,Nacional,logit,Nacional=>logit,target,,subpop,Nacional=>subpop,global,Nacional=>cell,
ayuda_hogar_hablo_familia,ayuda_hogar_hablo_familia,binary_materialized,prevalence,1,auto_from_spss_reference,ayuda_hogar_hablo_familia,SPSS_AUTO,dom_recibio_hogar,1,Nacional,logit,Nacional=>wald,target,,subpop,Nacional=>filter,global,Nacional=>global,
ayuda_hogar_hermana,ayuda_hogar_hermana,binary_materialized,prevalence,1,auto_from_spss_reference,ayuda_hogar_hermana,SPSS_AUTO,dom_busco_hogar,1,Nacional,logit,Nacional=>logit,target,,subpop,Nacional=>filter,global,,
ayuda_hogar_hermano,ayuda_hogar_hermano,binary_materialized,prevalence,1,auto_from_spss_reference,ayuda_hogar_hermano,SPSS_AUTO,dom_busco_hogar,1,Nacional,logit,Nacional=>logit,target,,subpop,Nacional=>filter,global,Nacional=>cell,
ayuda_hogar_llamo_atencion,ayuda_hogar_llamo_atencion,binary_materialized,prevalence,1,auto_from_spss_reference,ayuda_hogar_llamo_atencion,SPSS_AUTO,dom_recibio_hogar,1,Nacional,logit,Nacional=>logit,target,,subpop,Nacional=>subpop,global,Nacional=>cell,
ayuda_hogar_madrastra,ayuda_hogar_madrastra,binary_materialized,prevalence,1,auto_from_spss_reference,ayuda_hogar_madrastra,SPSS_AUTO,dom_busco_hogar,1,Nacional,wald,Nacional=>logit,target,,subpop,Nacional=>filter,global,Nacional=>local,
ayuda_hogar_madre,ayuda_hogar_madre,binary_materialized,prevalence,1,auto_from_spss_reference,ayuda_hogar_madre,SPSS_AUTO,dom_busco_hogar,1,Nacional,logit,Nacional=>logit,target,,subpop,Nacional=>subpop,global,Nacional=>cell,
ayuda_hogar_otro,ayuda_hogar_otro,binary_materialized,prevalence,1,auto_from_spss_reference,ayuda_hogar_otro,SPSS_AUTO,dom_busco_hogar,1,Nacional,logit,Nacional=>logit,target,,subpop,Nacional=>subpop,global,Nacional=>local,
ayuda_hogar_otro_pariente,ayuda_hogar_otro_pariente,binary_materialized,prevalence,1,auto_from_spss_reference,ayuda_hogar_otro_pariente,SPSS_AUTO,dom_busco_hogar,1,Nacional,logit,Nacional=>logit,target,,subpop,Nacional=>filter,global,,
ayuda_hogar_otro_tipo,ayuda_hogar_otro_tipo,binary_materialized,prevalence,1,auto_from_spss_reference,ayuda_hogar_otro_tipo,SPSS_AUTO,dom_recibio_hogar,1,Nacional,logit,Nacional=>logit,target,,subpop,Nacional=>filter,global,,
ayuda_hogar_padrastro,ayuda_hogar_padrastro,binary_materialized,prevalence,1,auto_from_spss_reference,ayuda_hogar_padrastro,SPSS_AUTO,dom_busco_hogar,1,Nacional,logit,Nacional=>logit,target,,subpop,Nacional=>subpop,global,,
ayuda_hogar_padre,ayuda_hogar_padre,binary_materialized,prevalence,1,auto_from_spss_reference,ayuda_hogar_padre,SPSS_AUTO,dom_busco_hogar,1,Nacional,logit,Nacional=>logit,target,,subpop,Nacional=>subpop,global,Nacional=>cell,
ayuda_hogar_pares_amigos,ayuda_hogar_pares_amigos,binary_materialized,prevalence,1,auto_from_spss_reference,ayuda_hogar_pares_amigos,SPSS_AUTO,dom_busco_hogar,1,Nacional,logit,Nacional=>logit,target,,subpop,Nacional=>subpop,global,,
ayuda_hogar_respuesta_agresion,ayuda_hogar_respuesta_agresion,binary_materialized,prevalence,1,auto_from_spss_reference,ayuda_hogar_respuesta_agresion,SPSS_AUTO,dom_recibio_hogar,1,Nacional,logit,Nacional=>logit,target,,subpop,Nacional=>subpop,global,Nacional=>local,
ayuda_hogar_tia,ayuda_hogar_tia,binary_materialized,prevalence,1,auto_from_spss_reference,ayuda_hogar_tia,SPSS_AUTO,dom_busco_hogar,1,Nacional,logit,Nacional=>logit,target,,subpop,Nacional=>filter,global,Nacional=>cell,
ayuda_hogar_tio,ayuda_hogar_tio,binary_materialized,prevalence,1,auto_from_spss_reference,ayuda_hogar_tio,SPSS_AUTO,dom_busco_hogar,1,Nacional,logit,Nacional=>logit,target,,subpop,Nacional=>filter,global,,
ayuda_inst_vs_hablo_familia,ayuda_inst_vs_hablo_familia,binary_materialized,prevalence,1,auto_from_spss_reference,ayuda_inst_vs_hablo_familia,SPSS_AUTO,dom_ayuda_inst_vs,1,Nacional,logit,Nacional=>logit,target,,subpop,Nacional=>filter,global,Nacional=>local,
ayuda_inst_vs_llamo_atencion,ayuda_inst_vs_llamo_atencion,binary_materialized,prevalence,1,auto_from_spss_reference,ayuda_inst_vs_llamo_atencion,SPSS_AUTO,dom_ayuda_inst_vs,1,Nacional,logit,Nacional=>logit,target,,subpop,Nacional=>filter,global,Nacional=>local,
ayuda_inst_vs_otro,ayuda_inst_vs_otro,binary_materialized,prevalence,1,auto_from_spss_reference,ayuda_inst_vs_otro,SPSS_AUTO,dom_ayuda_inst_vs,1,Nacional,logit,Nacional=>logit,target,,subpop,Nacional=>filter,global,,
ayuda_inst_vs_terapias,ayuda_inst_vs_terapias,binary_materialized,prevalence,1,auto_from_spss_reference,ayuda_inst_vs_terapias,SPSS_AUTO,dom_ayuda_inst_vs,1,Nacional,logit,Nacional=>logit,target,,subpop,Nacional=>filter,global,Nacional=>local,
ayuda_vs_abuela,ayuda_vs_abuela,binary_materialized,prevalence,1,auto_from_spss_reference,ayuda_vs_abuela,SPSS_AUTO,dom_busco_vs,1,Nacional,logit,Nacional=>logit,target,,subpop,Nacional=>filter,global,,
ayuda_vs_abuelo,ayuda_vs_abuelo,binary_materialized,prevalence,1,auto_from_spss_reference,ayuda_vs_abuelo,SPSS_AUTO,dom_busco_vs,1,Nacional,logit,Nacional=>logit,target,,subpop,Nacional=>filter,global,Nacional=>local,
ayuda_vs_aviso_autoridades,ayuda_vs_aviso_autoridades,binary_materialized,prevalence,1,auto_from_spss_reference,ayuda_vs_aviso_autoridades,SPSS_AUTO,dom_recibio_vs,1,Nacional,logit,Nacional=>logit,target,,subpop,Nacional=>filter,global,Nacional=>local,
ayuda_vs_car,ayuda_vs_car,binary_materialized,prevalence,1,auto_from_spss_reference,ayuda_vs_car,SPSS_AUTO,dom_busco_vs,1,Nacional,wald,Nacional=>wald,target,,subpop,Nacional=>subpop,global,,
ayuda_vs_consejo,ayuda_vs_consejo,binary_materialized,prevalence,1,auto_from_spss_reference,ayuda_vs_consejo,SPSS_AUTO,dom_recibio_vs,1,Nacional,wald,Nacional=>logit,target,,subpop,Nacional=>subpop,global,Nacional=>global,
ayuda_vs_escolar_adulto,ayuda_vs_escolar_adulto,binary_materialized,prevalence,1,auto_from_spss_reference,ayuda_vs_escolar_adulto,SPSS_AUTO,dom_busco_vs,1,Nacional,logit,Nacional=>logit,target,,subpop,Nacional=>filter,global,,
ayuda_vs_especialista,ayuda_vs_especialista,binary_materialized,prevalence,1,auto_from_spss_reference,ayuda_vs_especialista,SPSS_AUTO,dom_recibio_vs,1,Nacional,logit,Nacional=>logit,target,,subpop,Nacional=>filter,global,,
ayuda_vs_familiar,ayuda_vs_familiar,binary_materialized,prevalence,1,auto_from_spss_reference,ayuda_vs_familiar,SPSS_AUTO,dom_busco_vs,1,Nacional,logit,Nacional=>logit,target,,subpop,Nacional=>subpop,global,Nacional=>cell,
ayuda_vs_hablo_madre_padre,ayuda_vs_hablo_madre_padre,binary_materialized,prevalence,1,auto_from_spss_reference,ayuda_vs_hablo_madre_padre,SPSS_AUTO,dom_recibio_vs,1,Nacional,logit,Nacional=>logit,target,,subpop,Nacional=>filter,global,,
ayuda_vs_hermana,ayuda_vs_hermana,binary_materialized,prevalence,1,auto_from_spss_reference,ayuda_vs_hermana,SPSS_AUTO,dom_busco_vs,1,Nacional,logit,Nacional=>logit,target,,subpop,Nacional=>subpop,global,Nacional=>cell,
ayuda_vs_hermano,ayuda_vs_hermano,binary_materialized,prevalence,1,auto_from_spss_reference,ayuda_vs_hermano,SPSS_AUTO,dom_busco_vs,1,Nacional,logit,Nacional=>logit,target,,subpop,Nacional=>filter,global,,
ayuda_vs_madrastra,ayuda_vs_madrastra,binary_materialized,prevalence,1,auto_from_spss_reference,ayuda_vs_madrastra,SPSS_AUTO,dom_busco_vs,1,Nacional,logit,Nacional=>logit,target,,subpop,Nacional=>subpop,global,,
ayuda_vs_madre,ayuda_vs_madre,binary_materialized,prevalence,1,auto_from_spss_reference,ayuda_vs_madre,SPSS_AUTO,dom_busco_vs,1,Nacional,logit,Nacional=>logit,target,,subpop,Nacional=>subpop,global,Nacional=>cell,
ayuda_vs_otro,ayuda_vs_otro,binary_materialized,prevalence,1,auto_from_spss_reference,ayuda_vs_otro,SPSS_AUTO,dom_busco_vs,1,Nacional,logit,Nacional=>logit,target,,subpop,Nacional=>filter,global,Nacional=>local,
ayuda_vs_otro_pariente,ayuda_vs_otro_pariente,binary_materialized,prevalence,1,auto_from_spss_reference,ayuda_vs_otro_pariente,SPSS_AUTO,dom_busco_vs,1,Nacional,logit,Nacional=>logit,target,,subpop,Nacional=>filter,global,Nacional=>local,
ayuda_vs_otro_tipo,ayuda_vs_otro_tipo,binary_materialized,prevalence,1,auto_from_spss_reference,ayuda_vs_otro_tipo,SPSS_AUTO,dom_recibio_vs,1,Nacional,logit,Nacional=>logit,target,,subpop,Nacional=>filter,global,Nacional=>cell,
ayuda_vs_padrastro,ayuda_vs_padrastro,binary_materialized,prevalence,1,auto_from_spss_reference,ayuda_vs_padrastro,SPSS_AUTO,dom_busco_vs,1,Nacional,logit,Nacional=>logit,target,,subpop,Nacional=>filter,global,,
ayuda_vs_padre,ayuda_vs_padre,binary_materialized,prevalence,1,auto_from_spss_reference,ayuda_vs_padre,SPSS_AUTO,dom_busco_vs,1,Nacional,logit,Nacional=>logit,target,,subpop,Nacional=>filter,global,,
ayuda_vs_pares_amigos,ayuda_vs_pares_amigos,binary_materialized,prevalence,1,auto_from_spss_reference,ayuda_vs_pares_amigos,SPSS_AUTO,dom_busco_vs,1,Nacional,logit,Nacional=>logit,target,,subpop,Nacional=>subpop,global,,
ayuda_vs_reclamo_agresor,ayuda_vs_reclamo_agresor,binary_materialized,prevalence,1,auto_from_spss_reference,ayuda_vs_reclamo_agresor,SPSS_AUTO,dom_recibio_vs,1,Nacional,logit,Nacional=>logit,target,,subpop,Nacional=>filter,global,,
ayuda_vs_refugio,ayuda_vs_refugio,binary_materialized,prevalence,1,auto_from_spss_reference,ayuda_vs_refugio,SPSS_AUTO,dom_recibio_vs,1,Nacional,logit,Nacional=>logit,target,,subpop,Nacional=>filter,global,,
ayuda_vs_tia,ayuda_vs_tia,binary_materialized,prevalence,1,auto_from_spss_reference,ayuda_vs_tia,SPSS_AUTO,dom_busco_vs,1,Nacional,logit,Nacional=>logit,target,,subpop,Nacional=>filter,global,Nacional=>local,
ayuda_vs_tio,ayuda_vs_tio,binary_materialized,prevalence,1,auto_from_spss_reference,ayuda_vs_tio,SPSS_AUTO,dom_busco_vs,1,Nacional,logit,Nacional=>logit,target,,subpop,Nacional=>filter,global,Nacional=>local,
brecha_ayuda_escuela,brecha_ayuda_escuela,binary_materialized,prevalence,1,auto_from_spss_reference,brecha_ayuda_escuela,SPSS_AUTO,dom_busco_escuela,1,Nacional,logit,Nacional=>logit,target,,subpop,Nacional=>filter,global,,
brecha_ayuda_hogar,brecha_ayuda_hogar,binary_materialized,prevalence,1,auto_from_spss_reference,brecha_ayuda_hogar,SPSS_AUTO,dom_busco_hogar,1,Nacional,logit,Nacional=>logit,target,,subpop,Nacional=>filter,global,,
brecha_ayuda_vs,brecha_ayuda_vs,binary_materialized,prevalence,1,auto_from_spss_reference,brecha_ayuda_vs,SPSS_AUTO,dom_busco_vs,1,Nacional,logit,Nacional=>logit,target,,subpop,Nacional=>filter,global,Nacional=>local,
brecha_institucional_escuela,brecha_institucional_escuela,binary_materialized,prevalence,1,auto_from_spss_reference,brecha_institucional_escuela,SPSS_AUTO,dom_victima_escuela,1,Nacional,logit,Nacional=>logit,target,,subpop,Nacional=>filter,global,Nacional=>cell,
brecha_institucional_hogar,brecha_institucional_hogar,binary_materialized,prevalence,1,auto_from_spss_reference,brecha_institucional_hogar,SPSS_AUTO,dom_victima_hogar,1,Nacional,logit,Nacional=>logit,target,,subpop,Nacional=>subpop,global,,
brecha_institucional_vs,brecha_institucional_vs,binary_materialized,prevalence,1,auto_from_spss_reference,brecha_institucional_vs,SPSS_AUTO,dom_victima_vs,1,Nacional,logit,Nacional=>logit,target,,subpop,Nacional=>filter,global,,
busco_ayuda_escuela,busco_ayuda_escuela,binary_materialized,prevalence,1,auto_from_spss_reference,busco_ayuda_escuela,SPSS_AUTO,dom_victima_escuela,1,Nacional,wald,Nacional=>wald,target,,subpop,Nacional=>subpop,global,Nacional=>local,
busco_ayuda_hogar,busco_ayuda_hogar,binary_materialized,prevalence,1,auto_from_spss_reference,busco_ayuda_hogar,SPSS_AUTO,dom_victima_hogar,1,Nacional,logit,Nacional=>logit,target,,subpop,Nacional=>filter,global,Nacional=>cell,
busco_ayuda_vs,busco_ayuda_vs,binary_materialized,prevalence,1,auto_from_spss_reference,busco_ayuda_vs,SPSS_AUTO,dom_victima_vs,1,Nacional,wald,Nacional=>logit,target,,subpop,Nacional=>subpop,global,Nacional=>global,
conoce_demuna,conoce_demuna,binary_materialized,prevalence,1,auto_from_spss_reference,conoce_demuna,SPSS_AUTO,dom_victima_vs,1,Nacional,logit,Nacional=>logit,target,,subpop,Nacional=>subpop,global,Nacional=>cell,
justifica_castigo_docente,justifica_castigo_docente,binary_materialized,prevalence,1,auto_from_spss_reference,justifica_castigo_docente,SPSS_AUTO,,,DEPARTAMENTO2;DISCAPACIDAD;etnicidad1;idiomaHogar;Nacional;SEXO;tipo_hogar1;AREA;AREA_SEXO,wald,Departamento=>wald||Discapacidad=>wald||Etnicidad=>wald||Lengua materna=>wald||Nacional=>wald||Sexo=>wald||Tipo de hogar=>wald||Área=>wald||Área y sexo=>wald,target,Departamento=>base||Discapacidad=>base||Etnicidad=>base||Lengua materna=>base||Nacional=>base||Sexo=>base||Tipo de hogar=>base||Área=>base||Área y sexo=>base,subpop,,global,Discapacidad=>cell||Nacional=>cell||Tipo de hogar=>local||Área=>cell,Amazonas;Apurímac;Arequipa;Ayacucho;Cajamarca;Callao;Cusco;Huancavelica;Huánuco;Ica;Junín;La Libertad;Lambayeque;Lima Metropolitana;Loreto;Madre de Dios;Moquegua;Pasco;Piura;Puno;Región Lima;San Martín;Tacna;Tumbes;Ucayali;Áncash
justifica_castigo_parental,justifica_castigo_parental,binary_materialized,prevalence,1,auto_from_spss_reference,justifica_castigo_parental,SPSS_AUTO,,,DEPARTAMENTO2;DISCAPACIDAD;etnicidad1;idiomaHogar;Nacional;SEXO;tipo_hogar1;AREA;AREA_SEXO,wald,Departamento=>wald||Discapacidad=>wald||Etnicidad=>wald||Lengua materna=>wald||Nacional=>wald||Sexo=>wald||Tipo de hogar=>wald||Área=>wald||Área y sexo=>wald,target,Departamento=>base||Discapacidad=>base||Etnicidad=>base||Lengua materna=>base||Nacional=>base||Sexo=>base||Tipo de hogar=>base||Área=>base||Área y sexo=>base,subpop,,global,Sexo=>cell||Tipo de hogar=>cell||Área=>cell||Área y sexo=>cell,Amazonas;Apurímac;Arequipa;Ayacucho;Cajamarca;Callao;Cusco;Huancavelica;Huánuco;Ica;Junín;La Libertad;Lambayeque;Lima Metropolitana;Loreto;Madre de Dios;Moquegua;Pasco;Piura;Puno;Región Lima;San Martín;Tacna;Tumbes;Ucayali;Áncash
mito_fuera_casa,mito_fuera_casa,binary_materialized,prevalence,1,auto_from_spss_reference,mito_fuera_casa,SPSS_AUTO,,,DEPARTAMENTO2;DISCAPACIDAD;etnicidad1;idiomaHogar;Nacional;SEXO;tipo_hogar1;AREA;AREA_SEXO,wald,Departamento=>wald||Discapacidad=>logit||Etnicidad=>wald||Lengua materna=>wald||Nacional=>logit||Sexo=>wald||Tipo de hogar=>wald||Área=>wald||Área y sexo=>wald,target,Departamento=>base||Discapacidad=>base||Etnicidad=>base||Lengua materna=>base||Nacional=>base||Sexo=>base||Tipo de hogar=>base||Área=>base||Área y sexo=>base,subpop,,global,Nacional=>global||Sexo=>cell,Amazonas;Apurímac;Arequipa;Ayacucho;Cajamarca;Callao;Cusco;Huancavelica;Huánuco;Ica;Junín;La Libertad;Lambayeque;Lima Metropolitana;Loreto;Madre de Dios;Moquegua;Pasco;Piura;Puno;Región Lima;San Martín;Tacna;Tumbes;Ucayali;Áncash
mito_locas,mito_locas,binary_materialized,prevalence,1,auto_from_spss_reference,mito_locas,SPSS_AUTO,,,DEPARTAMENTO2;DISCAPACIDAD;etnicidad1;idiomaHogar;Nacional;SEXO;tipo_hogar1;AREA;AREA_SEXO,wald,Departamento=>wald||Discapacidad=>wald||Etnicidad=>wald||Lengua materna=>wald||Nacional=>wald||Sexo=>logit||Tipo de hogar=>wald||Área=>wald||Área y sexo=>wald,target,Departamento=>base||Discapacidad=>base||Etnicidad=>base||Lengua materna=>base||Nacional=>base||Sexo=>base||Tipo de hogar=>base||Área=>base||Área y sexo=>base,subpop,,global,Discapacidad=>cell||Tipo de hogar=>local,Amazonas;Apurímac;Arequipa;Ayacucho;Cajamarca;Callao;Cusco;Huancavelica;Huánuco;Ica;Junín;La Libertad;Lambayeque;Lima Metropolitana;Loreto;Madre de Dios;Moquegua;Pasco;Piura;Puno;Región Lima;San Martín;Tacna;Tumbes;Ucayali;Áncash
mito_pobreza,mito_pobreza,binary_materialized,prevalence,1,auto_from_spss_reference,mito_pobreza,SPSS_AUTO,,,DEPARTAMENTO2;DISCAPACIDAD;etnicidad1;idiomaHogar;Nacional;SEXO;tipo_hogar1;AREA;AREA_SEXO,wald,Departamento=>wald||Discapacidad=>wald||Etnicidad=>wald||Lengua materna=>wald||Nacional=>wald||Sexo=>wald||Tipo de hogar=>wald||Área=>wald||Área y sexo=>wald,target,Departamento=>base||Discapacidad=>base||Etnicidad=>base||Lengua materna=>base||Nacional=>base||Sexo=>base||Tipo de hogar=>base||Área=>base||Área y sexo=>base,subpop,,global,Discapacidad=>cell||Nacional=>local||Área y sexo=>cell,Amazonas;Apurímac;Arequipa;Ayacucho;Cajamarca;Callao;Cusco;Huancavelica;Huánuco;Ica;Junín;La Libertad;Lambayeque;Lima Metropolitana;Loreto;Madre de Dios;Moquegua;Pasco;Piura;Puno;Región Lima;San Martín;Tacna;Tumbes;Ucayali;Áncash
mito_sitios_oscuros,mito_sitios_oscuros,binary_materialized,prevalence,1,auto_from_spss_reference,mito_sitios_oscuros,SPSS_AUTO,,,DEPARTAMENTO2;DISCAPACIDAD;etnicidad1;idiomaHogar;Nacional;SEXO;tipo_hogar1;AREA;AREA_SEXO,wald,Departamento=>wald||Discapacidad=>wald||Etnicidad=>wald||Lengua materna=>wald||Nacional=>wald||Sexo=>wald||Tipo de hogar=>wald||Área=>wald||Área y sexo=>wald,target,Departamento=>base||Discapacidad=>base||Etnicidad=>base||Lengua materna=>base||Nacional=>base||Sexo=>base||Tipo de hogar=>base||Área=>base||Área y sexo=>base,subpop,,global,Discapacidad=>cell||Nacional=>cell||Área=>cell,Amazonas;Apurímac;Arequipa;Ayacucho;Cajamarca;Callao;Cusco;Huancavelica;Huánuco;Ica;Junín;La Libertad;Lambayeque;Lima Metropolitana;Loreto;Madre de Dios;Moquegua;Pasco;Piura;Puno;Región Lima;San Martín;Tacna;Tumbes;Ucayali;Áncash
num_consecuencias_fisicas,CONS_NUM_CONSECUENCIAS,special,special,,auto_from_spss_reference,num_consecuencias_fisicas,SPSS_AUTO,,,Nacional,logit,Nacional=>logit,target,,subpop,,global,,
predominio_femenino_tareas,predominio_femenino_tareas,binary_materialized,prevalence,1,auto_from_spss_reference,predominio_femenino_tareas,SPSS_AUTO,,,DEPARTAMENTO2;DISCAPACIDAD;etnicidad1;idiomaHogar;Nacional;SEXO;tipo_hogar1;AREA;AREA_SEXO,wald,Departamento=>wald||Discapacidad=>wald||Etnicidad=>wald||Lengua materna=>wald||Nacional=>wald||Sexo=>wald||Tipo de hogar=>wald||Área=>wald||Área y sexo=>wald,target,Departamento=>base||Discapacidad=>base||Etnicidad=>base||Lengua materna=>base||Nacional=>base||Sexo=>base||Tipo de hogar=>base||Área=>base||Área y sexo=>base,subpop,,global,Discapacidad=>cell||Nacional=>cell||Área=>cell,Amazonas;Apurímac;Arequipa;Ayacucho;Cajamarca;Callao;Cusco;Huancavelica;Huánuco;Ica;Junín;La Libertad;Lambayeque;Lima Metropolitana;Loreto;Madre de Dios;Moquegua;Pasco;Piura;Puno;Región Lima;San Martín;Tacna;Tumbes;Ucayali;Áncash
rechaza_dejar_estudiar,rechaza_dejar_estudiar,binary_materialized,prevalence,1,auto_from_spss_reference,rechaza_dejar_estudiar,SPSS_AUTO,,,DEPARTAMENTO2;DISCAPACIDAD;etnicidad1;idiomaHogar;Nacional;SEXO;tipo_hogar1;AREA;AREA_SEXO,wald,Departamento=>wald||Discapacidad=>wald||Etnicidad=>wald||Lengua materna=>wald||Nacional=>wald||Sexo=>wald||Tipo de hogar=>wald||Área=>wald||Área y sexo=>wald,target,Departamento=>base||Discapacidad=>base||Etnicidad=>base||Lengua materna=>base||Nacional=>base||Sexo=>base||Tipo de hogar=>base||Área=>base||Área y sexo=>base,subpop,,global,Discapacidad=>cell||Nacional=>cell||Área y sexo=>cell,Amazonas;Apurímac;Arequipa;Ayacucho;Cajamarca;Callao;Cusco;Huancavelica;Huánuco;Ica;Junín;La Libertad;Lambayeque;Lima Metropolitana;Loreto;Madre de Dios;Moquegua;Pasco;Piura;Puno;Región Lima;San Martín;Tacna;Tumbes;Ucayali;Áncash
rechaza_trabajo_infantil_necesidad,rechaza_trabajo_infantil_necesidad,binary_materialized,prevalence,1,auto_from_spss_reference,rechaza_trabajo_infantil_necesidad,SPSS_AUTO,,,DEPARTAMENTO2;DISCAPACIDAD;etnicidad1;idiomaHogar;Nacional;SEXO;tipo_hogar1;AREA;AREA_SEXO,wald,Departamento=>wald||Discapacidad=>wald||Etnicidad=>wald||Lengua materna=>wald||Nacional=>wald||Sexo=>wald||Tipo de hogar=>wald||Área=>wald||Área y sexo=>wald,target,Departamento=>base||Discapacidad=>base||Etnicidad=>base||Lengua materna=>base||Nacional=>base||Sexo=>base||Tipo de hogar=>base||Área=>base||Área y sexo=>base,subpop,,global,Nacional=>cell||Sexo=>cell||Tipo de hogar=>cell,Amazonas;Apurímac;Arequipa;Ayacucho;Cajamarca;Callao;Cusco;Huancavelica;Huánuco;Ica;Junín;La Libertad;Lambayeque;Lima Metropolitana;Loreto;Madre de Dios;Moquegua;Pasco;Piura;Puno;Región Lima;San Martín;Tacna;Tumbes;Ucayali;Áncash
recibio_ayuda_escuela,recibio_ayuda_escuela,binary_materialized,prevalence,1,auto_from_spss_reference,recibio_ayuda_escuela,SPSS_AUTO,dom_busco_escuela,1,Nacional,logit,Nacional=>logit,target,,subpop,Nacional=>filter,global,,
recibio_ayuda_escuela_victimas,recibio_ayuda_escuela_victimas,binary_materialized,prevalence,1,auto_from_spss_reference,recibio_ayuda_escuela_victimas,SPSS_AUTO,dom_victima_escuela,1,Nacional,wald,Nacional=>wald,target,,subpop,Nacional=>subpop,global,Nacional=>cell,
recibio_ayuda_hogar,recibio_ayuda_hogar,binary_materialized,prevalence,1,auto_from_spss_reference,recibio_ayuda_hogar,SPSS_AUTO,dom_busco_hogar,1,Nacional,logit,Nacional=>logit,target,,subpop,Nacional=>filter,global,,
recibio_ayuda_hogar_victimas,recibio_ayuda_hogar_victimas,binary_materialized,prevalence,1,auto_from_spss_reference,recibio_ayuda_hogar_victimas,SPSS_AUTO,dom_victima_hogar,1,Nacional,logit,Nacional=>logit,target,,subpop,Nacional=>filter,global,Nacional=>cell,
recibio_ayuda_institucional_vs,recibio_ayuda_institucional_vs,binary_materialized,prevalence,1,auto_from_spss_reference,recibio_ayuda_institucional_vs,SPSS_AUTO,dom_institucion_vs,1,Nacional,logit,Nacional=>logit,target,,subpop,Nacional=>filter,global,Nacional=>local,
recibio_ayuda_vs,recibio_ayuda_vs,binary_materialized,prevalence,1,auto_from_spss_reference,recibio_ayuda_vs,SPSS_AUTO,dom_busco_vs,1,Nacional,logit,Nacional=>logit,target,,subpop,Nacional=>subpop,global,Nacional=>cell,
recibio_ayuda_vs_victimas,recibio_ayuda_vs_victimas,binary_materialized,prevalence,1,auto_from_spss_reference,recibio_ayuda_vs_victimas,SPSS_AUTO,dom_victima_vs,1,Nacional,logit,Nacional=>wald,target,,subpop,Nacional=>subpop,global,Nacional=>cell,
reconoce_derecho_denunciar,reconoce_derecho_denunciar,binary_materialized,prevalence,1,auto_from_spss_reference,reconoce_derecho_denunciar,SPSS_AUTO,,,DEPARTAMENTO2;DISCAPACIDAD;etnicidad1;idiomaHogar;Nacional;SEXO;tipo_hogar1;AREA;AREA_SEXO,wald,Departamento=>wald||Discapacidad=>wald||Etnicidad=>wald||Lengua materna=>wald||Nacional=>wald||Sexo=>wald||Tipo de hogar=>wald||Área=>wald||Área y sexo=>wald,target,Departamento=>base||Discapacidad=>base||Etnicidad=>base||Lengua materna=>base||Nacional=>base||Sexo=>base||Tipo de hogar=>base||Área=>base||Área y sexo=>base,subpop,,global,Discapacidad=>cell||Nacional=>cell||Sexo=>cell||Área=>cell,Amazonas;Apurímac;Arequipa;Ayacucho;Cajamarca;Callao;Cusco;Huancavelica;Huánuco;Ica;Junín;La Libertad;Lambayeque;Lima Metropolitana;Loreto;Madre de Dios;Moquegua;Pasco;Piura;Puno;Región Lima;San Martín;Tacna;Tumbes;Ucayali;Áncash
reconoce_derecho_opinar,reconoce_derecho_opinar,binary_materialized,prevalence,1,auto_from_spss_reference,reconoce_derecho_opinar,SPSS_AUTO,,,DEPARTAMENTO2;DISCAPACIDAD;etnicidad1;idiomaHogar;Nacional;SEXO;tipo_hogar1;AREA;AREA_SEXO,wald,Departamento=>wald||Discapacidad=>wald||Etnicidad=>wald||Lengua materna=>wald||Nacional=>logit||Sexo=>wald||Tipo de hogar=>wald||Área=>wald||Área y sexo=>wald,target,Departamento=>base||Discapacidad=>base||Etnicidad=>base||Lengua materna=>base||Nacional=>base||Sexo=>base||Tipo de hogar=>base||Área=>base||Área y sexo=>base,subpop,,global,Discapacidad=>cell||Nacional=>cell||Tipo de hogar=>cell,Amazonas;Apurímac;Arequipa;Ayacucho;Cajamarca;Callao;Cusco;Huancavelica;Huánuco;Ica;Junín;La Libertad;Lambayeque;Lima Metropolitana;Loreto;Madre de Dios;Moquegua;Pasco;Piura;Puno;Región Lima;San Martín;Tacna;Tumbes;Ucayali;Áncash
uso_demuna,uso_demuna,binary_materialized,prevalence,1,auto_from_spss_reference,uso_demuna,SPSS_AUTO,dom_victima_vs,1,Nacional,logit,Nacional=>logit,target,,subpop,Nacional=>filter,global,,
